src	tgt	score	src_text	tgt_text
0	0	0.556	Longtemps, je me suis couché de bonne heure.	For a long time I used to go to bed early.
1	1	0.504	Parfois, à peine ma bougie éteinte, mes yeux se fermaient si vite que je n’avais pas le temps de me dire: «Je m’endors.»	"Sometimes, when I had put out my candle, my eyes would close so quickly that I had not even time to say ""I'm going to sleep."""
2-3	2	0.188	Et, une demi-heure après, la pensée qu’il était temps de chercher le sommeil m’éveillait; je voulais poser le volume que je croyais avoir encore dans les mains et souffler ma lumière; je n’avais pas cessé en dormant de faire des réflexions sur ce que je venais de lire, mais ces réflexions avaient pris un tour un peu particulier; il me semblait que j’étais moi-même ce dont parlait l’ouvrage: une église, un quatuor, la rivalité de François Ier et de Charles Quint. Cette croyance survivait pendant quelques secondes à mon réveil; elle ne choquait pas ma raison mais pesait comme des écailles sur mes yeux et les empêchait de se rendre compte que le bougeoir n’était plus allumé.	And half an hour later the thought that it was time to go to sleep would awaken me; I would try to put away the book which, I imagined, was still in my hands, and to blow out the light; I had been thinking all the time, while I was asleep, of what I had just been reading, but my thoughts had run into a channel of their own, until I myself seemed actually to have become the subject of my book: a church, a quartet, the rivalry between François I and Charles V. This impression would persist for some moments after I was awake; it did not disturb my mind, but it lay like scales upon my eyes and prevented them from registering the fact that the candle was no longer burning.
4	3	0.328	Puis elle commençait à me devenir inintelligible, comme après la métempsycose les pensées d’une existence antérieure; le sujet du livre se détachait de moi, j’étais libre de m’y appliquer ou non; aussitôt je recouvrais la vue et j’étais bien étonné de trouver autour de moi une obscurité, douce et reposante pour mes yeux, mais peut-être plus encore pour mon esprit, à qui elle apparaissait comme une chose sans cause, incompréhensible, comme une chose vraiment obscure.	Then it would begin to seem unintelligible, as the thoughts of a former existence must be to a reincarnate spirit; the subject of my book would separate itself from me, leaving me free to choose whether I would form part of it or no; and at the same time my sight would return and I would be astonished to find myself in a state of darkness, pleasant and restful enough for the eyes, and even more, perhaps, for my mind, to which it appeared incomprehensible, without a cause, a matter dark indeed.
5	4	0.469	Je me demandais quelle heure il pouvait être; j’entendais le sifflement des trains qui, plus ou moins éloigné, comme le chant d’un oiseau dans une forêt, relevant les distances, me décrivait l’étendue de la campagne déserte où le voyageur se hâte vers la station prochaine; et le petit chemin qu’il suit va être gravé dans son souvenir par l’excitation qu’il doit à des lieux nouveaux, à des actes inaccoutumés, à la causerie récente et aux adieux sous la lampe étrangère qui le suivent encore dans le silence de la nuit, à la douceur prochaine du retour.	I would ask myself what o'clock it could be; I could hear the whistling of trains, which, now nearer and now farther off, punctuating the distance like the note of a bird in a forest, shewed me in perspective the deserted countryside through which a traveller would be hurrying towards the nearest station: the path that he followed being fixed for ever in his memory by the general excitement due to being in a strange place, to doing unusual things, to the last words of conversation, to farewells exchanged beneath an unfamiliar lamp which echoed still in his ears amid the silence of the night; and to the delightful prospect of being once again at home.
6	5	0.473	J’appuyais tendrement mes joues contre les belles joues de l’oreiller qui, pleines et fraîches, sont comme les joues de notre enfance.	I would lay my cheeks gently against the comfortable cheeks of my pillow, as plump and blooming as the cheeks of babyhood.
7	6	0.457	Je frottais une allumette pour regarder ma montre.	Or I would strike a match to look at my watch.
8	7	0.735	Bientôt minuit.	Nearly midnight.
9	8	0.608	C’est l’instant où le malade, qui a été obligé de partir en voyage et a dû coucher dans un hôtel inconnu, réveillé par une crise, se réjouit en apercevant sous la porte une raie de jour.	The hour when an invalid, who has been obliged to start on a journey and to sleep in a strange hotel, awakens in a moment of illness and sees with glad relief a streak of daylight shewing under his bedroom door.
10	9	0.498	Quel bonheur, c’est déjà le matin!	Oh, joy of joys! it is morning.
11	10	0.526	Dans un moment les domestiques seront levés, il pourra sonner, on viendra lui porter secours.	The servants will be about in a minute: he can ring, and some one will come to look after him.
12	11	0.481	L’espérance d’être soulagé lui donne du courage pour souffrir.	The thought of being made comfortable gives him strength to endure his pain.
13	12	0.516	Justement il a cru entendre des pas; les pas se rapprochent, puis s’éloignent.	He is certain he heard footsteps: they come nearer, and then die away.
14	13	0.486	Et la raie de jour qui était sous sa porte a disparu.	The ray of light beneath his door is extinguished.
15	14	0.449	C’est minuit; on vient d’éteindre le gaz; le dernier domestique est parti et il faudra rester toute la nuit à souffrir sans remède.	It is midnight; some one has turned out the gas; the last servant has gone to bed, and he must lie all night in agony with no one to bring him any help.
16	15	0.438	Je me rendormais, et parfois je n’avais plus que de courts réveils d’un instant, le temps d’entendre les craquements organiques des boiseries, d’ouvrir les yeux pour fixer le kaléidoscope de l’obscurité, de goûter grâce à une lueur momentanée de conscience le sommeil où étaient plongés les meubles, la chambre, le tout dont je n’étais qu’une petite partie et à l’insensibilité duquel je retournais vite m’unir.	I would fall asleep, and often I would be awake again for short snatches only, just long enough to hear the regular creaking of the wainscot, or to open my eyes to settle the shifting kaleidoscope of the darkness, to savour, in an instantaneous flash of perception, the sleep which lay heavy upon the furniture, the room, the whole surroundings of which I formed but an insignificant part and whose unconsciousness I should very soon return to share.
17	16	0.237	Ou bien en dormant j’avais rejoint sans effort un âge à jamais révolu de ma vie primitive, retrouvé telle de mes terreurs enfantines comme celle que mon grand-oncle me tirât par mes boucles et qu’avait dissipée le jour, — date pour moi d’une ère nouvelle, — où on les avait coupées.	Or, perhaps, while I was asleep I had returned without the least effort to an earlier stage in my life, now for ever outgrown; and had come under the thrall of one of my childish terrors, such as that old terror of my great-uncle's pulling my curls, which was effectually dispelled on the day — the dawn of a new era to me — on which they were finally cropped from my head.
18	17	0.428	J’avais oublié cet événement pendant mon sommeil, j’en retrouvais le souvenir aussitôt que j’avais réussi à m’éveiller pour échapper aux mains de mon grand-oncle, mais par mesure de précaution j’entourais complètement ma tête de mon oreiller avant de retourner dans le monde des rêves.	I had forgotten that event during my sleep; I remembered it again immediately I had succeeded in making myself wake up to escape my great-uncle's fingers; still, as a measure of precaution, I would bury the whole of my head in the pillow before returning to the world of dreams.
19	18	0.462	Quelquefois, comme Ève naquit d’une côte d’Adam, une femme naissait pendant mon sommeil d’une fausse position de ma cuisse.	Sometimes, too, just as Eve was created from a rib of Adam, so a woman would come into existence while I was sleeping, conceived from some strain in the position of my limbs.
20	19	0.454	Formée du plaisir que j’étais sur le point de goûter, je m’imaginais que c’était elle qui me l’offrait.	Formed by the appetite that I was on the point of gratifying, she it was, I imagined, who offered me that gratification.
21	20	0.308	Mon corps qui sentait dans le sien ma propre chaleur voulait s’y rejoindre, je m’éveillais.	My body, conscious that its own warmth was permeating hers, would strive to become one with her, and I would awake.
22	21	0.409	Le reste des humains m’apparaissait comme bien lointain auprès de cette femme que j’avais quittée il y avait quelques moments à peine; ma joue était chaude encore de son baiser, mon corps courbaturé par le poids de sa taille.	The rest of humanity seemed very remote in comparison with this woman whose company I had left but a moment ago: my cheek was still warm with her kiss, my body bent beneath the weight of hers.
23	22	0.441	Si, comme il arrivait quelquefois, elle avait les traits d’une femme que j’avais connue dans la vie, j’allais me donner tout entier à ce but: la retrouver, comme ceux qui partent en voyage pour voir de leurs yeux une cité désirée et s’imaginent qu’on peut goûter dans une réalité le charme du songe.	If, as would sometimes happen, she had the appearance of some woman whom I had known in waking hours, I would abandon myself altogether to the sole quest of her, like people who set out on a journey to see with their own eyes some city that they have always longed to visit, and imagine that they can taste in reality what has charmed their fancy.
24	23	0.388	Peu à peu son souvenir s’évanouissait, j’avais oublié la fille de mon rêve.	And then, gradually, the memory of her would dissolve and vanish, until I had forgotten the maiden of my dream.
25	24	0.401	Un homme qui dort, tient en cercle autour de lui le fil des heures, l’ordre des années et des mondes.	When a man is asleep, he has in a circle round him the chain of the hours, the sequence of the years, the order of the heavenly host.
26	25	0.277	Il les consulte d’instinct en s’éveillant et y lit en une seconde le point de la terre qu’il occupe, le temps qui s’est écoulé jusqu’à son réveil; mais leurs rangs peuvent se mêler, se rompre.	Instinctively, when he awakes, he looks to these, and in an instant reads off his own position on the earth's surface and the amount of time that has elapsed during his slumbers; but this ordered procession is apt to grow confused, and to break its ranks.
27	26	0.260	Que vers le matin après quelque insomnie, le sommeil le prenne en train de lire, dans une posture trop différente de celle où il dort habituellement, il suffit de son bras soulevé pour arrêter et faire reculer le soleil, et à la première minute de son réveil, il ne saura plus l’heure, il estimera qu’il vient à peine de se coucher.	Suppose that, towards morning, after a night of insomnia, sleep descends upon him while he is reading, in quite a different position from that in which he normally goes to sleep, he has only to lift his arm to arrest the sun and turn it back in its course, and, at the moment of waking, he will have no idea of the time, but will conclude that he has just gone to bed.
28	27	0.200	Que s’il s’assoupit dans une position encore plus déplacée et divergente, par exemple après dîner assis dans un fauteuil, alors le bouleversement sera complet dans les mondes désorbités, le fauteuil magique le fera voyager à toute vitesse dans le temps et dans l’espace, et au moment d’ouvrir les paupières, il se croira couché quelques mois plus tôt dans une autre contrée.	Or suppose that he gets drowsy in some even more abnormal position; sitting in an armchair, say, after dinner: then the world will fall topsy-turvy from its orbit, the magic chair will carry him at full speed through time and space, and when he opens his eyes again he will imagine that he went to sleep months earlier and in some far distant country.
29	28	0.397	Mais il suffisait que, dans mon lit même, mon sommeil fût profond et détendît entièrement mon esprit; alors celui-ci lâchait le plan du lieu où je m’étais endormi, et quand je m’éveillais au milieu de la nuit, comme j’ignorais où je me trouvais, je ne savais même pas au premier instant qui j’étais; j’avais seulement dans sa simplicité première, le sentiment de l’existence comme il peut frémir au fond d’un animal: j’étais plus dénué que l’homme des cavernes; mais alors le souvenir — non encore du lieu où j’étais, mais de quelques-uns de ceux que j’avais habités et où j’aurais pu être — venait à moi comme un secours d’en haut pour me tirer du néant d’où je n’aurais pu sortir tout seul; je passais en une seconde par-dessus des siècles de civilisation, et l’image confusément entrevue de lampes à pétrole, puis de chemises à col rabattu, recomposaient peu à peu les traits originaux de mon moi.	But for me it was enough if, in my own bed, my sleep was so heavy as completely to relax my consciousness; for then I lost all sense of the place in which I had gone to sleep, and when I awoke at midnight, not knowing where I was, I could not be sure at first who I was; I had only the most rudimentary sense of existence, such as may lurk and flicker in the depths of an animal's consciousness; I was more destitute of human qualities than the cave-dweller; but then the memory, not yet of the place in which I was, but of various other places where I had lived, and might now very possibly be, would come like a rope let down from heaven to draw me up out of the abyss of not-being, from which I could never have escaped by myself: in a flash I would traverse and surmount centuries of civilisation, and out of a half-visualised succession of oil-lamps, followed by shirts with turned-down collars, would put together by degrees the component parts of my ego.
30	29	0.473	Peut-être l’immobilité des choses autour de nous leur est-elle imposée par notre certitude que ce sont elles et non pas d’autres, par l’immobilité de notre pensée en face d’elles.	Perhaps the immobility of the things that surround us is forced upon them by our conviction that they are themselves, and not anything else, and by the immobility of our conceptions of them.
31	30	0.408	Toujours est-il que, quand je me réveillais ainsi, mon esprit s’agitant pour chercher, sans y réussir, à savoir où j’étais, tout tournait autour de moi dans l’obscurité, les choses, les pays, les années.	For it always happened that when I awoke like this, and my mind struggled in an unsuccessful attempt to discover where I was, everything would be moving round me through the darkness: things, places, years.
32	31	0.289	Mon corps, trop engourdi pour remuer, cherchait, d’après la forme de sa fatigue, à repérer la position de ses membres pour en induire la direction du mur, la place des meubles, pour reconstruire et pour nommer la demeure où il se trouvait.	My body, still too heavy with sleep to move, would make an effort to construe the form which its tiredness took as an orientation of its various members, so as to induce from that where the wall lay and the furniture stood, to piece together and to give a name to the house in which it must be living.
33	32	0.241	Sa mémoire, la mémoire de ses côtes, de ses genoux, de ses épaules, lui présentait successivement plusieurs des chambres où il avait dormi, tandis qu’autour de lui les murs invisibles, changeant de place selon la forme de la pièce imaginée, tourbillonnaient dans les ténèbres.	Its memory, the composite memory of its ribs, knees, and shoulder-blades offered it a whole series of rooms in which it had at one time or another slept; while the unseen walls kept changing, adapting themselves to the shape of each successive room that it remembered, whirling madly through the darkness.
34	33	0.178	Et avant même que ma pensée, qui hésitait au seuil des temps et des formes, eût identifié le logis en rapprochant les circonstances, lui, — mon corps, — se rappelait pour chacun le genre du lit, la place des portes, la prise de jour des fenêtres, l’existence d’un couloir, avec la pensée que j’avais en m’y endormant et que je retrouvais au réveil.	And even before my brain, lingering in consideration of when things had happened and of what they had looked like, had collected sufficient impressions to enable it to identify the room, it, my body, would recall from each room in succession what the bed was like, where the doors were, how daylight came in at the windows, whether there was a passage outside, what I had had in my mind when I went to sleep, and had found there when I awoke.
35	34	0.212	Mon côté ankylosé, cherchant à deviner son orientation, s’imaginait, par exemple, allongé face au mur dans un grand lit à baldaquin et aussitôt je me disais: «Tiens, j’ai fini par m’endormir quoique maman ne soit pas venue me dire bonsoir», j’étais à la campagne chez mon grand-père, mort depuis bien des années; et mon corps, le côté sur lequel je reposais, gardiens fidèles d’un passé que mon esprit n’aurait jamais dû oublier, me rappelaient la flamme de la veilleuse de verre de Bohême, en forme d’urne, suspendue au plafond par des chaînettes, la cheminée en marbre de Sienne, dans ma chambre à coucher de Combray, chez mes grands-parents, en des jours lointains qu’en ce moment je me figurais actuels sans me les représenter exactement et que je reverrais mieux tout à l’heure quand je serais tout à fait éveillé.	"The stiffened side underneath my body would, for instance, in trying to fix its position, imagine itself to be lying, face to the wall, in a big bed with a canopy; and at once I would say to myself, ""Why, I must have gone to sleep after all, and Mamma never came to say good night!"" for I was in the country with my grandfather, who died years ago; and my body, the side upon which I was lying, loyally preserving from the past an impression which my mind should never have forgotten, brought back before my eyes the glimmering flame of the night-light in its bowl of Bohemian glass, shaped like an urn and hung by chains from the ceiling, and the chimney-piece of Siena marble in my bedroom at Combray, in my great-aunt's house, in those far distant days which, at the moment of waking, seemed present without being clearly penned, but would become plainer in a little while when I was properly awake."
36-37	35	0.354	Puis renaissait le souvenir d’une nouvelle attitude; le mur filait dans une autre direction: j’étais dans ma chambre chez Mme de Saint-Loup, à la campagne; mon Dieu! Il est au moins dix heures, on doit avoir fini de dîner!	Then would come up the memory of a fresh position; the wall slid away in another direction; I was in my room in Mme. de Saint-Loup's house in the country; good heavens, it must be ten o'clock, they will have finished dinner!
38	36	0.424	J’aurai trop prolongé la sieste que je fais tous les soirs en rentrant de ma promenade avec Mme de Saint-Loup, avant d’endosser mon habit.	I must have overslept myself, in the little nap which I always take when I come in from my walk with Mme. de Saint-Loup, before dressing for the evening.
39	37	0.310	Car bien des années ont passé depuis Combray, où, dans nos retours les plus tardifs, c’était les reflets rouges du couchant que je voyais sur le vitrage de ma fenêtre.	For many years have now elapsed since the Combray days, when, coming in from the longest and latest walks, I would still be in time to see the reflection of the sunset glowing in the panes of my bedroom window.
40	38	0.412	C’est un autre genre de vie qu’on mène à Tansonville, chez Mme de Saint-Loup, un autre genre de plaisir que je trouve à ne sortir qu’à la nuit, à suivre au clair de lune ces chemins où je jouais jadis au soleil; et la chambre où je me serai endormi au lieu de m’habiller pour le dîner, de loin je l’aperçois, quand nous rentrons, traversée par les feux de la lampe, seul phare dans la nuit.	It is a very different kind of existence at Tansonville now with Mme. de Saint-Loup, and a different kind of pleasure that I now derive from taking walks only in the evenings, from visiting by moonlight the roads on which I used to play, as a child, in the sunshine; while the bedroom, in which I shall presently fall asleep instead of dressing for dinner, from afar off I can see it, as we return from our walk, with its lamp shining through the window, a solitary beacon in the night.
41	39	0.379	Ces évocations tournoyantes et confuses ne duraient jamais que quelques secondes; souvent, ma brève incertitude du lieu où je me trouvais ne distinguait pas mieux les unes des autres les diverses suppositions dont elle était faite, que nous n’isolons, en voyant un cheval courir, les positions successives que nous montre le kinétoscope.	These shifting and confused gusts of memory never lasted for more than a few seconds; it often happened that, in my spell of uncertainty as to where I was, I did not distinguish the successive theories of which that uncertainty was composed any more than, when we watch a horse running, we isolate the successive positions of its body as they appear upon a bioscope.
42	40	0.408	Mais j’avais revu tantôt l’une, tantôt l’autre, des chambres que j’avais habitées dans ma vie, et je finissais par me les rappeler toutes dans les longues rêveries qui suivaient mon réveil; chambres d’hiver où quand on est couché, on se blottit la tête dans un nid qu’on se tresse avec les choses les plus disparates: un coin de l’oreiller, le haut des couvertures, un bout de châle, le bord du lit, et un numéro des Débats roses, qu’on finit par cimenter ensemble selon la technique des oiseaux en s’y appuyant indéfiniment; où, par un temps glacial le plaisir qu’on goûte est de se sentir séparé du dehors (comme l’hirondelle de mer qui a son nid au fond d’un souterrain dans la chaleur de la terre), et où, le feu étant entretenu toute la nuit dans la cheminée, on dort dans un grand manteau d’air chaud et fumeux, traversé des lueurs des tisons qui se rallument, sorte d’impalpable alcôve, de chaude caverne creusée au sein de la chambre même, zone ardente et mobile en ses contours thermiques, aérée de souffles qui nous rafraîchissent la figure et viennent des angles, des parties voisines de la fenêtre ou éloignées du foyer et qui se sont refroidies; — chambres d’été où l’on aime être uni à la nuit tiède, où le clair de lune appuyé aux volets entr’ouverts, jette jusqu’au pied du lit son échelle enchantée, où on dort presque en plein air, comme la mésange balancée par la brise à la pointe d’un rayon —; parfois la chambre Louis XVI, si gaie que même le premier soir je n’y avais pas été trop malheureux et où les colonnettes qui soutenaient légèrement le plafond s’écartaient avec tant de grâce pour montrer et réserver la place du lit; parfois au contraire celle, petite et si élevée de plafond, creusée en forme de pyramide dans la hauteur de deux étages et partiellement revêtue d’acajou, où dès la première seconde j’avais été intoxiqué moralement par l’odeur inconnue du vétiver, convaincu de l’hostilité des rideaux violets et de l’insolente indifférence de la pendule qui jacassait tout haut comme si je n’eusse pas été là; — où une étrange et impitoyable glace à pieds quadrangulaires, barrant obliquement un des angles de la pièce, se creusait à vif dans la douce plénitude de mon champ visuel accoutumé un emplacement qui n’y était pas prévu; — où ma pensée, s’efforçant pendant des heures de se disloquer, de s’étirer en hauteur pour prendre exactement la forme de la chambre et arriver à remplir jusqu’en haut son gigantesque entonnoir, avait souffert bien de dures nuits, tandis que j’étais étendu dans mon lit, les yeux levés, l’oreille anxieuse, la narine rétive, le cœur battant: jusqu’à ce que l’habitude eût changé la couleur des rideaux, fait taire la pendule, enseigné la pitié à la glace oblique et cruelle, dissimulé, sinon chassé complètement, l’odeur du vétiver et notablement diminué la hauteur apparente du plafond.	But I had seen first one and then another of the rooms in which I had slept during my life, and in the end I would revisit them all in the long course of my waking dream: rooms in winter, where on going to bed I would at once bury my head in a nest, built up out of the most diverse materials, the corner of my pillow, the top of my blankets, a piece of a shawl, the edge of my bed, and a copy of an evening paper, all of which things I would contrive, with the infinite patience of birds building their nests, to cement into one whole; rooms where, in a keen frost, I would feel the satisfaction of being shut in from the outer world (like the sea-swallow which builds at the end of a dark tunnel and is kept warm by the surrounding earth), and where, the fire keeping in all night, I would sleep wrapped up, as it were, in a great cloak of snug and savoury air, shot with the glow of the logs which would break out again in flame: in a sort of alcove without walls, a cave of warmth dug out of the heart of the room itself, a zone of heat whose boundaries were constantly shifting and altering in temperature as gusts of air ran across them to strike freshly upon my face, from the corners of the room, or from parts near the window or far from the fireplace which had therefore remained cold — or rooms in summer, where I would delight to feel myself a part of the warm evening, where the moonlight striking upon the half-opened shutters would throw down to the foot of my bed its enchanted ladder; where I would fall asleep, as it might be in the open air, like a titmouse which the breeze keeps poised in the focus of a sunbeam — or sometimes the Louis XVI room, so cheerful that I could never feel really unhappy, even on my first night in it: that room where the slender columns which lightly supported its ceiling would part, ever so gracefully, to indicate where the bed was and to keep it separate; sometimes again that little room with the high ceiling, hollowed in the form of a pyramid out of two separate storeys, and partly walled with mahogany, in which from the first moment my mind was drugged by the unfamiliar scent of flowering grasses, convinced of the hostility of the violet curtains and of the insolent indifference of a clock that chattered on at the top of its voice as though I were not there; while a strange and pitiless mirror with square feet, which stood across one corner of the room, cleared for itself a site I had not looked to find tenanted in the quiet surroundings of my normal field of vision: that room in which my mind, forcing itself for hours on end to leave its moorings, to elongate itself upwards so as to take on the exact shape of the room, and to reach to the summit of that monstrous funnel, had passed so many anxious nights while my body lay stretched out in bed, my eyes staring upwards, my ears straining, my nostrils sniffing uneasily, and my heart beating; until custom had changed the colour of the curtains, made the clock keep quiet, brought an expression of pity to the cruel, slanting face of the glass, disguised or even completely dispelled the scent of flowering grasses, and distinctly reduced the apparent loftiness of the ceiling.
43	41	0.341	L’habitude! aménageuse habile mais bien lente et qui commence par laisser souffrir notre esprit pendant des semaines dans une installation provisoire; mais que malgré tout il est bien heureux de trouver, car sans l’habitude et réduit à ses seuls moyens il serait impuissant à nous rendre un logis habitable.	Custom! that skilful but unhurrying manager who begins by torturing the mind for weeks on end with her provisional arrangements; whom the mind, for all that, is fortunate in discovering, for without the help of custom it would never contrive, by its own efforts, to make any room seem habitable.
44	42	0.414	Certes, j’étais bien éveillé maintenant, mon corps avait viré une dernière fois et le bon ange de la certitude avait tout arrêté autour de moi, m’avait couché sous mes couvertures, dans ma chambre, et avait mis approximativement à leur place dans l’obscurité ma commode, mon bureau, ma cheminée, la fenêtre sur la rue et les deux portes.	Certainly I was now well awake; my body had turned about for the last time and the good angel of certainty had made all the surrounding objects stand still, had set me down under my bedclothes, in my bedroom, and had fixed, approximately in their right places in the uncertain light, my chest of drawers, my writing-table, my fireplace, the window overlooking the street, and both the doors.
45	43	0.336	Mais j’avais beau savoir que je n’étais pas dans les demeures dont l’ignorance du réveil m’avait en un instant sinon présenté l’image distincte, du moins fait croire la présence possible, le branle était donné à ma mémoire; généralement je ne cherchais pas à me rendormir tout de suite; je passais la plus grande partie de la nuit à me rappeler notre vie d’autrefois, à Combray chez ma grand’tante, à Balbec, à Paris, à Doncières, à Venise, ailleurs encore, à me rappeler les lieux, les personnes que j’y avais connues, ce que j’avais vu d’elles, ce qu’on m’en avait raconté.	But it was no good my knowing that I was not in any of those houses of which, in the stupid moment of waking, if I had not caught sight exactly, I could still believe in their possible presence; for memory was now set in motion; as a rule I did not attempt to go to sleep again at once, but used to spend the greater part of the night recalling our life in the old days at Combray with my great-aunt, at Balbec, Paris, Doncières, Venice, and the rest; remembering again all the places and people that I had known, what I had actually seen of them, and what others had told me.
46	44	0.391	A Combray, tous les jours dès la fin de l’après-midi, longtemps avant le moment où il faudrait me mettre au lit et rester, sans dormir, loin de ma mère et de ma grand’mère, ma chambre à coucher redevenait le point fixe et douloureux de mes préoccupations.	At Combray, as every afternoon ended, long before the time when I should have to go up to bed, and to lie there, unsleeping, far from my mother and grandmother, my bedroom became the fixed point on which my melancholy and anxious thoughts were centred.
47	45	0.368	On avait bien inventé, pour me distraire les soirs où on me trouvait l’air trop malheureux, de me donner une lanterne magique, dont, en attendant l’heure du dîner, on coiffait ma lampe; et, à l’instar des premiers architectes et maîtres verriers de l’âge gothique, elle substituait à l’opacité des murs d’impalpables irisations, de surnaturelles apparitions multicolores, où des légendes étaient dépeintes comme dans un vitrail vacillant et momentané.	Some one had had the happy idea of giving me, to distract me on evenings when I seemed abnormally wretched, a magic lantern, which used to be set on top of my lamp while we waited for dinner-time to come: in the manner of the master-builders and glass-painters of gothic days it substituted for the opaqueness of my walls an impalpable iridescence, supernatural phenomena of many colours, in which legends were depicted, as on a shifting and transitory window.
48	46	0.314	Mais ma tristesse n’en était qu’accrue, parce que rien que le changement d’éclairage détruisait l’habitude que j’avais de ma chambre et grâce à quoi, sauf le supplice du coucher, elle m’était devenue supportable.	But my sorrows were only increased, because this change of lighting destroyed, as nothing else could have done, the customary impression I had formed of my room, thanks to which the room itself, but for the torture of having to go to bed in it, had become quite endurable.
49	47	0.449	Maintenant je ne la reconnaissais plus et j’y étais inquiet, comme dans une chambre d’hôtel ou de «chalet», où je fusse arrivé pour la première fois en descendant de chemin de fer.	For now I no longer recognised it, and I became uneasy, as though I were in a room in some hotel or furnished lodging, in a place where I had just arrived, by train, for the first time.
50	48	0.552	Au pas saccadé de son cheval, Golo, plein d’un affreux dessein, sortait de la petite forêt triangulaire qui veloutait d’un vert sombre la pente d’une colline, et s’avançait en tressautant vers le château de la pauvre Geneviève de Brabant.	Riding at a jerky trot, Golo, his mind filled with an infamous design, issued from the little three-cornered forest which dyed dark-green the slope of a convenient hill, and advanced by leaps and bounds towards the castle of poor Geneviève de Brabant.
51	49	0.397	Ce château était coupé selon une ligne courbe qui n’était autre que la limite d’un des ovales de verre ménagés dans le châssis qu’on glissait entre les coulisses de la lanterne.	This castle was cut off short by a curved line which was in fact the circumference of one of the transparent ovals in the slides which were pushed into position through a slot in the lantern.
52	50	0.345	Ce n’était qu’un pan de château et il avait devant lui une lande où rêvait Geneviève qui portait une ceinture bleue.	It was only the wing of a castle, and in front of it stretched a moor on which Geneviève stood, lost in contemplation, wearing a blue girdle.
53	51	0.526	Le château et la lande étaient jaunes et je n’avais pas attendu de les voir pour connaître leur couleur car, avant les verres du châssis, la sonorité mordorée du nom de Brabant me l’avait montrée avec évidence.	The castle and the moor were yellow, but I could tell their colour without waiting to see them, for before the slides made their appearance the old-gold sonorous name of Brabant had given me an unmistakable clue.
54	52	0.575	Golo s’arrêtait un instant pour écouter avec tristesse le boniment lu à haute voix par ma grand’tante et qu’il avait l’air de comprendre parfaitement, conformant son attitude avec une docilité qui n’excluait pas une certaine majesté, aux indications du texte; puis il s’éloignait du même pas saccadé.	Golo stopped for a moment and listened sadly to the little speech read aloud by my great-aunt, which he seemed perfectly to understand, for he modified his attitude with a docility not devoid of a degree of majesty, so as to conform to the indications given in the text; then he rode away at the same jerky trot.
55	53	0.526	Et rien ne pouvait arrêter sa lente chevauchée.	And nothing could arrest his slow progress.
56	54	0.478	Si on bougeait la lanterne, je distinguais le cheval de Golo qui continuait à s’avancer sur les rideaux de la fenêtre, se bombant de leurs plis, descendant dans leurs fentes.	If the lantern were moved I could still distinguish Golo's horse advancing across the window-curtains, swelling out with their curves and diving into their folds.
57	55	0.477	Le corps de Golo lui-même, d’une essence aussi surnaturelle que celui de sa monture, s’arrangeait de tout obstacle matériel, de tout objet gênant qu’il rencontrait en le prenant comme ossature et en se le rendant intérieur, fût-ce le bouton de la porte sur lequel s’adaptait aussitôt et surnageait invinciblement sa robe rouge ou sa figure pâle toujours aussi noble et aussi mélancolique, mais qui ne laissait paraître aucun trouble de cette transvertébration.	The body of Golo himself, being of the same supernatural substance as his steed's, overcame all material obstacles — everything that seemed to bar his way — by taking each as it might be a skeleton and embodying it in himself: the door-handle, for instance, over which, adapting itself at once, would float invincibly his red cloak or his pale face, never losing its nobility or its melancholy, never shewing any sign of trouble at such a transubstantiation.
58	56	0.491	Certes je leur trouvais du charme à ces brillantes projections qui semblaient émaner d’un passé mérovingien et promenaient autour de moi des reflets d’histoire si anciens.	And, indeed, I found plenty of charm in these bright projections, which seemed to have come straight out of a Merovingian past, and to shed around me the reflections of such ancient history.
59	57	0.489	Mais je ne peux dire quel malaise me causait pourtant cette intrusion du mystère et de la beauté dans une chambre que j’avais fini par remplir de mon moi au point de ne pas faire plus attention à elle qu’à lui-même.	But I cannot express the discomfort I felt at such an intrusion of mystery and beauty into a room which I had succeeded in filling with my own personality until I thought no more of the room than of myself.
60	58	0.510	L’influence anesthésiante de l’habitude ayant cessé, je me mettais à penser, à sentir, choses si tristes.	The anaesthetic effect of custom being destroyed, I would begin to think and to feel very melancholy things.
61	59	0.508	Ce bouton de la porte de ma chambre, qui différait pour moi de tous les autres boutons de porte du monde en ceci qu’il semblait ouvrir tout seul, sans que j’eusse besoin de le tourner, tant le maniement m’en était devenu inconscient, le voilà qui servait maintenant de corps astral à Golo.	The door-handle of my room, which was different to me from all the other doorhandles in the world, inasmuch as it seemed to open of its own accord and without my having to turn it, so unconscious had its manipulation become; lo and behold, it was now an astral body for Golo.
62	60	0.456	Et dès qu’on sonnait le dîner, j’avais hâte de courir à la salle à manger, où la grosse lampe de la suspension, ignorante de Golo et de Barbe-Bleue, et qui connaissait mes parents et le bœuf à la casserole, donnait sa lumière de tous les soirs; et de tomber dans les bras de maman que les malheurs de Geneviève de Brabant me rendaient plus chère, tandis que les crimes de Golo me faisaient examiner ma propre conscience avec plus de scrupules.	And as soon as the dinner-bell rang I would run down to the dining-room, where the big hanging lamp, ignorant of Golo and Bluebeard but well acquainted with my family and the dish of stewed beef, shed the same light as on every other evening; and I would fall into the arms of my mother, whom the misfortunes of Geneviève de Brabant had made all the dearer to me, just as the crimes of Golo had driven me to a more than ordinarily scrupulous examination of my own conscience.
63	61	0.364	Après le dîner, hélas, j’étais bientôt obligé de quitter maman qui restait à causer avec les autres, au jardin s’il faisait beau, dans le petit salon où tout le monde se retirait s’il faisait mauvais.	But after dinner, alas, I was soon obliged to leave Mamma, who stayed talking with the others, in the garden if it was fine, or in the little parlour where everyone took shelter when it was wet.
64	62	0.472	Tout le monde, sauf ma grand’mère qui trouvait que «c’est une pitié de rester enfermé à la campagne» et qui avait d’incessantes discussions avec mon père, les jours de trop grande pluie, parce qu’il m’envoyait lire dans ma chambre au lieu de rester dehors.	"Everyone except my grandmother, who held that ""It is a pity to shut oneself indoors in the country,"" and used to carry on endless discussions with my father on the very wettest days, because he would send me up to my room with a book instead of letting me stay out of doors."
65	63	0.547	«Ce n’est pas comme cela que vous le rendrez robuste et énergique, disait-elle tristement, surtout ce petit qui a tant besoin de prendre des forces et de la volonté.»	"""That is not the way to make him strong and active,"" she would say sadly, ""especially this little man, who needs all the strength and character that he can get."""
66	64	0.490	Mon père haussait les épaules et il examinait le baromètre, car il aimait la météorologie, pendant que ma mère, évitant de faire du bruit pour ne pas le troubler, le regardait avec un respect attendri, mais pas trop fixement pour ne pas chercher à percer le mystère de ses supériorités.	My father would shrug his shoulders and study the barometer, for he took an interest in meteorology, while my mother, keeping very quiet so as not to disturb him, looked at him with tender respect, but not too hard, not wishing to penetrate the mysteries of his superior mind.
67	65	0.361	Mais ma grand’mère, elle, par tous les temps, même quand la pluie faisait rage et que Françoise avait précipitamment rentré les précieux fauteuils d’osier de peur qu’ils ne fussent mouillés, on la voyait dans le jardin vide et fouetté par l’averse, relevant ses mèches désordonnées et grises pour que son front s’imbibât mieux de la salubrité du vent et de la pluie.	But my grandmother, in all weathers, even when the rain was coming down in torrents and Françoise had rushed indoors with the precious wicker armchairs, so that they should not get soaked — you would see my grandmother pacing the deserted garden, lashed by the storm, pushing back her grey hair in disorder so that her brows might be more free to imbibe the life-giving draughts of wind and rain.
68	66	0.216	Elle disait: «Enfin, on respire!» et parcourait les allées détrempées, — trop symétriquement alignées à son gré par le nouveau jardinier dépourvu du sentiment de la nature et auquel mon père avait demandé depuis le matin si le temps s’arrangerait, — de son petit pas enthousiaste et saccadé, réglé sur les mouvements divers qu’excitaient dans son âme l’ivresse de l’orage, la puissance de l’hygiène, la stupidité de mon éducation et la symétrie des jardins, plutôt que sur le désir inconnu d’elle d’éviter à sa jupe prune les taches de boue sous lesquelles elle disparaissait jusqu’à une hauteur qui était toujours pour sa femme de chambre un désespoir et un problème.	"She would say, ""At last one can breathe!"" and would run up and down the soaking paths — too straight and symmetrical for her liking, owing to the want of any feeling for nature in the new gardener, whom my father had been asking all morning if the weather were going to improve — with her keen, jerky little step regulated by the various effects wrought upon her soul by the intoxication of the storm, the force of hygiene, the stupidity of my education and of symmetry in gardens, rather than by any anxiety (for that was quite unknown to her) to save her plum-coloured skirt from the spots of mud under which it would gradually disappear to a depth which always provided her maid with a fresh problem and filled her with fresh despair."
69	67	0.396	Quand ces tours de jardin de ma grand’mère avaient lieu après dîner, une chose avait le pouvoir de la faire rentrer: c’était, à un des moments où la révolution de sa promenade la ramenait périodiquement, comme un insecte, en face des lumières du petit salon où les liqueurs étaient servies sur la table à jeu, — si ma grand’tante lui criait: «Bathilde! viens donc empêcher ton mari de boire du cognac!»	"When these walks of my grandmother's took place after dinner there was one thing which never failed to bring her back to the house: that was if (at one of those points when the revolutions of her course brought her, moth-like, in sight of the lamp in the little parlour where the liqueurs were set out on the card-table) my great-aunt called out to her: ""Bathilde!"
70	68-69	0.354	Pour la taquiner, en effet (elle avait apporté dans la famille de mon père un esprit si différent que tout le monde la plaisantait et la tourmentait), comme les liqueurs étaient défendues à mon grand-père, ma grand’tante lui en faisait boire quelques gouttes.	"Come in and stop your husband from drinking brandy!"" For, simply to tease her (she had brought so foreign a type of mind into my father's family that everyone made a joke of it), my great-aunt used to make my grandfather, who was forbidden liqueurs, take just a few drops."
71	70	0.149	Ma pauvre grand’mère entrait, priait ardemment son mari de ne pas goûter au cognac; il se fâchait, buvait tout de même sa gorgée, et ma grand’mère repartait, triste, découragée, souriante pourtant, car elle était si humble de cœur et si douce que sa tendresse pour les autres et le peu de cas qu’elle faisait de sa propre personne et de ses souffrances, se conciliaient dans son regard en un sourire où, contrairement à ce qu’on voit dans le visage de beaucoup d’humains, il n’y avait d’ironie que pour elle-même, et pour nous tous comme un baiser de ses yeux qui ne pouvaient voir ceux qu’elle chérissait sans les caresser passionnément du regard.	My poor grandmother would come in and beg and implore her husband not to taste the brandy; and he would become annoyed and swallow his few drops all the same, and she would go out again sad and discouraged, but still smiling, for she was so humble and so sweet that her gentleness towards others, and her continual subordination of herself and of her own troubles, appeared on her face blended in a smile which, unlike those seen on the majority of human faces, had no trace in it of irony, save for herself, while for all of us kisses seemed to spring from her eyes, which could not look upon those she loved without yearning to bestow upon them passionate caresses.
72	71-72	0.368	Ce supplice que lui infligeait ma grand’tante, le spectacle des vaines prières de ma grand’mère et de sa faiblesse, vaincue d’avance, essayant inutilement d’ôter à mon grand-père le verre à liqueur, c’était de ces choses à la vue desquelles on s’habitue plus tard jusqu’à les considérer en riant et à prendre le parti du persécuteur assez résolument et gaiement pour se persuader à soi-même qu’il ne s’agit pas de persécution; elles me causaient alors une telle horreur, que j’aurais aimé battre ma grand’tante.	The torments inflicted on her by my great-aunt, the sight of my grandmother's vain entreaties, of her in her weakness conquered before she began, but still making the futile endeavour to wean my grandfather from his liqueur-glass — all these were things of the sort to which, in later years, one can grow so well accustomed as to smile at them, to take the tormentor's side with a. happy determination which deludes one into the belief that it is not, really, tormenting; but in those days they filled me with such horror that I longed to strike my great-aunt.
73	73-74	0.407	Mais dès que j’entendais: «Bathilde, viens donc empêcher ton mari de boire du cognac!» déjà homme par la lâcheté, je faisais ce que nous faisons tous, une fois que nous sommes grands, quand il y a devant nous des souffrances et des injustices: je ne voulais pas les voir; je montais sangloter tout en haut de la maison à côté de la salle d’études, sous les toits, dans une petite pièce sentant l’iris, et que parfumait aussi un cassis sauvage poussé au dehors entre les pierres de la muraille et qui passait une branche de fleurs par la fenêtre entr’ouverte.	"And yet, as soon as I heard her ""Bathilde! Come in and stop your husband from drinking brandy!"" in my cowardice I became at once a man, and did what all we grown men do when face to face with suffering and injustice; I preferred not to see them; I ran up to the top of the house to cry by myself in a little room beside the schoolroom and beneath the roof, which smelt of orris-root, and was scented also by a wild currant-bush which had climbed up between the stones of the outer wall and thrust a flowering branch in through the half-opened window."
74	75	0.525	Destinée à un usage plus spécial et plus vulgaire, cette pièce, d’où l’on voyait pendant le jour jusqu’au donjon de Roussainville-le-Pin, servit longtemps de refuge pour moi, sans doute parce qu’elle était la seule qu’il me fût permis de fermer à clef, à toutes celles de mes occupations qui réclamaient une inviolable solitude: la lecture, la rêverie, les larmes et la volupté.	Intended for a more special and a baser use, this room, from which, in the daytime, I could see as far as the keep of Roussainville-le-Pin, was for a long time my place of refuge, doubtless because it was the only room whose door Ï was allowed to lock, whenever my occupation was such as required an inviolable solitude; reading or dreaming, secret tears or paroxysms of desire.
75	76-77	0.524	Hélas! je ne savais pas que, bien plus tristement que les petits écarts de régime de son mari, mon manque de volonté, ma santé délicate, l’incertitude qu’ils projetaient sur mon avenir, préoccupaient ma grand’mère, au cours de ces déambulations incessantes, de l’après-midi et du soir, où on voyait passer et repasser, obliquement levé vers le ciel, son beau visage aux joues brunes et sillonnées, devenues au retour de l’âge presque mauves comme les labours à l’automne, barrées, si elle sortait, par une voilette à demi relevée, et sur lesquelles, amené là par le froid ou quelque triste pensée, était toujours en train de sécher un pleur involontaire.	Alas! I little knew that my own lack of will-power, my delicate health, and the consequent uncertainty as to my future weighed far more heavily on my grandmother's mind than any little breach of the rules by her husband, during those endless perambulations, afternoon and evening, in which we used to see passing up and down, obliquely raised towards the heavens, her handsome face with its brown and wrinkled cheeks, which with age had acquired almost the purple hue of tilled fields in autumn, covered, if she were walking abroad, by a half-lifted veil, while upon them either the cold or some sad reflection invariably left the drying traces of an involuntary tear.
76	78	0.482	Ma seule consolation, quand je montais me coucher, était que maman viendrait m’embrasser quand je serais dans mon lit.	My sole consolation when I went upstairs for the night was that Mamma would come in and kiss me after I was in bed.
77	79	0.548	Mais ce bonsoir durait si peu de temps, elle redescendait si vite, que le moment où je l’entendais monter, puis où passait dans le couloir à double porte le bruit léger de sa robe de jardin en mousseline bleue, à laquelle pendaient de petits cordons de paille tressée, était pour moi un moment douloureux.	But this good night lasted for so short a time: she went down again so soon that the moment in which I heard her climb the stairs, and then caught the sound of her garden dress of blue muslin, from which hung little tassels of plaited straw, rustling along the double-doored corridor, was for me a moment of the keenest sorrow.
78	-@80	-0.100	Il annonçait celui qui allait le suivre, où elle m’aurait quitté, où elle serait redescendue.	
79	80	0.438	De sorte que ce bonsoir que j’aimais tant, j’en arrivais à souhaiter qu’il vînt le plus tard possible, à ce que se prolongeât le temps de répit où maman n’était pas encore venue.	So much did I love that good night that I reached the stage of hoping that it would come as late as possible, so as to prolong the time of respite during which Mamma would not yet have appeared.
80	81	0.450	Quelquefois quand, après m’avoir embrassé, elle ouvrait la porte pour partir, je voulais la rappeler, lui dire «embrasse-moi une fois encore», mais je savais qu’aussitôt elle aurait son visage fâché, car la concession qu’elle faisait à ma tristesse et à mon agitation en montant m’embrasser, en m’apportant ce baiser de paix, agaçait mon père qui trouvait ces rites absurdes, et elle eût voulu tâcher de m’en faire perdre le besoin, l’habitude, bien loin de me laisser prendre celle de lui demander, quand elle était déjà sur le pas de la porte, un baiser de plus.	"Sometimes when, after kissing me, she opened the door to go, I longed to call her back, to say to her ""Kiss me just once again,"" but I knew that then she would at once look displeased, for the concession which she made to my wretchedness and agitation in coming up to me with this kiss of peace always annoyed my father, who thought such ceremonies absurd, and she would have liked to try to induce me to outgrow the need, the custom of having her there at all, which was a very different thing from letting the custom grow up of my asking her for an additional kiss when she was already crossing the threshold."
81	82	0.325	Or la voir fâchée détruisait tout le calme qu’elle m’avait apporté un instant avant, quand elle avait penché vers mon lit sa figure aimante, et me l’avait tendue comme une hostie pour une communion de paix où mes lèvres puiseraient sa présence réelle et le pouvoir de m’endormir.	And to see her look displeased destroyed all the sense of tranquillity she had brought me a moment before, when she bent her loving face down over my bed, and held it out to me like a Host, for an act of Communion in which my lips might drink deeply the sense of her real presence, and with it the power to sleep.
82	83	0.319	Mais ces soirs-là, où maman en somme restait si peu de temps dans ma chambre, étaient doux encore en comparaison de ceux où il y avait du monde à dîner et où, à cause de cela, elle ne montait pas me dire bonsoir.	But those evenings on which Mamma stayed so short a time in my room were sweet indeed compared to those on which we had guests to dinner, and therefore she did not come at all.
83	84	0.326	Le monde se bornait habituellement à M. Swann, qui, en dehors de quelques étrangers de passage, était à peu près la seule personne qui vînt chez nous à Combray, quelquefois pour dîner en voisin (plus rarement depuis qu’il avait fait ce mauvais mariage, parce que mes parents ne voulaient pas recevoir sa femme), quelquefois après le dîner, à l’improviste.	Our 'guests' were practically limited to M. Swann, who, apart from a few passing strangers, was almost the only person who ever came to the house at Combray, sometimes to a neighbourly dinner (but less frequently since his unfortunate marriage, as my family did not care to receive his wife) and sometimes after dinner, uninvited.
84	85-87	0.285	Les soirs où, assis devant la maison sous le grand marronnier, autour de la table de fer, nous entendions au bout du jardin, non pas le grelot profus et criard qui arrosait, qui étourdissait au passage de son bruit ferrugineux, intarissable et glacé, toute personne de la maison qui le déclenchait en entrant «sans sonner», mais le double tintement timide, ovale et doré de la clochette pour les étrangers, tout le monde aussitôt se demandait: «Une visite, qui cela peut-il être?» mais on savait bien que cela ne pouvait être que M. Swann; ma grand’tante parlant à haute voix, pour prêcher d’exemple, sur un ton qu’elle s’efforçait de rendre naturel, disait de ne pas chuchoter ainsi; que rien n’est plus désobligeant pour une personne qui arrive et à qui cela fait croire qu’on est en train de dire des choses qu’elle ne doit pas entendre; et on envoyait en éclaireur ma grand’mère, toujours heureuse d’avoir un prétexte pour faire un tour de jardin de plus, et qui en profitait pour arracher subrepticement au passage quelques tuteurs de rosiers afin de rendre aux roses un peu de naturel, comme une mère qui, pour les faire bouffer, passe la main dans les cheveux de son fils que le coiffeur a trop aplatis.	"On those evenings when, as we sat in front of the house beneath the big chestnut-tree and round the iron table, we heard, from the far end of the garden, not the large and noisy rattle which heralded and deafened as he approached with its ferruginous, interminable, frozen sound any member of the household who had put it out of action by coming in 'without ringing,' but the double peal — timid, oval, gilded — of the visitors' bell, everyone would at once exclaim ""A visitor! Who in the world can it be?"" but they knew quite well that it could only be M. Swann. My great-aunt, speaking in a loud voice, to set an example, in a tone which she endeavoured to make sound natural, would tell the others not to whisper so; that nothing could be more unpleasant for a stranger coming in, who would be led to think that people were saying things about him which he was not meant to hear; and then my grandmother would be sent out as a scout, always happy to find an excuse for an additional turn in the garden, which she would utilise to remove surreptitiously, as she passed, the stakes of a rose-tree or two, so as to make the roses look a little more natural, as a mother might run her hand through her boy's hair, after the barber had smoothed it down, to make it stick out properly round his head."
85	88	0.347	Nous restions tous suspendus aux nouvelles que ma grand’mère allait nous apporter de l’ennemi, comme si on eût pu hésiter entre un grand nombre possible d’assaillants, et bientôt après mon grand-père disait: «Je reconnais la voix de Swann.»	"And there we would all stay, hanging on the words which would fall from my grandmother's lips when she brought us back her report of the enemy, as though there had been some uncertainty among a vast number of possible invaders, and then, soon after, my grandfather would say: ""I can hear Swann's voice."""
86	89	0.491	On ne le reconnaissait en effet qu’à la voix, on distinguait mal son visage au nez busqué, aux yeux verts, sous un haut front entouré de cheveux blonds presque roux, coiffés à la Bressant, parce que nous gardions le moins de lumière possible au jardin pour ne pas attirer les moustiques et j’allais, sans en avoir l’air, dire qu’on apportât les sirops; ma grand’mère attachait beaucoup d’importance, trouvant cela plus aimable, à ce qu’ils n’eussent pas l’air de figurer d’une façon exceptionnelle, et pour les visites seulement.	And, indeed, one could tell him only by his voice, for it was difficult to make out his face with its arched nose and green eyes, under a high forehead fringed with fair, almost red hair, dressed in the Bressant style, because in the garden we used as little light as possible, so as not to attract mosquitoes: and I would slip away as though not going for anything in particular, to tell them to bring out the syrups; for my grandmother made a great point, thinking it 'nicer' of their not being allowed to seem anything out of the ordinary, which we kept for visitors only.
87	90	0.410	M. Swann, quoique beaucoup plus jeune que lui, était très lié avec mon grand-père qui avait été un des meilleurs amis de son père, homme excellent mais singulier, chez qui, paraît-il, un rien suffisait parfois pour interrompre les élans du cœur, changer le cours de la pensée.	Although a far younger man, M. Swann was very much attached to my grandfather, who had been an intimate friend, in his time, of Swann's father, an excellent but an eccentric man in whom the least little thing would, it seemed, often check the flow of his spirits and divert the current of his thoughts.
88	91	0.362	J’entendais plusieurs fois par an mon grand-père raconter à table des anecdotes toujours les mêmes sur l’attitude qu’avait eue M. Swann le père, à la mort de sa femme qu’il avait veillée jour et nuit.	Several times in the course of a year I would hear my grandfather tell at table the story, which never varied, of the behaviour of M. Swann the elder upon the death of his wife, by whose bedside he had watched day and night.
89	92	0.508	Mon grand-père qui ne l’avait pas vu depuis longtemps était accouru auprès de lui dans la propriété que les Swann possédaient aux environs de Combray, et avait réussi, pour qu’il n’assistât pas à la mise en bière, à lui faire quitter un moment, tout en pleurs, la chambre mortuaire.	My grandfather, who had not seen him for a long time, hastened to join him at the Swanns' family property on the outskirts of Combray, and managed to entice him for a moment, weeping profusely, out of the death-chamber, so that he should not be present when the body was laid in its coffin.
90	93	0.576	Ils firent quelques pas dans le parc où il y avait un peu de soleil.	They took a turn or two in the park, where there was a little sunshine.
91	94	0.631	Tout d’un coup, M. Swann prenant mon grand-père par le bras, s’était écrié: «Ah! mon vieil ami, quel bonheur de se promener ensemble par ce beau temps.	"Suddenly M. Swann seized my grandfather by the arm and cried, ""Oh, my dear old friend, how fortunate we are to be walking here together on such a charming day!"
92	95	0.579	Vous ne trouvez pas ça joli tous ces arbres, ces aubépines et mon étang dont vous ne m’avez jamais félicité?	Don't you see how pretty they are, all these trees — my hawthorns, and my new pond, on which you have never congratulated me?
93	96	0.505	Vous avez l’air comme un bonnet de nuit.	You look as glum as a night-cap.
94	97	0.483	Sentez-vous ce petit vent?	Don't you feel this little breeze?
95	98	0.602	Ah! on a beau dire, la vie a du bon tout de même, mon cher Amédée!»	"Ah! whatever you may say, it's good to be alive all the same, my dear Amédée!"""
96	99	0.449	Brusquement le souvenir de sa femme morte lui revint, et trouvant sans doute trop compliqué de chercher comment il avait pu à un pareil moment se laisser aller à un mouvement de joie, il se contenta, par un geste qui lui était familier chaque fois qu’une question ardue se présentait à son esprit, de passer la main sur son front, d’essuyer ses yeux et les verres de son lorgnon.	And then, abruptly, the memory of his dead wife returned to him, and probably thinking it too complicated to inquire into how, at such a time, he could have allowed himself to be carried away by an impulse of happiness, he confined himself to a gesture which he habitually employed whenever any perplexing question came into his mind: that is, he passed his hand across his forehead, dried his eyes, and wiped his glasses.
97	100	0.363	Il ne put pourtant pas se consoler de la mort de sa femme, mais pendant les deux années qu’il lui survécut, il disait à mon grand-père: «C’est drôle, je pense très souvent à ma pauvre femme, mais je ne peux y penser beaucoup à la fois.»	"And he could never be consoled for the loss of his wife, but used to say to my grandfather, during the two years for which he survived her, ""It's a funny thing, now; I very often think of my poor wife, but I cannot think of her very much at any one time."""
98	101	0.332	«Souvent, mais peu à la fois, comme le pauvre père Swann», était devenu une des phrases favorites de mon grand-père qui la prononçait à propos des choses les plus différentes.	"""Often, but a little at a time, like poor old Swann,"" became one of my grandfather's favourite phrases, which he would apply to all kinds of things."
99	102	0.320	Il m’aurait paru que ce père de Swann était un monstre, si mon grand-père que je considérais comme meilleur juge et dont la sentence faisant jurisprudence pour moi, m’a souvent servi dans la suite à absoudre des fautes que j’aurais été enclin à condamner, ne s’était récrié: «Mais comment? c’était un cœur d’or!»	"And I should have assumed that this father of Swann's had been a monster if my grandfather, whom I regarded as a better judge than myself, and whose word was my law and often led me in the long run to pardon offences which I should have been inclined to condemn, had not gone on to exclaim, ""But, after all, he had a heart of gold."""
100	103	0.238	Pendant bien des années, où pourtant, surtout avant son mariage, M. Swann, le fils, vint souvent les voir à Combray, ma grand’tante et mes grands-parents ne soupçonnèrent pas qu’il ne vivait plus du tout dans la société qu’avait fréquentée sa famille et que sous l’espèce d’incognito que lui faisait chez nous ce nom de Swann, ils hébergeaient, — avec la parfaite innocence d’honnêtes hôteliers qui ont chez eux, sans le savoir, un célèbre brigand, — un des membres les plus élégants du Jockey-Club, ami préféré du comte de Paris et du prince de Galles, un des hommes les plus choyés de la haute société du faubourg Saint-Germain.	For many years, albeit — and especially before his marriage — M. Swann the younger came often to see them at Combray, my great-aunt and grandparents never suspected that he had entirely ceased to live in the kind of society which his family had frequented, or that, under the sort of incognito which the name of Swann gave him among us, they were harbouring — with the complete innocence of a family of honest innkeepers who have in their midst some distinguished highwayman and never know it — one of the smartest members of the Jockey Club, a particular friend of the Comte de Paris and of the Prince of Wales, and one of the men most sought after in the aristocratic world of the Faubourg Saint-Germain.
101	104	0.284	L’ignorance où nous étions de cette brillante vie mondaine que menait Swann tenait évidemment en partie à la réserve et à la discrétion de son caractère, mais aussi à ce que les bourgeois d’alors se faisaient de la société une idée un peu hindoue et la considéraient comme composée de castes fermées où chacun, dès sa naissance, se trouvait placé dans le rang qu’occupaient ses parents, et d’où rien, à moins des hasards d’une carrière exceptionnelle ou d’un mariage inespéré, ne pouvait vous tirer pour vous faire pénétrer dans une caste supérieure.	Our utter ignorance of the brilliant part which Swann was playing in the world of fashion was, of course, due in part to his own reserve and discretion, but also to the fact that middle-class people in those days took what was almost a Hindu view of society, which they held to consist of sharply defined castes, so that everyone at his birth found himself called to that station in life which his parents already occupied, and nothing, except the chance of a brilliant career or of a 'good' marriage, could extract you from that station or admit you to a superior caste.
102	105	0.354	M. Swann, le père, était agent de change; le «fils Swann» se trouvait faire partie pour toute sa vie d’une caste où les fortunes, comme dans une catégorie de contribuables, variaient entre tel et tel revenu.	M. Swann, the father, had been a stockbroker; and so 'young Swann' found himself immured for life in a caste where one's fortune, as in a list of taxpayers, varied between such and such limits of income.
103	106	0.356	On savait quelles avaient été les fréquentations de son père, on savait donc quelles étaient les siennes, avec quelles personnes il était «en situation» de frayer.	We knew the people with whom his father had associated, and so we knew his own associates, the people with whom he was 'in a position to mix.'
104	107	0.314	S’il en connaissait d’autres, c’étaient relations de jeune homme sur lesquelles des amis anciens de sa famille, comme étaient mes parents, fermaient d’autant plus bienveillamment les yeux qu’il continuait, depuis qu’il était orphelin, à venir très fidèlement nous voir; mais il y avait fort à parier que ces gens inconnus de nous qu’il voyait, étaient de ceux qu’il n’aurait pas osé saluer si, étant avec nous, il les avait rencontrés.	If he knew other people besides, those were youthful acquaintances on whom the old friends of the family, like my relatives, shut their eyes all the more good-naturedly that Swann himself, after he was left an orphan, still came most faithfully to see us; but we would have been ready to wager that the people outside our acquaintance whom Swann knew were of the sort to whom he would not have dared to raise his hat, had he met them while he was walking with ourselves.
105	108	0.389	Si l’on avait voulu à toute force appliquer à Swann un coefficient social qui lui fût personnel, entre les autres fils d’agents de situation égale à celle de ses parents, ce coefficient eût été pour lui un peu inférieur parce que, très simple de façon et ayant toujours eu une «toquade» d’objets anciens et de peinture, il demeurait maintenant dans un vieil hôtel où il entassait ses collections et que ma grand’mère rêvait de visiter, mais qui était situé quai d’Orléans, quartier que ma grand’tante trouvait infamant d’habiter.	Had there been such a thing as a determination to apply to Swann a social coefficient peculiar to himself, as distinct from all the other sons of other stockbrokers in his father's position, his coefficient would have been rather lower than theirs, because, leading a very simple life, and having always had a craze for 'antiques' and pictures, he now lived and piled up his collections in an old house which my grandmother longed to visit, but which stood on the Quai d'Orléans, a neighbourhood in which my great-aunt thought it most degrading to be quartered.
106	109	0.362	«Êtes-vous seulement connaisseur? je vous demande cela dans votre intérêt, parce que vous devez vous faire repasser des croûtes par les marchands», lui disait ma grand’tante; elle ne lui supposait en effet aucune compétence et n’avait pas haute idée même au point de vue intellectuel d’un homme qui dans la conversation évitait les sujets sérieux et montrait une précision fort prosaïque non seulement quand il nous donnait, en entrant dans les moindres détails, des recettes de cuisine, mais même quand les sœurs de ma grand’mère parlaient de sujets artistiques.	"""Are you really a connoisseur, now?"" she would say to him; ""I ask for your own sake, as you are likely to have 'fakes' palmed off on you by the dealers,"" for she did not, in fact, endow him with any critical faculty, and had no great opinion of the intelligence of a man who, in conversation, would avoid serious topics and shewed a very dull preciseness, not only when he gave us kitchen recipes, going into the most minute details, but even when my grandmother's sisters were talking to him about art."
107	110	0.418	Provoqué par elles à donner son avis, à exprimer son admiration pour un tableau, il gardait un silence presque désobligeant et se rattrapait en revanche s’il pouvait fournir sur le musée où il se trouvait, sur la date où il avait été peint, un renseignement matériel.	When challenged by them to give an opinion, or to express his admiration for some picture, he would remain almost impolitely silent, and would then make amends by furnishing (if he could) some fact or other about the gallery in which the picture was hung, or the date at which it had been painted.
108	111	0.456	Mais d’habitude il se contentait de chercher à nous amuser en racontant chaque fois une histoire nouvelle qui venait de lui arriver avec des gens choisis parmi ceux que nous connaissions, avec le pharmacien de Combray, avec notre cuisinière, avec notre cocher.	But as a rule he would content himself with trying to amuse us by telling us the story of his latest adventure — and he would have a fresh story for us on every occasion — with some one whom we ourselves knew, such as the Combray chemist, or our cook, or our coachman.
109	112-113	0.342	Certes ces récits faisaient rire ma grand’tante, mais sans qu’elle distinguât bien si c’était à cause du rôle ridicule que s’y donnait toujours Swann ou de l’esprit qu’il mettait à les conter: «On peut dire que vous êtes un vrai type, monsieur Swann!»	"These stories certainly used to make my great-aunt laugh, but she could never tell whether that was on account of the absurd parts which Swann invariably made himself play in the adventures, or of the wit that he shewed in telling us of them. ""It is easy to see that you are a regular 'character,' M. Swann!"""
110	114	0.351	Comme elle était la seule personne un peu vulgaire de notre famille, elle avait soin de faire remarquer aux étrangers, quand on parlait de Swann, qu’il aurait pu, s’il avait voulu, habiter boulevard Haussmann ou avenue de l’Opéra, qu’il était le fils de M. Swann qui avait dû lui laisser quatre ou cinq millions, mais que c’était sa fantaisie.	As she was the only member of our family who could be described as a trifle 'common,' she would always take care to remark to strangers, when Swann was mentioned, that he could easily, if he had wished to, have lived in the Boulevard Haussmann or the Avenue de l'Opéra, and that he was the son of old M. Swann who must have left four or five million francs, but that it was a fad of his.
111-112	115	0.226	Fantaisie qu’elle jugeait du reste devoir être si divertissante pour les autres, qu’à Paris, quand M. Swann venait le 1er janvier lui apporter son sac de marrons glacés, elle ne manquait pas, s’il y avait du monde, de lui dire: «Eh bien! M. Swann, vous habitez toujours près de l’Entrepôt des vins, pour être sûr de ne pas manquer le train quand vous prenez le chemin de Lyon?»	"A fad which, moreover, she thought was bound to amuse other people so much that in Paris, when M. Swann called on New Year's Day bringing her a little packet of _marrons glacés_, she never failed, if there were strangers in the room, to say to him: ""Well, M. Swann, and do you still live next door to the Bonded Vaults, so as to be sure of not missing your train when you go to Lyons?"" and she would peep out of the corner of her eye, over her glasses, at the other visitors."
113-114	116	0.356	Et elle regardait du coin de l’œil, par-dessus son lorgnon, les autres visiteurs. Mais si l’on avait dit à ma grand’mère que ce Swann qui, en tant que fils Swann était parfaitement «qualifié» pour être reçu par toute la «belle bourgeoisie», par les notaires ou les avoués les plus estimés de Paris (privilège qu’il semblait laisser tomber un peu en quenouille), avait, comme en cachette, une vie toute différente; qu’en sortant de chez nous, à Paris, après nous avoir dit qu’il rentrait se coucher, il rebroussait chemin à peine la rue tournée et se rendait dans tel salon que jamais l’œil d’aucun agent ou associé d’agent ne contempla, cela eût paru aussi extraordinaire à ma tante qu’aurait pu l’être pour une dame plus lettrée la pensée d’être personnellement liée avec Aristée dont elle aurait compris qu’il allait, après avoir causé avec elle, plonger au sein des royaumes de Thétis, dans un empire soustrait aux yeux des mortels et où Virgile nous le montre reçu à bras ouverts; ou, pour s’en tenir à une image qui avait plus de chance de lui venir à l’esprit, car elle l’avait vue peinte sur nos assiettes à petits fours de Combray — d’avoir eu à dîner Ali-Baba, lequel quand il se saura seul, pénétrera dans la caverne, éblouissante de trésors insoupçonnés.	But if anyone had suggested to my aunt that this Swann, who, in his capacity as the son of old M. Swann, was 'fully qualified' to be received by any of the 'upper middle class,' the most respected barristers and solicitors of Paris (though he was perhaps a trifle inclined to let this hereditary privilege go into abeyance), had another almost secret existence of a wholly different kind: that when he left our house in Paris, saying that he must go home to bed, he would no sooner have turned the corner than he would stop, retrace his steps, and be off to some drawing-room on whose like no stockbroker or associate of stockbrokers had ever set eyes — that would have seemed to my aunt as extraordinary as, to a woman of wider reading, the thought of being herself on terms of intimacy with Aristaeus, of knowing that he would, when he had finished his conversation with her, plunge deep into the realms of Thetis, into an empire veiled from mortal eyes, in which Virgil depicts him as being received with open arms; or — to be content with an image more likely to have occurred to her, for she had seen it painted on the plates we used for biscuits at Combray — as the thought of having had to dinner Ali Baba, who, as soon as he found himself alone and unobserved, would make his way into the cave, resplendent with its unsuspected treasures.
115	117-118	0.458	Un jour qu’il était venu nous voir à Paris après dîner en s’excusant d’être en habit, Françoise ayant, après son départ, dit tenir du cocher qu’il avait dîné «chez une princesse», — «Oui, chez une princesse du demi-monde!» avait répondu ma tante en haussant les épaules sans lever les yeux de sur son tricot, avec une ironie sereine.	"One day when he had come to see us after dinner in Paris, and had begged pardon for being in evening clothes, Françoise, when he had gone, told us that she had got it from his coachman that he had been dining ""with a princess."" ""A pretty sort of princess,"" drawled my aunt; ""I know them,"" and she shrugged her shoulders without raising her eyes from her knitting, serenely ironical."
116	119	0.360	Aussi, ma grand’tante en usait-elle cavalièrement avec lui.	Altogether, my aunt used to treat him with scant ceremony.
117	120	0.510	Comme elle croyait qu’il devait être flatté par nos invitations, elle trouvait tout naturel qu’il ne vînt pas nous voir l’été sans avoir à la main un panier de pêches ou de framboises de son jardin et que de chacun de ses voyages d’Italie il m’eût rapporté des photographies de chefs-d’œuvre.	Since she was of the opinion that he ought to feel flattered by our invitations, she thought it only right and proper that he should never come to see us in summer without a basket of peaches or raspberries from his garden, and that from each of his visits to Italy he should bring back some photographs of old masters for me.
118	121	0.292	On ne se gênait guère pour l’envoyer quérir dès qu’on avait besoin d’une recette de sauce gribiche ou de salade à l’ananas pour des grands dîners où on ne l’invitait pas, ne lui trouvant pas un prestige suffisant pour qu’on pût le servir à des étrangers qui venaient pour la première fois.	It seemed quite natural, therefore, to send to him whenever we wanted a recipe for some special sauce or for a pineapple salad for one of our big dinner-parties, to which he himself would not be invited, not seeming of sufficient importance to be served up to new friends who might be in our house for the first time.
119	122	0.373	Si la conversation tombait sur les princes de la Maison de France: «des gens que nous ne connaîtrons jamais ni vous ni moi et nous nous en passons, n’est-ce pas», disait ma grand’tante à Swann qui avait peut-être dans sa poche une lettre de Twickenham; elle lui faisait pousser le piano et tourner les pages les soirs où la sœur de ma grand’mère chantait, ayant pour manier cet être ailleurs si recherché, la naïve brusquerie d’un enfant qui joue avec un bibelot de collection sans plus de précautions qu’avec un objet bon marché.	"If the conversation turned upon the Princes of the House of France, ""Gentlemen, you and I will never know, will we, and don't want to, do we?"" my great-aunt would say tartly to Swann, who had, perhaps, a letter from Twickenham in his pocket; she would make him play accompaniments and turn over music on evenings when my grandmother's sister sang; manipulating this creature, so rare and refined at other times and in other places, with the rough simplicity of a child who will play with some curio from the cabinet no more carefully than if it were a penny toy."
120	123	0.396	Sans doute le Swann que connurent à la même époque tant de clubmen était bien différent de celui que créait ma grand’tante, quand le soir, dans le petit jardin de Combray, après qu’avaient retenti les deux coups hésitants de la clochette, elle injectait et vivifiait de tout ce qu’elle savait sur la famille Swann, l’obscur et incertain personnage qui se détachait, suivi de ma grand’mère, sur un fond de ténèbres, et qu’on reconnaissait à la voix.	Certainly the Swann who was a familiar figure in all the clubs of those days differed hugely from, the Swann created in my great-aunt's mind when, of an evening, in our little garden at Combray, after the two shy peals had sounded from the gate, she would vitalise, by injecting into it everything she had ever heard about the Swann family, the vague and unrecognisable shape which began to appear, with my grandmother in its wake, against a background of shadows, and could at last be identified by the sound of its voice.
121	124	0.402	Mais même au point de vue des plus insignifiantes choses de la vie, nous ne sommes pas un tout matériellement constitué, identique pour tout le monde et dont chacun n’a qu’à aller prendre connaissance comme d’un cahier des charges ou d’un testament; notre personnalité sociale est une création de la pensée des autres.	But then, even in the most insignificant details of our daily life, none of us can be said to constitute a material whole, which is identical for everyone, and need only be turned up like a page in an account-book or the record of a will; our social personality is created by the thoughts of other people.
122	125	0.446	Même l’acte si simple que nous appelons «voir une personne que nous connaissons» est en partie un acte intellectuel.	"Even the simple act which we describe as ""seeing some one we know"" is, to some extent, an intellectual process."
123	126	0.378	Nous remplissons l’apparence physique de l’être que nous voyons, de toutes les notions que nous avons sur lui et dans l’aspect total que nous nous représentons, ces notions ont certainement la plus grande part.	We pack the physical outline of the creature we see with all the ideas we have already formed about him, and in the complete picture of him which we compose in our minds those ideas have certainly the principal place.
124	127	0.351	Elles finissent par gonfler si parfaitement les joues, par suivre en une adhérence si exacte la ligne du nez, elles se mêlent si bien de nuancer la sonorité de la voix comme si celle-ci n’était qu’une transparente enveloppe, que chaque fois que nous voyons ce visage et que nous entendons cette voix, ce sont ces notions que nous retrouvons, que nous écoutons.	In the end they come to fill out so completely the curve of his cheeks, to follow so exactly the line of his nose, they blend so harmoniously in the sound of his voice that these seem to be no more than a transparent envelope, so that each time we see the face or hear the voice it is our own ideas of him which we recognise and to which we listen.
125	128	0.268	Sans doute, dans le Swann qu’ils s’étaient constitué, mes parents avaient omis par ignorance de faire entrer une foule de particularités de sa vie mondaine qui étaient cause que d’autres personnes, quand elles étaient en sa présence, voyaient les élégances régner dans son visage et s’arrêter à son nez busqué comme à leur frontière naturelle; mais aussi ils avaient pu entasser dans ce visage désaffecté de son prestige, vacant et spacieux, au fond de ces yeux dépréciés, le vague et doux résidu, — mi-mémoire, mi-oubli, — des heures oisives passées ensemble après nos dîners hebdomadaires, autour de la table de jeu ou au jardin, durant notre vie de bon voisinage campagnard.	And so, no doubt, from the Swann they had built up for their own purposes my family had left out, in their ignorance, a whole crowd of the details of his daily life in the world of fashion, details by means of which other people, when they met him, saw all the Graces enthroned in his face and stopping at the line of his arched nose as at a natural frontier; but they contrived also to put into a face from which its distinction had been evicted, a face vacant and roomy as an untenanted house, to plant in the depths of its unvalued eyes a lingering sense, uncertain but not unpleasing, half-memory and half-oblivion, of idle hours spent together after our weekly dinners, round the card-table or in the garden, during our companionable country life.
126	129	0.322	L’enveloppe corporelle de notre ami en avait été si bien bourrée, ainsi que de quelques souvenirs relatifs à ses parents, que ce Swann-là était devenu un être complet et vivant, et que j’ai l’impression de quitter une personne pour aller vers une autre qui en est distincte, quand, dans ma mémoire, du Swann que j’ai connu plus tard avec exactitude je passe à ce premier Swann, — à ce premier Swann dans lequel je retrouve les erreurs charmantes de ma jeunesse, et qui d’ailleurs ressemble moins à l’autre qu’aux personnes que j’ai connues à la même époque, comme s’il en était de notre vie ainsi que d’un musée où tous les portraits d’un même temps ont un air de famille, une même tonalité — à ce premier Swann rempli de loisir, parfumé par l’odeur du grand marronnier, des paniers de framboises et d’un brin d’estragon.	Our friend's bodily frame had been so well lined with this sense, and with various earlier memories of his family, that their own special Swann had become to my people a complete and living creature; so that even now I have the feeling of leaving some one I know for another quite different person when, going back in memory, I pass from the Swann whom I knew later and more intimately to this early Swann — this early Swann in whom I can distinguish the charming mistakes of my childhood, and who, incidentally, is less like his successor than he is like the other people I knew at that time, as though one's life were a series of galleries in which all the portraits of any one period had a marked family likeness, the same (so to speak) tonality — this early Swann abounding in leisure, fragrant with the scent of the great chestnut-tree, of baskets of raspberries and of a sprig of tarragon.
127	130-131	0.370	Pourtant un jour que ma grand’mère était allée demander un service à une dame qu’elle avait connue au Sacré-Cœur (et avec laquelle, à cause de notre conception des castes elle n’avait pas voulu rester en relations malgré une sympathie réciproque), la marquise de Villeparisis, de la célèbre famille de Bouillon, celle-ci lui avait dit: «Je crois que vous connaissez beaucoup M. Swann qui est un grand ami de mes neveux des Laumes».	"And yet one day, when my grandmother had gone to ask some favour of a lady whom she had known at the Sacré Coeur (and with whom, because of our caste theory, she had not cared to keep up any degree of intimacy in spite of several common interests), the Marquise de Villeparisis, of the famous house of Bouillon, this lady had said to her: ""I think you know M. Swann very well; he is a great friend of my nephews, the des Laumes."""
128	132	0.457	Ma grand’mère était revenue de sa visite enthousiasmée par la maison qui donnait sur des jardins et où Mme de Villeparisis lui conseillait de louer, et aussi par un giletier et sa fille, qui avaient leur boutique dans la cour et chez qui elle était entrée demander qu’on fît un point à sa jupe qu’elle avait déchirée dans l’escalier.	My grandmother had returned from the call full of praise for the house, which overlooked some gardens, and in which Mme. de Villeparisis had advised her to rent a flat; and also for a repairing tailor and his daughter, who kept a little shop in the courtyard, into which she had gone to ask them to put a stitch in her skirt, which she had torn on the staircase.
129	133	0.493	Ma grand’mère avait trouvé ces gens parfaits, elle déclarait que la petite était une perle et que le giletier était l’homme le plus distingué, le mieux qu’elle eût jamais vu.	My grandmother had found these people perfectly charming: the girl, she said, was a jewel, and the tailor a most distinguished man, the finest she had ever seen.
130	134	0.524	Car pour elle, la distinction était quelque chose d’absolument indépendant du rang social.	For in her eyes distinction was a thing wholly independent of social position.
131	135-137	0.419	Elle s’extasiait sur une réponse que le giletier lui avait faite, disant à maman: «Sévigné n’aurait pas mieux dit!» et en revanche, d’un neveu de Mme de Villeparisis qu’elle avait rencontré chez elle: «Ah! ma fille, comme il est commun!»	"She was in ecstasies over some answer the tailor had made, saying to Mamma: ""Sévigné would not have said it better!"" and, by way of contrast, of a nephew of Mme. de Villeparisis whom she had met at the house: ""My dear, he is so common!"""
132	138	0.399	Or le propos relatif à Swann avait eu pour effet non pas de relever celui-ci dans l’esprit de ma grand’tante, mais d’y abaisser Mme de Villeparisis.	Now, the effect of that remark about Swann had been, not to raise him in my great-aunt's estimation, but to lower Mme. de Villeparisis.
133	139	0.353	Il semblait que la considération que, sur la foi de ma grand’mère, nous accordions à Mme de Villeparisis, lui créât un devoir de ne rien faire qui l’en rendît moins digne et auquel elle avait manqué en apprenant l’existence de Swann, en permettant à des parents à elle de le fréquenter.	It appeared that the deference which, on my grandmother's authority, we owed to Mme. de Villeparisis imposed on her the reciprocal obligation to do nothing that would render her less worthy of our regard, and that she had failed in her duty in becoming aware of Swann's existence and in allowing members of her family to associate with him.
134	140	0.561	«Comment elle connaît Swann?	"""How should she know Swann?"
135	141	0.413	Pour une personne que tu prétendais parente du maréchal de Mac-Mahon!»	"A lady who, you always made out, was related to Marshal MacMahon!"""
136	142	0.415	Cette opinion de mes parents sur les relations de Swann leur parut ensuite confirmée par son mariage avec une femme de la pire société, presque une cocotte que, d’ailleurs, il ne chercha jamais à présenter, continuant à venir seul chez nous, quoique de moins en moins, mais d’après laquelle ils crurent pouvoir juger — supposant que c’était là qu’il l’avait prise — le milieu, inconnu d’eux, qu’il fréquentait habituellement.	This view of Swann's social atmosphere which prevailed in my family seemed to be confirmed later on by his marriage with a woman of the worst class, you might almost say a 'fast' woman, whom, to do him justice, he never attempted to introduce to us, for he continued to come to us alone, though he came more and more seldom; but from whom they thought they could establish, on the assumption that he had found her there, the circle, unknown to them, in which he ordinarily moved.
137	143	0.438	Mais une fois, mon grand-père lut dans un journal que M. Swann était un des plus fidèles habitués des déjeuners du dimanche chez le duc de X…, dont le père et l’oncle avaient été les hommes d’État les plus en vue du règne de Louis-Philippe.	But on one occasion my grandfather read in a newspaper that M. Swann was one of the most faithful attendants at the Sunday luncheons given by the Duc de X —  — , whose father and uncle had been among our most prominent statesmen in the reign of Louis Philippe.
138	144	0.480	Or mon grand-père était curieux de tous les petits faits qui pouvaient l’aider à entrer par la pensée dans la vie privée d’hommes comme Molé, comme le duc Pasquier, comme le duc de Broglie.	Now my grandfather was curious to learn all the little details which might help him to take a mental share in the private lives of men like Mole, the Duc Pasquier, or the Duc de Broglie.
139	145	0.532	Il fut enchanté d’apprendre que Swann fréquentait des gens qui les avaient connus.	He was delighted to find that Swann associated with people who had known them.
140	146	0.402	Ma grand’tante au contraire interpréta cette nouvelle dans un sens défavorable à Swann: quelqu’un qui choisissait ses fréquentations en dehors de la caste où il était né, en dehors de sa «classe» sociale, subissait à ses yeux un fâcheux déclassement.	My great-aunt, however, interpreted this piece of news in a sense discreditable to Swann; for anyone who chose his associates outside the caste in which he had been born and bred, outside his 'proper station,' was condemned to utter degradation in her eyes.
141	147	0.450	Il lui semblait qu’on renonçât d’un coup au fruit de toutes les belles relations avec des gens bien posés, qu’avaient honorablement entretenues et engrangées pour leurs enfants les familles prévoyantes; (ma grand’tante avait même cessé de voir le fils d’un notaire de nos amis parce qu’il avait épousé une altesse et était par là descendu pour elle du rang respecté de fils de notaire à celui d’un de ces aventuriers, anciens valets de chambre ou garçons d’écurie, pour qui on raconte que les reines eurent parfois des bontés).	It seemed to her that such a one abdicated all claim to enjoy the fruits of those friendly relations with people of good position which prudent parents cultivate and store up for their children's benefit, for my great-aunt had actually ceased to 'see' the son of a lawyer we had known because he had married a 'Highness' and had thereby stepped down — in her eyes — from the respectable position of a lawyer's son to that of those adventurers, upstart footmen or stable-boys mostly, to whom we read that queens have sometimes shewn their favours.
142	148	0.456	Elle blâma le projet qu’avait mon grand-père d’interroger Swann, le soir prochain où il devait venir dîner, sur ces amis que nous lui découvrions.	She objected, therefore, to my grandfather's plan of questioning Swann, when next he came to dine with us, about these people whose friendship with him we had discovered.
143	149	0.514	D’autre part les deux sœurs de ma grand’mère, vieilles filles qui avaient sa noble nature mais non son esprit, déclarèrent ne pas comprendre le plaisir que leur beau-frère pouvait trouver à parler de niaiseries pareilles.	On the other hand, my grandmother's two sisters, elderly spinsters who shared her nobility of character but lacked her intelligence, declared that they could not conceive what pleasure their brother-in-law could find in talking about such trifles.
144	150	0.354	C’étaient des personnes d’aspirations élevées et qui à cause de cela même étaient incapables de s’intéresser à ce qu’on appelle un potin, eût-il même un intérêt historique, et d’une façon générale à tout ce qui ne se rattachait pas directement à un objet esthétique ou vertueux.	They were ladies of lofty ambition, who for that reason were incapable of taking the least interest in what might be called the 'pinchbeck' things of life, even when they had an historic value, or, generally speaking, in anything that was not directly associated with some object aesthetically precious.
145	151	0.306	Le désintéressement de leur pensée était tel, à l’égard de tout ce qui, de près ou de loin semblait se rattacher à la vie mondaine, que leur sens auditif, — ayant fini par comprendre son inutilité momentanée dès qu’à dîner la conversation prenait un ton frivole ou seulement terre à terre sans que ces deux vieilles demoiselles aient pu la ramener aux sujets qui leur étaient chers, — mettait alors au repos ses organes récepteurs et leur laissait subir un véritable commencement d’atrophie.	So complete was their negation of interest in anything which seemed directly or indirectly a part of our everyday life that their sense of hearing — which had gradually come to understand its own futility when the tone of the conversation, at the dinner-table, became frivolous or merely mundane, without the two old ladies' being able to guide it back to the topic dear to themselves — would leave its receptive channels unemployed, so effectively that they were actually becoming atrophied.
146	152	0.372	Si alors mon grand-père avait besoin d’attirer l’attention des deux sœurs, il fallait qu’il eût recours à ces avertissements physiques dont usent les médecins aliénistes à l’égard de certains maniaques de la distraction: coups frappés à plusieurs reprises sur un verre avec la lame d’un couteau, coïncidant avec une brusque interpellation de la voix et du regard, moyens violents que ces psychiatres transportent souvent dans les rapports courants avec des gens bien portants, soit par habitude professionnelle, soit qu’ils croient tout le monde un peu fou.	So that if my grandfather wished to attract the attention of the two sisters, he would have to make use of some such alarm signals as mad-doctors adopt in dealing with their distracted patients; as by beating several times on a glass with the blade of a knife, fixing them at the same time with a sharp word and a compelling glance, violent methods which the said doctors are apt to bring with them into their everyday life among the sane, either from force of professional habit or because they think the whole world a trifle mad.
147	153	0.545	Elles furent plus intéressées quand la veille du jour où Swann devait venir dîner, et leur avait personnellement envoyé une caisse de vin d’Asti, ma tante, tenant un numéro du Figaro où à côté du nom d’un tableau qui était à une Exposition de Corot, il y avait ces mots: «de la collection de M. Charles Swann», nous dit: «Vous avez vu que Swann a «les honneurs» du Figaro?»	"Their interest grew, however, when, the day before Swann was to dine with us, and when he had made them a special present of a case of Asti, my great-aunt, who had in her hand a copy of the _Figaro_ in which to the name of a picture then on view in a Corot exhibition were added the words, ""from the collection of M. Charles Swann,"" asked: ""Did you see that Swann is 'mentioned' in the _Figaro_?"""
148	154	0.473	— «Mais je vous ai toujours dit qu’il avait beaucoup de goût», dit ma grand’mère.	"""But I have always told you,"" said my grandmother, ""that he had plenty of taste."""
149	155-156	0.470	«Naturellement toi, du moment qu’il s’agit d’être d’un autre avis que nous», répondit ma grand’tante qui, sachant que ma grand’mère n’était jamais du même avis qu’elle, et n’étant bien sûre que ce fût à elle-même que nous donnions toujours raison, voulait nous arracher une condamnation en bloc des opinions de ma grand’mère contre lesquelles elle tâchait de nous solidariser de force avec les siennes.	"""You would, of course,"" retorted my great-aunt, ""say anything just to seem different from _us_."" For, knowing that my grandmother never agreed with her, and not being quite confident that it was her own opinion which the rest of us invariably endorsed, she wished to extort from us a wholesale condemnation of my grandmother's views, against which she hoped to force us into solidarity with her own."
150	157	0.432	Mais nous restâmes silencieux.	But we sat silent.
151	158	0.641	Les sœurs de ma grand’mère ayant manifesté l’intention de parler à Swann de ce mot du Figaro, ma grand’tante le leur déconseilla.	My grandmother's sisters having expressed a desire to mention to Swann this reference to him in the _Figaro_, my great-aunt dissuaded them.
152	159	0.519	Chaque fois qu’elle voyait aux autres un avantage si petit fût-il qu’elle n’avait pas, elle se persuadait que c’était non un avantage mais un mal et elle les plaignait pour ne pas avoir à les envier.	Whenever she saw in others an advantage, however trivial, which she herself lacked, she would persuade herself that it was no advantage at all, but a drawback, and would pity so as not to have to envy them.
153	160	0.463	«Je crois que vous ne lui feriez pas plaisir; moi je sais bien que cela me serait très désagréable de voir mon nom imprimé tout vif comme cela dans le journal, et je ne serais pas flattée du tout qu’on m’en parlât.»	"""I don't think that would please him at all; I know very well, I should hate to see my name printed like that, as large as life, in the paper, and I shouldn't feel at all flattered if anyone spoke to me about it."""
154	161	0.425	Elle ne s’entêta pas d’ailleurs à persuader les sœurs de ma grand’mère; car celles-ci par horreur de la vulgarité poussaient si loin l’art de dissimuler sous des périphrases ingénieuses une allusion personnelle qu’elle passait souvent inaperçue de celui même à qui elle s’adressait.	She did not, however, put any very great pressure upon my grandmother's sisters, for they, in their horror of vulgarity, had brought to such a fine art the concealment of a personal allusion in a wealth of ingenious circumlocution, that it would often pass unnoticed even by the person to whom it was addressed.
155	162	0.465	Quant à ma mère elle ne pensait qu’à tâcher d’obtenir de mon père qu’il consentît à parler à Swann non de sa femme mais de sa fille qu’il adorait et à cause de laquelle disait-on il avait fini par faire ce mariage.	As for my mother, her only thought was of managing to induce my father to consent to speak to Swann, not of his wife, but of his daughter, whom he worshipped, and for whose sake it was understood that he had ultimately made his unfortunate marriage.
156	163	0.404	«Tu pourrais ne lui dire qu’un mot, lui demander comment elle va.	"""You need only say a word; just ask him how she is."
157	164	0.516	Cela doit être si cruel pour lui.»	"It must be so very hard for him."""
158	165	0.556	Mais mon père se fâchait: «Mais non! tu as des idées absurdes.	"My father, however, was annoyed: ""No, no; you have the most absurd ideas."
159	166	0.502	Ce serait ridicule.»	"It would be utterly ridiculous."""
160	167	0.479	Mais le seul d’entre nous pour qui la venue de Swann devint l’objet d’une préoccupation douloureuse, ce fut moi.	But the only one of us in whom the prospect of Swann's arrival gave rise to an unhappy foreboding was myself.
161	168	0.416	C’est que les soirs où des étrangers, ou seulement M. Swann, étaient là, maman ne montait pas dans ma chambre.	And that was because on the evenings when there were visitors, or just M. Swann in the house, Mamma did not come up to my room.
162	169	0.371	Je ne dînais pas à table, je venais après dîner au jardin, et à neuf heures je disais bonsoir et allais me coucher.	I did not, at that time, have dinner with the family: I came out to the garden after dinner, and at nine I said good night and went to bed.
163	170	0.538	Je dînais avant tout le monde et je venais ensuite m’asseoir à table, jusqu’à huit heures où il était convenu que je devais monter; ce baiser précieux et fragile que maman me confiait d’habitude dans mon lit au moment de m’endormir il me fallait le transporter de la salle à manger dans ma chambre et le garder pendant tout le temps que je me déshabillais, sans que se brisât sa douceur, sans que se répandît et s’évaporât sa vertu volatile et, justement ces soirs-là où j’aurais eu besoin de le recevoir avec plus de précaution, il fallait que je le prisse, que je le dérobasse brusquement, publiquement, sans même avoir le temps et la liberté d’esprit nécessaires pour porter à ce que je faisais cette attention des maniaques qui s’efforcent de ne pas penser à autre chose pendant qu’ils ferment une porte, pour pouvoir, quand l’incertitude maladive leur revient, lui opposer victorieusement le souvenir du moment où ils l’ont fermée.	But on these evenings I used to dine earlier than the others, and to come in afterwards and sit at table until eight o'clock, when it was understood that I must go upstairs; that frail and precious kiss which Mamma used always to leave upon my lips when I was in bed and just going to sleep I had to take with me from the dining-room to my own, and to keep inviolate all the time that it took me to undress, without letting its sweet charm be broken, without letting its volatile essence diffuse itself and evaporate; and just on those very evenings when I must needs take most pains to receive it with due formality, I had to snatch it, to seize it instantly and in public, without even having the time or being properly free to apply to what I was doing the punctiliousness which madmen use who compel themselves to exclude all other thoughts from their minds while they are shutting a door, so that when the sickness of uncertainty sweeps over them again they can triumphantly face and overcome it with the recollection of the precise moment in which the door was shut.
164	171	0.557	Nous étions tous au jardin quand retentirent les deux coups hésitants de la clochette.	We were all in the garden when the double peal of the gate-bell sounded shyly.
165	172	0.483	On savait que c’était Swann; néanmoins tout le monde se regarda d’un air interrogateur et on envoya ma grand’mère en reconnaissance.	Everyone knew that it must be Swann, and yet they looked at one another inquiringly and sent my grandmother scouting.
166	173	0.445	«Pensez à le remercier intelligiblement de son vin, vous savez qu’il est délicieux et la caisse est énorme, recommanda mon grand-père à ses deux belles-sœurs.»	"""See that you thank him intelligibly for the wine,"" my grandfather warned his two sisters-in-law; ""you know how good it is, and it is a huge case."""
167	174	0.529	«Ne commencez pas à chuchoter, dit ma grand’tante.	"""Now, don't start whispering!"" said my great-aunt."
168	175	0.350	Comme c’est confortable d’arriver dans une maison où tout le monde parle bas.»	"""How would you like to come into a house and find everyone muttering to themselves?"""
169	176-177	0.268	«Ah! voilà M. Swann.	"""Ah! There's M. Swann,"" cried my father."
170	178	0.336	Nous allons lui demander s’il croit qu’il fera beau demain», dit mon père.	"""Let's ask him if he thinks it will be fine to-morrow."""
171	179	0.532	Ma mère pensait qu’un mot d’elle effacerait toute la peine que dans notre famille on avait pu faire à Swann depuis son mariage.	My mother fancied that a word from her would wipe out all the unpleasantness which my family had contrived to make Swann feel since his marriage.
172	180	0.367	Elle trouva le moyen de l’emmener un peu à l’écart.	She found an opportunity to draw him aside for a moment.
173	181	0.493	Mais je la suivis; je ne pouvais me décider à la quitter d’un pas en pensant que tout à l’heure il faudrait que je la laisse dans la salle à manger et que je remonte dans ma chambre sans avoir comme les autres soirs la consolation qu’elle vînt m’embrasser.	But I followed her: I could not bring myself to let her go out of reach of me while I felt that in a few minutes I should have to leave her in the dining-room and go up to my bed without the consoling thought, as on ordinary evenings, that she would come up, later, to kiss me.
174	182	0.527	«Voyons, monsieur Swann, lui dit-elle, parlez-moi un peu de votre fille; je suis sûre qu’elle a déjà le goût des belles œuvres comme son papa.»	"""Now, M. Swann,"" she said, ""do tell me about your daughter; I am sure she shews a taste already for nice things, like her papa."""
175	183	0.529	«Mais venez donc vous asseoir avec nous tous sous la véranda», dit mon grand-père en s’approchant.	"""Come along and sit down here with us all on the verandah,"" said my grandfather, coming up to him."
176	184-185	0.468	Ma mère fut obligée de s’interrompre, mais elle tira de cette contrainte même une pensée délicate de plus, comme les bons poètes que la tyrannie de la rime force à trouver leurs plus grandes beautés: «Nous reparlerons d’elle quand nous serons tous les deux, dit-elle à mi-voix à Swann.	"My mother had to abandon the quest, but managed to extract from the restriction itself a further refinement of thought, as great poets do when the tyranny of rhyme forces them into the discovery of their finest lines. ""We can talk about her again when we are by ourselves,"" she said, or rather whispered to Swann."
177	186	0.301	Il n’y a qu’une maman qui soit digne de vous comprendre.	"""It is only a mother who can understand."
178	187	0.513	Je suis sûre que la sienne serait de mon avis.»	"I am sure that hers would agree with me."""
179	188	0.559	Nous nous assîmes tous autour de la table de fer.	And so we all sat down round the iron table.
180	189	0.525	J’aurais voulu ne pas penser aux heures d’angoisse que je passerais ce soir seul dans ma chambre sans pouvoir m’endormir; je tâchais de me persuader qu’elles n’avaient aucune importance, puisque je les aurais oubliées demain matin, de m’attacher à des idées d’avenir qui auraient dû me conduire comme sur un pont au delà de l’abîme prochain qui m’effrayait.	I should have liked not to think of the hours of anguish which I should have to spend, that evening, alone in my room, without the possibility of going to sleep: I tried to convince myself that they were of no importance, really, since I should have forgotten them next morning, and to fix my mind on thoughts of the future which would carry me, as on a bridge, across the terrifying abyss that yawned at my feet.
181	190	0.368	Mais mon esprit tendu par ma préoccupation, rendu convexe comme le regard que je dardais sur ma mère, ne se laissait pénétrer par aucune impression étrangère.	But my mind, strained by this foreboding, distended like the look which I shot at my mother, would not allow any other impression to enter.
182	191	0.393	Les pensées entraient bien en lui, mais à condition de laisser dehors tout élément de beauté ou simplement de drôlerie qui m’eût touché ou distrait.	Thoughts did, indeed, enter it, but only on the condition that they left behind them every element of beauty, or even of quaintness, by which I might have been distracted or beguiled.
183	192	0.511	Comme un malade, grâce à un anesthésique, assiste avec une pleine lucidité à l’opération qu’on pratique sur lui, mais sans rien sentir, je pouvais me réciter des vers que j’aimais ou observer les efforts que mon grand-père faisait pour parler à Swann du duc d’Audiffret-Pasquier, sans que les premiers me fissent éprouver aucune émotion, les seconds aucune gaîté.	As a surgical patient, by means of a local anaesthetic, can look on with a clear consciousness while an operation is being performed upon him and yet feel nothing, I could repeat to myself some favourite lines, or watch my grandfather attempting to talk to Swann about the Duc d'Audriffet-Pasquier, without being able to kindle any emotion from one or amusement from the other.
184-185	193-194	0.393	Ces efforts furent infructueux. A peine mon grand-père eut-il posé à Swann une question relative à cet orateur qu’une des sœurs de ma grand’mère aux oreilles de qui cette question résonna comme un silence profond mais intempestif et qu’il était poli de rompre, interpella l’autre: «Imagine-toi, Céline, que j’ai fait la connaissance d’une jeune institutrice suédoise qui m’a donné sur les coopératives dans les pays scandinaves des détails tout ce qu’il y a de plus intéressants.	"Hardly had my grandfather begun to question Swann about that orator when one of my grandmother's sisters, in whose ears the question echoed like a solemn but untimely silence which her natural politeness bade her interrupt, addressed the other with: ""Just fancy, Flora, I met a young Swedish governess to-day who told me some most interesting things about the co-operative movement in Scandinavia."
186	195	0.537	Il faudra qu’elle vienne dîner ici un soir.»	"We really must have her to dine here one evening."""
187	196	0.559	«Je crois bien! répondit sa sœur Flora, mais je n’ai pas perdu mon temps non plus.	"""To be sure!"" said her sister Flora, ""but I haven't wasted my time either."
188	197	0.535	J’ai rencontré chez M. Vinteuil un vieux savant qui connaît beaucoup Maubant, et à qui Maubant a expliqué dans le plus grand détail comment il s’y prend pour composer un rôle.	I met such a clever old gentleman at M. Vinteuil's who knows Maubant quite well, and Maubant has told him every little thing about how he gets up his parts.
189	198	0.352	C’est tout ce qu’il y a de plus intéressant.	It is the most interesting thing I ever heard.
190	199	0.549	C’est un voisin de M. Vinteuil, je n’en savais rien; et il est très aimable.»	"He is a neighbour of M. Vinteuil's, and I never knew; and he is so nice besides."""
191	200	0.299	«Il n’y a pas que M. Vinteuil qui ait des voisins aimables», s’écria ma tante Céline d’une voix que la timidité rendait forte et la préméditation, factice, tout en jetant sur Swann ce qu’elle appelait un regard significatif.	"""M. Vinteuil is not the only one who has nice neighbours,"" cried my aunt Céline in a voice which seemed loud because she was so timid, and seemed forced because she had been planning the little speech for so long; darting, as she spoke, what she called a 'significant glance' at Swann."
192	201	0.389	En même temps ma tante Flora qui avait compris que cette phrase était le remerciement de Céline pour le vin d’Asti, regardait également Swann avec un air mêlé de congratulation et d’ironie, soit simplement pour souligner le trait d’esprit de sa sœur, soit qu’elle enviât Swann de l’avoir inspiré, soit qu’elle ne pût s’empêcher de se moquer de lui parce qu’elle le croyait sur la sellette.	And my aunt Flora, who realised that this veiled utterance was Céline's way of thanking Swann intelligibly for the Asti, looked at him with a blend of congratulation and irony, either just, because she wished to underline her sister's little epigram, or because she envied Swann his having inspired it, or merely because she imagined that he was embarrassed, and could not help having a little fun at his expense.
193	202-203	0.373	«Je crois qu’on pourra réussir à avoir ce monsieur à dîner, continua Flora; quand on le met sur Maubant ou sur Mme Materna, il parle des heures sans s’arrêter.»	"""I think it would be worth while,"" Flora went on, ""to have this old gentleman to dinner. When you get him upon Maubant or Mme. Materna he will talk for hours on end."""
194	204	0.455	«Ce doit être délicieux», soupira mon grand-père dans l’esprit de qui la nature avait malheureusement aussi complètement omis d’inclure la possibilité de s’intéresser passionnément aux coopératives suédoises ou à la composition des rôles de Maubant, qu’elle avait oublié de fournir celui des sœurs de ma grand’mère du petit grain de sel qu’il faut ajouter soi-même pour y trouver quelque saveur, à un récit sur la vie intime de Molé ou du comte de Paris.	"""That must be delightful,"" sighed my grandfather, in whose mind nature had unfortunately forgotten to include any capacity whatsoever for becoming passionately interested in the co-operative movement among the ladies of Sweden or in the methods employed by Maubant to get up his parts, just as it had forgotten to endow my grandmother's two sisters with a grain of that precious salt which one has oneself to 'add to taste' in order to extract any savour from a narrative of the private life of Mole or of the Comte de Paris."
195	205	0.487	«Tenez, dit Swann à mon grand-père, ce que je vais vous dire a plus de rapports que cela n’en a l’air avec ce que vous me demandiez, car sur certains points les choses n’ont pas énormément changé.	"""I say!"" exclaimed Swann to my grandfather, ""what I was going to tell you has more to do than you might think with what you were asking me just now, for in some respects there has been very little change."
196	206	0.541	Je relisais ce matin dans Saint-Simon quelque chose qui vous aurait amusé.	I came across a passage in Saint-Simon this morning which would have amused you.
197	207	0.553	C’est dans le volume sur son ambassade d’Espagne; ce n’est pas un des meilleurs, ce n’est guère qu’un journal, mais du moins un journal merveilleusement écrit, ce qui fait déjà une première différence avec les assommants journaux que nous nous croyons obligés de lire matin et soir.»	"It is in the volume which covers his mission to Spain; not one of the best, little more in fact than a journal, but at least it is a journal wonderfully well written, which fairly distinguishes it from the devastating journalism that we feel bound to read in these days, morning, noon and night."""
198	208	0.485	«Je ne suis pas de votre avis, il y a des jours où la lecture des journaux me semble fort agréable…», interrompit ma tante Flora, pour montrer qu’elle avait lu la phrase sur le Corot de Swann dans le Figaro.	"""I do not agree with you: there are some days when I find reading the papers very pleasant indeed!"" my aunt Flora broke in, to show Swann that she had read the note about his Corot in the _Figaro_."
199	209-210	0.414	«Quand ils parlent de choses ou de gens qui nous intéressent!» enchérit ma tante Céline.	"""Yes,"" aunt Céline went one better. ""When they write about things or people in whom we are interested."""
200	211	0.536	«Je ne dis pas non, répondit Swann étonné.	"""I don't deny it,"" answered Swann in some bewilderment."
201	212	0.450	Ce que je reproche aux journaux c’est de nous faire faire attention tous les jours à des choses insignifiantes tandis que nous lisons trois ou quatre fois dans notre vie les livres où il y a des choses essentielles.	"""The fault I find with our journalism is that it forces us to take an interest in some fresh triviality or other every day, whereas only three or four books in a lifetime give us anything that is of real importance."
202	213	0.254	Du moment que nous déchirons fiévreusement chaque matin la bande du journal, alors on devrait changer les choses et mettre dans le journal, moi je ne sais pas, les…	Suppose that, every morning, when we tore the wrapper off our paper with fevered hands, a transmutation were to take place, and we were to find inside it — oh!
203	214-215	0.430	Pensées de Pascal! (il détacha ce mot d’un ton d’emphase ironique pour ne pas avoir l’air pédant).	"I don't know; shall we say Pascal's _Pensées_?"" He articulated the title with an ironic emphasis so as not to appear pedantic."
204	216	0.624	Et c’est dans le volume doré sur tranches que nous n’ouvrons qu’une fois tous les dix ans, ajouta-t-il en témoignant pour les choses mondaines ce dédain qu’affectent certains hommes du monde, que nous lirions que la reine de Grèce est allée à Cannes ou que la princesse de Léon a donné un bal costumé.	"""And then, in the gilt and tooled volumes which we open once in ten years,"" he went on, shewing that contempt for the things of this world which some men of the world like to affect, ""we should read that the Queen of the Hellenes had arrived at Cannes, or that the Princesse de Léon had given a fancy dress ball."
205-206	217	0.396	Comme cela la juste proportion serait rétablie.» Mais regrettant de s’être laissé aller à parler même légèrement de choses sérieuses: «Nous avons une bien belle conversation, dit-il ironiquement, je ne sais pas pourquoi nous abordons ces «sommets», et se tournant vers mon grand-père: «Donc Saint-Simon raconte que Maulevrier avait eu l’audace de tendre la main à ses fils.	"In that way we should arrive at the right proportion between 'information' and 'publicity.'"" But at once regretting that he had allowed himself to speak, even in jest, of serious matters, he added ironically: ""We are having a most entertaining conversation; I cannot think why we climb to these lofty summits,"" and then, turning to my grandfather: ""Well, Saint-Simon tells how Maulevrier had had the audacity to offer his hand to his sons."
207	218	0.444	Vous savez, c’est ce Maulevrier dont il dit: «Jamais je ne vis dans cette épaisse bouteille que de l’humeur, de la grossièreté et des sottises.»	"You remember how he says of Maulevrier, 'Never did I find in that coarse bottle anything but ill-humour, boorishness, and folly.'"""
208	219	0.560	«Épaisses ou non, je connais des bouteilles où il y a tout autre chose», dit vivement Flora, qui tenait à avoir remercié Swann elle aussi, car le présent de vin d’Asti s’adressait aux deux.	"""Coarse or not, I know bottles in which there is something very different!"" said Flora briskly, feeling bound to thank Swann as well as her sister, since the present of Asti had been addressed to them both."
209	220	0.681	Céline se mit à rire.	Céline began to laugh.
210	221	0.561	Swann interloqué reprit: «Je ne sais si ce fut ignorance ou panneau, écrit Saint-Simon, il voulut donner la main à mes enfants.	"Swann was puzzled, but went on: ""'I cannot say whether it was his ignorance or a trap,' writes Saint-Simon; 'he wished to give his hand to my children."
211	222	0.478	Je m’en aperçus assez tôt pour l’en empêcher.»	"I noticed it in time to prevent him.'"""
212	223-225	0.625	Mon grand-père s’extasiait déjà sur «ignorance ou panneau», mais Mlle Céline, chez qui le nom de Saint-Simon, — un littérateur, — avait empêché l’anesthésie complète des facultés auditives, s’indignait déjà: «Comment? vous admirez cela?	"My grandfather was already in ecstasies over ""ignorance or a trap,"" but Miss Céline — the name of Saint-Simon, a 'man of letters,' having arrested the complete paralysis of her sense of hearing — had grown angry. ""What! You admire that, do you?"
213	226	0.387	Eh bien! c’est du joli!	Well, it is clever enough!
214	227-228	0.402	Mais qu’est-ce que cela peut vouloir dire; est-ce qu’un homme n’est pas autant qu’un autre?	But what is the point of it? Does he mean that one man isn't as good as another?
215	229	0.430	Qu’est-ce que cela peut faire qu’il soit duc ou cocher s’il a de l’intelligence et du cœur?	What difference can it make whether he is a duke or a groom so long as he is intelligent and good?
216	230	0.684	Il avait une belle manière d’élever ses enfants, votre Saint-Simon, s’il ne leur disait pas de donner la main à tous les honnêtes gens.	He had a fine way of bringing up his children, your Saint-Simon, if he didn't teach them to shake hands with all honest men.
217	231	0.310	Mais c’est abominable, tout simplement.	Really and truly, it's abominable.
218	232	0.492	Et vous osez citer cela?»	"And you dare to quote it!"""
219	233	0.560	Et mon grand-père navré, sentant l’impossibilité, devant cette obstruction, de chercher à faire raconter à Swann, les histoires qui l’eussent amusé disait à voix basse à maman: «Rappelle-moi donc le vers que tu m’as appris et qui me soulage tant dans ces moments-là.	"And my grandfather, utterly depressed, realising how futile it would be for him, against this opposition, to attempt to get Swann to tell him the stories which would have amused him, murmured to my mother: ""Just tell me again that line of yours which always comforts me so much on these occasions."
220	234-235	0.423	Ah! oui: «Seigneur, que de vertus vous nous faites haïr!»	Oh, yes: What virtues, Lord, Thou makest us abhor!
221	236	0.335	Ah! comme c’est bien!»	"Good, that is, very good."""
222	237-238	0.460	Je ne quittais pas ma mère des yeux, je savais que quand on serait à table, on ne me permettrait pas de rester pendant toute la durée du dîner et que pour ne pas contrarier mon père, maman ne me laisserait pas l’embrasser à plusieurs reprises devant le monde, comme si ç’avait été dans ma chambre.	I never took my eyes off my mother. I knew that when they were at table I should not be permitted to stay there for the whole of dinner-time, and that Mamma, for fear of annoying my father, would not allow me to give her in public the series of kisses that she would have had in my room.
223	239	0.314	Aussi je me promettais, dans la salle à manger, pendant qu’on commencerait à dîner et que je sentirais approcher l’heure, de faire d’avance de ce baiser qui serait si court et furtif, tout ce que j’en pouvais faire seul, de choisir avec mon regard la place de la joue que j’embrasserais, de préparer ma pensée pour pouvoir grâce à ce commencement mental de baiser consacrer toute la minute que m’accorderait maman à sentir sa joue contre mes lèvres, comme un peintre qui ne peut obtenir que de courtes séances de pose, prépare sa palette, et a fait d’avance de souvenir, d’après ses notes, tout ce pour quoi il pouvait à la rigueur se passer de la présence du modèle.	And so I promised myself that in the dining-room, as they began to eat and drink and as I felt the hour approach, I would put beforehand into this kiss, which was bound to be so brief and stealthy in execution, everything that my own efforts could put into it: would look out very carefully first the exact spot on her cheek where I would imprint it, and would so prepare my thoughts that I might be able, thanks to these mental preliminaries, to consecrate the whole of the minute Mamma would allow me to the sensation of her cheek against my lips, as a painter who can have his subject for short sittings only prepares his palette, and from what he remembers and from rough notes does in advance everything which he possibly can do in the sitter's absence.
224	240	0.479	Mais voici qu’avant que le dîner fût sonné mon grand-père eut la férocité inconsciente de dire: «Le petit a l’air fatigué, il devrait monter se coucher.	"But to-night, before the dinner-bell had sounded, my grandfather said with unconscious cruelty: ""The little man looks tired; he'd better go up to bed."
225	241	0.419	On dîne tard du reste ce soir.»	"Besides, we are dining late to-night."""
226	242	0.524	Et mon père, qui ne gardait pas aussi scrupuleusement que ma grand’mère et que ma mère la foi des traités, dit: «Oui, allons, vas te coucher.»	"And my father, who was less scrupulous than my grandmother or mother in observing the letter of a treaty, went on: ""Yes, run along; to bed with you."""
227	243	0.483	Je voulus embrasser maman, à cet instant on entendit la cloche du dîner.	I would have kissed Mamma then and there, but at that moment the dinner-bell rang.
228	244-246	0.373	«Mais non, voyons, laisse ta mère, vous vous êtes assez dit bonsoir comme cela, ces manifestations sont ridicules.	"""No, no, leave your mother alone. You've said good night quite enough. These exhibitions are absurd."
229	247	0.552	Allons, monte!»	"Go on upstairs."""
230	248	0.487	Et il me fallut partir sans viatique; il me fallut monter chaque marche de l’escalier, comme dit l’expression populaire, à «contre-cœur», montant contre mon cœur qui voulait retourner près de ma mère parce qu’elle ne lui avait pas, en m’embrassant, donné licence de me suivre.	And so I must set forth without viaticum; must climb each step of the staircase 'against my heart,' as the saying is, climbing in opposition to my heart's desire, which was to return to my mother, since she had not, by her kiss, given my heart leave to accompany me forth.
231	249	0.447	Cet escalier détesté où je m’engageais toujours si tristement, exhalait une odeur de vernis qui avait en quelque sorte absorbé, fixé, cette sorte particulière de chagrin que je ressentais chaque soir et la rendait peut-être plus cruelle encore pour ma sensibilité parce que sous cette forme olfactive mon intelligence n’en pouvait plus prendre sa part.	That hateful staircase, up which I always passed with such dismay, gave out a smell of varnish which had to some extent absorbed, made definite and fixed the special quality of sorrow that I felt each evening, and made it perhaps even more cruel to my sensibility because, when it assumed this olfactory guise, my intellect was powerless to resist it.
232	250	0.397	Quand nous dormons et qu’une rage de dents n’est encore perçue par nous que comme une jeune fille que nous nous efforçons deux cents fois de suite de tirer de l’eau ou que comme un vers de Molière que nous nous répétons sans arrêter, c’est un grand soulagement de nous réveiller et que notre intelligence puisse débarrasser l’idée de rage de dents, de tout déguisement héroïque ou cadencé.	When we have gone to sleep with a maddening toothache and are conscious of it only as a little girl whom we attempt, time after time, to pull out of the water, or as a line of Molière which we repeat incessantly to ourselves, it is a great relief to wake up, so that our intelligence can disentangle the idea of toothache from any artificial semblance of heroism or rhythmic cadence.
233	251	0.445	C’est l’inverse de ce soulagement que j’éprouvais quand mon chagrin de monter dans ma chambre entrait en moi d’une façon infiniment plus rapide, presque instantanée, à la fois insidieuse et brusque, par l’inhalation, — beaucoup plus toxique que la pénétration morale, — de l’odeur de vernis particulière à cet escalier.	It was the precise converse of this relief which I felt when my anguish at having to go up to my room invaded my consciousness in a manner infinitely more rapid, instantaneous almost, a manner at once insidious and brutal as I breathed in — a far more poisonous thing than any moral penetration — the peculiar smell of the varnish upon that staircase.
234	252	0.395	Une fois dans ma chambre, il fallut boucher toutes les issues, fermer les volets, creuser mon propre tombeau, en défaisant mes couvertures, revêtir le suaire de ma chemise de nuit.	Once in my room I had to stop every loophole, to close the shutters, to dig my own grave as I turned down the bed-clothes, to wrap myself in the shroud of my nightshirt.
235	253	0.446	Mais avant de m’ensevelir dans le lit de fer qu’on avait ajouté dans la chambre parce que j’avais trop chaud l’été sous les courtines de reps du grand lit, j’eus un mouvement de révolte, je voulus essayer d’une ruse de condamné.	But before burying myself in the iron bed which had been placed there because, on summer nights, I was too hot among the red curtains of the four-poster, I was stirred to revolt, and attempted the desperate stratagem of a condemned prisoner.
236	254	0.508	J’écrivis à ma mère en la suppliant de monter pour une chose grave que je ne pouvais lui dire dans ma lettre.	I wrote to my mother begging her to come upstairs for an important reason which I could not put in writing.
237	255	0.440	Mon effroi était que Françoise, la cuisinière de ma tante qui était chargée de s’occuper de moi quand j’étais à Combray, refusât de porter mon mot.	My fear was that Françoise, my aunt's cook who used to be put in charge of me when I was at Combray, might refuse to take my note.
238	256	0.433	Je me doutais que pour elle, faire une commission à ma mère quand il y avait du monde lui paraîtrait aussi impossible que pour le portier d’un théâtre de remettre une lettre à un acteur pendant qu’il est en scène.	I had a suspicion that, in her eyes, to carry a message to my mother when there was a stranger in the room would appear flatly inconceivable, just as it would be for the door-keeper of a theatre to hand a letter to an actor upon the stage.
239	257	0.398	Elle possédait à l’égard des choses qui peuvent ou ne peuvent pas se faire un code impérieux, abondant, subtil et intransigeant sur des distinctions insaisissables ou oiseuses (ce qui lui donnait l’apparence de ces lois antiques qui, à côté de prescriptions féroces comme de massacrer les enfants à la mamelle, défendent avec une délicatesse exagérée de faire bouillir le chevreau dans le lait de sa mère, ou de manger dans un animal le nerf de la cuisse).	"For things which might or might not be done she possessed a code at once imperious, abundant, subtle, and uncompromising on points themselves imperceptible or irrelevant, which gave it a resemblance to those ancient laws which combine such cruel ordinances as the massacre of infants at the breast with prohibitions, of exaggerated refinement, against ""seething the kid in his mother's milk,"" or ""eating of the sinew which is upon the hollow of the thigh."""
240	258	0.357	Ce code, si l’on en jugeait par l’entêtement soudain qu’elle mettait à ne pas vouloir faire certaines commissions que nous lui donnions, semblait avoir prévu des complexités sociales et des raffinements mondains tels que rien dans l’entourage de Françoise et dans sa vie de domestique de village n’avait pu les lui suggérer; et l’on était obligé de se dire qu’il y avait en elle un passé français très ancien, noble et mal compris, comme dans ces cités manufacturières où de vieux hôtels témoignent qu’il y eut jadis une vie de cour, et où les ouvriers d’une usine de produits chimiques travaillent au milieu de délicates sculptures qui représentent le miracle de saint Théophile ou les quatre fils Aymon.	This code, if one could judge it by the sudden obstinacy which she would put into her refusal to carry out certain of our instructions, seemed to have foreseen such social complications and refinements of fashion as nothing in Françoise's surroundings or in her career as a servant in a village household could have put into her head; and we were obliged to assume that there was latent in her some past existence in the ancient history of France, noble and little understood, just as there is in those manufacturing towns where old mansions still testify to their former courtly days, and chemical workers toil among delicately sculptured scenes of the Miracle of Theophilus or the Quatre Fils Aymon.
241	259	0.195	Dans le cas particulier, l’article du code à cause duquel il était peu probable que sauf le cas d’incendie Françoise allât déranger maman en présence de M. Swann pour un aussi petit personnage que moi, exprimait simplement le respect qu’elle professait non seulement pour les parents, — comme pour les morts, les prêtres et les rois, — mais encore pour l’étranger à qui on donne l’hospitalité, respect qui m’aurait peut-être touché dans un livre mais qui m’irritait toujours dans sa bouche, à cause du ton grave et attendri qu’elle prenait pour en parler, et davantage ce soir où le caractère sacré qu’elle conférait au dîner avait pour effet qu’elle refuserait d’en troubler la cérémonie.	In this particular instance, the article of her code which made it highly improbable that — barring an outbreak of fire — Françoise would go down and disturb Mamma when M. Swann was there for so unimportant a person as myself was one embodying the respect she shewed not only for the family (as for the dead, for the clergy, or for royalty), but also for the stranger within our gates; a respect which I should perhaps have found touching in a book, but which never failed to irritate me on her lips, because of the solemn and gentle tones in which she would utter it, and which irritated me more than usual this evening when the sacred character in which she invested the dinner-party might have the effect of making her decline to disturb its ceremonial.
242	260	0.383	Mais pour mettre une chance de mon côté, je n’hésitai pas à mentir et à lui dire que ce n’était pas du tout moi qui avais voulu écrire à maman, mais que c’était maman qui, en me quittant, m’avait recommandé de ne pas oublier de lui envoyer une réponse relativement à un objet qu’elle m’avait prié de chercher; et elle serait certainement très fâchée si on ne lui remettait pas ce mot.	But to give myself one chance of success I lied without hesitation, telling her that it was not in the least myself who had wanted to write to Mamma, but Mamma who, on saying good night to me, had begged me not to forget to send her an answer about something she had asked me to find, and that she would certainly be very angry if this note were not taken to her.
243	261-262	0.535	Je pense que Françoise ne me crut pas, car, comme les hommes primitifs dont les sens étaient plus puissants que les nôtres, elle discernait immédiatement, à des signes insaisissables pour nous, toute vérité que nous voulions lui cacher; elle regarda pendant cinq minutes l’enveloppe comme si l’examen du papier et l’aspect de l’écriture allaient la renseigner sur la nature du contenu ou lui apprendre à quel article de son code elle devait se référer.	I think that Françoise disbelieved me, for, like those primitive men whose senses were so much keener than our own, she could immediately detect, by signs imperceptible by the rest of us, the truth or falsehood of anything that we might wish to conceal from her. She studied the envelope for five minutes as though an examination of the paper itself and the look of my handwriting could enlighten her as to the nature of the contents, or tell her to which article of her code she ought to refer the matter.
244	263	0.630	Puis elle sortit d’un air résigné qui semblait signifier: «C’est-il pas malheureux pour des parents d’avoir un enfant pareil!»	"Then she went out with an air of resignation which seemed to imply: ""What a dreadful thing for parents to have a child like this!"""
245	264	0.361	Elle revint au bout d’un moment me dire qu’on n’en était encore qu’à la glace, qu’il était impossible au maître d’hôtel de remettre la lettre en ce moment devant tout le monde, mais que, quand on serait aux rince-bouche, on trouverait le moyen de la faire passer à maman.	A moment later she returned to say that they were still at the ice stage and that it was impossible for the butler to deliver the note at once, in front of everybody; but that when the finger-bowls were put round he would find a way of slipping it into Mamma's hand.
246	265	0.396	Aussitôt mon anxiété tomba; maintenant ce n’était plus comme tout à l’heure pour jusqu’à demain que j’avais quitté ma mère, puisque mon petit mot allait, la fâchant sans doute (et doublement parce que ce manège me rendrait ridicule aux yeux de Swann), me faire du moins entrer invisible et ravi dans la même pièce qu’elle, allait lui parler de moi à l’oreille; puisque cette salle à manger interdite, hostile, où, il y avait un instant encore, la glace elle-même — le «granité» — et les rince-bouche me semblaient recéler des plaisirs malfaisants et mortellement tristes parce que maman les goûtait loin de moi, s’ouvrait à moi et, comme un fruit devenu doux qui brise son enveloppe, allait faire jaillir, projeter jusqu’à mon cœur enivré l’attention de maman tandis qu’elle lirait mes lignes.	At once my anxiety subsided; it was now no longer (as it had been a moment ago) until to-morrow that I had lost my mother, for my little line was going — to annoy her, no doubt, and doubly so because this contrivance would make me ridiculous in Swann's eyes — but was going all the same to admit me, invisibly and by stealth, into the same room as herself, was going to whisper from me into her ear; for that forbidden and unfriendly dining-room, where but a moment ago the ice itself — with burned nuts in it — and the finger-bowls seemed to me to be concealing pleasures that were mischievous and of a mortal sadness because Mamma was tasting of them and I was far away, had opened its doors to me and, like a ripe fruit which bursts through its skin, was going to pour out into my intoxicated heart the gushing sweetness of Mamma's attention while she was reading what I had written.
247	266	0.525	Maintenant je n’étais plus séparé d’elle; les barrières étaient tombées, un fil délicieux nous réunissait.	Now I was no longer separated from her; the barriers were down; an exquisite thread was binding us.
248	267	0.470	Et puis, ce n’était pas tout: maman allait sans doute venir!	Besides, that was not all, for surely Mamma would come.
249	268	0.322	L’angoisse que je venais d’éprouver, je pensais que Swann s’en serait bien moqué s’il avait lu ma lettre et en avait deviné le but; or, au contraire, comme je l’ai appris plus tard, une angoisse semblable fut le tourment de longues années de sa vie et personne, aussi bien que lui peut-être, n’aurait pu me comprendre; lui, cette angoisse qu’il y a à sentir l’être qu’on aime dans un lieu de plaisir où l’on n’est pas, où l’on ne peut pas le rejoindre, c’est l’amour qui la lui a fait connaître, l’amour auquel elle est en quelque sorte prédestinée, par lequel elle sera accaparée, spécialisée; mais quand, comme pour moi, elle est entrée en nous avant qu’il ait encore fait son apparition dans notre vie, elle flotte en l’attendant, vague et libre, sans affectation déterminée, au service un jour d’un sentiment, le lendemain d’un autre, tantôt de la tendresse filiale ou de l’amitié pour un camarade.	As for the agony through which I had just passed, I imagined that Swann would have laughed heartily at it if he had read my letter and had guessed its purpose; whereas, on the contrary, as I was to learn in due course, a similar anguish had been the bane of his life for many years, and no one perhaps could have understood my feelings at that moment so well as himself; to him, that anguish which lies in knowing that the creature one adores is in some place of enjoyment where oneself is not and cannot follow — to him that anguish came through Love, to which it is in a sense predestined, by which it must be equipped and adapted; but when, as had befallen me, such an anguish possesses one's soul before Love has yet entered into one's life, then it must drift, awaiting Love's coming, vague and free, without precise attachment, at the disposal of one sentiment to-day, of another to-morrow, of filial piety or affection for a comrade.
250	269	0.422	Et la joie avec laquelle je fis mon premier apprentissage quand Françoise revint me dire que ma lettre serait remise, Swann l’avait bien connue aussi cette joie trompeuse que nous donne quelque ami, quelque parent de la femme que nous aimons, quand arrivant à l’hôtel ou au théâtre où elle se trouve, pour quelque bal, redoute, ou première où il va la retrouver, cet ami nous aperçoit errant dehors, attendant désespérément quelque occasion de communiquer avec elle.	And the joy with which I first bound myself apprentice, when Françoise returned to tell me that my letter would be delivered; Swann, too, had known well that false joy which a friend can give us, or some relative of the woman we love, when on his arrival at the house or theatre where she is to be found, for some ball or party or 'first-night' at which he is to meet her, he sees us wandering outside, desperately awaiting some opportunity of communicating with her.
251	270	0.533	Il nous reconnaît, nous aborde familièrement, nous demande ce que nous faisons là.	He recognises us, greets us familiarly, and asks what we are doing there.
252	271	0.467	Et comme nous inventons que nous avons quelque chose d’urgent à dire à sa parente ou amie, il nous assure que rien n’est plus simple, nous fait entrer dans le vestibule et nous promet de nous l’envoyer avant cinq minutes.	And when we invent a story of having some urgent message to give to his relative or friend, he assures us that nothing could be more simple, takes us in at the door, and promises to send her down to us in five minutes.
253	272	0.460	Que nous l’aimons — comme en ce moment j’aimais Françoise — , l’intermédiaire bien intentionné qui d’un mot vient de nous rendre supportable, humaine et presque propice la fête inconcevable, infernale, au sein de laquelle nous croyions que des tourbillons ennemis, pervers et délicieux entraînaient loin de nous, la faisant rire de nous, celle que nous aimons.	How much we love him — as at that moment I loved Françoise — the good-natured intermediary who by a single word has made supportable, human, almost propitious the inconceivable, infernal scene of gaiety in the thick of which we had been imagining swarms of enemies, perverse and seductive, beguiling away from us, even making laugh at us, the woman whom we love.
254	273	0.389	Si nous en jugeons par lui, le parent qui nous a accosté et qui est lui aussi un des initiés des cruels mystères, les autres invités de la fête ne doivent rien avoir de bien démoniaque.	If we are to judge of them by him, this relative who has accosted us and who is himself an initiate in those cruel mysteries, then the other guests cannot be so very demoniacal.
255	274-275	0.384	Ces heures inaccessibles et suppliciantes où elle allait goûter des plaisirs inconnus, voici que par une brèche inespérée nous y pénétrons; voici qu’un des moments dont la succession les aurait composées, un moment aussi réel que les autres, même peut-être plus important pour nous, parce que notre maîtresse y est plus mêlée, nous nous le représentons, nous le possédons, nous y intervenons, nous l’avons créé presque: le moment où on va lui dire que nous sommes là, en bas.	Those inaccessible and torturing hours into which she had gone to taste of unknown pleasures — behold, a breach in the wall, and we are through it. Behold, one of the moments whose series will go to make up their sum, a moment as genuine as the rest, if not actually more important to ourself because our mistress is more intensely a part of it; we picture it to ourselves, we possess it, we intervene upon it, almost we have created it: namely, the moment in which he goes to tell her that we are waiting there below.
256	276	0.372	Et sans doute les autres moments de la fête ne devaient pas être d’une essence bien différente de celui-là, ne devaient rien avoir de plus délicieux et qui dût tant nous faire souffrir puisque l’ami bienveillant nous a dit: «Mais elle sera ravie de descendre!	"And very probably the other moments of the party will not be essentially different, will contain nothing else so exquisite or so well able to make us suffer, since this kind friend has assured us that ""Of course, she will be delighted to come down!"
257	277	0.602	Cela lui fera beaucoup plus de plaisir de causer avec vous que de s’ennuyer là-haut.»	"It will be far more amusing for her to talk to you than to be bored up there."""
258	278	0.648	Hélas!	Alas!
259	279	0.703	Swann en avait fait l’expérience, les bonnes intentions d’un tiers sont sans pouvoir sur une femme qui s’irrite de se sentir poursuivie jusque dans une fête par quelqu’un qu’elle n’aime pas.	Swann had learned by experience that the good intentions of a third party are powerless to control a woman who is annoyed to find herself pursued even into a ball-room by a man whom she does not love.
260	280	0.424	Souvent, l’ami redescend seul.	Too often, the kind friend comes down again alone.
261	281-282	0.659	Ma mère ne vint pas, et sans ménagements pour mon amour-propre (engagé à ce que la fable de la recherche dont elle était censée m’avoir prié de lui dire le résultat ne fût pas démentie) me fit dire par Françoise ces mots: «Il n’y a pas de réponse» que depuis j’ai si souvent entendu des concierges de «palaces» ou des valets de pied de tripots, rapporter à quelque pauvre fille qui s’étonne: «Comment, il n’a rien dit, mais c’est impossible!	"My mother did not appear, but with no attempt to safeguard my self-respect (which depended upon her keeping up the fiction that she had asked me to let her know the result of my search for something or other) made Françoise tell me, in so many words ""There is no answer"" — words I have so often, since then, heard the hall-porters in 'mansions' and the flunkeys in gambling-clubs and the like, repeat to some poor girl, who replies in bewilderment: ""What! he's said nothing? It's not possible."
262	283	0.468	Vous avez pourtant bien remis ma lettre.	You did give him my letter, didn't you?
263	284	0.551	C’est bien, je vais attendre encore.»	"Very well, I shall wait a little longer."""
264	285	0.458	Et — de même qu’elle assure invariablement n’avoir pas besoin du bec supplémentaire que le concierge veut allumer pour elle, et reste là, n’entendant plus que les rares propos sur le temps qu’il fait échangés entre le concierge et un chasseur qu’il envoie tout d’un coup en s’apercevant de l’heure, faire rafraîchir dans la glace la boisson d’un client, — ayant décliné l’offre de Françoise de me faire de la tisane ou de rester auprès de moi, je la laissai retourner à l’office, je me couchai et je fermai les yeux en tâchant de ne pas entendre la voix de mes parents qui prenaient le café au jardin.	And just as she invariably protests that she does not need the extra gas which the porter offers to light for her, and sits on there, hearing nothing further, except an occasional remark on the weather which the porter exchanges with a messenger whom he will send off suddenly, when he notices the time, to put some customer's wine on the ice; so, having declined Françoise's offer to make me some tea or to stay beside me, I let her go off again to the servants' hall, and lay down and shut my eyes, and tried not to hear the voices of my family who were drinking their coffee in the garden.
265	286	0.358	Mais au bout de quelques secondes, je sentis qu’en écrivant ce mot à maman, en m’approchant, au risque de la fâcher, si près d’elle que j’avais cru toucher le moment de la revoir, je m’étais barré la possibilité de m’endormir sans l’avoir revue, et les battements de mon cœur, de minute en minute devenaient plus douloureux parce que j’augmentais mon agitation en me prêchant un calme qui était l’acceptation de mon infortune.	But after a few seconds I realised that, by writing that line to Mamma, by approaching — at the risk of making her angry — so near to her that I felt I could reach out and grasp the moment in which I should see her again, I had cut myself off from the possibility of going to sleep until I actually had seen her, and my heart began to beat more and more painfully as I increased my agitation by ordering myself to keep calm and to acquiesce in my ill-fortune.
266	287	0.362	Tout à coup mon anxiété tomba, une félicité m’envahit comme quand un médicament puissant commence à agir et nous enlève une douleur: je venais de prendre la résolution de ne plus essayer de m’endormir sans avoir revu maman, de l’embrasser coûte que coûte, bien que ce fût avec la certitude d’être ensuite fâché pour longtemps avec elle, quand elle remonterait se coucher.	Then, suddenly, my anxiety subsided, a feeling of intense happiness coursed through me, as when a strong medicine begins to take effect and one's pain vanishes: I had formed a resolution to abandon all attempts to go to sleep without seeing Mamma, and had decided to kiss her at all costs, even with the certainty of being in disgrace with her for long afterwards, when she herself came up to bed.
267	288	0.425	Le calme qui résultait de mes angoisses finies me mettait dans un allégresse extraordinaire, non moins que l’attente, la soif et la peur du danger.	The tranquillity which followed my anguish made me extremely alert, no less than my sense of expectation, my thirst for and my fear of danger.
268	289	0.492	J’ouvris la fenêtre sans bruit et m’assis au pied de mon lit; je ne faisais presque aucun mouvement afin qu’on ne m’entendît pas d’en bas.	Noiselessly I opened the window and sat down on the foot of my bed; hardly daring to move in case they should hear me from below.
269	290	0.544	Dehors, les choses semblaient, elles aussi, figées en une muette attention à ne pas troubler le clair de lune, qui doublant et reculant chaque chose par l’extension devant elle de son reflet, plus dense et concret qu’elle-même, avait à la fois aminci et agrandi le paysage comme un plan replié jusque-là, qu’on développe.	Things outside seemed also fixed in mute expectation, so as not to disturb the moonlight which, duplicating each of them and throwing it back by the extension, forwards, of a shadow denser and more concrete than its substance, had made the whole landscape seem at once thinner and longer, like a map which, after being folded up, is spread out upon the ground.
270	291	0.518	Ce qui avait besoin de bouger, quelque feuillage de marronnier, bougeait.	What had to move — a leaf of the chestnut-tree, for instance — moved.
271	292	0.582	Mais son frissonnement minutieux, total, exécuté jusque dans ses moindres nuances et ses dernières délicatesses, ne bavait pas sur le reste, ne se fondait pas avec lui, restait circonscrit.	But its minute shuddering, complete, finished to the least detail and with utmost delicacy of gesture, made no discord with the rest of the scene, and yet was not merged in it, remaining clearly outlined.
272	293	0.402	Exposés sur ce silence qui n’en absorbait rien, les bruits les plus éloignés, ceux qui devaient venir de jardins situés à l’autre bout de la ville, se percevaient détaillés avec un tel «fini» qu’ils semblaient ne devoir cet effet de lointain qu’à leur pianissimo, comme ces motifs en sourdine si bien exécutés par l’orchestre du Conservatoire que quoiqu’on n’en perde pas une note on croit les entendre cependant loin de la salle du concert et que tous les vieux abonnés, — les sœurs de ma grand’mère aussi quand Swann leur avait donné ses places, — tendaient l’oreille comme s’ils avaient écouté les progrès lointains d’une armée en marche qui n’aurait pas encore tourné la rue de Trévise.	Exposed upon this surface of silence, which absorbed nothing from them, the most distant sounds, those which must have come from gardens at the far end of the town, could be distinguished with such exact 'finish' that the impression they gave of coming from a distance seemed due only to their 'pianissimo' execution, like those movements on muted strings so well performed by the orchestra of the Conservatoire that, although one does not lose a single note, one thinks all the same that they are being played somewhere outside, a long way from the concert hall, so that all the old subscribers, and my grandmother's sisters too, when Swann had given them his seats, used to strain their ears as if they had caught the distant approach of an army on the march, which had not yet rounded the corner of the Rue de Trévise.
273	294	0.336	Je savais que le cas dans lequel je me mettais était de tous celui qui pouvait avoir pour moi, de la part de mes parents, les conséquences les plus graves, bien plus graves en vérité qu’un étranger n’aurait pu le supposer, de celles qu’il aurait cru que pouvaient produire seules des fautes vraiment honteuses.	I was well aware that I had placed myself in a position than which none could be counted upon to involve me in graver consequences at my parents' hands; consequences far graver, indeed, than a stranger would have imagined, and such as (he would have thought) could follow only some really shameful fault.
274	295	0.377	Mais dans l’éducation qu’on me donnait, l’ordre des fautes n’était pas le même que dans l’éducation des autres enfants et on m’avait habitué à placer avant toutes les autres (parce que sans doute il n’y en avait pas contre lesquelles j’eusse besoin d’être plus soigneusement gardé) celles dont je comprends maintenant que leur caractère commun est qu’on y tombe en cédant à une impulsion nerveuse.	But in the system of education which they had given me faults were not classified in the same order as in that of other children, and I had been taught to place at the head of the list (doubtless because there was no other class of faults from which I needed to be more carefully protected) those in which I can now distinguish the common feature that one succumbs to them by yielding to a nervous impulse.
275	296	0.255	Mais alors on ne prononçait pas ce mot, on ne déclarait pas cette origine qui aurait pu me faire croire que j’étais excusable d’y succomber ou même peut-être incapable d’y résister.	But such words as these last had never been uttered in my hearing; no one had yet accounted for my temptations in a way which might have led me to believe that there was some excuse for my giving in to them, or that I was actually incapable of holding out against them.
276	297	0.472	Mais je les reconnaissais bien à l’angoisse qui les précédait comme à la rigueur du châtiment qui les suivait; et je savais que celle que je venais de commettre était de la même famille que d’autres pour lesquelles j’avais été sévèrement puni, quoique infiniment plus grave.	Yet I could easily recognise this class of transgressions by the anguish of mind which preceded, as well as by the rigour of the punishment which followed them; and I knew that what I had just done was in the same category as certain other sins for which I had been severely chastised, though infinitely more serious than they.
277	298	0.494	Quand j’irais me mettre sur le chemin de ma mère au moment où elle monterait se coucher, et qu’elle verrait que j’étais resté levé pour lui redire bonsoir dans le couloir, on ne me laisserait plus rester à la maison, on me mettrait au collège le lendemain, c’était certain.	When I went out to meet my mother as she herself came up to bed, and when she saw that I had remained up so as to say good night to her again in the passage, I should not be allowed to stay in the house a day longer, I should be packed off to school next morning; so much was certain.
278	299	0.216	Eh bien! dusse-je me jeter par la fenêtre cinq minutes après, j’aimais encore mieux cela.	Very good: had I been obliged, the next moment, to hurl myself out of the window, I should still have preferred such a fate.
279	300-301	0.406	Ce que je voulais maintenant c’était maman, c’était lui dire bonsoir, j’étais allé trop loin dans la voie qui menait à la réalisation de ce désir pour pouvoir rebrousser chemin.	For what I wanted now was Mamma, and to say good night to her. I had gone too far along the road which led to the realisation of this desire to be able to retrace my steps.
280	302	0.475	J’entendis les pas de mes parents qui accompagnaient Swann; et quand le grelot de la porte m’eut averti qu’il venait de partir, j’allai à la fenêtre.	I could hear my parents' footsteps as they went with Swann; and, when the rattle of the gate assured me that he had really gone, I crept to the window.
281	303	0.456	Maman demandait à mon père s’il avait trouvé la langouste bonne et si M. Swann avait repris de la glace au café et à la pistache.	Mamma was asking my father if he had thought the lobster good, and whether M. Swann had had some of the coffee-and-pistachio ice.
282	304	0.324	«Je l’ai trouvée bien quelconque, dit ma mère; je crois que la prochaine fois il faudra essayer d’un autre parfum.»	"""I thought it rather so-so,"" she was saying; ""next time we shall have to try another flavour."""
283	305-306	0.341	«Je ne peux pas dire comme je trouve que Swann change, dit ma grand’tante, il est d’un vieux!»	"""I can't tell you,"" said my great-aunt, ""what a change I find in Swann. He is quite antiquated!"""
284	307	0.388	Ma grand’tante avait tellement l’habitude de voir toujours en Swann un même adolescent, qu’elle s’étonnait de le trouver tout à coup moins jeune que l’âge qu’elle continuait à lui donner.	She had grown so accustomed to seeing Swann always in the same stage of adolescence that it was a shock to her to find him suddenly less young than the age she still attributed to him.
285	308	0.339	Et mes parents du reste commençaient à lui trouver cette vieillesse anormale, excessive, honteuse et méritée des célibataires, de tous ceux pour qui il semble que le grand jour qui n’a pas de lendemain soit plus long que pour les autres, parce que pour eux il est vide et que les moments s’y additionnent depuis le matin sans se diviser ensuite entre des enfants.	And the others too were beginning to remark in Swann that abnormal, excessive, scandalous senescence, meet only in a celibate, in one of that class for whom it seems that the great day which knows no morrow must be longer than for other men, since for such a one it is void of promise, and from its dawn the moments steadily accumulate without any subsequent partition among his offspring.
286	309	0.579	«Je crois qu’il a beaucoup de soucis avec sa coquine de femme qui vit au su de tout Combray avec un certain monsieur de Charlus.	"""I fancy he has a lot of trouble with that wretched wife of his, who 'lives' with a certain Monsieur de Charlus, as all Combray knows."
287	310	0.614	C’est la fable de la ville.»	"It's the talk of the town."""
288	311	0.595	Ma mère fit remarquer qu’il avait pourtant l’air bien moins triste depuis quelque temps.	My mother observed that, in spite of this, he had looked much less unhappy of late.
289	312	0.601	«Il fait aussi moins souvent ce geste qu’il a tout à fait comme son père de s’essuyer les yeux et de se passer la main sur le front.	"""And he doesn't nearly so often do that trick of his, so like his father, of wiping his eyes and passing his hand across his forehead."
290	313	0.338	Moi je crois qu’au fond il n’aime plus cette femme.»	"I think myself that in his heart of hearts he doesn't love his wife any more."""
291	314	0.315	«Mais naturellement il ne l’aime plus, répondit mon grand-père.	"""Why, of course he doesn't,"" answered my grandfather."
292	315	0.390	J’ai reçu de lui il y a déjà longtemps une lettre à ce sujet, à laquelle je me suis empressé de ne pas me conformer, et qui ne laisse aucun doute sur ses sentiments au moins d’amour, pour sa femme.	"""He wrote me a letter about it, ages ago, to which I took care to pay no attention, but it left no doubt as to his feelings, let alone his love for his wife."
293	316	0.335	Hé bien! vous voyez, vous ne l’avez pas remercié pour l’Asti», ajouta mon grand-père en se tournant vers ses deux belles-sœurs.	"Hullo! you two; you never thanked him for the Asti!"" he went on, turning to his sisters-in-law."
294	317-318	0.308	«Comment, nous ne l’avons pas remercié? je crois, entre nous, que je lui ai même tourné cela assez délicatement», répondit ma tante Flora.	"""What! we never thanked him? I think, between you and me, that I put it to him quite neatly,"" replied my aunt Flora."
295	319	0.362	«Oui, tu as très bien arrangé cela: je t’ai admirée», dit ma tante Céline.	"""Yes, you managed it very well; I admired you for it,"" said my aunt Céline."
296	320	0.367	«Mais toi tu as été très bien aussi.»	"""But you did it very prettily, too."""
297	321	0.374	«Oui j’étais assez fière de ma phrase sur les voisins aimables.»	"""Yes; I liked my expression about 'nice neighbours.'"""
298	322-323	0.414	«Comment, c’est cela que vous appelez remercier! s’écria mon grand-père.	"""What! Do you call that thanking him?"" shouted my grandfather."
299	324	0.543	J’ai bien entendu cela, mais du diable si j’ai cru que c’était pour Swann.	"""I heard that all right, but devil take me if I guessed it was meant for Swann."
300	325	0.411	Vous pouvez être sûres qu’il n’a rien compris.»	"You may be quite sure he never noticed it."""
301	326-327	0.275	«Mais voyons, Swann n’est pas bête, je suis certaine qu’il a apprécié.	"""Come, come; Swann is not a fool. I am positive he appreciated the compliment."
302	328	0.388	Je ne pouvais cependant pas lui dire le nombre de bouteilles et le prix du vin!»	"You didn't expect me to tell him the number of bottles, or to guess what he paid for them."""
303	329	0.557	Mon père et ma mère restèrent seuls, et s’assirent un instant; puis mon père dit: «Hé bien! si tu veux, nous allons monter nous coucher.»	"My father and mother were left alone and sat down for a moment; then my father said: ""Well, shall we go up to bed?"""
304	330-332	0.474	«Si tu veux, mon ami, bien que je n’aie pas l’ombre de sommeil; ce n’est pas cette glace au café si anodine qui a pu pourtant me tenir si éveillée; mais j’aperçois de la lumière dans l’office et puisque la pauvre Françoise m’a attendue, je vais lui demander de dégrafer mon corsage pendant que tu vas te déshabiller.»	"""As you wish, dear, though I don't feel in the least like sleeping. I don't know why; it can't be the coffee-ice — it wasn't strong enough to keep me awake like this. But I see a light in the servants' hall: poor Françoise has been sitting up for me, so I will get her to unhook me while you go and undress."""
305	333	0.491	Et ma mère ouvrit la porte treillagée du vestibule qui donnait sur l’escalier.	My mother opened the latticed door which led from the hall to the staircase.
306	334	0.377	Bientôt, je l’entendis qui montait fermer sa fenêtre.	Presently I heard her coming upstairs to close her window.
307	335	0.663	J’allai sans bruit dans le couloir; mon cœur battait si fort que j’avais de la peine à avancer, mais du moins il ne battait plus d’anxiété, mais d’épouvante et de joie.	I went quietly into the passage; my heart was beating so violently that I could hardly move, but at least it was throbbing no longer with anxiety, but with terror and with joy.
308	336	0.441	Je vis dans la cage de l’escalier la lumière projetée par la bougie de maman.	I saw in the well of the stair a light coming upwards, from Mamma's candle.
309	337	0.372	Puis je la vis elle-même; je m’élançai.	Then I saw Mamma herself: I threw myself upon her.
310	338	0.434	À la première seconde, elle me regarda avec étonnement, ne comprenant pas ce qui était arrivé.	For an instant she looked at me in astonishment, not realising what could have happened.
311	339-340	0.290	Puis sa figure prit une expression de colère, elle ne me disait même pas un mot, et en effet pour bien moins que cela on ne m’adressait plus la parole pendant plusieurs jours.	Then her face assumed an expression of anger. She said not a single word to me; and, for that matter, I used to go for days on end without being spoken to, for far less offences than this.
312	341	0.346	Si maman m’avait dit un mot, ç’aurait été admettre qu’on pouvait me reparler et d’ailleurs cela peut-être m’eût paru plus terrible encore, comme un signe que devant la gravité du châtiment qui allait se préparer, le silence, la brouille, eussent été puérils.	A single word from Mamma would have been an admission that further intercourse with me was within the bounds of possibility, and that might perhaps have appeared to me more terrible still, as indicating that, with such a punishment as was in store for me, mere silence, and even anger, were relatively puerile.
313	342	0.357	Une parole c’eût été le calme avec lequel on répond à un domestique quand on vient de décider de le renvoyer; le baiser qu’on donne à un fils qu’on envoie s’engager alors qu’on le lui aurait refusé si on devait se contenter d’être fâché deux jours avec lui.	A word from her then would have implied the false calm in which one converses with a servant to whom one has just decided to give notice; the kiss one bestows on a son who is being packed off to enlist, which would have been denied him if it had merely been a matter of being angry with him for a few days.
314	343-344	0.420	Mais elle entendit mon père qui montait du cabinet de toilette où il était allé se déshabiller et pour éviter la scène qu’il me ferait, elle me dit d’une voix entrecoupée par la colère: «Sauve-toi, sauve-toi, qu’au moins ton père ne t’ait vu ainsi attendant comme un fou!»	"But she heard my father coming from the dressing-room, where he had gone to take off his clothes, and, to avoid the 'scene' which he would make if he saw me, she said, in a voice half-stifled by her anger: ""Run away at once. Don't let your father see you standing there like a crazy jane!"""
315	345	0.470	Mais je lui répétais: «Viens me dire bonsoir», terrifié en voyant que le reflet de la bougie de mon père s’élevait déjà sur le mur, mais aussi usant de son approche comme d’un moyen de chantage et espérant que maman, pour éviter que mon père me trouvât encore là si elle continuait à refuser, allait me dire: «Rentre dans ta chambre, je vais venir.»	"But I begged her again to ""Come and say good night to me!"" terrified as I saw the light from my father's candle already creeping up the wall, but also making use of his approach as a means of blackmail, in the hope that my mother, not wishing him to find me there, as find me he must if she continued to hold out, would give in to me, and say: ""Go back to your room."
316	346-347	0.421	Il était trop tard, mon père était devant nous.	"I will come."" Too late: my father was upon us."
317	348	0.438	Sans le vouloir, je murmurai ces mots que personne n’entendit: «Je suis perdu!»	"Instinctively I murmured, though no one heard me, ""I am done for!"""
318	349	0.275	Il n’en fut pas ainsi.	I was not, however.
319	350	0.405	Mon père me refusait constamment des permissions qui m’avaient été consenties dans les pactes plus larges octroyés par ma mère et ma grand’mère parce qu’il ne se souciait pas des «principes» et qu’il n’y avait pas avec lui de «Droit des gens».	My father used constantly to refuse to let me do things which were quite clearly allowed by the more liberal charters granted me by my mother and grandmother, because he paid no heed to 'Principles,' and because in his sight there were no such things as 'Rights of Man.'
320	351	0.386	Pour une raison toute contingente, ou même sans raison, il me supprimait au dernier moment telle promenade si habituelle, si consacrée, qu’on ne pouvait m’en priver sans parjure, ou bien, comme il avait encore fait ce soir, longtemps avant l’heure rituelle, il me disait: «Allons, monte te coucher, pas d’explication!»	"For some quite irrelevant reason, or for no reason at all, he would at the last moment prevent me from taking some particular walk, one so regular and so consecrated to my use that to deprive me of it was a clear breach of faith; or again, as he had done this evening, long before the appointed hour he would snap out: ""Run along up to bed now; no excuses!"""
321	352	0.368	Mais aussi, parce qu’il n’avait pas de principes (dans le sens de ma grand’mère), il n’avait pas à proprement parler d’intransigeance.	But then again, simply because he was devoid of principles (in my grandmother's sense), so he could not, properly speaking, be called inexorable.
322	353-354	0.441	Il me regarda un instant d’un air étonné et fâché, puis dès que maman lui eut expliqué en quelques mots embarrassés ce qui était arrivé, il lui dit: «Mais va donc avec lui, puisque tu disais justement que tu n’as pas envie de dormir, reste un peu dans sa chambre, moi je n’ai besoin de rien.»	"He looked at me for a moment with an air of annoyance and surprise, and then when Mamma had told him, not without some embarrassment, what had happened, said to her: ""Go along with him, then; you said just now that you didn't feel like sleep, so stay in his room for a little. I don't need anything."""
323	355	0.304	«Mais, mon ami, répondit timidement ma mère, que j’aie envie ou non de dormir, ne change rien à la chose, on ne peut pas habituer cet enfant…»	"""But dear,"" my mother answered timidly, ""whether or not I feel like sleep is not the point; we must not make the child accustomed…"""
324	356-357	0.354	«Mais il ne s’agit pas d’habituer, dit mon père en haussant les épaules, tu vois bien que ce petit a du chagrin, il a l’air désolé, cet enfant; voyons, nous ne sommes pas des bourreaux!	"""There's no question of making him accustomed,"" said my father, with a shrug of the shoulders; ""you can see quite well that the child is unhappy. After all, we aren't gaolers."
325	358	0.381	Quand tu l’auras rendu malade, tu seras bien avancée!	You'll end by making him ill, and a lot of good that will do.
326	359	0.611	Puisqu’il y a deux lits dans sa chambre, dis donc à Françoise de te préparer le grand lit et couche pour cette nuit auprès de lui.	There are two beds in his room; tell Françoise to make up the big one for you, and stay beside him for the rest of the night.
327	360-361	0.477	Allons, bonsoir, moi qui ne suis pas si nerveux que vous, je vais me coucher.»	"I'm off to bed, anyhow; I'm not nervous like you. Good night."""
328	362	0.673	On ne pouvait pas remercier mon père; on l’eût agacé par ce qu’il appelait des sensibleries.	It was impossible for me to thank my father; what he called my sentimentality would have exasperated him.
329	363	0.665	Je restai sans oser faire un mouvement; il était encore devant nous, grand, dans sa robe de nuit blanche sous le cachemire de l’Inde violet et rose qu’il nouait autour de sa tête depuis qu’il avait des névralgies, avec le geste d’Abraham dans la gravure d’après Benozzo Gozzoli que m’avait donnée M. Swann, disant à Sarah qu’elle a à se départir du côté d’Isaac.	I stood there, not daring to move; he was still confronting us, an immense figure in his white nightshirt, crowned with the pink and violet scarf of Indian cashmere in which, since he had begun to suffer from neuralgia, he used to tie up his head, standing like Abraham in the engraving after Benozzo Gozzoli which M. Swann had given me, telling Sarah that she must tear herself away from Isaac.
330	364	0.476	Il y a bien des années de cela.	Many years have passed since that night.
331	365	0.468	La muraille de l’escalier, où je vis monter le reflet de sa bougie n’existe plus depuis longtemps.	The wall of the staircase, up which I had watched the light of his candle gradually climb, was long ago demolished.
332	366	0.564	En moi aussi bien des choses ont été détruites que je croyais devoir durer toujours et de nouvelles se sont édifiées donnant naissance à des peines et à des joies nouvelles que je n’aurais pu prévoir alors, de même que les anciennes me sont devenues difficiles à comprendre.	And in myself, too, many things have perished which, I imagined, would last for ever, and new structures have arisen, giving birth to new sorrows and new joys which in those days I could not have foreseen, just as now the old are difficult of comprehension.
333	367	0.565	Il y a bien longtemps aussi que mon père a cessé de pouvoir dire à maman: «Va avec le petit.»	"It is a long time, too, since my father has been able to tell Mamma to ""Go with the child."""
334	368	0.479	La possibilité de telles heures ne renaîtra jamais pour moi.	Never again will such hours be possible for me.
335	369	0.459	Mais depuis peu de temps, je recommence à très bien percevoir si je prête l’oreille, les sanglots que j’eus la force de contenir devant mon père et qui n’éclatèrent que quand je me retrouvai seul avec maman.	But of late I have been increasingly able to catch, if I listen attentively, the sound of the sobs which I had the strength to control in my father's presence, and which broke out only when I found myself alone with Mamma.
336	370	0.466	En réalité ils n’ont jamais cessé; et c’est seulement parce que la vie se tait maintenant davantage autour de moi que je les entends de nouveau, comme ces cloches de couvents que couvrent si bien les bruits de la ville pendant le jour qu’on les croirait arrêtées mais qui se remettent à sonner dans le silence du soir.	Actually, their echo has never ceased: it is only because life is now growing more and more quiet round about me that I hear them afresh, like those convent bells which are so effectively drowned during the day by the noises of the streets that one would suppose them to have been stopped for ever, until they sound out again through the silent evening air.
337	371	0.387	Maman passa cette nuit-là dans ma chambre; au moment où je venais de commettre une faute telle que je m’attendais à être obligé de quitter la maison, mes parents m’accordaient plus que je n’eusse jamais obtenu d’eux comme récompense d’une belle action.	Mamma spent that night in my room: when I had just committed a sin so deadly that I was waiting to be banished from the household, my parents gave me a far greater concession than I should ever have won as the reward of a good action.
338	372	0.318	Même à l’heure où elle se manifestait par cette grâce, la conduite de mon père à mon égard gardait ce quelque chose d’arbitraire et d’immérité qui la caractérisait et qui tenait à ce que généralement elle résultait plutôt de convenances fortuites que d’un plan prémédité.	Even at the moment when it manifested itself in this crowning mercy, my father's conduct towards me was still somewhat arbitrary, and regardless of my deserts, as was characteristic of him and due to the fact that his actions were generally dictated by chance expediencies rather than based on any formal plan.
339	373	0.364	Peut-être même que ce que j’appelais sa sévérité, quand il m’envoyait me coucher, méritait moins ce nom que celle de ma mère ou ma grand’mère, car sa nature, plus différente en certains points de la mienne que n’était la leur, n’avait probablement pas deviné jusqu’ici combien j’étais malheureux tous les soirs, ce que ma mère et ma grand’mère savaient bien; mais elles m’aimaient assez pour ne pas consentir à m’épargner de la souffrance, elles voulaient m’apprendre à la dominer afin de diminuer ma sensibilité nerveuse et fortifier ma volonté.	And perhaps even what I called his strictness, when he sent me off to bed, deserved that title less, really, than my mother's or grandmother's attitude, for his nature, which in some respects differed more than theirs from my own, had probably prevented him from guessing, until then, how wretched I was every evening, a thing which my mother and grandmother knew well; but they loved me enough to be unwilling to spare me that suffering, which they hoped to teach me to overcome, so as to reduce my nervous sensibility and to strengthen my will.
340	374	0.280	Pour mon père, dont l’affection pour moi était d’une autre sorte, je ne sais pas s’il aurait eu ce courage: pour une fois où il venait de comprendre que j’avais du chagrin, il avait dit à ma mère: «Va donc le consoler.»	"As for my father, whose affection for me was of another kind, I doubt if he would have shewn so much courage, for as soon as he had grasped the fact that I was unhappy he had said to my mother: ""Go and comfort him."""
341	375-376	0.380	Maman resta cette nuit-là dans ma chambre et, comme pour ne gâter d’aucun remords ces heures si différentes de ce que j’avais eu le droit d’espérer, quand Françoise, comprenant qu’il se passait quelque chose d’extraordinaire en voyant maman assise près de moi, qui me tenait la main et me laissait pleurer sans me gronder, lui demanda: «Mais Madame, qu’a donc Monsieur à pleurer ainsi?» maman lui répondit: «Mais il ne sait pas lui-même, Françoise, il est énervé; préparez-moi vite le grand lit et montez vous coucher.»	"Mamma stayed all night in my room, and it seemed that she did not wish to mar by recrimination those hours, so different from anything that I had had a right to expect; for when Françoise (who guessed that something extraordinary must have happened when she saw Mamma sitting by my side, holding my hand and letting me cry unchecked) said to her: ""But, Madame, what is little Master crying for?"" she replied: ""Why, Françoise, he doesn't know himself: it is his nerves. Make up the big bed for me quickly and then go off to your own."""
342	377	0.494	Ainsi, pour la première fois, ma tristesse n’était plus considérée comme une faute punissable mais comme un mal involontaire qu’on venait de reconnaître officiellement, comme un état nerveux dont je n’étais pas responsable; j’avais le soulagement de n’avoir plus à mêler de scrupules à l’amertume de mes larmes, je pouvais pleurer sans péché.	And thus for the first time my unhappiness was regarded no longer as a fault for which I must be punished, but as an involuntary evil which had been officially recognised a nervous condition for which I was in no way responsible: I had the consolation that I need no longer mingle apprehensive scruples with the bitterness of my tears; I could weep henceforward without sin.
343	378	0.432	Je n’étais pas non plus médiocrement fier vis-à-vis de Françoise de ce retour des choses humaines, qui, une heure après que maman avait refusé de monter dans ma chambre et m’avait fait dédaigneusement répondre que je devrais dormir, m’élevait à la dignité de grande personne et m’avait fait atteindre tout d’un coup à une sorte de puberté du chagrin, d’émancipation des larmes.	I felt no small degree of pride, either, in Françoise's presence at this return to humane conditions which, not an hour after Mamma had refused to come up to my room and had sent the snubbing message that I was to go to sleep, raised me to the dignity of a grown-up person, brought me of a sudden to a sort of puberty of sorrow, to emancipation from tears.
344	379	0.505	J’aurais dû être heureux: je ne l’étais pas.	I ought then to have been happy; I was not.
345	380	0.455	Il me semblait que ma mère venait de me faire une première concession qui devait lui être douloureuse, que c’était une première abdication de sa part devant l’idéal qu’elle avait conçu pour moi, et que pour la première fois, elle, si courageuse, s’avouait vaincue.	It struck me that my mother had just made a first concession which must have been painful to her, that it was a first step down from the ideal she had formed for me, and that for the first time she, with all her courage, had to confess herself beaten.
346	381	0.412	Il me semblait que si je venais de remporter une victoire c’était contre elle, que j’avais réussi comme auraient pu faire la maladie, des chagrins, ou l’âge, à détendre sa volonté, à faire fléchir sa raison et que cette soirée commençait une ère, resterait comme une triste date.	It struck me that if I had just scored a victory it was over her; that I had succeeded, as sickness or sorrow or age might have succeeded, in relaxing her will, in altering her judgment; that this evening opened a new era, must remain a black date in the calendar.
347	382	0.528	Si j’avais osé maintenant, j’aurais dit à maman: «Non je ne veux pas, ne couche pas ici.»	"And if I had dared now, I should have said to Mamma: ""No, I don't want you; you mustn't sleep here."""
348	383	0.344	Mais je connaissais la sagesse pratique, réaliste comme on dirait aujourd’hui, qui tempérait en elle la nature ardemment idéaliste de ma grand’mère, et je savais que, maintenant que le mal était fait, elle aimerait mieux m’en laisser du moins goûter le plaisir calmant et ne pas déranger mon père.	But I was conscious of the practical wisdom, of what would be called nowadays the realism with which she tempered the ardent idealism of my grandmother's nature, and I knew that now the mischief was done she would prefer to let me enjoy the soothing pleasure of her company, and not to disturb my father again.
349	384	0.339	Certes, le beau visage de ma mère brillait encore de jeunesse ce soir-là où elle me tenait si doucement les mains et cherchait à arrêter mes larmes; mais justement il me semblait que cela n’aurait pas dû être, sa colère eût été moins triste pour moi que cette douceur nouvelle que n’avait pas connue mon enfance; il me semblait que je venais d’une main impie et secrète de tracer dans son âme une première ride et d’y faire apparaître un premier cheveu blanc.	Certainly my mother's beautiful features seemed to shine again with youth that evening, as she sat gently holding my hands and trying to check my tears; but, just for that reason, it seemed to me that this should not have happened; her anger would have been less difficult to endure than this new kindness which my childhood had not known; I felt that I had with an impious and secret finger traced a first wrinkle upon her soul and made the first white hair shew upon her head.
350	385	0.321	Cette pensée redoubla mes sanglots et alors je vis maman, qui jamais ne se laissait aller à aucun attendrissement avec moi, être tout d’un coup gagnée par le mien et essayer de retenir une envie de pleurer.	This thought redoubled my sobs, and then I saw that Mamma, who had never allowed herself to go to any length of tenderness with me, was suddenly overcome by my tears and had to struggle to keep back her own.
351	386	0.379	Comme elle sentit que je m’en étais aperçu, elle me dit en riant: «Voilà mon petit jaunet, mon petit serin, qui va rendre sa maman aussi bêtasse que lui, pour peu que cela continue.	"Then, as she saw that I had noticed this, she said to me, with a smile: ""Why, my little buttercup, my little canary-boy, he's going to make Mamma as silly as himself if this goes on."
352	387	0.474	Voyons, puisque tu n’as pas sommeil ni ta maman non plus, ne restons pas à nous énerver, faisons quelque chose, prenons un de tes livres.»	"Look, since you can't sleep, and Mamma can't either, we mustn't go on in this stupid way; we must do something; I'll get one of your books."""
353	388	0.546	Mais je n’en avais pas là.	But I had none there.
354	389	0.399	«Est-ce que tu aurais moins de plaisir si je sortais déjà les livres que ta grand’mère doit te donner pour ta fête?	"""Would you like me to get out the books now that your grandmother is going to give you for your birthday?"
355	390	0.282	Pense bien: tu ne seras pas déçu de ne rien avoir après-demain?»	"Just think it over first, and don't be disappointed if there is nothing new for you then."""
356	391	0.634	J’étais au contraire enchanté et maman alla chercher un paquet de livres dont je ne pus deviner, à travers le papier qui les enveloppait, que la taille courte et large, mais qui, sous ce premier aspect, pourtant sommaire et voilé, éclipsaient déjà la boîte à couleurs du Jour de l’An et les vers à soie de l’an dernier.	I was only too delighted, and Mamma went to find a parcel of books in which I could not distinguish, through the paper in which it was wrapped, any more than its squareness and size, but which, even at this first glimpse, brief and obscure as it was, bade fair to eclipse already the paint-box of last New Year's Day and the silkworms of the year before.
357	392	0.546	C’était la Mare au Diable, François le Champi, la Petite Fadette et les Maîtres Sonneurs.	It contained _La Mare au Diable_, _François le Champi_, _La Petite Fadette_, and _Les Maîtres Sonneurs_.
358	393	0.492	Ma grand’mère, ai-je su depuis, avait d’abord choisi les poésies de Musset, un volume de Rousseau et Indiana; car si elle jugeait les lectures futiles aussi malsaines que les bonbons et les pâtisseries, elles ne pensait pas que les grands souffles du génie eussent sur l’esprit même d’un enfant une influence plus dangereuse et moins vivifiante que sur son corps le grand air et le vent du large.	My grandmother, as I learned afterwards, had at first chosen Mussel's poems, a volume of Rousseau, and _Indiana_; for while she considered light reading as unwholesome as sweets and cakes, she did not reflect that the strong breath of genius must have upon the very soul of a child an influence at once more dangerous and less quickening than those of fresh air and country breezes upon his body.
359	394	0.450	Mais mon père l’ayant presque traitée de folle en apprenant les livres qu’elle voulait me donner, elle était retournée elle-même à Jouy-le-Vicomte chez le libraire pour que je ne risquasse pas de ne pas avoir mon cadeau (c’était un jour brûlant et elle était rentrée si souffrante que le médecin avait averti ma mère de ne pas la laisser se fatiguer ainsi) et elle s’était rabattue sur les quatre romans champêtres de George Sand.	But when my father had seemed almost to regard her as insane on learning the names of the books she proposed to give me, she had journeyed back by herself to Jouy-le-Vicomte to the bookseller's, so that there should be no fear of my not having my present in time (it was a burning hot day, and she had come home so unwell that the doctor had warned my mother not to allow her again to tire herself in that way), and had there fallen back upon the four pastoral novels of George Sand.
360	395	0.447	«Ma fille, disait-elle à maman, je ne pourrais me décider à donner à cet enfant quelque chose de mal écrit.»	"""My dear,"" she had said to Mamma, ""I could not allow myself to give the child anything that was not well written."""
361	396	0.497	En réalité, elle ne se résignait jamais à rien acheter dont on ne pût tirer un profit intellectuel, et surtout celui que nous procurent les belles choses en nous apprenant à chercher notre plaisir ailleurs que dans les satisfactions du bien-être et de la vanité.	The truth was that she could never make up her mind to purchase anything from which no intellectual profit was to be derived, and, above all, that profit which good things bestowed on us by teaching us to seek our pleasures elsewhere than in the barren satisfaction of worldly wealth.
362	397	0.431	Même quand elle avait à faire à quelqu’un un cadeau dit utile, quand elle avait à donner un fauteuil, des couverts, une canne, elle les cherchait «anciens», comme si leur longue désuétude ayant effacé leur caractère d’utilité, ils paraissaient plutôt disposés pour nous raconter la vie des hommes d’autrefois que pour servir aux besoins de la nôtre.	Even when she had to make some one a present of the kind called 'useful,' when she had to give an armchair or some table-silver or a walking-stick, she would choose 'antiques,' as though their long desuetude had effaced from them any semblance of utility and fitted them rather to instruct us in the lives of the men of other days than to serve the common requirements of our own.
363	398	0.468	Elle eût aimé que j’eusse dans ma chambre des photographies des monuments ou des paysages les plus beaux.	She would have liked me to have in my room photographs of ancient buildings or of beautiful places.
364	399	0.431	Mais au moment d’en faire l’emplette, et bien que la chose représentée eût une valeur esthétique, elle trouvait que la vulgarité, l’utilité reprenaient trop vite leur place dans le mode mécanique de représentation, la photographie.	But at the moment of buying them, and for all that the subject of the picture had an aesthetic value of its own, she would find that vulgarity and utility had too prominent a part in them, through the mechanical nature of their reproduction by photography.
365	400	0.464	Elle essayait de ruser et sinon d’éliminer entièrement la banalité commerciale, du moins de la réduire, d’y substituer pour la plus grande partie de l’art encore, d’y introduire comme plusieurs «épaisseurs» d’art: au lieu de photographies de la Cathédrale de Chartres, des Grandes Eaux de Saint-Cloud, du Vésuve, elle se renseignait auprès de Swann si quelque grand peintre ne les avait pas représentés, et préférait me donner des photographies de la Cathédrale de Chartres par Corot, des Grandes Eaux de Saint-Cloud par Hubert Robert, du Vésuve par Turner, ce qui faisait un degré d’art de plus.	She attempted by a subterfuge, if not to eliminate altogether their commercial banality, at least to minimise it, to substitute for the bulk of it what was art still, to introduce, as it might be, several 'thicknesses' of art; instead of photographs of Chartres Cathedral, of the Fountains of Saint-Cloud, or of Vesuvius she would inquire of Swann whether some great painter had not made pictures of them, and preferred to give me photographs of 'Chartres Cathedral' after Corot, of the 'Fountains of Saint-Cloud' after Hubert Robert, and of 'Vesuvius' after Turner, which were a stage higher in the scale of art.
366	401	0.412	Mais si le photographe avait été écarté de la représentation du chef-d’œuvre ou de la nature et remplacé par un grand artiste, il reprenait ses droits pour reproduire cette interprétation même.	But although the photographer had been prevented from reproducing directly the masterpieces or the beauties of nature, and had there been replaced by a great artist, he resumed his odious position when it came to reproducing the artist's interpretation.
367	402	0.232	Arrivée à l’échéance de la vulgarité, ma grand’mère tâchait de la reculer encore.	Accordingly, having to reckon again with vulgarity, my grandmother would endeavour to postpone the moment of contact still further.
368	403	0.621	Elle demandait à Swann si l’œuvre n’avait pas été gravée, préférant, quand c’était possible, des gravures anciennes et ayant encore un intérêt au delà d’elles-mêmes, par exemple celles qui représentent un chef-d’œuvre dans un état où nous ne pouvons plus le voir aujourd’hui (comme la gravure de la Cène de Léonard avant sa dégradation, par Morgan).	She would ask Swann if the picture had not been engraved, preferring, when possible, old engravings with some interest of association apart from themselves, such, for example, as shew us a masterpiece in a state in which we can no longer see it to-day, as Morghen's print of the 'Cenacolo' of Leonardo before it was spoiled by restoration.
369	404	0.520	Il faut dire que les résultats de cette manière de comprendre l’art de faire un cadeau ne furent pas toujours très brillants.	It must be admitted that the results of this method of interpreting the art of making presents were not always happy.
370	405	0.612	L’idée que je pris de Venise d’après un dessin du Titien qui est censé avoir pour fond la lagune, était certainement beaucoup moins exacte que celle que m’eussent donnée de simples photographies.	The idea which I formed of Venice, from a drawing by Titian which is supposed to have the lagoon in the background, was certainly far less accurate than what I have since derived from ordinary photographs.
371	406	0.387	On ne pouvait plus faire le compte à la maison, quand ma grand’tante voulait dresser un réquisitoire contre ma grand’mère, des fauteuils offerts par elle à de jeunes fiancés ou à de vieux époux, qui, à la première tentative qu’on avait faite pour s’en servir, s’étaient immédiatement effondrés sous le poids d’un des destinataires.	We could no longer keep count in the family (when my great-aunt tried to frame an indictment of my grandmother) of all the armchairs she had presented to married couples, young and old, which on a first attempt to sit down upon them had at once collapsed beneath the weight of their recipient.
372	407	0.428	Mais ma grand’mère aurait cru mesquin de trop s’occuper de la solidité d’une boiserie où se distinguaient encore une fleurette, un sourire, quelquefois une belle imagination du passé.	But my grandmother would have thought it sordid to concern herself too closely with the solidity of any piece of furniture in which could still be discerned a flourish, a smile, a brave conceit of the past.
373	408	0.321	Même ce qui dans ces meubles répondait à un besoin, comme c’était d’une façon à laquelle nous ne sommes plus habitués, la charmait comme les vieilles manières de dire où nous voyons une métaphore, effacée, dans notre moderne langage, par l’usure de l’habitude.	And even what in such pieces supplied a material need, since it did so in a manner to which we are no longer accustomed, was as charming to her as one of those old forms of speech in which we can still see traces of a metaphor whose fine point has been worn away by the rough usage of our modern tongue.
374	409	0.307	Or, justement, les romans champêtres de George Sand qu’elle me donnait pour ma fête, étaient pleins ainsi qu’un mobilier ancien, d’expressions tombées en désuétude et redevenues imagées, comme on n’en trouve plus qu’à la campagne.	In precisely the same way the pastoral novels of George Sand, which she was giving me for my birthday, were regular lumber-rooms of antique furniture, full of expressions that have fallen out of use and returned as imagery, such as one finds now only in country dialects.
375	410	0.405	Et ma grand’mère les avait achetés de préférence à d’autres comme elle eût loué plus volontiers une propriété où il y aurait eu un pigeonnier gothique ou quelqu’une de ces vieilles choses qui exercent sur l’esprit une heureuse influence en lui donnant la nostalgie d’impossibles voyages dans le temps.	And my grandmother had bought them in preference to other books, just as she would have preferred to take a house that had a gothic dovecot, or some other such piece of antiquity as would have a pleasant effect on the mind, filling it with a nostalgic longing for impossible journeys through the realms of time.
376	411	0.518	Maman s’assit à côté de mon lit; elle avait pris François le Champi à qui sa couverture rougeâtre et son titre incompréhensible, donnaient pour moi une personnalité distincte et un attrait mystérieux.	Mamma sat down by my bed; she had chosen _François le Champi_, whose reddish cover and incomprehensible title gave it a distinct personality in my eyes and a mysterious attraction.
377	412	0.431	Je n’avais jamais lu encore de vrais romans.	I had not then read any real novels.
378	413	0.457	J’avais entendu dire que George Sand était le type du romancier.	I had heard it said that George Sand was a typical novelist.
379	414	0.450	Cela me disposait déjà à imaginer dans François le Champi quelque chose d’indéfinissable et de délicieux.	That prepared me in advance to imagine that _François le Champi_ contained something inexpressibly delicious.
380	415	0.395	Les procédés de narration destinés à exciter la curiosité ou l’attendrissement, certaines façons de dire qui éveillent l’inquiétude et la mélancolie, et qu’un lecteur un peu instruit reconnaît pour communs à beaucoup de romans, me paraissaient simples — à moi qui considérais un livre nouveau non comme une chose ayant beaucoup de semblables, mais comme une personne unique, n’ayant de raison d’exister qu’en soi, — une émanation troublante de l’essence particulière à François le Champi.	The course of the narrative, where it tended to arouse curiosity or melt to pity, certain modes of expression which disturb or sadden the reader, and which, with a little experience, he may recognise as 'common form' in novels, seemed to me then distinctive — for to me a new book was not one of a number of similar objects, but was like an individual man, unmatched, and with no cause of existence beyond himself — an intoxicating whiff of the peculiar essence of _François le Champi_.
381	416	0.313	Sous ces événements si journaliers, ces choses si communes, ces mots si courants, je sentais comme une intonation, une accentuation étrange.	Beneath the everyday incidents, the commonplace thoughts and hackneyed words, I could hear, or overhear, an intonation, a rhythmic utterance fine and strange.
382	417	0.412	L’action s’engagea; elle me parut d’autant plus obscure que dans ce temps-là, quand je lisais, je rêvassais souvent, pendant des pages entières, à tout autre chose.	The 'action' began: to me it seemed all the more obscure because in those days, when I read to myself, I used often, while I turned the pages, to dream of something quite different.
383	418	0.417	Et aux lacunes que cette distraction laissait dans le récit, s’ajoutait, quand c’était maman qui me lisait à haute voix, qu’elle passait toutes les scènes d’amour.	And to the gaps which this habit made in my knowledge of the story more were added by the fact that when it was Mamma who was reading to me aloud she left all the love-scenes out.
384	419	0.410	Aussi tous les changements bizarres qui se produisent dans l’attitude respective de la meunière et de l’enfant et qui ne trouvent leur explication que dans les progrès d’un amour naissant me paraissaient empreints d’un profond mystère dont je me figurais volontiers que la source devait être dans ce nom inconnu et si doux de «Champi» qui mettait sur l’enfant, qui le portait sans que je susse pourquoi, sa couleur vive, empourprée et charmante.	And so all the odd changes which take place in the relations between the miller's wife and the boy, changes which only the birth and growth of love can explain, seemed to me plunged and steeped in a mystery, the key to which (as I could readily believe) lay in that strange and pleasant-sounding name of _Champi_, which draped the boy who bore it, I knew not why, in its own bright colour, purpurate and charming.
385	420	0.368	Si ma mère était une lectrice infidèle c’était aussi, pour les ouvrages où elle trouvait l’accent d’un sentiment vrai, une lectrice admirable par le respect et la simplicité de l’interprétation, par la beauté et la douceur du son.	If my mother was not a faithful reader, she was, none the less, admirable when reading a work in which she found the note of true feeling by the respectful simplicity of her interpretation and by the sound of her sweet and gentle voice.
386	421	0.294	Même dans la vie, quand c’étaient des êtres et non des œuvres d’art qui excitaient ainsi son attendrissement ou son admiration, c’était touchant de voir avec quelle déférence elle écartait de sa voix, de son geste, de ses propos, tel éclat de gaîté qui eût pu faire mal à cette mère qui avait autrefois perdu un enfant, tel rappel de fête, d’anniversaire, qui aurait pu faire penser ce vieillard à son grand âge, tel propos de ménage qui aurait paru fastidieux à ce jeune savant.	It was the same in her daily life, when it was not works of art but men and women whom she was moved to pity or admire: it was touching to observe with what deference she would banish from her voice, her gestures, from her whole conversation, now the note of joy which might have distressed some mother who had long ago lost a child, now the recollection of an event or anniversary which might have reminded some old gentleman of the burden of his years, now the household topic which might have bored some young man of letters.
387	422	0.283	De même, quand elle lisait la prose de George Sand, qui respire toujours cette bonté, cette distinction morale que maman avait appris de ma grand’mère à tenir pour supérieures à tout dans la vie, et que je ne devais lui apprendre que bien plus tard à ne pas tenir également pour supérieures à tout dans les livres, attentive à bannir de sa voix toute petitesse, toute affectation qui eût pu empêcher le flot puissant d’y être reçu, elle fournissait toute la tendresse naturelle, toute l’ample douceur qu’elles réclamaient à ces phrases qui semblaient écrites pour sa voix et qui pour ainsi dire tenaient tout entières dans le registre de sa sensibilité.	And so, when she read aloud the prose of George Sand, prose which is everywhere redolent of that generosity and moral distinction which Mamma had learned from my grandmother to place above all other qualities in life, and which I was not to teach her until much later to refrain from placing, in the same way, above all other qualities in literature; taking pains to banish from her voice any weakness or affectation which might have blocked its channel for that powerful stream of language, she supplied all the natural tenderness, all the lavish sweetness which they demanded to phrases which seemed to have been composed for her voice, and which were all, so to speak, within her compass.
388	423	0.347	Elle retrouvait pour les attaquer dans le ton qu’il faut, l’accent cordial qui leur préexiste et les dicta, mais que les mots n’indiquent pas; grâce à lui elle amortissait au passage toute crudité dans les temps des verbes, donnait à l’imparfait et au passé défini la douceur qu’il y a dans la bonté, la mélancolie qu’il y a dans la tendresse, dirigeait la phrase qui finissait vers celle qui allait commencer, tantôt pressant, tantôt ralentissant la marche des syllabes pour les faire entrer, quoique leurs quantités fussent différentes, dans un rythme uniforme, elle insufflait à cette prose si commune une sorte de vie sentimentale et continue.	She came to them with the tone that they required, with the cordial accent which existed before they were, which dictated them, but which is not to be found in the words themselves, and by these means she smoothed away, as she read on, any harshness there might be or discordance in the tenses of verbs, endowing the imperfect and the preterite with all the sweetness which there is in generosity, all the melancholy which there is in love; guided the sentence that was drawing to an end towards that which was waiting to begin, now hastening, now slackening the pace of the syllables so as to bring them, despite their difference of quantity, into a uniform rhythm, and breathed into this quite ordinary prose a kind of life, continuous and full of feeling.
389	424	0.425	Mes remords étaient calmés, je me laissais aller à la douceur de cette nuit où j’avais ma mère auprès de moi.	My agony was soothed; I let myself be borne upon the current of this gentle night on which I had my mother by my side.
390	425	0.452	Je savais qu’une telle nuit ne pourrait se renouveler; que le plus grand désir que j’eusse au monde, garder ma mère dans ma chambre pendant ces tristes heures nocturnes, était trop en opposition avec les nécessités de la vie et le vœu de tous, pour que l’accomplissement qu’on lui avait accordé ce soir pût être autre chose que factice et exceptionnel.	I knew that such a night could not be repeated; that the strongest desire I had in the world, namely, to keep my mother in my room through the sad hours of darkness, ran too much counter to general requirements and to the wishes of others for such a concession as had been granted me this evening to be anything but a rare and casual exception.
391	426	0.221	Demain mes angoisses reprendraient et maman ne resterait pas là.	To-morrow night I should again be the victim of anguish and Mamma would not stay by my side.
392	427	0.348	Mais quand mes angoisses étaient calmées, je ne les comprenais plus; puis demain soir était encore lointain; je me disais que j’aurais le temps d’aviser, bien que ce temps-là ne pût m’apporter aucun pouvoir de plus, qu’il s’agissait de choses qui ne dépendaient pas de ma volonté et que seul me faisait paraître plus évitables l’intervalle qui les séparait encore de moi.	But when these storms of anguish grew calm I could no longer realise their existence; besides, tomorrow evening was still a long way off; I reminded myself that I should still have time to think about things, albeit that remission of time could bring me no access of power, albeit the coming event was in no way dependent upon the exercise of my will, and seemed not quite inevitable only because it was still separated from me by this short interval.
393	428	0.442	C’est ainsi que, pendant longtemps, quand, réveillé la nuit, je me ressouvenais de Combray, je n’en revis jamais que cette sorte de pan lumineux, découpé au milieu d’indistinctes ténèbres, pareil à ceux que l’embrasement d’un feu de Bengale ou quelque projection électrique éclairent et sectionnent dans un édifice dont les autres parties restent plongées dans la nuit: à la base assez large, le petit salon, la salle à manger, l’amorce de l’allée obscure par où arriverait M. Swann, l’auteur inconscient de mes tristesses, le vestibule où je m’acheminais vers la première marche de l’escalier, si cruel à monter, qui constituait à lui seul le tronc fort étroit de cette pyramide irrégulière; et, au faîte, ma chambre à coucher avec le petit couloir à porte vitrée pour l’entrée de maman; en un mot, toujours vu à la même heure, isolé de tout ce qu’il pouvait y avoir autour, se détachant seul sur l’obscurité, le décor strictement nécessaire (comme celui qu’on voit indiqué en tête des vieilles pièces pour les représentations en province), au drame de mon déshabillage; comme si Combray n’avait consisté qu’en deux étages reliés par un mince escalier, et comme s’il n’y avait jamais été que sept heures du soir.	And so it was that, for a long time afterwards, when I lay awake at night and revived old memories of Combray, I saw no more of it than this sort of luminous panel, sharply defined against a vague and shadowy background, like the panels which a Bengal fire or some electric sign will illuminate and dissect from the front of a building the other parts of which remain plunged in darkness: broad enough at its base, the little parlour, the dining-room, the alluring shadows of the path along which would come M. Swann, the unconscious author of my sufferings, the hall through which I would journey to the first step of that staircase, so hard to climb, which constituted, all by itself, the tapering 'elevation' of an irregular pyramid; and, at the summit, my bedroom, with the little passage through whose glazed door Mamma would enter; in a word, seen always at the same evening hour, isolated from all its possible surroundings, detached and solitary against its shadowy background, the bare minimum of scenery necessary (like the setting one sees printed at the head of an old play, for its performance in the provinces) to the drama of my undressing, as though all Combray had consisted of but two floors joined by a slender staircase, and as though there had been no time there but seven o'clock at night.
394	429	0.372	A vrai dire, j’aurais pu répondre à qui m’eût interrogé que Combray comprenait encore autre chose et existait à d’autres heures.	I must own that I could have assured any questioner that Combray did include other scenes and did exist at other hours than these.
395	430	0.384	Mais comme ce que je m’en serais rappelé m’eût été fourni seulement par la mémoire volontaire, la mémoire de l’intelligence, et comme les renseignements qu’elle donne sur le passé ne conservent rien de lui, je n’aurais jamais eu envie de songer à ce reste de Combray.	But since the facts which I should then have recalled would have been prompted only by an exercise of the will, by my intellectual memory, and since the pictures which that kind of memory shews us of the past preserve nothing of the past itself, I should never have had any wish to ponder over this residue of Combray.
396	431	0.403	Tout cela était en réalité mort pour moi.	To me it was in reality all dead.
397	432	0.523	Mort à jamais?	Permanently dead?
398	433	0.334	C’était possible.	Very possibly.
399	434	0.519	Il y a beaucoup de hasard en tout ceci, et un second hasard, celui de notre mort, souvent ne nous permet pas d’attendre longtemps les faveurs du premier.	There is a large element of hazard in these matters, and a second hazard, that of our own death, often prevents us from awaiting for any length of time the favours of the first.
400	435	0.618	Je trouve très raisonnable la croyance celtique que les âmes de ceux que nous avons perdus sont captives dans quelque être inférieur, dans une bête, un végétal, une chose inanimée, perdues en effet pour nous jusqu’au jour, qui pour beaucoup ne vient jamais, où nous nous trouvons passer près de l’arbre, entrer en possession de l’objet qui est leur prison.	I feel that there is much to be said for the Celtic belief that the souls of those whom we have lost are held captive in some inferior being, in an animal, in a plant, in some inanimate object, and so effectively lost to us until the day (which to many never comes) when we happen to pass by the tree or to obtain possession of the object which forms their prison.
401	436	0.491	Alors elles tressaillent, nous appellent, et sitôt que nous les avons reconnues, l’enchantement est brisé.	Then they start and tremble, they call us by our name, and as soon as we have recognised their voice the spell is broken.
402	437	0.428	Délivrées par nous, elles ont vaincu la mort et reviennent vivre avec nous.	We have delivered them: they have overcome death and return to share our life.
403	438	0.584	Il en est ainsi de notre passé.	And so it is with our own past.
404	439	0.496	C’est peine perdue que nous cherchions à l’évoquer, tous les efforts de notre intelligence sont inutiles.	It is a labour in vain to attempt to recapture it: all the efforts of our intellect must prove futile.
405	440	0.484	Il est caché hors de son domaine et de sa portée, en quelque objet matériel (en la sensation que nous donnerait cet objet matériel), que nous ne soupçonnons pas.	The past is hidden somewhere outside the realm, beyond the reach of intellect, in some material object (in the sensation which that material object will give us) which we do not suspect.
406	441	0.449	Cet objet, il dépend du hasard que nous le rencontrions avant de mourir, ou que nous ne le rencontrions pas.	And as for that object, it depends on chance whether we come upon it or not before we ourselves must die.
407	442	0.637	Il y avait déjà bien des années que, de Combray, tout ce qui n’était pas le théâtre et le drame de mon coucher, n’existait plus pour moi, quand un jour d’hiver, comme je rentrais à la maison, ma mère, voyant que j’avais froid, me proposa de me faire prendre, contre mon habitude, un peu de thé.	Many years had elapsed during which nothing of Combray, save what was comprised in the theatre and the drama of my going to bed there, had any existence for me, when one day in winter, as I came home, my mother, seeing that I was cold, offered me some tea, a thing I did not ordinarily take.
408	443	0.475	Je refusai d’abord et, je ne sais pourquoi, me ravisai.	I declined at first, and then, for no particular reason, changed my mind.
409	444	0.616	Elle envoya chercher un de ces gâteaux courts et dodus appelés Petites Madeleines qui semblent avoir été moulés dans la valve rainurée d’une coquille de Saint-Jacques.	She sent out for one of those short, plump little cakes called 'petites madeleines,' which look as though they had been moulded in the fluted scallop of a pilgrim's shell.
410	445	0.384	Et bientôt, machinalement, accablé par la morne journée et la perspective d’un triste lendemain, je portai à mes lèvres une cuillerée du thé où j’avais laissé s’amollir un morceau de madeleine.	And soon, mechanically, weary after a dull day with the prospect of a depressing morrow, I raised to my lips a spoonful of the tea in which I had soaked a morsel of the cake.
411	446	0.142	Mais à l’instant même où la gorgée mêlée des miettes du gâteau toucha mon palais, je tressaillis, attentif à ce qui se passait d’extraordinaire en moi.	No sooner had the warm liquid, and the crumbs with it, touched my palate than a shudder ran through my whole body, and I stopped, intent upon the extraordinary changes that were taking place.
412	447	0.276	Un plaisir délicieux m’avait envahi, isolé, sans la notion de sa cause.	An exquisite pleasure had invaded my senses, but individual, detached, with no suggestion of its origin.
413	448	0.365	Il m’avait aussitôt rendu les vicissitudes de la vie indifférentes, ses désastres inoffensifs, sa brièveté illusoire, de la même façon qu’opère l’amour, en me remplissant d’une essence précieuse: ou plutôt cette essence n’était pas en moi, elle était moi.	And at once the vicissitudes of life had become indifferent to me, its disasters innocuous, its brevity illusory — this new sensation having had on me the effect which love has of filling me with a precious essence; or rather this essence was not in me, it was myself.
414	449	0.436	J’avais cessé de me sentir médiocre, contingent, mortel.	I had ceased now to feel mediocre, accidental, mortal.
415	450	0.532	D’où avait pu me venir cette puissante joie?	Whence could it have come to me, this all-powerful joy?
416	451	0.523	Je sentais qu’elle était liée au goût du thé et du gâteau, mais qu’elle le dépassait infiniment, ne devait pas être de même nature.	I was conscious that it was connected with the taste of tea and cake, but that it infinitely transcended those savours, could not, indeed, be of the same nature as theirs.
417	452	0.453	D’où venait-elle?	Whence did it come?
418	453	0.350	Que signifiait-elle?	What did it signify?
419	454	0.160	Où l’appréhender?	How could I seize upon and define it?
420	455	0.654	Je bois une seconde gorgée où je ne trouve rien de plus que dans la première, une troisième qui m’apporte un peu moins que la seconde.	I drink a second mouthful, in which I find nothing more than in the first, a third, which gives me rather less than the second.
421	456	0.423	Il est temps que je m’arrête, la vertu du breuvage semble diminuer.	It is time to stop; the potion is losing its magic.
422	457	0.495	Il est clair que la vérité que je cherche n’est pas en lui, mais en moi.	It is plain that the object of my quest, the truth, lies not in the cup but in myself.
423	458	0.492	Il l’y a éveillée, mais ne la connaît pas, et ne peut que répéter indéfiniment, avec de moins en moins de force, ce même témoignage que je ne sais pas interpréter et que je veux au moins pouvoir lui redemander et retrouver intact, à ma disposition, tout à l’heure, pour un éclaircissement décisif.	The tea has called up in me, but does not itself understand, and can only repeat indefinitely with a gradual loss of strength, the same testimony; which I, too, cannot interpret, though I hope at least to be able to call upon the tea for it again and to find it there presently, intact and at my disposal, for my final enlightenment.
424	459	0.499	Je pose la tasse et me tourne vers mon esprit.	I put down my cup and examine my own mind.
425	460	0.693	C’est à lui de trouver la vérité.	It is for it to discover the truth.
426	461	0.567	Mais comment?	But how?
427	462	0.609	Grave incertitude, toutes les fois que l’esprit se sent dépassé par lui-même; quand lui, le chercheur, est tout ensemble le pays obscur où il doit chercher et où tout son bagage ne lui sera de rien.	What an abyss of uncertainty whenever the mind feels that some part of it has strayed beyond its own borders; when it, the seeker, is at once the dark region through which it must go seeking, where all its equipment will avail it nothing.
428	463-464	0.449	Chercher? pas seulement: créer.	Seek? More than that: create.
429	465	0.346	Il est en face de quelque chose qui n’est pas encore et que seul il peut réaliser, puis faire entrer dans sa lumière.	It is face to face with something which does not so far exist, to which it alone can give reality and substance, which it alone can bring into the light of day.
430	466	0.438	Et je recommence à me demander quel pouvait être cet état inconnu, qui n’apportait aucune preuve logique, mais l’évidence de sa félicité, de sa réalité devant laquelle les autres s’évanouissaient.	And I begin again to ask myself what it could have been, this unremembered state which brought with it no logical proof of its existence, but only the sense that it was a happy, that it was a real state in whose presence other states of consciousness melted and vanished.
431	467	0.415	Je veux essayer de le faire réapparaître.	I decide to attempt to make it reappear.
432	468	0.578	Je rétrograde par la pensée au moment où je pris la première cuillerée de thé.	I retrace my thoughts to the moment at which I drank the first spoonful of tea.
433	469	0.414	Je retrouve le même état, sans une clarté nouvelle.	I find again the same state, illumined by no fresh light.
434	470	0.422	Je demande à mon esprit un effort de plus, de ramener encore une fois la sensation qui s’enfuit.	I compel my mind to make one further effort, to follow and recapture once again the fleeting sensation.
435	471	0.407	Et pour que rien ne brise l’élan dont il va tâcher de la ressaisir, j’écarte tout obstacle, toute idée étrangère, j’abrite mes oreilles et mon attention contre les bruits de la chambre voisine.	And that nothing may interrupt it in its course I shut out every obstacle, every extraneous idea, I stop my ears and inhibit all attention to the sounds which come from the next room.
436	472	0.276	Mais sentant mon esprit qui se fatigue sans réussir, je le force au contraire à prendre cette distraction que je lui refusais, à penser à autre chose, à se refaire avant une tentative suprême.	And then, feeling that my mind is growing fatigued without having any success to report, I compel it for a change to enjoy that distraction which I have just denied it, to think of other things, to rest and refresh itself before the supreme attempt.
437	473-474	0.317	Puis une deuxième fois, je fais le vide devant lui, je remets en face de lui la saveur encore récente de cette première gorgée et je sens tressaillir en moi quelque chose qui se déplace, voudrait s’élever, quelque chose qu’on aurait désancré, à une grande profondeur; je ne sais ce que c’est, mais cela monte lentement; j’éprouve la résistance et j’entends la rumeur des distances traversées.	And then for the second time I clear an empty space in front of it. I place in position before my mind's eye the still recent taste of that first mouthful, and I feel something start within me, something that leaves its resting-place and attempts to rise, something that has been embedded like an anchor at a great depth; I do not know yet what it is, but I can feel it mounting slowly; I can measure the resistance, I can hear the echo of great spaces traversed.
438	475	0.404	Certes, ce qui palpite ainsi au fond de moi, ce doit être l’image, le souvenir visuel, qui, lié à cette saveur, tente de la suivre jusqu’à moi.	Undoubtedly what is thus palpitating in the depths of my being must be the image, the visual memory which, being linked to that taste, has tried to follow it into my conscious mind.
439	476	0.419	Mais il se débat trop loin, trop confusément; à peine si je perçois le reflet neutre où se confond l’insaisissable tourbillon des couleurs remuées; mais je ne puis distinguer la forme, lui demander comme au seul interprète possible, de me traduire le témoignage de sa contemporaine, de son inséparable compagne, la saveur, lui demander de m’apprendre de quelle circonstance particulière, de quelle époque du passé il s’agit.	But its struggles are too far off, too much confused; scarcely can I perceive the colourless reflection in which are blended the uncapturable whirling medley of radiant hues, and I cannot distinguish its form, cannot invite it, as the one possible interpreter, to translate to me the evidence of its contemporary, its inseparable paramour, the taste of cake soaked in tea; cannot ask it to inform me what special circumstance is in question, of what period in my past life.
440	477	0.496	Arrivera-t-il jusqu’à la surface de ma claire conscience, ce souvenir, l’instant ancien que l’attraction d’un instant identique est venue de si loin solliciter, émouvoir, soulever tout au fond de moi?	Will it ultimately reach the clear surface of my consciousness, this memory, this old, dead moment which the magnetism of an identical moment has travelled so far to importune, to disturb, to raise up out of the very depths of my being?
441	478	0.458	Je ne sais.	I cannot tell.
442	479	0.524	Maintenant je ne sens plus rien, il est arrêté, redescendu peut-être; qui sait s’il remontera jamais de sa nuit?	Now that I feel nothing, it has stopped, has perhaps gone down again into its darkness, from which who can say whether it will ever rise?
443	480	0.312	Dix fois il me faut recommencer, me pencher vers lui.	Ten times over I must essay the task, must lean down over the abyss.
444	481	0.493	Et chaque fois la lâcheté qui nous détourne de toute tâche difficile, de toute œuvre important, m’a conseillé de laisser cela, de boire mon thé en pensant simplement à mes ennuis d’aujourd’hui, à mes désirs de demain qui se laissent remâcher sans peine.	And each time the natural laziness which deters us from every difficult enterprise, every work of importance, has urged me to leave the thing alone, to drink my tea and to think merely of the worries of to-day and of my hopes for to-morrow, which let themselves be pondered over without effort or distress of mind.
445	482	0.362	Et tout d’un coup le souvenir m’est apparu.	And suddenly the memory returns.
446	483	0.498	Ce goût c’était celui du petit morceau de madeleine que le dimanche matin à Combray (parce que ce jour-là je ne sortais pas avant l’heure de la messe), quand j’allais lui dire bonjour dans sa chambre, ma tante Léonie m’offrait après l’avoir trempé dans son infusion de thé ou de tilleul.	The taste was that of the little crumb of madeleine which on Sunday mornings at Combray (because on those mornings I did not go out before church-time), when I went to say good day to her in her bedroom, my aunt Léonie used to give me, dipping it first in her own cup of real or of lime-flower tea.
447	484	0.194	La vue de la petite madeleine ne m’avait rien rappelé avant que je n’y eusse goûté; peut-être parce que, en ayant souvent aperçu depuis, sans en manger, sur les tablettes des pâtissiers, leur image avait quitté ces jours de Combray pour se lier à d’autres plus récents; peut-être parce que de ces souvenirs abandonnés si longtemps hors de la mémoire, rien ne survivait, tout s’était désagrégé; les formes, — et celle aussi du petit coquillage de pâtisserie, si grassement sensuel, sous son plissage sévère et dévot — s’étaient abolies, ou, ensommeillées, avaient perdu la force d’expansion qui leur eût permis de rejoindre la conscience.	The sight of the little madeleine had recalled nothing to my mind before I tasted it; perhaps because I had so often seen such things in the interval, without tasting them, on the trays in pastry-cooks' windows, that their image had dissociated itself from those Combray days to take its place among others more recent; perhaps because of those memories, so long abandoned and put out of mind, nothing now survived, everything was scattered; the forms of things, including that of the little scallop-shell of pastry, so richly sensual under its severe, religious folds, were either obliterated or had been so long dormant as to have lost the power of expansion which would have allowed them to resume their place in my consciousness.
448	485	0.382	Mais, quand d’un passé ancien rien ne subsiste, après la mort des êtres, après la destruction des choses, seules, plus frêles mais plus vivaces, plus immatérielles, plus persistantes, plus fidèles, l’odeur et la saveur restent encore longtemps, comme des âmes, à se rappeler, à attendre, à espérer, sur la ruine de tout le reste, à porter sans fléchir, sur leur gouttelette presque impalpable, l’édifice immense du souvenir.	But when from a long-distant past nothing subsists, after the people are dead, after the things are broken and scattered, still, alone, more fragile, but with more vitality, more unsubstantial, more persistent, more faithful, the smell and taste of things remain poised a long time, like souls, ready to remind us, waiting and hoping for their moment, amid the ruins of all the rest; and bear unfaltering, in the tiny and almost impalpable drop of their essence, the vast structure of recollection.
449	486	0.313	Et dès que j’eus reconnu le goût du morceau de madeleine trempé dans le tilleul que me donnait ma tante (quoique je ne susse pas encore et dusse remettre à bien plus tard de découvrir pourquoi ce souvenir me rendait si heureux), aussitôt la vieille maison grise sur la rue, où était sa chambre, vint comme un décor de théâtre s’appliquer au petit pavillon, donnant sur le jardin, qu’on avait construit pour mes parents sur ses derrières (ce pan tronqué que seul j’avais revu jusque-là); et avec la maison, la ville, la Place où on m’envoyait avant déjeuner, les rues où j’allais faire des courses depuis le matin jusqu’au soir et par tous les temps, les chemins qu’on prenait si le temps était beau.	And once I had recognized the taste of the crumb of madeleine soaked in her decoction of lime-flowers which my aunt used to give me (although I did not yet know and must long postpone the discovery of why this memory made me so happy) immediately the old grey house upon the street, where her room was, rose up like the scenery of a theatre to attach itself to the little pavilion, opening on to the garden, which had been built out behind it for my parents (the isolated panel which until that moment had been all that I could see); and with the house the town, from morning to night and in all weathers, the Square where I was sent before luncheon, the streets along which I used to run errands, the country roads we took when it was fine.
450	487	0.626	Et comme dans ce jeu où les Japonais s’amusent à tremper dans un bol de porcelaine rempli d’eau, de petits morceaux de papier jusque-là indistincts qui, à peine y sont-ils plongés s’étirent, se contournent, se colorent, se différencient, deviennent des fleurs, des maisons, des personnages consistants et reconnaissables, de même maintenant toutes les fleurs de notre jardin et celles du parc de M. Swann, et les nymphéas de la Vivonne, et les bonnes gens du village et leurs petits logis et l’église et tout Combray et ses environs, tout cela que prend forme et solidité, est sorti, ville et jardins, de ma tasse de thé.	And just as the Japanese amuse themselves by filling a porcelain bowl with water and steeping in it little crumbs of paper which until then are without character or form, but, the moment they become wet, stretch themselves and bend, take on colour and distinctive shape, become flowers or houses or people, permanent and recognisable, so in that moment all the flowers in our garden and in M. Swann's park, and the water-lilies on the Vivonne and the good folk of the village and their little dwellings and the parish church and the whole of Combray and of its surroundings, taking their proper shapes and growing solid, sprang into being, town and gardens alike, from my cup of tea.
