src	tgt	score	src_text	tgt_text
0	0	0.535	Combray de loin, à dix lieues à la ronde, vu du chemin de fer quand nous y arrivions la dernière semaine avant Pâques, ce n’était qu’une église résumant la ville, la représentant, parlant d’elle et pour elle aux lointains, et, quand on approchait, tenant serrés autour de sa haute mante sombre, en plein champ, contre le vent, comme une pastoure ses brebis, les dos laineux et gris des maisons rassemblées qu’un reste de remparts du moyen âge cernait çà et là d’un trait aussi parfaitement circulaire qu’une petite ville dans un tableau de primitif.	Combray at a distance, from a twenty-mile radius, as we used to see it from the railway when we arrived there every year in Holy Week, was no more than a church epitomising the town, representing it, speaking of it and for it to the horizon, and as one drew near, gathering close about its long, dark cloak, sheltering from the wind, on the open plain, as a shepherd gathers his sheep, the woolly grey backs of its flocking houses, which a fragment of its mediaeval ramparts enclosed, here and there, in an outline as scrupulously circular as that of a little town in a primitive painting.
1	1	0.322	A l’habiter, Combray était un peu triste, comme ses rues dont les maisons construites en pierres noirâtres du pays, précédées de degrés extérieurs, coiffées de pignons qui rabattaient l’ombre devant elles, étaient assez obscures pour qu’il fallût dès que le jour commençait à tomber relever les rideaux dans les «salles»; des rues aux graves noms de saints (desquels plusieurs seigneurs de Combray): rue Saint-Hilaire, rue Saint-Jacques où était la maison de ma tante, rue Sainte-Hildegarde, où donnait la grille, et rue du Saint-Esprit sur laquelle s’ouvrait la petite porte latérale de son jardin; et ces rues de Combray existent dans une partie de ma mémoire si reculée, peinte de couleurs si différentes de celles qui maintenant revêtent pour moi le monde, qu’en vérité elles me paraissent toutes, et l’église qui les dominait sur la Place, plus irréelles encore que les projections de la lanterne magique; et qu’à certains moments, il me semble que pouvoir encore traverser la rue Saint-Hilaire, pouvoir louer une chambre rue de l’Oiseau — à la vieille hôtellerie de l’Oiseau flesché, des soupiraux de laquelle montait une odeur de cuisine qui s’élève encore par moments en moi aussi intermittente et aussi chaude, — serait une entrée en contact avec l’Au-delà plus merveilleusement surnaturelle que de faire la connaissance de Golo et de causer avec Geneviève de Brabant.	To live in, Combray was a trifle depressing, like its streets, whose houses, built of the blackened stone of the country, fronted with outside steps, capped with gables which projected long shadows downwards, were so dark that one had, as soon as the sun began to go down, to draw back the curtains in the sitting-room windows; streets with the solemn names of Saints, not a few of whom figured in the history of the early lords of Combray, such as the Rue Saint-Hilaire, the Rue Saint-Jacques, in which my aunt's house stood, the Rue Sainte-Hildegarde, which ran past her railings, and the Rue du Saint-Esprit, on to which the little garden gate opened; and these Combray streets exist in so remote a quarter of my memory, painted in colours so different from those in which the world is decked for me to-day, that in fact one and all of them, and the church which towered above them in the Square, seem to me now more unsubstantial than the projections of my magic-lantern; while at times I feel that to be able to cross the Rue Saint-Hilaire again, to engage a room in the Rue de l'Oiseau, in the old hostelry of the Oiseau Flesché, from whose windows in the pavement used to rise a smell of cooking which rises still in my mind, now and then, in the same warm gusts of comfort, would be to secure a contact with the unseen world more marvellously supernatural than it would be to make Golo's acquaintance and to chat with Geneviève de Brabant.
2	2	0.445	La cousine de mon grand-père, — ma grand’tante, — chez qui nous habitions, était la mère de cette tante Léonie qui, depuis la mort de son mari, mon oncle Octave, n’avait plus voulu quitter, d’abord Combray, puis à Combray sa maison, puis sa chambre, puis son lit et ne «descendait» plus, toujours couchée dans un état incertain de chagrin, de débilité physique, de maladie, d’idée fixe et de dévotion.	My grandfather's cousin — by courtesy my great-aunt — with whom we used to stay, was the mother of that aunt Léonie who, since her husband's (my uncle Octave's) death, had gradually declined to leave, first Combray, then her house in Combray, then her bedroom, and finally her bed; and who now never 'came down,' but lay perpetually in an indefinite condition of grief, physical exhaustion, illness, obsessions, and religious observances.
3	3	0.546	Son appartement particulier donnait sur la rue Saint-Jacques qui aboutissait beaucoup plus loin au Grand-Pré (par opposition au Petit-Pré, verdoyant au milieu de la ville, entre trois rues), et qui, unie, grisâtre, avec les trois hautes marches de grès presque devant chaque porte, semblait comme un défilé pratiqué par un tailleur d’images gothiques à même la pierre où il eût sculpté une crèche ou un calvaire.	Her own room looked out over the Rue Saint-Jacques, which ran a long way further to end in the Grand-Pré (as distinct from the Petit-Pré, a green space in the centre of the town where three streets met) and which, monotonous and grey, with the three high steps of stone before almost every one of its doors, seemed like a deep furrow cut by some sculptor of gothic images in the very block of stone out of which he had fashioned a Calvary or a Crib.
4	4	0.482	Ma tante n’habitait plus effectivement que deux chambres contiguës, restant l’après-midi dans l’une pendant qu’on aérait l’autre.	My aunt's life was now practically confined to two adjoining rooms, in one of which she would rest in the afternoon while they aired the other.
5	5	0.353	C’étaient de ces chambres de province qui, — de même qu’en certains pays des parties entières de l’air ou de la mer sont illuminées ou parfumées par des myriades de protozoaires que nous ne voyons pas, — nous enchantent des mille odeurs qu’y dégagent les vertus, la sagesse, les habitudes, toute une vie secrète, invisible, surabondante et morale que l’atmosphère y tient en suspens; odeurs naturelles encore, certes, et couleur du temps comme celles de la campagne voisine, mais déjà casanières, humaines et renfermées, gelée exquise industrieuse et limpide de tous les fruits de l’année qui ont quitté le verger pour l’armoire; saisonnières, mais mobilières et domestiques, corrigeant le piquant de la gelée blanche par la douceur du pain chaud, oisives et ponctuelles comme une horloge de village, flâneuses et rangées, insoucieuses et prévoyantes, lingères, matinales, dévotes, heureuses d’une paix qui n’apporte qu’un surcroît d’anxiété et d’un prosaïsme qui sert de grand réservoir de poésie à celui qui la traverse sans y avoir vécu.	They were rooms of that country order which (just as in certain climes whole tracts of air or ocean are illuminated or scented by myriads of protozoa which we cannot see) fascinate our sense of smell with the countless odours springing from their own special virtues, wisdom, habits, a whole secret system of life, invisible, superabundant and profoundly moral, which their atmosphere holds in solution; smells natural enough indeed, and coloured by circumstances as are those of the neighbouring countryside, but already humanised, domesticated, confined, an exquisite, skilful, limpid jelly, blending all the fruits of the season which have left the orchard for the store-room, smells changing with the year, but plenishing, domestic smells, which compensate for the sharpness of hoar frost with the sweet savour of warm bread, smells lazy and punctual as a village clock, roving smells, pious smells; rejoicing in a peace which brings only an increase of anxiety, and in a prosiness which serves as a deep source of poetry to the stranger who passes through their midst without having lived amongst them.
6	6	0.333	L’air y était saturé de la fine fleur d’un silence si nourricier, si succulent que je ne m’y avançais qu’avec une sorte de gourmandise, surtout par ces premiers matins encore froids de la semaine de Pâques où je le goûtais mieux parce que je venais seulement d’arriver à Combray: avant que j’entrasse souhaiter le bonjour à ma tante on me faisait attendre un instant, dans la première pièce où le soleil, d’hiver encore, était venu se mettre au chaud devant le feu, déjà allumé entre les deux briques et qui badigeonnait toute la chambre d’une odeur de suie, en faisait comme un de ces grands «devants de four» de campagne, ou de ces manteaux de cheminée de châteaux, sous lesquels on souhaite que se déclarent dehors la pluie, la neige, même quelque catastrophe diluvienne pour ajouter au confort de la réclusion la poésie de l’hivernage; je faisais quelques pas du prie-Dieu aux fauteuils en velours frappé, toujours revêtus d’un appui-tête au crochet; et le feu cuisant comme une pâte les appétissantes odeurs dont l’air de la chambre était tout grumeleux et qu’avait déjà fait travailler et «lever» la fraîcheur humide et ensoleillée du matin, il les feuilletait, les dorait, les godait, les boursouflait, en faisant un invisible et palpable gâteau provincial, un immense «chausson» où, à peine goûtés les arômes plus croustillants, plus fins, plus réputés, mais plus secs aussi du placard, de la commode, du papier à ramages, je revenais toujours avec une convoitise inavouée m’engluer dans l’odeur médiane, poisseuse, fade, indigeste et fruitée de couvre-lit à fleurs.	The air of those rooms was saturated with the fine bouquet of a silence so nourishing, so succulent that I could not enter them without a sort of greedy enjoyment, particularly on those first mornings, chilly still, of the Easter holidays, when I could taste it more fully, because I had just arrived then at Combray: before I went in to wish my aunt good day I would be kept waiting a little time in the outer room, where the sun, a wintry sun still, had crept in to warm itself before the fire, lighted already between its two brick sides and plastering all the room and everything in it with a smell of soot, making the room like one of those great open hearths which one finds in the country, or one of the canopied mantelpieces in old castles under which one sits hoping that in the world outside it is raining or snowing, hoping almost for a catastrophic deluge to add the romance of shelter and security to the comfort of a snug retreat; I would turn to and fro between the prayer-desk and the stamped velvet armchairs, each one always draped in its crocheted antimacassar, while the fire, baking like a pie the appetising smells with which the air of the room was thickly clotted, which the dewy and sunny freshness of the morning had already 'raised' and started to 'set,' puffed them and glazed them and fluted them and swelled them into an invisible though not impalpable country cake, an immense puff-pastry, in which, barely waiting to savour the crustier, more delicate, more respectable, but also drier smells of the cupboard, the chest-of-drawers, and the patterned wall-paper I always returned with an unconfessed gluttony to bury myself in the nondescript, resinous, dull, indigestible, and fruity smell of the flowered quilt.
7	7	0.441	Dans la chambre voisine, j’entendais ma tante qui causait toute seule à mi-voix.	In the next room I could hear my aunt talking quietly to herself.
8	8	0.305	Elle ne parlait jamais qu’assez bas parce qu’elle croyait avoir dans la tête quelque chose de cassé et de flottant qu’elle eût déplacé en parlant trop fort, mais elle ne restait jamais longtemps, même seule, sans dire quelque chose, parce qu’elle croyait que c’était salutaire pour sa gorge et qu’en empêchant le sang de s’y arrêter, cela rendrait moins fréquents les étouffements et les angoisses dont elle souffrait; puis, dans l’inertie absolu où elle vivait, elle prêtait à ses moindres sensations une importance extraordinaire; elle les douait d’une motilité qui lui rendait difficile de les garder pour elle, et à défaut de confident à qui les communiquer, elle se les annonçait à elle-même, en un perpétuel monologue qui était sa seule forme d’activité.	She never spoke save in low tones, because she believed that there was something broken in her head and floating loose there, which she might displace by talking too loud; but she never remained for long, even when alone, without saying something, because she believed that it was good for her throat, and that by keeping the blood there in circulation it would make less frequent the chokings and other pains to which she was liable; besides, in the life of complete inertia which she led she attached to the least of her sensations an extraordinary importance, endowed them with a Protean ubiquity which made it difficult for her to keep them secret, and, failing a confidant to whom she might communicate them, she used to promulgate them to herself in an unceasing monologue which was her sole form of activity.
9	9	0.313	Malheureusement, ayant pris l’habitude de penser tout haut, elle ne faisait pas toujours attention à ce qu’il n’y eût personne dans la chambre voisine, et je l’entendais souvent se dire à elle-même: «Il faut que je me rappelle bien que je n’ai pas dormi» (car ne jamais dormir était sa grande prétention dont notre langage à tous gardait le respect et la trace: le matin Françoise ne venait pas «l’éveiller», mais «entrait» chez elle; quand ma tante voulait faire un somme dans la journée, on disait qu’elle voulait «réfléchir» ou «reposer»; et quand il lui arrivait de s’oublier en causant jusqu’à dire: «Ce qui m’a réveillée» ou «j’ai rêvé que», elle rougissait et se reprenait au plus vite).	"Unfortunately, having formed the habit of thinking aloud, she did not always take care to see that there was no one in the adjoining room, and I would often hear her saying to herself: ""I must not forget that I never slept a wink"" — for ""never sleeping a wink"" was her great claim to distinction, and one admitted and respected in our household vocabulary; in the morning Françoise would not 'call' her, but would simply 'come to' her; during the day, when my aunt wished to take a nap, we used to say just that she wished to 'be quiet' or to 'rest'; and when in conversation she so far forgot herself as to say ""what made me wake up,"" or ""I dreamed that,"" she would flush and at once correct herself."
10	10	0.468	Au bout d’un moment, j’entrais l’embrasser; Françoise faisait infuser son thé; ou, si ma tante se sentait agitée, elle demandait à la place sa tisane et c’était moi qui étais chargé de faire tomber du sac de pharmacie dans une assiette la quantité de tilleul qu’il fallait mettre ensuite dans l’eau bouillante.	After waiting a minute, I would go in and kiss her; Françoise would be making her tea; or, if my aunt were feeling 'upset,' she would ask instead for her 'tisane,' and it would be my duty to shake out of the chemist's little package on to a plate the amount of lime-blossom required for infusion in boiling water.
11	11	0.437	Le dessèchement des tiges les avait incurvées en un capricieux treillage dans les entrelacs duquel s’ouvraient les fleurs pâles, comme si un peintre les eût arrangées, les eût fait poser de la façon la plus ornementale.	The drying of the stems had twisted them into a fantastic trellis, in whose intervals the pale flowers opened, as though a painter had arranged them there, grouping them in the most decorative poses.
12	12	0.287	Les feuilles, ayant perdu ou changé leur aspect, avaient l’air des choses les plus disparates, d’une aile transparente de mouche, de l’envers blanc d’une étiquette, d’un pétale de rose, mais qui eussent été empilées, concassées ou tressées comme dans la confection d’un nid.	The leaves, which had lost or altered their own appearance, assumed those instead of the most incongruous things imaginable, as though the transparent wings of flies or the blank sides of labels or the petals of roses had been collected and pounded, or interwoven as birds weave the material for their nests.
13	13	0.315	Mille petits détails inutiles, — charmante prodigalité du pharmacien, — qu’on eût supprimés dans une préparation factice, me donnaient, comme un livre où on s’émerveille de rencontrer le nom d’une personne de connaissance, le plaisir de comprendre que c’était bien des tiges de vrais tilleuls, comme ceux que je voyais avenue de la Gare, modifiées, justement parce que c’étaient non des doubles, mais elles-même et qu’elles avaient vieilli.	A thousand trifling little details — the charming prodigality of the chemist — details which would have been eliminated from an artificial preparation, gave me, like a book in which one is astonished to read the name of a person whom one knows, the pleasure of finding that these were indeed real lime-blossoms, like those I had seen, when coming from the train, in the Avenue de la Gare, altered, but only because they were not imitations but the very same blossoms, which had grown old.
14	14	0.333	Et chaque caractère nouveau n’y étant que la métamorphose d’un caractère ancien, dans de petites boules grises je reconnaissais les boutons verts qui ne sont pas venus à terme; mais surtout l’éclat rose, lunaire et doux qui faisait se détacher les fleurs dans la forêt fragile des tiges où elles étaient suspendues comme de petites roses d’or, — signe, comme la lueur qui révèle encore sur une muraille la place d’une fresque effacée, de la différence entre les parties de l’arbre qui avaient été «en couleur» et celles qui ne l’avaient pas été — me montrait que ces pétales étaient bien ceux qui avant de fleurir le sac de pharmacie avaient embaumé les soirs de printemps.	And as each new character is merely a metamorphosis from something older, in these little grey balls I recognised green buds plucked before their time; but beyond all else the rosy, moony, tender glow which lit up the blossoms among the frail forest of stems from which they hung like little golden roses — marking, as the radiance upon an old wall still marks the place of a vanished fresco, the difference between those parts of the tree which had and those which had not been 'in bloom' — shewed me that these were petals which, before their flowering-time, the chemist's package had embalmed on warm evenings of spring.
15	15	0.419	Cette flamme rose de cierge, c’était leur couleur encore, mais à demi éteinte et assoupie dans cette vie diminuée qu’était la leur maintenant et qui est comme le crépuscule des fleurs.	That rosy candlelight was still their colour, but half-extinguished and deadened in the diminished life which was now theirs, and which may be called the twilight of a flower.
16	16	0.434	Bientôt ma tante pouvait tremper dans l’infusion bouillante dont elle savourait le goût de feuille morte ou de fleur fanée une petite madeleine dont elle me tendait un morceau quand il était suffisamment amolli.	Presently my aunt was able to dip in the boiling infusion, in which she would relish the savour of dead or faded blossom, a little madeleine, of which she would hold out a piece to me when it was sufficiently soft.
17	17	0.421	D’un côté de son lit était une grande commode jaune en bois de citronnier et une table qui tenait à la fois de l’officine et du maître-autel, où, au-dessus d’une statuette de la Vierge et d’une bouteille de Vichy-Célestins, on trouvait des livres de messe et des ordonnances de médicaments, tous ce qu’il fallait pour suivre de son lit les offices et son régime, pour ne manquer l’heure ni de la pepsine, ni des vêpres.	At one side of her bed stood a big yellow chest-of-drawers of lemon-wood, and a table which served at once as pharmacy and as high altar, on which, beneath a statue of Our Lady and a bottle of Vichy-Célestins, might be found her service-books and her medical prescriptions, everything that she needed for the performance, in bed, of her duties to soul and body, to keep the proper times for pepsin and for vespers.
18	18	0.543	De l’autre côté, son lit longeait la fenêtre, elle avait la rue sous les yeux et y lisait du matin au soir, pour se désennuyer, à la façon des princes persans, la chronique quotidienne mais immémoriale de Combray, qu’elle commentait ensuite avec Françoise.	On the other side her bed was bounded by the window: she had the street beneath her eyes, and would read in it from morning to night to divert the tedium of her life, like a Persian prince, the daily but immemorial chronicles of Combray, which she would discuss in detail afterwards with Françoise.
19	19	0.531	Je n’étais pas avec ma tante depuis cinq minutes, qu’elle me renvoyait par peur que je la fatigue.	I would not have been five minutes with my aunt before she would send me away in case I made her tired.
20	20	0.508	Elle tendait à mes lèvres son triste front pâle et fade sur lequel, à cette heure matinale, elle n’avait pas encore arrangé ses faux cheveux, et où les vertèbres transparaissaient comme les pointes d’une couronne d’épines ou les grains d’un rosaire, et elle me disait: «Allons, mon pauvre enfant, va-t’en, va te préparer pour la messe; et si en bas tu rencontres Françoise, dis-lui de ne pas s’amuser trop longtemps avec vous, qu’elle monte bientôt voir si je n’ai besoin de rien.»	"She would hold out for me to kiss her sad brow, pale and lifeless, on which at this early hour she would not yet have arranged the false hair and through which the bones shone like the points of a crown of thorns — or the beads of a rosary, and she would say to me: ""Now, my poor child, you must go away; go and get ready for mass; and if you see Françoise downstairs, tell her not to stay too long amusing herself with you; she must come up soon to see if I want anything."""
21	21	0.388	Françoise, en effet, qui était depuis des années a son service et ne se doutait pas alors qu’elle entrerait un jour tout à fait au nôtre délaissait un peu ma tante pendant les mois où nous étions là.	Françoise, who had been for many years in my aunt's service and did not at that time suspect that she would one day be transferred entirely to ours, was a little inclined to desert my aunt during the months which we spent in her house.
22	22-23	0.391	Il y avait eu dans mon enfance, avant que nous allions à Combray, quand ma tante Léonie passait encore l’hiver à Paris chez sa mère, un temps où je connaissais si peu Françoise que, le 1er janvier, avant d’entrer chez ma grand’tante, ma mère me mettait dans la main une pièce de cinq francs et me disait: «Surtout ne te trompe pas de personne.	"There had been in my infancy, before we first went to Combray, and when my aunt Léonie used still to spend the winter in Paris with her mother, a time when I knew Françoise so little that on New Year's Day, before going into my great-aunt's house, my mother put a five-franc piece in my hand and said: ""Now, be careful. Don't make any mistake."
23	24	0.485	Attends pour donner que tu m’entendes dire: «Bonjour Françoise»; en même temps je te toucherai légèrement le bras.	"Wait until you hear me say 'Good morning, Françoise,' and I touch your arm before you give it to her."""
24	25	0.457	A peine arrivions-nous dans l’obscure antichambre de ma tante que nous apercevions dans l’ombre, sous les tuyaux d’un bonnet éblouissant, raide et fragile comme s’il avait été de sucre filé, les remous concentriques d’un sourire de reconnaissance anticipé.	No sooner had we arrived in my aunt's dark hall than we saw in the gloom, beneath the frills of a snowy cap as stiff and fragile as if it had been made of spun sugar, the concentric waves of a smile of anticipatory gratitude.
25	26	0.519	C’était Françoise, immobile et debout dans l’encadrement de la petite porte du corridor comme une statue de sainte dans sa niche.	It was Françoise, motionless and erect, framed in the small doorway of the corridor like the statue of a saint in its niche.
26	27	0.523	Quand on était un peu habitué à ces ténèbres de chapelle, on distinguait sur son visage l’amour désintéressé de l’humanité, le respect attendri pour les hautes classes qu’exaltait dans les meilleures régions de son cœur l’espoir des étrennes.	When we had grown more accustomed to this religious darkness we could discern in her features a disinterested love of all humanity, blended with a tender respect for the 'upper classes' which raised to the most honourable quarter of her heart the hope of receiving her due reward.
27	28	0.561	Maman me pinçait le bras avec violence et disait d’une voix forte: «Bonjour Françoise.»	"Mamma pinched my arm sharply and said in a loud voice: ""Good morning, Françoise."""
28	29	0.477	A ce signal mes doigts s’ouvraient et je lâchais la pièce qui trouvait pour la recevoir une main confuse, mais tendue.	At this signal my fingers parted and I let fall the coin, which found a receptacle in a confused but outstretched hand.
29	30-31	0.488	Mais depuis que nous allions à Combray je ne connaissais personne mieux que Françoise; nous étions ses préférés, elle avait pour nous, au moins pendant les premières années, avec autant de considération que pour ma tante, un goût plus vif, parce que nous ajoutions, au prestige de faire partie de la famille (elle avait pour les liens invisibles que noue entre les membres d’une famille la circulation d’un même sang, autant de respect qu’un tragique grec), le charme de n’être pas ses maîtres habituels.	But since we had begun to go to Combray there was no one I knew better than Françoise. We were her favourites, and in the first years at least, while she shewed the same consideration for us as for my aunt, she enjoyed us with a keener relish, because we had, in addition to our dignity as part of 'the family' (for she had for those invisible bonds by which community of blood unites the members of a family as much respect as any Greek tragedian), the fresh charm of not being her customary employers.
30	32	0.351	Aussi, avec quelle joie elle nous recevait, nous plaignant de n’avoir pas encore plus beau temps, le jour de notre arrivée, la veille de Pâques, où souvent il faisait un vent glacial, quand maman lui demandait des nouvelles de sa fille et de ses neveux, si son petit-fils était gentil, ce qu’on comptait faire de lui, s’il ressemblerait à sa grand’mère.	And so with what joy would she welcome us, with what sorrow complain that the weather was still so bad for us, on the day of our arrival, just before Easter, when there was often an icy wind; while Mamma inquired after her daughter and her nephews, and if her grandson was good-looking, and what they were going to make of him, and whether he took after his granny.
31	33	0.381	Et quand il n’y avait plus de monde là, maman qui savait que Françoise pleurait encore ses parents morts depuis des années, lui parlait d’eux avec douceur, lui demandait mille détails sur ce qu’avait été leur vie.	Later, when no one else was in the room, Mamma, who knew that Françoise was still mourning for her parents, who had been dead for years, would speak of them kindly, asking her endless little questions about them and their lives.
32	34	0.342	Elle avait deviné que Françoise n’aimait pas son gendre et qu’il lui gâtait le plaisir qu’elle avait à être avec sa fille, avec qui elle ne causait pas aussi librement quand il était là.	She had guessed that Françoise was not over-fond of her son-in-law, and that he spoiled the pleasure she found in visiting her daughter, as the two could not talk so freely when he was there.
33	35	0.342	Aussi, quand Françoise allait les voir, à quelques lieues de Combray, maman lui disait en souriant: «N’est-ce pas Françoise, si Julien a été obligé de s’absenter et si vous avez Marguerite à vous toute seule pour toute la journée, vous serez désolée, mais vous vous ferez une raison?»	"And so one day, when Françoise was going to their house, some miles from Combray, Mamma said to her, with a smile: ""Tell me, Françoise, if Julien has had to go away, and you have Marguerite to yourself all day, you will be very sorry, but will make the best of it, won't you?"""
34	36-38	0.264	Et Françoise disait en riant: «Madame sait tout; madame est pire que les rayons X (elle disait x avec une difficulté affectée et un sourire pour se railler elle-même, ignorante, d’employer ce terme savant), qu’on a fait venir pour Mme Octave et qui voient ce que vous avez dans le cœur», et disparaissait, confuse qu’on s’occupât d’elle, peut-être pour qu’on ne la vît pas pleurer; maman était la première personne qui lui donnât cette douce émotion de sentir que sa vie, ses bonheurs, ses chagrins de paysanne pouvaient présenter de l’intérêt, être un motif de joie ou de tristesse pour une autre qu’elle-même.	"And Françoise answered, laughing: ""Madame knows everything; Madame is worse than the X-rays"" (she pronounced 'x' with an affectation of difficulty and with a smile in deprecation of her, an unlettered woman's, daring to employ a scientific term) ""they brought here for Mme. Octave, which see what is in your heart"" — and she went off, disturbed that anyone should be caring about her, perhaps anxious that we should not see her in tears: Mamma was the first person who had given her the pleasure of feeling that her peasant existence, with its simple joys and sorrows, might offer some interest, might be a source of grief or pleasure to some one other than herself."
35	39	0.290	Ma tante se résignait à se priver un peu d’elle pendant notre séjour, sachant combien ma mère appréciait le service de cette bonne si intelligente et active, qui était aussi belle dès cinq heures du matin dans sa cuisine, sous son bonnet dont le tuyautage éclatant et fixe avait l’air d’être en biscuit, que pour aller à la grand’messe; qui faisait tout bien, travaillant comme un cheval, qu’elle fût bien portante ou non, mais sans bruit, sans avoir l’air de rien faire, la seule des bonnes de ma tante qui, quand maman demandait de l’eau chaude ou du café noir, les apportait vraiment bouillants; elle était un de ces serviteurs qui, dans une maison, sont à la fois ceux qui déplaisent le plus au premier abord à un étranger, peut-être parce qu’ils ne prennent pas la peine de faire sa conquête et n’ont pas pour lui de prévenance, sachant très bien qu’ils n’ont aucun besoin de lui, qu’on cesserait de le recevoir plutôt que de les renvoyer; et qui sont en revanche ceux à qui tiennent le plus les maîtres qui ont éprouvé leur capacités réelles, et ne se soucient pas de cet agrément superficiel, de ce bavardage servile qui fait favorablement impression à un visiteur, mais qui recouvre souvent une inéducable nullité.	My aunt resigned herself to doing without Françoise to some extent during our visits, knowing how much my mother appreciated the services of so active and intelligent a maid, one who looked as smart at five o'clock in the morning in her kitchen, under a cap whose stiff and dazzling frills seemed to be made of porcelain, as when dressed for churchgoing; who did everything in the right way, who toiled like a horse, whether she was well or ill, but without noise, without the appearance of doing anything; the only one of my aunt's maids who when Mamma asked for hot water or black coffee would bring them actually boiling; she was one of those servants who in a household seem least satisfactory, at first, to a stranger, doubtless because they take no pains to make a conquest of him and shew him no special attention, knowing very well that they have no real need of him, that he will cease to be invited to the house sooner than they will be dismissed from it; who, on the other hand, cling with most fidelity to those masters and mistresses who have tested and proved their real capacity, and do not look for that superficial responsiveness, that slavish affability, which may impress a stranger favourably, but often conceals an utter barrenness of spirit in which no amount of training can produce the least trace of individuality.
36	40	0.334	Quand Françoise, après avoir veillé à ce que mes parents eussent tout ce qu’il leur fallait, remontait une première fois chez ma tante pour lui donner sa pepsine et lui demander ce qu’elle prendrait pour déjeuner, il était bien rare qu’il ne fallût pas donner déjà son avis ou fournir des explications sur quelque événement d’importance:	When Françoise, having seen that my parents had everything they required, first went upstairs again to give my aunt her pepsin and to find out from her what she would take for luncheon, very few mornings pased but she was called upon to give an opinion, or to furnish an explanation, in regard to some important event.
37	41	0.393	—«Françoise, imaginez-vous que Mme Goupil est passée plus d’un quart d’heure en retard pour aller chercher sa sœur; pour peu qu’elle s’attarde sur son chemin cela ne me surprendrait point qu’elle arrive après l’élévation.»	"""Just fancy, Françoise, Mme. Goupil went by more than a quarter of an hour late to fetch her sister: if she loses any more time on the way I should not be at all surprised if she got in after the Elevation."""
38	42	0.401	—«Hé! il n’y aurait rien d’étonnant», répondait Françoise.	"""Well, there'd be nothing wonderful in that,"" would be the answer."
39	43-44	0.546	—«Françoise, vous seriez venue cinq minutes plus tôt, vous auriez vu passer Mme Imbert qui tenait des asperges deux fois grosses comme celles de la mère Callot; tâchez donc de savoir par sa bonne où elle les a eues.	"Or: ""Françoise, if you had come in five minutes ago, you would have seen Mme. Imbert go past with some asparagus twice the size of what mother Callot has: do try to find out from her cook where she got them."
40	45	0.442	Vous qui, cette année, nous mettez des asperges à toutes les sauces, vous auriez pu en prendre de pareilles pour nos voyageurs.»	"You know you've been putting asparagus in all your sauces this spring; you might be able to get some like these for our visitors."""
41	46	0.428	—«Il n’y aurait rien d’étonnant qu’elles viennent de chez M. le Curé», disait Françoise.	"""I shouldn't be surprised if they came from the Curé's,"" Françoise would say, and:"
42	47-48	0.442	—«Ah! je vous crois bien, ma pauvre Françoise, répondait ma tante en haussant les épaules, chez M. le Curé!	"""I'm sure you wouldn't, my poor Françoise,"" my aunt would reply, raising her shoulders. ""From the Curé's, indeed!"
43	49	0.452	Vous savez bien qu’il ne fait pousser que de petites méchantes asperges de rien.	You know quite well that he can never grow anything but wretched little twigs of asparagus, not asparagus at all.
44	50	0.458	Je vous dis que celles-là étaient grosses comme le bras.	I tell you these ones were as thick as my arm.
45	51	0.516	Pas comme le vôtre, bien sûr, mais comme mon pauvre bras qui a encore tant maigri cette année.»	"Not your arm, of course, but my poor arm, which has grown so much thinner again this year."""
46	52-54	0.395	—«Françoise, vous n’avez pas entendu ce carillon qui m’a cassé la tête?»	"Or: ""Françoise, didn't you hear that bell just now! It split my head."""
47	55	0.531	—«Non, madame Octave.»	"""No, Mme. Octave."""
48	56	0.449	—«Ah! ma pauvre fille, il faut que vous l’ayez solide votre tête, vous pouvez remercier le Bon Dieu.	"""Ah, poor girl, your skull must be very thick; you may thank God for that."
49	57	0.472	C’était la Maguelone qui était venue chercher le docteur Piperaud.	It was Maguelone come to fetch Dr. Piperaud.
50	58	0.555	Il est ressorti tout de suite avec elle et ils ont tourné par la rue de l’Oiseau.	He came out with her at once and they went off along the Rue de l'Oiseau.
51	59	0.483	Il faut qu’il y ait quelque enfant de malade.»	"There must be some child ill."""
52	60	0.441	—«Eh! là, mon Dieu», soupirait Françoise, qui ne pouvait pas entendre parler d’un malheur arrivé à un inconnu, même dans une partie du monde éloignée, sans commencer à gémir.	"""Oh dear, dear; the poor little creature!"" would come with a sigh from Françoise, who could not hear of any calamity befalling a person unknown to her, even in some distant part of the world, without beginning to lament."
53	61-62	0.368	—«Françoise, mais pour qui donc a-t-on sonné la cloche des morts?	"Or: ""Françoise, for whom did they toll the passing-bell just now?"
54	63	0.521	Ah! mon Dieu, ce sera pour Mme Rousseau.	Oh dear, of course, it would be for Mme. Rousseau.
55	64	0.419	Voilà-t-il pas que j’avais oublié qu’elle a passé l’autre nuit.	And to think that I had forgotten that she passed away the other night.
56	65	0.417	Ah! il est temps que le Bon Dieu me rappelle, je ne sais plus ce que j’ai fait de ma tête depuis la mort de mon pauvre Octave.	Indeed, it is time the Lord called me home too; I don't know what has become of my head since I lost my poor Octave.
57	66	0.510	Mais je vous fais perdre votre temps, ma fille.»	"But I am wasting your time, my good girl."""
58	67	0.550	—«Mais non, madame Octave, mon temps n’est pas si cher; celui qui l’a fait ne nous l’a pas vendu.	"""Indeed no, Mme. Octave, my time is not so precious; whoever made our time didn't sell it to us."
59	68	0.742	Je vas seulement voir si mon feu ne s’éteint pas.»	"I am just going to see that my fire hasn't gone out."""
60	69	0.542	Ainsi Françoise et ma tante appréciaient-elles ensemble au cours de cette séance matinale, les premiers événements du jour.	In this way Françoise and my aunt made a critical valuation between them, in the course of these morning sessions, of the earliest happenings of the day.
61	70	0.425	Mais quelquefois ces événements revêtaient un caractère si mystérieux et si grave que ma tante sentait qu’elle ne pourrait pas attendre le moment où Françoise monterait, et quatre coups de sonnette formidables retentissaient dans la maison.	But sometimes these happenings assumed so mysterious or so alarming an air that my aunt felt she could not wait until it was time for Françoise to come upstairs, and then a formidable and quadruple peal would resound through the house.
62	71	0.448	—«Mais, madame Octave, ce n’est pas encore l’heure de la pepsine, disait Françoise.	"""But, Mme. Octave, it is not time for your pepsin,"" Françoise would begin."
63	72	0.242	Est-ce que vous vous êtes senti une faiblesse?»	"""Are you feeling faint?"""
64	73	0.472	—«Mais non, Françoise, disait ma tante, c’est-à-dire si, vous savez bien que maintenant les moments où je n’ai pas de faiblesse sont bien rares; un jour je passerai comme Mme Rousseau sans avoir eu le temps de me reconnaître; mais ce n’est pas pour cela que je sonne.	"""No, thank you, Françoise,"" my aunt would reply, ""that is to say, yes; for you know well that there is very seldom a time when I don't feel faint; one day I shall pass away like Mme. Rousseau, before I know where I am; but that is not why I rang."
65	74	0.631	Croyez-vous pas que je viens de voir comme je vous vois Mme Goupil avec une fillette que je ne connais point.	Would you believe that I have just seen, as plainly as I see you, Mme. Goupil with a little girl I didn't know at all.
66	75	0.505	Allez donc chercher deux sous de sel chez Camus.	Run and get a pennyworth of salt from Camus.
67	76	0.650	C’est bien rare si Théodore ne peut pas vous dire qui c’est.»	"It's not often that Théodore can't tell you who a person is."""
68	77	0.525	—«Mais ça sera la fille à M. Pupin», disait Françoise qui préférait s’en tenir à une explication immédiate, ayant été déjà deux fois depuis le matin chez Camus.	"""But that must be M. Pupin's daughter,"" Françoise would say, preferring to stick to an immediate explanation, since she had been perhaps twice already into Camus's shop that morning."
69	78	0.449	—«La fille à M. Pupin!	"""M. Pupin's daughter!"
70	79	0.374	Oh! je vous crois bien, ma pauvre Françoise!	Oh, that's a likely story, my poor Françoise.
71	80	0.244	Avec cela que je ne l’aurais pas reconnue?»	"Do you think I should not have recognised M. Pupin's daughter!"""
72	81	0.564	—«Mais je ne veux pas dire la grande, madame Octave, je veux dire la gamine, celle qui est en pension à Jouy.	"""But I don't mean the big one, Mme. Octave; I mean the little girl, he one who goes to school at Jouy."
73	82	0.651	Il me ressemble de l’avoir déjà vue ce matin.»	"I seem to have seen her once already this morning."""
74-75	83	0.298	—«Ah! à moins de ça, disait ma tante. Il faudrait qu’elle soit venue pour les fêtes.	"""Oh, if that's what it is!"" my aunt would say, ""she must have come over for the holidays."
76	84	0.339	C’est cela!	Yes, that is it.
77	85	0.534	Il n’y a pas besoin de chercher, elle sera venue pour les fêtes.	No need to ask, she will have come over for the holidays.
78	86	0.551	Mais alors nous pourrions bien voir tout à l’heure Mme Sazerat venir sonner chez sa sœur pour le déjeuner.	But then we shall soon see Mme. Sazerat come along and ring her sister's door-bell, for her luncheon.
79	87	0.602	Ce sera ça!	That will be it!
80	88	0.418	J’ai vu le petit de chez Galopin qui passait avec une tarte!	I saw the boy from Galopin's go by with a tart.
81	89	0.438	Vous verrez que la tarte allait chez Mme Goupil.»	"You will see that the tart was for Mme. Goupil."""
82	90	0.348	—«Dès l’instant que Mme Goupil a de la visite, madame Octave, vous n’allez pas tarder à voir tout son monde rentrer pour le déjeuner, car il commence à ne plus être de bonne heure», disait Françoise qui, pressé de redescendre s’occuper du déjeuner, n’était pas fâchée de laisser à ma tante cette distraction en perspective.	"""Once Mme. Goupil has anyone in the house, Mme. Octave, you won't be long in seeing all her folk going in to their luncheon there, for it's not so early as it was,"" would be the answer, for Françoise, who was anxious to retire downstairs to look after our own meal, was not sorry to leave my aunt with the prospect of such a distraction."
83	91	0.375	—«Oh! pas avant midi, répondait ma tante d’un ton résigné, tout en jetant sur la pendule un coup d’œil inquiet, mais furtif pour ne pas laisser voir qu’elle, qui avait renoncé à tout, trouvait pourtant, à apprendre que Mme Goupil avait à déjeuner, un plaisir aussi vif, et qui se ferait malheureusement attendre encore un peu plus d’une heure.	"""Oh! not before midday!"" my aunt would reply in a tone of resignation, darting an uneasy glance at the clock, but stealthily, so as not to let it be seen that she, who had renounced all earthly joys, yet found a keen satisfaction in learning that Mme. Goupil was expecting company to luncheon, though, alas, she must wait a little more than an hour still before enjoying the spectacle."
84	92	0.391	Et encore cela tombera pendant mon déjeuner!» ajouta-t-elle à mi-voix pour elle-même.	"""And it will come in the middle of my luncheon!"" she would murmur to herself."
85	93	0.429	Son déjeuner lui était une distraction suffisante pour qu’elle n’en souhaitât pas une autre en même temps.	Her luncheon was such a distraction in itself that she did not like any other to come at the same time.
86	94	0.555	«Vous n’oublierez pas au moins de me donner mes œufs à la crème dans une assiette plate?»	"""At least, you will not forget to give me my creamed eggs on one of the flat plates?"""
87	95	0.501	C’étaient les seules qui fussent ornées de sujets, et ma tante s’amusait à chaque repas à lire la légende de celle qu’on lui servait ce jour-là.	These were the only plates which had pictures on them and my aunt used to amuse herself at every meal by reading the description on whichever might have been sent up to her.
88	96	0.627	Elle mettait ses lunettes, déchiffrait: Alibaba et quarante voleurs, Aladin ou la Lampe merveilleuse, et disait en souriant: Très bien, très bien.	"She would put on her spectacles and spell out: ""Ali Baba and the Forty Thieves,"" ""Aladdin, or the Wonderful Lamp,"" and smile, and say ""Very good indeed."""
89	97-98	0.440	—«Je serais bien allée chez Camus…» disait Françoise en voyant que ma tante ne l’y enverrait plus.	"""I may as well go across to Camus…"" Françoise would hazard, seeing that my aunt had no longer any intention of sending her there."
90	99	0.457	—«Mais non, ce n’est plus la peine, c’est sûrement Mlle Pupin.	"""No, no; it's not worth while now; it's certain to be the Pupin girl."
91	100	0.667	Ma pauvre Françoise, je regrette de vous avoir fait monter pour rien.»	"My poor Françoise, I am sorry to have made you come upstairs for nothing."""
92	101	0.511	Mais ma tante savait bien que ce n’était pas pour rien qu’elle avait sonné Françoise, car, à Combray, une personne «qu’on ne connaissait point» était un être aussi peu croyable qu’un dieu de la mythologie, et de fait on ne se souvenait pas que, chaque fois que s’était produite, dans la rue de Saint-Esprit ou sur la place, une de ces apparitions stupéfiantes, des recherches bien conduites n’eussent pas fini par réduire le personnage fabuleux aux proportions d’une «personne qu’on connaissait», soit personnellement, soit abstraitement, dans son état civil, en tant qu’ayant tel degré de parenté avec des gens de Combray.	But it was not for nothing, as my aunt well knew, that she had rung for Françoise, since at Combray a person whom one 'didn't know at all' was as incredible a being as any mythological deity, and it was apt to be forgotten that after each occasion on which there had appeared in the Rue du Saint-Esprit or in the Square one of these bewildering phenomena, careful and exhaustive researches had invariably reduced the fabulous monster to the proportions of a person whom one 'did know,' either personally or in the abstract, in his or her civil status as being more or less closely related to some family in Combray.
93	102	0.502	C’était le fils de Mme Sauton qui rentrait du service, la nièce de l’abbé Perdreau qui sortait de couvent, le frère du curé, percepteur à Châteaudun qui venait de prendre sa retraite ou qui était venu passer les fêtes.	It would turn out to be Mme. Sauton's son discharged from the army, or the Abbé Perdreau's niece come home from her convent, or the Curé's brother, a tax-collector at Châteaudun, who had just retired on a pension or had come over to Combray for the holidays.
94	103	0.553	On avait eu en les apercevant l’émotion de croire qu’il y avait à Combray des gens qu’on ne connaissait point simplement parce qu’on ne les avait pas reconnus ou identifiés tout de suite.	On first noticing them you have been impressed by the thought that there might be in Combray people whom you 'didn't know at all,' simply because you had failed to recognise or identify them at once.
95	104	0.498	Et pourtant, longtemps à l’avance, Mme Sauton et le curé avaient prévenu qu’ils attendaient leurs «voyageurs».	And yet long beforehand Mme. Sauton and the Curé had given warning that they expected their 'strangers.'
96	105-106	0.559	Quand le soir, je montais, en rentrant, raconter notre promenade à ma tante, si j’avais l’imprudence de lui dire que nous avions rencontré près du Pont-Vieux, un homme que mon grand-père ne connaissait pas: «Un homme que grand-père ne connaissait point, s’écriait elle.	"In the evening, when I came in and went upstairs to tell my aunt the incidents of our walk, if I was rash enough to say to her that we had passed, near the Pont-Vieux, a man whom my grandfather didn't know: ""A man grandfather didn't know at all!"" she would exclaim."
97	107	0.113	Ah! je te crois bien!»	"""That's a likely story."""
98	108	0.470	Néanmoins un peu émue de cette nouvelle, elle voulait en avoir le cœur net, mon grand-père était mandé.	None the less, she would be a little disturbed by the news, she would wish to have the details correctly, and so my grandfather would be summoned.
99	109-110	0.448	«Qui donc est-ce que vous avez rencontré près du Pont-Vieux, mon oncle? un homme que vous ne connaissiez point?»	"""Who can it have been that you passed near the Pont-Vieux, uncle? A man you didn't know at all?"""
100	111	0.464	— «Mais si, répondait mon grand-père, c’était Prosper le frère du jardinier de Mme Bouillebœuf.»	"""Why, of course I did,"" my grandfather would answer; ""it was Prosper, Mme. Bouilleboeuf's gardener's brother."""
101	112	0.302	— «Ah! bien», disait ma tante, tranquillisée et un peu rouge; haussant les épaules avec un sourire ironique, elle ajoutait: «Aussi il me disait que vous aviez rencontré un homme que vous ne connaissiez point!»	"""Ah, well!"" my aunt would say, calm again but slightly flushed still; ""and the boy told me that you had passed a man you didn't know at all!"""
102	113	0.400	Et on me recommandait d’être plus circonspect une autre fois et de ne plus agiter ainsi ma tante par des paroles irréfléchies.	After which I would be warned to be more careful of what I said, and not to upset my aunt so by thoughtless remarks.
103	114	0.540	On connaissait tellement bien tout le monde, à Combray, bêtes et gens, que si ma tante avait vu par hasard passer un chien «qu’elle ne connaissait point», elle ne cessait d’y penser et de consacrer à ce fait incompréhensible ses talents d’induction et ses heures de liberté.	Everyone was so well known in Combray, animals as well as people, that if my aunt had happened to see a dog go by which she 'didn't know at all' she would think about it incessantly, devoting to the solution of the incomprehensible problem all her inductive talent and her leisure hours.
104	115	0.438	—«Ce sera le chien de Mme Sazerat», disait Françoise, sans grande conviction, mais dans un but d’apaisement et pour que ma tante ne se «fende pas la tête.»	"""That will be Mme. Sazerat's dog,"" Françoise would suggest, without any real conviction, but in the hope of peace, and so that my aunt should not 'split her head.'"
105	116-117	0.266	—«Comme si je ne connaissais pas le chien de Mme Sazerat!» répondait ma tante dont l’esprit critique n’admettait pas si facilement un fait.	"""As if I didn't know Mme. Sazerat's dog!"" — for my aunt's critical mind would not so easily admit any fresh fact."
106	118	0.582	—«Ah! ce sera le nouveau chien que M. Galopin a rapporté de Lisieux.»	"""Ah, but that will be the new dog M. Galopin has brought her from Lisieux."""
107	119	0.402	—«Ah! à moins de ça.»	"""Oh, if that's what it is!"""
108	120	0.498	—«Il paraît que c’est une bête bien affable», ajoutait Françoise qui tenait le renseignement de Théodore, «spirituelle comme une personne, toujours de bonne humeur, toujours aimable, toujours quelque chose de gracieux.	"""It seems, it's a most engaging animal,"" Françoise would go on, having got the story from Théodore, ""as clever as a Christian, always in a good temper, always friendly, always everything that's nice."
109	121	0.451	C’est rare qu’une bête qui n’a que cet âge-là soit déjà si galante.	It's not often you see an animal so well-behaved at that age.
110	122	0.523	Madame Octave, il va falloir que je vous quitte, je n’ai pas le temps de m’amuser, voilà bientôt dix heures, mon fourneau n’est seulement pas éclairé, et j’ai encore à plumer mes asperges.»	"Mme. Octave, it's high time I left you; I can't afford to stay here amusing myself; look, it's nearly ten o'clock and my fire not lighted yet, and I've still to dress the asparagus."""
111	123-124	0.393	—«Comment, Françoise, encore des asperges! mais c’est une vraie maladie d’asperges que vous avez cette année, vous allez en fatiguer nos Parisiens!»	"""What, Françoise, more asparagus! It's a regular disease of asparagus you have got this year: you will make our Parisians sick of it."""
112	125	0.664	—«Mais non, madame Octave, ils aiment bien ça.	"""No, no, Madame Octave, they like it well enough."
113	126	0.508	Ils rentreront de l’église avec de l’appétit et vous verrez qu’ils ne les mangeront pas avec le dos de la cuiller.»	"They'll be coming back from church soon as hungry as hunters, and they won't eat it out of the back of their spoons, you'll see."""
114	127	0.364	—«Mais à l’église, ils doivent y être déjà; vous ferez bien de ne pas perdre de temps.	"""Church! why, they must be there now; you'd better not lose any time."
115	128	0.635	Allez surveiller votre déjeuner.»	"Go and look after your luncheon."""
116	129	0.636	Pendant que ma tante devisait ainsi avec Françoise, j’accompagnais mes parents à la messe.	While my aunt gossiped on in this way with Françoise I would have accompanied my parents to mass.
117	130	0.305	Que je l’aimais, que je la revois bien, notre Église!	How I loved it: how clearly I can see it still, our church at Combray!
118	131	0.424	Son vieux porche par lequel nous entrions, noir, grêlé comme une écumoire, était dévié et profondément creusé aux angles (de même que le bénitier où il nous conduisait) comme si le doux effleurement des mantes des paysannes entrant à l’église et de leurs doigts timides prenant de l’eau bénite, pouvait, répété pendant des siècles, acquérir une force destructive, infléchir la pierre et l’entailler de sillons comme en trace la roue des carrioles dans la borne contre laquelle elle bute tous les jours.	The old porch by which we went in, black, and full of holes as a cullender, was worn out of shape and deeply furrowed at the sides (as also was the holy water stoup to which it led us) just as if the gentle grazing touch of the cloaks of peasant-women going into the church, and of their fingers dipping into the water, had managed by agelong repetition to acquire a destructive force, to impress itself on the stone, to carve ruts in it like those made by cart-wheels upon stone gate-posts against which they are driven every day.
119	132	0.335	Ses pierres tombales, sous lesquelles la noble poussière des abbés de Combray, enterrés là, faisait au chœur comme un pavage spirituel, n’étaient plus elles-mêmes de la matière inerte et dure, car le temps les avait rendues douces et fait couler comme du miel hors des limites de leur propre équarrissure qu’ici elles avaient dépassées d’un flot blond, entraînant à la dérive une majuscule gothique en fleurs, noyant les violettes blanches du marbre; et en deçà desquelles, ailleurs, elles s’étaient résorbées, contractant encore l’elliptique inscription latine, introduisant un caprice de plus dans la disposition de ces caractères abrégés, rapprochant deux lettres d’un mot dont les autres avaient été démesurément distendues.	Its memorial stones, beneath which the noble dust of the Abbots of Combray, who were buried there, furnished the choir with a sort of spiritual pavement, were themselves no longer hard and lifeless matter, for time had softened and sweetened them, and had made them melt like honey and flow beyond their proper margins, either surging out in a milky, frothing wave, washing from its place a florid gothic capital, drowning the white violets of the marble floor; or else reabsorbed into their limits, contracting still further a crabbed Latin inscription, bringing a fresh touch of fantasy into the arrangement of its curtailed characters, closing together two letters of some word of which the rest were disproportionately scattered.
120	133-136	0.186	Ses vitraux ne chatoyaient jamais tant que les jours où le soleil se montrait peu, de sorte que fît-il gris dehors, on était sûr qu’il ferait beau dans l’église; l’un était rempli dans toute sa grandeur par un seul personnage pareil à un Roi de jeu de cartes, qui vivait là-haut, sous un dais architectural, entre ciel et terre; (et dans le reflet oblique et bleu duquel, parfois les jours de semaine, à midi, quand il n’y a pas d’office, — à l’un de ces rares moments où l’église aérée, vacante, plus humaine, luxueuse, avec du soleil sur son riche mobilier, avait l’air presque habitable comme le hall de pierre sculptée et de verre peint, d’un hôtel de style moyen âge, — on voyait s’agenouiller un instant Mme Sazerat, posant sur le prie-Dieu voisin un paquet tout ficelé de petits fours qu’elle venait de prendre chez le pâtissier d’en face et qu’elle allait rapporter pour le déjeuner); dans un autre une montagne de neige rose, au pied de laquelle se livrait un combat, semblait avoir givré à même la verrière qu’elle boursouflait de son trouble grésil comme une vitre à laquelle il serait resté des flocons, mais des flocons éclairés par quelque aurore (par la même sans doute qui empourprait le retable de l’autel de tons si frais qu’ils semblaient plutôt posés là momentanément par une lueur du dehors prête à s’évanouir que par des couleurs attachées à jamais à la pierre); et tous étaient si anciens qu’on voyait çà et là leur vieillesse argentée étinceler de la poussière des siècles et monter brillante et usée jusqu’à la corde la trame de leur douce tapisserie de verre.	Its windows were never so brilliant as on days when the sun scarcely shone, so that if it was dull outside you might be certain of fine weather in church. One of them was filled from top to bottom by a solitary figure, like the king on a playing-card, who lived up there beneath his canopy of stone, between earth and heaven; and in the blue light of its slanting shadow, on weekdays sometimes, at noon, when there was no service (at one of those rare moments when the airy, empty church, more human somehow and more luxurious with the sun shewing off all its rich furnishings, seemed to have almost a habitable air, like the hall — all sculptured stone and painted glass — of some mediaeval mansion), you might see Mme. Sazerat kneel for an instant, laying down on the chair beside her own a neatly corded parcel of little cakes which she had just bought at the baker's and was taking home for her luncheon. In another, a mountain of rosy snow, at whose foot a battle was being fought, seemed to have frozen the window also, which it swelled and distorted with its cloudy sleet, like a pane to which snowflakes have drifted and clung, but flakes illumined by a sunrise — the same, doubtless, which purpled the reredos of the altar with tints so fresh that they seemed rather to be thrown on it for a moment by a light shining from outside and shortly to be extinguished than painted and permanently fastened on the stone. And all of them were so old that you could see, here and there, their silvery antiquity sparkling with the dust of centuries and shewing in its threadbare brilliance the very cords of their lovely tapestry of glass.
121	137	0.195	Il y en avait un qui était un haut compartiment divisé en une centaine de petits vitraux rectangulaires où dominait le bleu, comme un grand jeu de cartes pareil à ceux qui devaient distraire le roi Charles VI; mais soit qu’un rayon eût brillé, soit que mon regard en bougeant eût promené à travers la verrière tour à tour éteinte et rallumée, un mouvant et précieux incendie, l’instant d’après elle avait pris l’éclat changeant d’une traîne de paon, puis elle tremblait et ondulait en une pluie flamboyante et fantastique qui dégouttait du haut de la voûte sombre et rocheuse, le long des parois humides, comme si c’était dans la nef de quelque grotte irisée de sinueux stalactites que je suivais mes parents, qui portaient leur paroissien; un instant après les petits vitraux en losange avaient pris la transparence profonde, l’infrangible dureté de saphirs qui eussent été juxtaposés sur quelque immense pectoral, mais derrière lesquels on sentait, plus aimé que toutes ces richesses, un sourire momentané de soleil; il était aussi reconnaissable dans le flot bleu et doux dont il baignait les pierreries que sur le pavé de la place ou la paille du marché; et, même à nos premiers dimanches quand nous étions arrivés avant Pâques, il me consolait que la terre fût encore nue et noire, en faisant épanouir, comme en un printemps historique et qui datait des successeurs de saint Louis, ce tapis éblouissant et doré de myosotis en verre.	There was one among them which was a tall panel composed of a hundred little rectangular windows, of blue principally, like a great game of patience of the kind planned to beguile King Charles VI; but, either because a ray of sunlight had gleamed through it or because my own shifting vision had drawn across the window, whose colours died away and were rekindled by turns, a rare and transient fire — the next instant it had taken on all the iridescence of a peacock's tail, then shook and wavered in a flaming and fantastic shower, distilled and dropping from the groin of the dark and rocky vault down the moist walls, as though it were along the bed of some rainbow grotto of sinuous stalactites that I was following my parents, who marched before me, their prayer-books clasped in their hands; a moment later the little lozenge windows had put on the deep transparence, the unbreakable hardness of sapphires clustered on some enormous breastplate; but beyond which could be distinguished, dearer than all such treasures, a fleeting smile from the sun, which could be seen and felt as well here, in the blue and gentle flood in which it washed the masonry, as on the pavement of the Square or the straw of the market-place; and even on our first Sundays, when we came down before Easter, it would console me for the blackness and bareness of the earth outside by making burst into blossom, as in some springtime in old history among the heirs of Saint Louis, this dazzling and gilded carpet of forget-me-nots in glass.
122	138-139	0.177	Deux tapisseries de haute lice représentaient le couronnement d’Esther (le tradition voulait qu’on eût donné à Assuérus les traits d’un roi de France et à Esther ceux d’une dame de Guermantes dont il était amoureux) auxquelles leurs couleurs, en fondant, avaient ajouté une expression, un relief, un éclairage: un peu de rose flottait aux lèvres d’Esther au delà du dessin de leur contour, le jaune de sa robe s’étalait si onctueusement, si grassement, qu’elle en prenait une sorte de consistance et s’enlevait vivement sur l’atmosphère refoulée; et la verdure des arbres restée vive dans les parties basses du panneau de soie et de laine, mais ayant «passé» dans le haut, faisait se détacher en plus pâle, au-dessus des troncs foncés, les hautes branches jaunissantes, dorées et comme à demi effacées par la brusque et oblique illumination d’un soleil invisible.	Two tapestries of high warp represented the coronation of Esther (in which tradition would have it that the weaver had given to Ahasuerus the features of one of the kings of France and to Esther those of a lady of Guermantes whose lover he had been); their colours had melted into one another, so as to add expression, relief, light to the pictures. A touch of red over the lips of Esther had strayed beyond their outline; the yellow on her dress was spread with such unctuous plumpness as to have acquired a kind of solidity, and stood boldly out from the receding atmosphere; while the green of the trees, which was still bright in silk and wool among the lower parts of the panel, but had quite 'gone' at the top, separated in a paler scheme, above the dark trunks, the yellowing upper branches, tanned and half-obliterated by the sharp though sidelong rays of an invisible sun.
123	140	0.478	Tout cela et plus encore les objets précieux venus à l’église de personnages qui étaient pour moi presque des personnages de légende (la croix d’or travaillée disait-on par saint Éloi et donnée par Dagobert, le tombeau des fils de Louis le Germanique, en porphyre et en cuivre émaillé) à cause de quoi je m’avançais dans l’église, quand nous gagnions nos chaises, comme dans une vallée visitée des fées, où le paysan s’émerveille de voir dans un rocher, dans un arbre, dans une mare, la trace palpable de leur passage surnaturel, tout cela faisait d’elle pour moi quelque chose d’entièrement différent du reste de la ville: un édifice occupant, si l’on peut dire, un espace à quatre dimensions — la quatrième étant celle du Temps, — déployant à travers les siècles son vaisseau qui, de travée en travée, de chapelle en chapelle, semblait vaincre et franchir non pas seulement quelques mètres, mais des époques successives d’où il sortait victorieux; dérobant le rude et farouche XIe siècle dans l’épaisseur de ses murs, d’où il n’apparaissait avec ses lourds cintres bouchés et aveuglés de grossiers moellons que par la profonde entaille que creusait près du porche l’escalier du clocher, et, même là, dissimulé par les gracieuses arcades gothiques qui se pressaient coquettement devant lui comme de plus grandes sœurs, pour le cacher aux étrangers, se placent en souriant devant un jeune frère rustre, grognon et mal vêtu; élevant dans le ciel au-dessus de la Place, sa tour qui avait contemplé saint Louis et semblait le voir encore; et s’enfonçant avec sa crypte dans une nuit mérovingienne où, nous guidant à tâtons sous la voûte obscure et puissamment nervurée comme la membrane d’une immense chauve-souris de pierre, Théodore et sa sœur nous éclairaient d’une bougie le tombeau de la petite fille de Sigebert, sur lequel une profonde valve, — comme la trace d’un fossile, — avait été creusée, disait-on, «par une lampe de cristal qui, le soir du meurtre de la princesse franque, s’était détachée d’elle-même des chaînes d’or où elle était suspendue à la place de l’actuelle abside, et, sans que le cristal se brisât, sans que la flamme s’éteignît, s’était enfoncée dans la pierre et l’avait fait mollement céder sous elle.»	"All these things and, still more than these, the treasures which had come to the church from personages who to me were almost legendary figures (such as the golden cross wrought, it was said, by Saint Eloi and presented by Dagobert, and the tomb of the sons of Louis the Germanic in porphyry and enamelled copper), because of which I used to go forward into the church when we were making our way to our chairs as into a fairy-haunted valley, where the rustic sees with amazement on a rock, a tree, a marsh, the tangible proofs of the little people's supernatural passage — all these things made of the church for me something entirely different from the rest of the town; a building which occupied, so to speak, four dimensions of space — the name of the fourth being Time — which had sailed the centuries with that old nave, where bay after bay, chapel after chapel, seemed to stretch across and hold down and conquer not merely a few yards of soil, but each successive epoch from which the whole building had emerged triumphant, hiding the rugged barbarities of the eleventh century in the thickness of its walls, through which nothing could be seen of the heavy arches, long stopped and blinded with coarse blocks of ashlar, except where, near the porch, a deep groove was furrowed into one wall by the tower-stair; and even there the barbarity was veiled by the graceful gothic arcade which pressed coquettishly upon it, like a row of grown-up sisters who, to hide him from the eyes of strangers, arrange themselves smilingly in front of a countrified, unmannerly and ill-dressed younger brother; rearing into the sky above the Square a tower which had looked down upon Saint Louis, and seemed to behold him still; and thrusting down with its crypt into the blackness of a Merovingian night, through which, guiding us with groping finger-tips beneath the shadowy vault, ribbed strongly as an immense bat's wing of stone, Théodore or his sister would light up for us with a candle the tomb of Sigebert's little daughter, in which a deep hole, like the bed of a fossil, had been bored, or so it was said, ""by a crystal lamp which, on the night when the Frankish princess was murdered, had left, of its own accord, the golden chains by which it was suspended where the apse is to-day and with neither the crystal broken nor the light extinguished had buried itself in the stone, through which it had gently forced its way."""
124	141	0.311	L’abside de l’église de Combray, peut-on vraiment en parler?	And then the apse of Combray: what am I to say of that?
125	142	0.544	Elle était si grossière, si dénuée de beauté artistique et même d’élan religieux.	It was so coarse, so devoid of artistic beauty, even of the religious spirit.
126	143	0.567	Du dehors, comme le croisement des rues sur lequel elle donnait était en contre-bas, sa grossière muraille s’exhaussait d’un soubassement en moellons nullement polis, hérissés de cailloux, et qui n’avait rien de particulièrement ecclésiastique, les verrières semblaient percées à une hauteur excessive, et le tout avait plus l’air d’un mur de prison que d’église.	From outside, since the street crossing which it commanded was on a lower level, its great wall was thrust upwards from a basement of unfaced ashlar, jagged with flints, in all of which there was nothing particularly ecclesiastical; the windows seemed to have been pierced at an abnormal height, and its whole appearance was that of a prison wall rather than of a church.
127	144	0.489	Et certes, plus tard, quand je me rappelais toutes les glorieuses absides que j’ai vues, il ne me serait jamais venu à la pensée de rapprocher d’elles l’abside de Combray.	And certainly in later years, were I to recall all the glorious apses that I had seen, it would never enter my mind to compare with any one of them the apse of Combray.
128	145	0.438	Seulement, un jour, au détour d’une petite rue provinciale, j’aperçus, en face du croisement de trois ruelles, une muraille fruste et surélevée, avec des verrières percées en haut et offrant le même aspect asymétrique que l’abside de Combray.	Only, one day, turning out of a little street in some country town, I came upon three alley-ways that converged, and facing them an old wall, rubbed, worn, crumbling, and unusually high; with windows pierced in it far overhead and the same asymmetrical appearance as the apse of Combray.
129	146	0.438	Alors je ne me suis pas demandé comme à Chartres ou à Reims avec quelle puissance y était exprimé le sentiment religieux, mais je me suis involontairement écrié: «L’Église!»	"And at that moment I did not say to myself, as at Chartres I might have done or at Rheims, with what strength the religious feeling had been expressed in its construction, but instinctively I exclaimed ""The Church!"""
130	147	0.545	L’église!	The church!
131	148	0.475	Familière; mitoyenne, rue Saint-Hilaire, où était sa porte nord, de ses deux voisines, la pharmacie de M. Rapin et la maison de Mme Loiseau, qu’elle touchait sans aucune séparation; simple citoyenne de Combray qui aurait pu avoir son numéro dans la rue si les rues de Combray avaient eu des numéros, et où il semble que le facteur aurait dû s’arrêter le matin quand il faisait sa distribution, avant d’entrer chez Mme Loiseau et en sortant de chez M. Rapin, il y avait pourtant entre elle et tout ce qui n’était pas elle une démarcation que mon esprit n’a jamais pu arriver à franchir.	A dear, familiar friend; close pressed in the Rue Saint-Hilaire, upon which its north door opened, by its two neighbours, Mme. Loiseau's house and the pharmacy of M. Rapin, against which its walls rested without interspace; a simple citizen of Combray, who might have had her number in the street had the streets of Combray borne numbers, and at whose door one felt that the postman ought to stop on his morning rounds, before going into Mme. Loiseau's and after leaving M. Rapin's, there existed, for all that, between the church and everything in Combray that was not the church a clear line of demarcation which I have never succeeded in eliminating from my mind.
132	149	0.400	Mme Loiseau avait beau avoir à sa fenêtre des fuchsias, qui prenaient la mauvaise habitude de laisser leurs branches courir toujours partout tête baissée, et dont les fleurs n’avaient rien de plus pressé, quand elles étaient assez grandes, que d’aller rafraîchir leurs joues violettes et congestionnées contre la sombre façade de l’église, les fuchsias ne devenaient pas sacrés pour cela pour moi; entre les fleurs et la pierre noircie sur laquelle elles s’appuyaient, si mes yeux ne percevaient pas d’intervalle, mon esprit réservait un abîme.	In vain might Mme. Loiseau deck her window-sills with fuchsias, which developed the bad habit of letting their branches trail at all times and in all directions, head downwards, and whose flowers had no more important business, when they were big enough to taste the joys of life, than to go and cool their purple, congested cheeks against the dark front of the church; to me such conduct sanctified the fuchsias not at all; between the flowers and the blackened stones towards which they leaned, if my eyes could discern no interval, my mind preserved the impression of an abyss.
133	150	0.413	On reconnaissait le clocher de Saint-Hilaire de bien loin, inscrivant sa figure inoubliable à l’horizon où Combray n’apparaissait pas encore; quand du train qui, la semaine de Pâques, nous amenait de Paris, mon père l’apercevait qui filait tour à tour sur tous les sillons du ciel, faisant courir en tous sens son petit coq de fer, il nous disait: «Allons, prenez les couvertures, on est arrivé.»	"From a long way off one could distinguish and identify the steeple of Saint-Hilaire inscribing its unforgettable form upon a horizon beneath which Combray had not yet appeared; when from the train which brought us down from Paris at Easter-time my father caught sight of it, as it slipped into every fold of the sky in turn, its little iron cock veering continually in all directions, he would say: ""Come, get your wraps together, we are there."""
134	151	0.332	Et dans une des plus grandes promenades que nous faisions de Combray, il y avait un endroit où la route resserrée débouchait tout à coup sur un immense plateau fermé à l’horizon par des forêts déchiquetées que dépassait seul la fine pointe du clocher de Saint-Hilaire, mais si mince, si rose, qu’elle semblait seulement rayée sur le ciel par un ongle qui aurait voulu donner à se paysage, à ce tableau rien que de nature, cette petite marque d’art, cette unique indication humaine.	And on one of the longest walks we ever took from Combray there was a spot where the narrow road emerged suddenly on to an immense plain, closed at the horizon by strips of forest over which rose and stood alone the fine point of Saint-Hilaire's steeple, but so sharpened and so pink that it seemed to be no more than sketched on the sky by the finger-nail of a painter anxious to give to such a landscape, to so pure a piece of 'nature,' this little sign of art, this single indication of human existence.
135	152	0.477	Quand on se rapprochait et qu’on pouvait apercevoir le reste de la tour carrée et à demi détruite qui, moins haute, subsistait à côté de lui, on était frappé surtout de ton rougeâtre et sombre des pierres; et, par un matin brumeux d’automne, on aurait dit, s’élevant au-dessus du violet orageux des vignobles, une ruine de pourpre presque de la couleur de la vigne vierge.	As one drew near it and could make out the remains of the square tower, half in ruins, which still stood by its side, though without rivalling it in height, one was struck, first of all, by the tone, reddish and sombre, of its stones; and on a misty morning in autumn one would have called it, to see it rising above the violet thunder-cloud of the vineyards, a ruin of purple, almost the colour of the wild vine.
136	153	0.590	Souvent sur la place, quand nous rentrions, ma grand’mère me faisait arrêter pour le regarder.	Often in the Square, as we came home, my grandmother would make me stop to look up at it.
137	154	0.524	Des fenêtres de sa tour, placées deux par deux les unes au-dessus des autres, avec cette juste et originale proportion dans les distances qui ne donne pas de la beauté et de la dignité qu’aux visages humains, il lâchait, laissait tomber à intervalles réguliers des volées de corbeaux qui, pendant un moment, tournoyaient en criant, comme si les vieilles pierres qui les laissaient s’ébattre sans paraître les voir, devenues tout d’un coup inhabitables et dégageant un principe d’agitation infinie, les avait frappés et repoussés.	From the tower windows, placed two and two, one pair above another, with that right and original proportion in their spacing to which not only human faces owe their beauty and dignity, it released, it let fall at regular intervals flights of jackdaws which for a little while would wheel and caw, as though the ancient stones which allowed them to sport thus and never seemed to see them, becoming of a sudden uninhabitable and discharging some infinitely disturbing element, had struck them and driven them forth.
138	155	0.474	Puis, après avoir rayé en tous sens le velours violet de l’air du soir, brusquement calmés ils revenaient s’absorber dans la tour, de néfaste redevenue propice, quelques-uns posés çà et là, ne semblant pas bouger, mais happant peut-être quelque insecte, sur la pointe d’un clocheton, comme une mouette arrêtée avec l’immobilité d’un pêcheur à la crête d’une vague.	Then after patterning everywhere the violet velvet of the evening air, abruptly soothed, they would return and be absorbed in the tower, deadly no longer but benignant, some perching here and there (not seeming to move, but snapping, perhaps, and swallowing some passing insect) on the points of turrets, as a seagull perches, with an angler's immobility, on the crest of a wave.
139	156	0.465	Sans trop savoir pourquoi, ma grand’mère trouvait au clocher de Saint-Hilaire cette absence de vulgarité, de prétention, de mesquinerie, qui lui faisait aimer et croire riches d’une influence bienfaisante, la nature, quand la main de l’homme ne l’avait pas, comme faisait le jardinier de ma grand’tante, rapetissée, et les œuvres de génie.	Without quite knowing why, my grandmother found in the steeple of Saint-Hilaire that absence of vulgarity, pretension, and meanness which made her love — and deem rich in beneficent influences — nature itself, when the hand of man had not, as did my great-aunt's gardener, trimmed it, and the works of genius.
140	157	0.480	Et sans doute, toute partie de l’église qu’on apercevait la distinguait de tout autre édifice par une sorte de pensée qui lui était infuse, mais c’était dans son clocher qu’elle semblait prendre conscience d’elle-même, affirmer une existence individuelle et responsable.	And certainly every part one saw of the church served to distinguish the whole from any other building by a kind of general feeling which pervaded it, but it was in the steeple that the church seemed to display a consciousness of itself, to affirm its individual and responsible existence.
141	158	0.231	C’était lui qui parlait pour elle.	It was the steeple which spoke for the church.
142	159	0.655	Je crois surtout que, confusément, ma grand’mère trouvait au clocher de Combray ce qui pour elle avait le plus de prix au monde, l’air naturel et l’air distingué.	I think, too, that in a confused way my grandmother found in the steeple of Combray what she prized above anything else in the world, namely, a natural air and an air of distinction.
143	160-161	0.462	Ignorante en architecture, elle disait: «Mes enfants, moquez-vous de moi si vous voulez, il n’est peut-être pas beau dans les règles, mais sa vieille figure bizarre me plaît.	"Ignorant of architecture, she would say: ""My dears, laugh at me if you like; it is not conventionally beautiful, but there is something in its quaint old face which pleases me."
144	162	0.519	Je suis sûre que s’il jouait du piano, il ne jouerait pas sec.»	"If it could play the piano, I am sure it would really _play_."""
145	163	0.507	Et en le regardant, en suivant des yeux la douce tension, l’inclinaison fervente de ses pentes de pierre qui se rapprochaient en s’élevant comme des mains jointes qui prient, elle s’unissait si bien à l’effusion de la flèche, que son regard semblait s’élancer avec elle; et en même temps elle souriait amicalement aux vieilles pierres usées dont le couchant n’éclairait plus que le faîte et qui, à partir du moment où elles entraient dans cette zone ensoleillée, adoucies par la lumière, paraissaient tout d’un coup montées bien plus haut, lointaines, comme un chant repris «en voix de tête» une octave au-dessus.	And when she gazed on it, when her eyes followed the gentle tension, the fervent inclination of its stony slopes which drew together as they rose, like hands joined in prayer, she would absorb herself so utterly in the outpouring of the spire that her gaze seemed to leap upwards with it; her lips at the same time curving in a friendly smile for the worn old stones of which the setting sun now illumined no more than the topmost pinnacles, which, at the point where they entered that zone of sunlight and were softened and sweetened by it, seemed to have mounted suddenly far higher, to have become truly remote, like a song whose singer breaks into falsetto, an octave above the accompanying air.
146	164	0.490	C’était le clocher de Saint-Hilaire qui donnait à toutes les occupations, à toutes les heures, à tous les points de vue de la ville, leur figure, leur couronnement, leur consécration.	It was the steeple of Saint-Hilaire which shaped and crowned and consecrated every occupation, every hour of the day, every point of view in the town.
147	165-166	0.399	De ma chambre, je ne pouvais apercevoir que sa base qui avait été recouverte d’ardoises; mais quand, le dimanche, je les voyais, par une chaude matinée d’été, flamboyer comme un soleil noir, je me disais: «Mon-Dieu! neuf heures! il faut se préparer pour aller à la grand’messe si je veux avoir le temps d’aller embrasser tante Léonie avant», et je savais exactement la couleur qu’avait le soleil sur la place, la chaleur et la poussière du marché, l’ombre que faisait le store du magasin où maman entrerait peut-être avant la messe dans une odeur de toile écrue, faire emplette de quelque mouchoir que lui ferait montrer, en cambrant la taille, le patron qui, tout en se préparant à fermer, venait d’aller dans l’arrière-boutique passer sa veste du dimanche et se savonner les mains qu’il avait l’habitude, toutes les cinq minutes, même dans les circonstances les plus mélancoliques, de frotter l’une contre l’autre d’un air d’entreprise, de partie fine et de réussite.	"From my bedroom window I could discern no more than its base, which had been freshly covered with slates; but when on Sundays I saw these, in the hot light of a summer morning, blaze like a black sun I would say to myself: ""Good heavens! nine o'clock! I must get ready for mass at once if I am to have time to go in and kiss aunt Léonie first,"" and I would know exactly what was the colour of the sunlight upon the Square, I could feel the heat and dust of the market, the shade behind the blinds of the shop into which Mamma would perhaps go on her way to mass, penetrating its odour of unbleached calico, to purchase a handkerchief or something, of which the draper himself would let her see what he had, bowing from the waist: who, having made everything ready for shutting up, had just gone into the back shop to put on his Sunday coat and to wash his hands, which it was his habit, every few minutes and even on the saddest occasions, to rub one against the other with an air of enterprise, cunning, and success."
148	167	0.362	Quand après la messe, on entrait dire à Théodore d’apporter une brioche plus grosse que d’habitude parce que nos cousins avaient profité du beau temps pour venir de Thiberzy déjeuner avec nous, on avait devant soi le clocher qui, doré et cuit lui-même comme une plus grande brioche bénie, avec des écailles et des égouttements gommeux de soleil, piquait sa pointe aiguë dans le ciel bleu.	And again, after mass, when we looked in to tell Théodore to bring a larger loaf than usual because our cousins had taken advantage of the fine weather to come over from Thiberzy for luncheon, we had in front of us the steeple, which, baked and brown itself like a larger loaf still of 'holy bread,' with flakes and sticky drops on it of sunlight, pricked its sharp point into the blue sky.
149	168	0.234	Et le soir, quand je rentrais de promenade et pensais au moment où il faudrait tout à l’heure dire bonsoir à ma mère et ne plus la voir, il était au contraire si doux, dans la journée finissante, qu’il avait l’air d’être posé et enfoncé comme un coussin de velours brun sur le ciel pâli qui avait cédé sous sa pression, s’était creusé légèrement pour lui faire sa place et refluait sur ses bords; et les cris des oiseaux qui tournaient autour de lui semblaient accroître son silence, élancer encore sa flèche et lui donner quelque chose d’ineffable.	And in the evening, as I came in from my walk and thought of the approaching moment when I must say good night to my mother and see her no more, the steeple was by contrast so kindly, there at the close of day, that I would imagine it as being laid, like a brown velvet cushion, against — as being thrust into the pallid sky which had yielded beneath its pressure, had sunk slightly so as to make room for it, and had correspondingly risen on either side; while the cries of the birds wheeling to and fro about it seemed to intensify its silence, to elongate its spire still further, and to invest it with some quality beyond the power of words.
150	169	0.373	Même dans les courses qu’on avait à faire derrière l’église, là où on ne la voyait pas, tout semblait ordonné par rapport au clocher surgi ici ou là entre les maisons, peut-être plus émouvant encore quand il apparaissait ainsi sans l’église.	Even when our errands lay in places behind the church, from which it could not be seen, the view seemed always to have been composed with reference to the steeple, which would stand up, now here, now there, among the houses, and was perhaps even more affecting when it appeared thus without the church.
151	170	0.377	Et certes, il y en a bien d’autres qui sont plus beaux vus de cette façon, et j’ai dans mon souvenir des vignettes de clochers dépassant les toits, qui ont un autre caractère d’art que celles que composaient les tristes rues de Combray.	And, indeed, there are many others which look best when seen in this way, and I can call to mind vignettes of housetops with surmounting steeples in quite another category of art than those formed by the dreary streets of Combray.
152	171	0.216	Je n’oublierai jamais, dans une curieuse ville de Normandie voisine de Balbec, deux charmants hôtels du XVIIIe siècle, qui me sont à beaucoup d’égards chers et vénérables et entre lesquels, quand on la regarde du beau jardin qui descend des perrons vers la rivière, la flèche gothique d’une église qu’ils cachent s’élance, ayant l’air de terminer, de surmonter leurs façades, mais d’une matière si différente, si précieuse, si annelée, si rose, si vernie, qu’on voit bien qu’elle n’en fait pas plus partie que de deux beaux galets unis, entre lesquels elle est prise sur la plage, la flèche purpurine et crénelée de quelque coquillage fuselé en tourelle et glacé d’émail.	I shall never forget, in a quaint Norman town not far from Balbec, two charming eighteenth-century houses, dear to me and venerable for many reasons, between which, when one looks up at them from a fine garden which descends in terraces to the river, the gothic spire of a church (itself hidden by the houses) soars into the sky with the effect of crowning and completing their fronts, but in a material so different, so precious, so beringed, so rosy, so polished, that it is at once seen to be no more a part of them than would be a part of two pretty pebbles lying side by side, between which it had been washed on the beach, the purple, crinkled spire of some sea-shell spun out into a turret and gay with glossy colour.
153	172	0.400	Même à Paris, dans un des quartiers les plus laids de la ville, je sais une fenêtre où on voit après un premier, un second et même un troisième plan fait des toits amoncelés de plusieurs rues, une cloche violette, parfois rougeâtre, parfois aussi, dans les plus nobles «épreuves» qu’en tire l’atmosphère, d’un noir décanté de cendres, laquelle n’est autre que le dôme Saint-Augustin et qui donne à cette vue de Paris le caractère de certaines vues de Rome par Piranesi.	Even in Paris, in one of the ugliest parts of the town, I know a window from which one can see across a first, a second, and even a third layer of jumbled roofs, street beyond street, a violet bell, sometimes ruddy, sometimes too, in the finest 'prints' which the atmosphere makes of it, of an ashy solution of black; which is, in fact, nothing else than the dome of Saint-Augustin, and which imparts to this view of Paris the character of some of the Piranesi views of Rome.
154	173	0.393	Mais comme dans aucune de ces petites gravures, avec quelque goût que ma mémoire ait pu les exécuter elle ne put mettre ce que j’avais perdu depuis longtemps, le sentiment qui nous fait non pas considérer une chose comme un spectacle, mais y croire comme en un être sans équivalent, aucune d’elles ne tient sous sa dépendance toute une partie profonde de ma vie, comme fait le souvenir de ces aspects du clocher de Combray dans les rues qui sont derrière l’église.	But since into none of these little etchings, whatever the taste my memory may have been able to bring to their execution, was it able to contribute an element I have long lost, the feeling which makes us not merely regard a thing as a spectacle, but believe in it as in a creature without parallel, so none of them keeps in dependence on it a whole section of my inmost life as does the memory of those aspects of the steeple of Combray from the streets behind the church.
155	174	0.272	Qu’on le vît à cinq heures, quand on allait chercher les lettres à la poste, à quelques maisons de soi, à gauche, surélevant brusquement d’une cime isolée la ligne de faîte des toits; que si, au contraire, on voulait entrer demander des nouvelles de Mme Sazerat, on suivît des yeux cette ligne redevenue basse après la descente de son autre versant en sachant qu’il faudrait tourner à la deuxième rue après le clocher; soit qu’encore, poussant plus loin, si on allait à la gare, on le vît obliquement, montrant de profil des arêtes et des surfaces nouvelles comme un solide surpris à un moment inconnu de sa révolution; ou que, des bords de la Vivonne, l’abside musculeusement ramassée et remontée par la perspective semblât jaillir de l’effort que le clocher faisait pour lancer sa flèche au cœur du ciel: c’était toujours à lui qu’il fallait revenir, toujours lui qui dominait tout, sommant les maisons d’un pinacle inattendu, levé avant moi comme le doigt de Dieu dont le corps eût été caché dans la foule des humains sans que je le confondisse pour cela avec elle.	Whether one saw it at five o'clock when going to call for letters at the post-office, some doors away from one, on the left, raising abruptly with its isolated peak the ridge of housetops; or again, when one had to go in and ask for news of Mme. Sazerat, one's eyes followed the line where it ran low again beyond the farther, descending slope, and one knew that it would be the second turning after the steeple; or yet again, if pressing further afield one went to the station, one saw it obliquely, shewing in profile fresh angles and surfaces, like a solid body surprised at some unknown point in its revolution; or, from the banks of the Vivonne, the apse, drawn muscularly together and heightened in perspective, seemed to spring upwards with the effort which the steeple made to hurl its spire-point into the heart of heaven: it was always to the steeple that one must return, always it which dominated everything else, summing up the houses with an unexpected pinnacle, raised before me like the Finger of God, Whose Body might have been concealed below among the crowd of human bodies without fear of my confounding It, for that reason, with them.
156	175	0.296	Et aujourd’hui encore si, dans une grande ville de province ou dans un quartier de Paris que je connais mal, un passant qui m’a «mis dans mon chemin» me montre au loin, comme un point de repère, tel beffroi d’hôpital, tel clocher de couvent levant la pointe de son bonnet ecclésiastique au coin d’une rue que je dois prendre, pour peu que ma mémoire puisse obscurément lui trouver quelque trait de ressemblance avec la figure chère et disparue, le passant, s’il se retourne pour s’assurer que je ne m’égare pas, peut, à son étonnement, m’apercevoir qui, oublieux de la promenade entreprise ou de la course obligée, reste là, devant le clocher, pendant des heures, immobile, essayant de me souvenir, sentant au fond de moi des terres reconquises sur l’oubli qui s’assèchent et se rebâtissent; et sans doute alors, et plus anxieusement que tout à l’heure quand je lui demandais de me renseigner, je cherche encore mon chemin, je tourne une rue…mais…c’est dans mon cœur…	And so even to-day in any large provincial town, or in a quarter of Paris which I do not know well, if a passer-by who is 'putting me on the right road' shews me from afar, as a point to aim at, some belfry of a hospital, or a convent steeple lifting the peak of its ecclesiastical cap at the corner of the street which I am to take, my memory need only find in it some dim resemblance to that dear and vanished outline, and the passer-by, should he turn round to make sure that I have not gone astray, would see me, to his astonishment, oblivious of the walk that I had planned to take or the place where I was obliged to call, standing still on the spot, before that steeple, for hours on end, motionless, trying to remember, feeling deep within myself a tract of soil reclaimed from the waters of Lethe slowly drying until the buildings rise on it again; and then no doubt, and then more uneasily than when, just now, I asked him for a direction, I will seek my way again, I will turn a corner… but… the goal is in my heart…
157	176	0.510	En rentrant de la messe, nous rencontrions souvent M. Legrandin qui, retenu à Paris par sa profession d’ingénieur, ne pouvait, en dehors des grandes vacances, venir à sa propriété de Combray que du samedi soir au lundi matin.	On our way home from mass we would often meet M. Legrandin, who, detained in Paris by his professional duties as an engineer, could only (except in the regular holiday seasons) visit his home at Combray between Saturday evenings and Monday mornings.
158	177	0.420	C’était un de ces hommes qui, en dehors d’une carrière scientifique où ils ont d’ailleurs brillamment réussi, possèdent une culture toute différente, littéraire, artistique, que leur spécialisation professionnelle n’utilise pas et dont profite leur conversation.	He was one of that class of men who, apart from a scientific career in which they may well have proved brilliantly successful, have acquired an entirely different kind of culture, literary or artistic, of which they make no use in the specialised work of their profession, but by which their conversation profits.
159	178	0.390	Plus lettrés que bien des littérateurs (nous ne savions pas à cette époque que M. Legrandin eût une certaine réputation comme écrivain et nous fûmes très étonnés de voir qu’un musicien célèbre avait composé une mélodie sur des vers de lui), doués de plus de «facilité» que bien des peintres, ils s’imaginent que la vie qu’ils mènent n’est pas celle qui leur aurait convenu et apportent à leurs occupations positives soit une insouciance mêlée de fantaisie, soit une application soutenue et hautaine, méprisante, amère et consciencieuse.	More 'literary' than many 'men of letters' (we were not aware at this period that M. Legrandin had a distinct reputation as a writer, and so were greatly astonished to find that a well-known composer had set some verses of his to music), endowed with a greater ease in execution than many painters, they imagine that the life they are obliged to lead is not that for which they are really fitted, and they bring to their regular occupations either a fantastic indifference or a sustained and lofty application, scornful, bitter, and conscientious.
160	179	0.371	Grand, avec une belle tournure, un visage pensif et fin aux longues moustaches blondes, au regard bleu et désenchanté, d’une politesse raffinée, causeur comme nous n’en avions jamais entendu, il était aux yeux de ma famille qui le citait toujours en exemple, le type de l’homme d’élite, prenant la vie de la façon la plus noble et la plus délicate.	Tall, with a good figure, a fine, thoughtful face, drooping fair moustaches, a look of disillusionment in his blue eyes, an almost exaggerated refinement of courtesy; a talker such as we had never heard; he was in the sight of my family, who never ceased to quote him as an example, the very pattern of a gentleman, who took life in the noblest and most delicate manner.
161	180	0.370	Ma grand’mère lui reprochait seulement de parler un peu trop bien, un peu trop comme un livre, de ne pas avoir dans son langage le naturel qu’il y avait dans ses cravates lavallière toujours flottantes, dans son veston droit presque d’écolier.	My grandmother alone found fault with him for speaking a little too well, a little too much like a book, for not using a vocabulary as natural as his loosely knotted Lavallière neckties, his short, straight, almost schoolboyish coat.
162	181	0.475	Elle s’étonnait aussi des tirades enflammées qu’il entamait souvent contre l’aristocratie, la vie mondaine, le snobisme, «certainement le péché auquel pense saint Paul quand il parle du péché pour lequel il n’y a pas de rémission.»	"She was astonished, too, at the furious invective which he was always launching at the aristocracy, at fashionable life, and 'snobbishness' — ""undoubtedly,"" he would say, ""the sin of which Saint Paul is thinking when he speaks of the sin for which there is no forgiveness."""
163	182	0.432	L’ambition mondaine était un sentiment que ma grand’mère était si incapable de ressentir et presque de comprendre qu’il lui paraissait bien inutile de mettre tant d’ardeur à la flétrir.	Worldly ambition was a thing which my grandmother was so little capable of feeling, or indeed of understanding, that it seemed to her futile to apply so much heat to its condemnation.
164	183	0.581	De plus elle ne trouvait pas de très bon goût que M. Legrandin dont la sœur était mariée près de Balbec avec un gentilhomme bas-normand se livrât à des attaques aussi violentes encore les nobles, allant jusqu’à reprocher à la Révolution de ne les avoir pas tous guillotinés.	Besides, she thought it in not very good taste that M. Legrandin, whose sister was married to a country gentleman of Lower Normandy near Balbec, should deliver himself of such violent attacks upon the nobles, going so far as to blame the Revolution for not having guillotined them all.
165	184	0.627	—Salut, amis! nous disait-il en venant à notre rencontre.	"""Well met, my friends!"" he would say as he came towards us."
166	185	0.530	Vous êtes heureux d’habiter beaucoup ici; demain il faudra que je rentre à Paris, dans ma niche.	"""You are lucky to spend so much time here; to-morrow I have to go back to Paris, to squeeze back into my niche."
167	186	0.529	—«Oh! ajoutait-il, avec ce sourire doucement ironique et déçu, un peu distrait, qui lui était particulier, certes il y a dans ma maison toutes les choses inutiles.	"""Oh, I admit,"" he went on, with his own peculiar smile, gently ironical, disillusioned and vague, ""I have every useless thing in the world in my house there."
168	187	0.424	Il n’y manque que le nécessaire, un grand morceau de ciel comme ici.	The only thing wanting is the necessary thing, a great patch of open sky like this.
169	188	0.438	Tâchez de garder toujours un morceau de ciel au-dessus de votre vie, petit garçon, ajoutait-il en se tournant vers moi.	"Always try to keep a patch of sky above your life, little boy,"" he added, turning to me."
170	189	0.549	Vous avez une jolie âme, d’une qualité rare, une nature d’artiste, ne la laissez pas manquer de ce qu’il lui faut.»	"""You have a soul in you of rare quality, an artist's nature; never let it starve for lack of what it needs."""
171	190	0.556	Quand, à notre retour, ma tante nous faisait demander si Mme Goupil était arrivée en retard à la messe, nous étions incapables de la renseigner.	When, on our reaching the house, my aunt would send to ask us whether Mme. Goupil had indeed arrived late for mass, not one of us could inform her.
172	191	0.474	En revanche nous ajoutions à son trouble en lui disant qu’un peintre travaillait dans l’église à copier le vitrail de Gilbert le Mauvais.	Instead, we increased her anxiety by telling her that there was a painter at work in the church copying the window of Gilbert the Bad.
173	192	0.575	Françoise, envoyée aussitôt chez l’épicier, était revenue bredouille par la faute de l’absence de Théodore à qui sa double profession de chantre ayant une part de l’entretien de l’église, et de garçon épicier donnait, avec des relations dans tous les mondes, un savoir universel.	Françoise was at once dispatched to the grocer's, but returned empty-handed owing to the absence of Théodore, whose dual profession of choirman, with a part in the maintenance of the fabric, and of grocer's assistant gave him not only relations with all sections of society, but an encyclopaedic knowledge of their affairs.
174	193	0.580	—«Ah! soupirait ma tante, je voudrais que ce soit déjà l’heure d’Eulalie.	"""Ah!"" my aunt would sigh, ""I wish it were time for Eulalie to come."
175	194	0.547	Il n’y a vraiment qu’elle qui pourra me dire cela.»	"She is really the only person who will be able to tell me."""
176	195	0.547	Eulalie était une fille boiteuse, active et sourde qui s’était «retirée» après la mort de Mme de la Bretonnerie où elle avait été en place depuis son enfance et qui avait pris à côté de l’église une chambre, d’où elle descendait tout le temps soit aux offices, soit, en dehors des offices, dire une petite prière ou donner un coup de main à Théodore; le reste du temps elle allait voir des personnes malades comme ma tante Léonie à qui elle racontait ce qui s’était passé à la messe ou aux vêpres.	Eulalie was a limping, energetic, deaf spinster who had 'retired' after the death of Mme. de la Bretonnerie, with whom she had been in service from her childhood, and had then taken a room beside the church, from which she would incessantly emerge, either to attend some service, or, when there was no service, to say a prayer by herself or to give Théodore a hand; the rest of her time she spent in visiting sick persons like my aunt Léonie, to whom she would relate everything that had occurred at mass or vespers.
177	196	0.404	Elle ne dédaignait pas d’ajouter quelque casuel à la petite rente que lui servait la famille de ses anciens maîtres en allant de temps en temps visiter le linge du curé ou de quelque autre personnalité marquante du monde clérical de Combray.	She was not above adding occasional pocket-money to the little income which was found for her by the family of her old employers by going from time to time to look after the Curé's linen, or that of some other person of note in the clerical world of Combray.
178	197	0.494	Elle portait au-dessus d’une mante de drap noir un petit béguin blanc, presque de religieuse, et une maladie de peau donnait à une partie de ses joues et à son nez recourbé, les tons rose vif de la balsamine.	Above a mantle of black cloth she wore a little white coif that seemed almost to attach her to some Order, and an infirmity of the skin had stained part of her cheeks and her crooked nose the bright red colour of balsam.
179	198	0.484	Ses visites étaient la grande distraction de ma tante Léonie qui ne recevait plus guère personne d’autre, en dehors de M. le Curé.	Her visits were the one great distraction in the life of my aunt Léonie, who now saw hardly anyone else, except the reverend Curé.
180	199	0.397	Ma tante avait peu à peu évincé tous les autres visiteurs parce qu’ils avaient le tort à ses yeux de rentrer tous dans l’une ou l’autre des deux catégories de gens qu’elle détestait.	My aunt had by degrees erased every other visitor's name from her list, because they all committed the fatal error, in her eyes, of falling into one or other of the two categories of people she most detested.
181	200	0.443	Les uns, les pires et dont elle s’était débarrassée les premiers, étaient ceux qui lui conseillaient de ne pas «s’écouter» et professaient, fût-ce négativement et en ne la manifestant que par certains silences de désapprobation ou par certains sourires de doute, la doctrine subversive qu’une petite promenade au soleil et un bon bifteck saignant (quand elle gardait quatorze heures sur l’estomac deux méchantes gorgées d’eau de Vichy!) lui feraient plus de bien que son lit et ses médecines.	One group, the worse of the two, and the one of which she rid herself first, consisted of those who advised her not to take so much care of herself, and preached (even if only negatively and with no outward signs beyond an occasional disapproving silence or doubting smile) the subversive doctrine that a sharp walk in the sun and a good red beefsteak would do her more good (her, who had had two dreadful sips of Vichy water on her stomach for fourteen hours!) than all her medicine bottles and her bed.
182	201	0.438	L’autre catégorie se composait des personnes qui avaient l’air de croire qu’elle était plus gravement malade qu’elle ne pensait, était aussi gravement malade qu’elle le disait.	The other category was composed of people who appeared to believe that she was more seriously ill than she thought, in fact that she was as seriously ill as she said.
183	202	0.536	Aussi, ceux qu’elle avait laissé monter après quelques hésitations et sur les officieuses instances de Françoise et qui, au cours de leur visite, avaient montré combien ils étaient indignes de la faveur qu’on leur faisait en risquant timidement un: «Ne croyez-vous pas que si vous vous secouiez un peu par un beau temps», ou qui, au contraire, quand elle leur avait dit: «Je suis bien bas, bien bas, c’est la fin, mes pauvres amis», lui avaient répondu: «Ah! quand on n’a pas la santé!	"And so none of those whom she had allowed upstairs to her room, after considerable hesitation and at Françoise's urgent request, and who in the course of their visit had shewn how unworthy they were of the honour which had been done them by venturing a timid: ""Don't you think that if you were just to stir out a little on really fine days…?"" or who, on the other hand, when she said to them: ""I am very low, very low; nearing the end, dear friends!"" had replied: ""Ah, yes, when one has no strength left!"
184	203	0.366	Mais vous pouvez durer encore comme ça», ceux-là, les uns comme les autres, étaient sûrs de ne plus jamais être reçus.	"Still, you may last a while yet""; each party alike might be certain that her doors would never open to them again."
185	204	0.602	Et si Françoise s’amusait de l’air épouvanté de ma tante quand de son lit elle avait aperçu dans la rue du Saint-Esprit une de ces personnes qui avait l’air de venir chez elle ou quand elle avait entendu un coup de sonnette, elle riait encore bien plus, et comme d’un bon tour, des ruses toujours victorieuses de ma tante pour arriver à les faire congédier et de leur mine déconfite en s’en retournant sans l’avoir vue, et, au fond admirait sa maîtresse qu’elle jugeait supérieure à tous ces gens puisqu’elle ne voulait pas les recevoir.	And if Françoise was amused by the look of consternation on my aunt's face whenever she saw, from her bed, any of these people in the Rue du Saint-Esprit, who looked as if they were coming to see her, or heard her own door-bell ring, she would laugh far more heartily, as at a clever trick, at my aunt's devices (which never failed) for having them sent away, and at their look of discomfiture when they had to turn back without having seen her; and would be filled with secret admiration for her mistress, whom she felt to be superior to all these other people, inasmuch as she could and did contrive not to see them.
186	205	0.425	En somme, ma tante exigeait à la fois qu’on l’approuvât dans son régime, qu’on la plaignît pour ses souffrances et qu’on la rassurât sur son avenir.	In short, my aunt stipulated, at one and the same time, that whoever came to see her must approve of her way of life, commiserate with her in her sufferings, and assure her of an ultimate recovery.
187	206	0.510	C’est à quoi Eulalie excellait.	In all this Eulalie excelled.
188	207-208	0.479	Ma tante pouvait lui dire vingt fois en une minute: «C’est la fin, ma pauvre Eulalie», vingt fois Eulalie répondait: «Connaissant votre maladie comme vous la connaissez, madame Octave, vous irez à cent ans, comme me disait hier encore Mme Sazerin.» (Une des plus fermes croyances d’Eulalie et que le nombre imposant des démentis apportés par l’expérience n’avait pas suffi à entamer, était que Mme Sazerat s’appelait Mme Sazerin.)	"My aunt might say to her twenty times in a minute: ""The end is come at last, my poor Eulalie!"", twenty times Eulalie would retort with: ""Knowing your illness as you do, Mme. Octave, you will live to be a hundred, as Mme. Sazerin said to me only yesterday."" For one of Eulalie's most rooted beliefs, and one that the formidable list of corrections which her experience must have compiled was powerless to eradicate, was that Mme. Sazerat's name was really Mme. Sazerin."
189	209	0.534	—Je ne demande pas à aller à cent ans, répondait ma tante qui préférait ne pas voir assigner à ses jours un terme précis.	"""I do not ask to live to a hundred,"" my aunt would say, for she preferred to have no definite limit fixed to the number of her days."
190	210	0.388	Et comme Eulalie savait avec cela comme personne distraire ma tante sans la fatiguer, ses visites qui avaient lieu régulièrement tous les dimanches sauf empêchement inopiné, étaient pour ma tante un plaisir dont la perspective l’entretenait ces jours-là dans un état agréable d’abord, mais bien vite douloureux comme une faim excessive, pour peu qu’Eulalie fût en retard.	And since, besides this, Eulalie knew, as no one else knew, how to distract my aunt without tiring her, her visits, which took place regularly every Sunday, unless something unforeseen occurred to prevent them, were for my aunt a pleasure the prospect of which kept her on those days in a state of expectation, appetising enough to begin with, but at once changing to the agony of a hunger too long unsatisfied if Eulalie were a minute late in coming.
191	211	0.226	Trop prolongée, cette volupté d’attendre Eulalie tournait en supplice, ma tante ne cessait de regarder l’heure, bâillait, se sentait des faiblesses.	For, if unduly prolonged, the rapture of waiting for Eulalie became a torture, and my aunt would never cease from looking at the time, and yawning, and complaining of each of her symptoms in turn.
192	212	0.409	Le coup de sonnette d’Eulalie, s’il arrivait tout à la fin de la journée, quand elle ne l’espérait plus, la faisait presque se trouver mal.	Eulalie's ring, if it sounded from the front door at the very end of the day, when she was no longer expecting it, would almost make her ill.
193	213	0.438	En réalité, le dimanche, elle ne pensait qu’à cette visite et sitôt le déjeuner fini, Françoise avait hâte que nous quittions la salle à manger pour qu’elle pût monter «occuper» ma tante.	For the fact was that on Sundays she thought of nothing else than this visit, and the moment that our luncheon was ended Françoise would become impatient for us to leave the dining-room so that she might go upstairs to 'occupy' my aunt.
194	214	0.346	Mais (surtout à partir du moment où les beaux jours s’installaient à Combray) il y avait bien longtemps que l’heure altière de midi, descendue de la tour de Saint-Hilaire qu’elle armoriait des douze fleurons momentanés de sa couronne sonore avait retenti autour de notre table, auprès du pain bénit venu lui aussi familièrement en sortant de l’église, quand nous étions encore assis devant les assiettes des Mille et une Nuits, appesantis par la chaleur et surtout par le repas.	But — and this more than ever from the day on which fine weather definitely set in at Combray — the proud hour of noon, descending from the steeple of Saint-Hilaire which it blazoned for a moment with the twelve points of its sonorous crown, would long have echoed about our table, beside the 'holy bread,' which too had come in, after church, in its familiar way; and we would still be found seated in front of our Arabian Nights plates, weighed down by the heat of the day, and even more by our heavy meal.
195	215	0.316	Car, au fond permanent d’œufs, de côtelettes, de pommes de terre, de confitures, de biscuits, qu’elle ne nous annonçait même plus, Françoise ajoutait — selon les travaux des champs et des vergers, le fruit de la marée, les hasards du commerce, les politesses des voisins et son propre génie, et si bien que notre menu, comme ces quatre-feuilles qu’on sculptait au XIIIe siècle au portail des cathédrales, reflétait un peu le rythme des saisons et les épisodes de la vie —: une barbue parce que la marchande lui en avait garanti la fraîcheur, une dinde parce qu’elle en avait vu une belle au marché de Roussainville-le-Pin, des cardons à la moelle parce qu’elle ne nous en avait pas encore fait de cette manière-là, un gigot rôti parce que le grand air creuse et qu’il avait bien le temps de descendre d’ici sept heures, des épinards pour changer, des abricots parce que c’était encore une rareté, des groseilles parce que dans quinze jours il n’y en aurait plus, des framboises que M. Swann avait apportées exprès, des cerises, les premières qui vinssent du cerisier du jardin après deux ans qu’il n’en donnait plus, du fromage à la crème que j’aimais bien autrefois, un gâteau aux amandes parce qu’elle l’avait commandé la veille, une brioche parce que c’était notre tour de l’offrir.	For upon the permanent foundation of eggs, cutlets, potatoes, preserves, and biscuits, whose appearance on the table she no longer announced to us, Françoise would add — as the labour of fields and orchards, the harvest of the tides, the luck of the markets, the kindness of neighbours, and her own genius might provide; and so effectively that our bill of fare, like the quatrefoils that were carved on the porches of cathedrals in the thirteenth century, reflected to some extent the march of the seasons and the incidents of human life — a brill, because the fish-woman had guaranteed its freshness; a turkey, because she had seen a beauty in the market at Roussainville-le-Pin; cardoons with marrow, because she had never done them for us in that way before; a roast leg of mutton, because the fresh air made one hungry and there would be plenty of time for it to 'settle down' in the seven hours before dinner; spinach, by way of a change; apricots, because they were still hard to get; gooseberries, because in another fortnight there would be none left; raspberries, which M. Swann had brought specially; cherries, the first to come from the cherry-tree, which had yielded none for the last two years; a cream cheese, of which in those days I was extremely fond; an almond cake, because she had ordered one the evening before; a fancy loaf, because it was our turn to 'offer' the holy bread.
196	216	0.409	Quand tout cela était fini, composée expressément pour nous, mais dédiée plus spécialement à mon père qui était amateur, une crème au chocolat, inspiration, attention personnelle de Françoise, nous était offerte, fugitive et légère comme une œuvre de circonstance où elle avait mis tout son talent.	And when all these had been eaten, a work composed expressly for ourselves, but dedicated more particularly to my father, who had a fondness for such things, a cream of chocolate, inspired in the mind, created by the hand of Françoise, would be laid before us, light and fleeting as an 'occasional piece' of music, into which she had poured the whole of her talent.
197	217	0.394	Celui qui eût refusé d’en goûter en disant: «J’ai fini, je n’ai plus faim», se serait immédiatement ravalé au rang de ces goujats qui, même dans le présent qu’un artiste leur fait d’une de ses œuvres, regardent au poids et à la matière alors que n’y valent que l’intention et la signature.	"Anyone who refused to partake of it, saying: ""No, thank you, I have finished; I am not hungry,"" would at once have been lowered to the level of the Philistines who, when an artist makes them a present of one of his works, examine its weight and material, whereas what is of value is the creator's intention and his signature."
198	218	0.375	Même en laisser une seule goutte dans le plat eût témoigné de la même impolitesse que se lever avant la fin du morceau au nez du compositeur.	To have left even the tiniest morsel in the dish would have shewn as much discourtesy as to rise and leave a concert hall while the 'piece' was still being played, and under the composer's very eyes.
199	219	0.548	Enfin ma mère me disait: «Voyons, ne reste pas ici indéfiniment, monte dans ta chambre si tu as trop chaud dehors, mais va d’abord prendre l’air un instant pour ne pas lier en sortant de table.»	"At length my mother would say to me: ""Now, don't stay here all day; you can go up to your room if you are too hot outside, but get a little fresh air first; don't start reading immediately after your food."""
200	220	0.561	J’allais m’asseoir près de la pompe et de son auge, souvent ornée, comme un fond gothique, d’une salamandre, qui sculptait sur la pierre fruste le relief mobile de son corps allégorique et fuselé, sur le banc sans dossier ombragé d’un lilas, dans ce petit coin du jardin qui s’ouvrait par une porte de service sur la rue du Saint-Esprit et de la terre peu soignée duquel s’élevait par deux degrés, en saillie de la maison, et comme une construction indépendante, l’arrière-cuisine.	And I would go and sit down beside the pump and its trough, ornamented here and there, like a gothic font, with a salamander, which modelled upon a background of crumbling stone the quick relief of its slender, allegorical body; on the bench without a back, in the shade of a lilac-tree, in that little corner of the garden which communicated, by a service door, with the Rue du Saint-Esprit, and from whose neglected soil rose, in two stages, an outcrop from the house itself and apparently a separate building, my aunt's back-kitchen.
201	221	0.419	On apercevait son dallage rouge et luisant comme du porphyre.	One could see its red-tiled floor gleaming like porphyry.
202	222	0.532	Elle avait moins l’air de l’antre de Françoise que d’un petit temple à Vénus.	It seemed not so much the cave of Françoise as a little temple of Venus.
203	223	0.615	Elle regorgeait des offrandes du crémier, du fruitier, de la marchande de légumes, venus parfois de hameaux assez lointains pour lui dédier les prémices de leurs champs.	It would be overflowing with the offerings of the milkman, the fruiterer, the greengrocer, come sometimes from distant villages to dedicate here the first-fruits of their fields.
204	224	0.545	Et son faîte était toujours couronné du roucoulement d’une colombe.	And its roof was always surmounted by the cooing of a dove.
205	225	0.490	Autrefois, je ne m’attardais pas dans le bois consacré qui l’entourait, car, avant de monter lire, j’entrais dans le petit cabinet de repos que mon oncle Adolphe, un frère de mon grand-père, ancien militaire qui avait pris sa retraite comme commandant, occupait au rez-de-chaussée, et qui, même quand les fenêtres ouvertes laissaient entrer la chaleur, sinon les rayons du soleil qui atteignaient rarement jusque-là, dégageait inépuisablement cette odeur obscure et fraîche, à la fois forestière et ancien régime, qui fait rêver longuement les narines, quand on pénètre dans certains pavillons de chasse abandonnés.	In earlier days I would not have lingered in the sacred grove which surrounded this temple, for, before going upstairs to read, I would steal into the little sitting-room which my uncle Adolphe, a brother of my grandfather and an old soldier who had retired from the service as a major, used to occupy on the ground floor, a room which, even when its opened windows let in the heat, if not actually the rays of the sun which seldom penetrated so far, would never fail to emit that vague and yet fresh odour, suggesting at once an open-air and an old-fashioned kind of existence, which sets and keeps the nostrils dreaming when one goes into a disused gun-room.
206	226	0.390	Mais depuis nombre d’années je n’entrais plus dans le cabinet de mon oncle Adolphe, ce dernier ne venant plus à Combray à cause d’une brouille qui était survenue entre lui et ma famille, par ma faute, dans les circonstances suivantes:	But for some years now I had not gone into my uncle Adolphe's room, since he no longer came to Combray on account of a quarrel which had arisen between him and my family, by my fault, and in the following circumstances: Once or twice every month, in Paris, I used to be sent to pay him a.
207	227	0.169	Une ou deux fois par mois, à Paris, on m’envoyait lui faire une visite, comme il finissait de déjeuner, en simple vareuse, servi par son domestique en veste de travail de coutil rayé violet et blanc.	visit, as he was finishing his luncheon, wearing a plain alpaca coat, and waited upon by his servant in a working-jacket of striped linen, purple and white.
208	228	0.468	Il se plaignait en ronchonnant que je n’étais pas venu depuis longtemps, qu’on l’abandonnait; il m’offrait un massepain ou une mandarine, nous traversions un salon dans lequel on ne s’arrêtait jamais, où on ne faisait jamais de feu, dont les murs étaient ornés de moulures dorées, les plafonds peints d’un bleu qui prétendait imiter le ciel et les meubles capitonnés en satin comme chez mes grands-parents, mais jaune; puis nous passions dans ce qu’il appelait son cabinet de «travail» aux murs duquel étaient accrochées de ces gravures représentant sur fond noir une déesse charnue et rose conduisant un char, montée sur un globe, ou une étoile au front, qu’on aimait sous le second Empire parce qu’on leur trouvait un air pompéien, puis qu’on détesta, et qu’on recommence à aimer pour une seule et même raison, malgré les autres qu’on donne et qui est qu’elles ont l’air second Empire.	He would complain that I had not been to see him for a long time; that he was being neglected; he would offer me a marchpane or a tangerine, and we would cross a room in which no one ever sat, whose fire was never lighted, whose walls were picked out with gilded mouldings, its ceiling painted blue in imitation of the sky, and its furniture upholstered in satin, as at my grandparents', only yellow; then we would enter what he called his 'study,' a room whose walls were hung with prints which shewed, against a dark background, a plump and rosy goddess driving a car, or standing upon a globe, or wearing a star on her brow; pictures which were popular under the Second Empire because there was thought to be something about them that suggested Pompeii, which were then generally despised, and which now people are beginning to collect again for one single and consistent reason (despite any others which they may advance), namely, that they suggest the Second Empire.
209	229	0.382	Et je restais avec mon oncle jusqu’à ce que son valet de chambre vînt lui demander, de la part du cocher, pour quelle heure celui-ci devait atteler.	And there I would stay with my uncle until his man came, with a message from the coachman, to ask him at what time he would like the carriage.
210	230	0.254	Mon oncle se plongeait alors dans une méditation qu’aurait craint de troubler d’un seul mouvement son valet de chambre émerveillé, et dont il attendait avec curiosité le résultat, toujours identique.	My uncle would then be lost in meditation, while his astonished servant stood there, not daring to disturb him by the least movement, wondering and waiting for his answer, which never varied.
211	231-233	0.475	Enfin, après une hésitation suprême, mon oncle prononçait infailliblement ces mots: «Deux heures et quart», que le valet de chambre répétait avec étonnement, mais sans discuter: «Deux heures et quart? bien…je vais le dire…»	"For in the end, after a supreme crisis of hesitation, my uncle would utter, infallibly, the words: ""A quarter past two,"" which the servant would echo with amazement, but without disputing them: ""A quarter past two! Very good, sir… I will go and tell him…."""
212	234	0.614	A cette époque j’avais l’amour du théâtre, amour platonique, car mes parents ne m’avaient encore jamais permis d’y aller, et je me représentais d’une façon si peu exacte les plaisirs qu’on y goûtait que je n’étais pas éloigné de croire que chaque spectateur regardait comme dans un stéréoscope un décor qui n’était que pour lui, quoique semblable au millier d’autres que regardait, chacun pour soi, le reste des spectateurs.	At this date I was a lover of the theatre: a Platonic lover, of necessity, since my parents had not yet allowed me to enter one, and so incorrect was the picture I drew for myself of the pleasures to be enjoyed there that I almost believed that each of the spectators looked, as into a stereoscope, upon a stage and scenery which existed for himself alone, though closely resembling the thousand other spectacles presented to the rest of the audience individually.
213	235	0.450	Tous les matins je courais jusqu’à la colonne Moriss pour voir les spectacles qu’elle annonçait.	Every morning I would hasten to the Moriss column to see what new plays it announced.
214	236	0.406	Rien n’était plus désintéressé et plus heureux que les rêves offerts à mon imagination par chaque pièce annoncée et qui étaient conditionnés à la fois par les images inséparables des mots qui en composaient le titre et aussi de la couleur des affiches encore humides et boursouflées de colle sur lesquelles il se détachait.	Nothing could be more disinterested or happier than the dreams with which these announcements filled my mind, dreams which took their form from the inevitable associations of the words forming the title of the play, and also from the colour of the bills, still damp and wrinkled with paste, on which those words stood out.
215	237	0.375	Si ce n’est une de ces œuvres étranges comme le Testament de César Girodot et Œdipe-Roi lesquelles s’inscrivaient, non sur l’affiche verte de l’Opéra-Comique, mais sur l’affiche lie de vin de la Comédie-Française, rien ne me paraissait plus différent de l’aigrette étincelante et blanche des Diamants de la Couronne que le satin lisse et mystérieux du Domino Noir, et, mes parents m’ayant dit que quand j’irais pour la première fois au théâtre j’aurais à choisir entre ces deux pièces, cherchant à approfondir successivement le titre de l’une et le titre de l’autre, puisque c’était tout ce que je connaissais d’elles, pour tâcher de saisir en chacun le plaisir qu’il me promettait et de le comparer à celui que recélait l’autre, j’arrivais à me représenter avec tant de force, d’une part une pièce éblouissante et fière, de l’autre une pièce douce et veloutée, que j’étais aussi incapable de décider laquelle aurait ma préférence, que si, pour le dessert, on m’avait donné à opter encore du riz à l’Impératrice et de la crème au chocolat.	Nothing, unless it were such strange titles as the _Testament de César Girodot, or Oedipe-Roi_, inscribed not on the green bills of the Opéra-Comique, but on the wine-coloured bills of the Comédie-Française, nothing seemed to me to differ more profoundly from the sparkling white plume of the _Diamants de la Couronne_ than the sleek, mysterious satin of the _Domino Noir_; and since my parents had told me that, for my first visit to the theatre, I should have to choose between these two pieces, I would study exhaustively and in turn the title of one and the title of the other (for those were all that I knew of either), attempting to snatch from each a foretaste of the pleasure which it offered me, and to compare this pleasure with that latent in the other title, until in the end I had shewn myself such vivid, such compelling pictures of, on the one hand, a play of dazzling arrogance, and on the other a gentle, velvety play, that I was as little capable of deciding which play I should prefer to see as if, at the dinner-table, they had obliged me to choose between _rice à l'Impératrice_ and the famous cream of chocolate.
216	238	0.377	Toutes mes conversations avec mes camarades portaient sur ces acteurs dont l’art, bien qu’il me fût encore inconnu, était la première forme, entre toutes celles qu’il revêt, sous laquelle se laissait pressentir par moi, l’Art.	All my conversations with my playfellows bore upon actors, whose art, although as yet I had no experience of it, was the first of all its numberless forms in which Art itself allowed me to anticipate its enjoyment.
217	239	0.310	Entre la manière que l’un ou l’autre avait de débiter, de nuancer une tirade, les différences les plus minimes me semblaient avoir une importance incalculable.	Between one actor's tricks of intonation and inflection and another's, the most trifling differences would strike me as being of an incalculable importance.
218	240	0.557	Et, d’après ce que l’on m’avait dit d’eux, je les classais par ordre de talent, dans des listes que je me récitais toute la journée: et qui avaient fini par durcir dans mon cerveau et par le gêner de leur inamovibilité.	And from what I had been told of them I would arrange them in the order of their talent in lists which I used to murmur to myself all day long: lists which in the end became petrified in my brain and were a source of annoyance to it, being irremovable.
219	241	0.430	Plus tard, quand je fus au collège, chaque fois que pendant les classes, je correspondais, aussitôt que le professeur avait la tête tournée, avec un nouvel ami, ma première question était toujours pour lui demander s’il était déjà allé au théâtre et s’il trouvait que le plus grand acteur était bien Got, le second Delaunay, etc.	And later, in my schooldays, whenever I ventured in class, when the master's head was turned, to communicate with some new friend, I would always begin by asking him whether he had begun yet to go to theatres, and if he agreed that our greatest actor was undoubtedly Got, our second Delaunay, and so on.
220	242	0.417	Et si, à son avis, Febvre ne venait qu’après Thiron, ou Delaunay qu’après Coquelin, la soudaine motilité que Coquelin, perdant la rigidité de la pierre, contractait dans mon esprit pour y passer au deuxième rang, et l’agilité miraculeuse, la féconde animation dont se voyait doué Delaunay pour reculer au quatrième, rendait la sensation du fleurissement et de la vie à mon cerveau assoupli et fertilisé.	And if, in his judgment, Febvre came below Thiron, or Delaunay below Coquelin, the sudden volatility which the name of Coquelin, forsaking its stony rigidity, would engender in my mind, in which it moved upwards to the second place, the rich vitality with which the name of Delaunay would suddenly be furnished, to enable it to slip down to fourth, would stimulate and fertilise my brain with a sense of budding and blossoming life.
221	243	0.532	Mais si les acteurs me préoccupaient ainsi, si la vue de Maubant sortant un après-midi du Théâtre-Français m’avait causé le saisissement et les souffrances de l’amour, combien le nom d’une étoile flamboyant à la porte d’un théâtre, combien, à la glace d’un coupé qui passait dans la rue avec ses chevaux fleuris de roses au frontail, la vue du visage d’une femme que je pensais être peut-être une actrice, laissait en moi un trouble plus prolongé, un effort impuissant et douloureux pour me représenter sa vie!	But if the thought of actors weighed so upon me, if the sight of Maubant, coming out one afternoon from the Théâtre-Français, had plunged me in the throes and sufferings of hopeless love, how much more did the name of a 'star,' blazing outside the doors of a theatre, how much more, seen through the window of a brougham which passed me in the street, the hair over her forehead abloom with roses, did the face of a woman who, I would think, was perhaps an actress, leave with me a lasting disturbance, a futile and painful effort to form a picture of her private life.
222	244	0.587	Je classais par ordre de talent les plus illustres: Sarah Bernhardt, la Berma, Bartet, Madeleine Brohan, Jeanne Samary, mais toutes m’intéressaient.	I classified, in order of talent, the most distinguished: Sarah Bernhardt, Berma, Bartet, Madeleine Brohan, Jeanne Samary; but I was interested in them all.
223	245	0.465	Or mon oncle en connaissait beaucoup, et aussi des cocottes que je ne distinguais pas nettement des actrices.	Now my uncle knew many of them personally, and also ladies of another class, not clearly distinguished from actresses in my mind.
224	246	0.425	Il les recevait chez lui.	He used to entertain them at his house.
225	247-248	0.355	Et si nous n’allions le voir qu’à certains jours c’est que, les autres jours, venaient des femmes avec lesquelles sa famille n’aurait pas pu se rencontrer, du moins à son avis à elle, car, pour mon oncle, au contraire, sa trop grande facilité à faire à de jolies veuves qui n’avaient peut-être jamais été mariées, à des comtesses de nom ronflant, qui n’était sans doute qu’un nom de guerre, la politesse de les présenter à ma grand’mère ou même à leur donner des bijoux de famille, l’avait déjà brouillé plus d’une fois avec mon grand-père.	And if we went to see him on certain days only, that was because on the other days ladies might come whom his family could not very well have met. So we at least thought; as for my uncle, his fatal readiness to pay pretty widows (who had perhaps never been married) and countesses (whose high-sounding titles were probably no more than _noms de guerre_) the compliment of presenting them to my grandmother or even of presenting to them some of our family jewels, had already embroiled him more than once with my grandfather.
226	249	0.258	Souvent, à un nom d’actrice qui venait dans la conversation, j’entendais mon père dire à ma mère, en souriant: «Une amie de ton oncle»; et je pensais que le stage que peut-être pendant des années des hommes importants faisaient inutilement à la porte de telle femme qui ne répondait pas à leurs lettres et les faisait chasser par le concierge de son hôtel, mon oncle aurait pu en dispenser un gamin comme moi en le présentant chez lui à l’actrice, inapprochable à tant d’autres, qui était pour lui une intime amie.	"Often, if the name of some actress were mentioned in conversation, I would hear my father say, with a smile, to my mother: ""One of your uncle's friends,"" and I would think of the weary novitiate through which, perhaps for years on end, a grown man, even a man of real importance, might have to pass, waiting on the doorstep of some such lady, while she refused to answer his letters and made her hall-porter drive him away; and imagine that my uncle was able to dispense a little jackanapes like myself from all these sufferings by introducing me in his own home to the actress, unapproachable by all the world, but for him an intimate friend."
227	250	0.424	Aussi, — sous le prétexte qu’une leçon qui avait été déplacée tombait maintenant si mal qu’elle m’avait empêché plusieurs fois et m’empêcherait encore de voir mon oncle — un jour, autre que celui qui était réservé aux visites que nous lui faisions, profitant de ce que mes parents avaient déjeuné de bonne heure, je sortis et au lieu d’aller regarder la colonne d’affiches, pour quoi on me laissait aller seul, je courus jusqu’à lui.	And so — on the pretext that some lesson, the hour of which had been altered, now came at such an awkward time that it had already more than once prevented me, and would continue to prevent me, from seeing my uncle — one day, not one of the days which he set apart for our visits, I took advantage of the fact that my parents had had luncheon earlier than usual; I slipped out and, instead of going to read the playbills on their column, for which purpose I was allowed to go out unaccompanied, I ran all the way to his house.
228	251	0.386	Je remarquai devant sa porte une voiture attelée de deux chevaux qui avaient aux œillères un œillet rouge comme avait le cocher à sa boutonnière.	I noticed before his door a carriage and pair, with red carnations on the horses' blinkers and in the coachman's buttonhole.
229	252	0.517	De l’escalier j’entendis un rire et une voix de femme, et dès que j’eus sonné, un silence, puis le bruit de portes qu’on fermait.	As I climbed the staircase I could hear laughter and a woman's voice, and, as soon as I had rung, silence and the sound of shutting doors.
230	253-254	0.467	Le valet de chambre vint ouvrir, et en me voyant parut embarrassé, me dit que mon oncle était très occupé, ne pourrait sans doute pas me recevoir et tandis qu’il allait pourtant le prévenir la même voix que j’avais entendue disait: «Oh, si! laisse-le entrer; rien qu’une minute, cela m’amuserait tant.	"The man-servant who let me in appeared embarrassed, and said that my uncle was extremely busy and probably could not see me; he went in, however, to announce my arrival, and the same voice I had heard before said: ""Oh, yes! Do let him come in; just for a moment; it will be so amusing."
231	255-257	0.391	Sur la photographie qui est sur ton bureau, il ressemble tant à sa maman, ta nièce, dont la photographie est à côté de la sienne, n’est-ce pas?	Is that his photograph there, on your desk? And his mother (your niece, isn't she?) beside it? The image of her, isn't he?
232	258	0.536	Je voudrais le voir rien qu’un instant, ce gosse.»	"I should so like to see the little chap, just for a second."""
233	259	0.681	J’entendis mon oncle grommeler, se fâcher; finalement le valet de chambre me fit entrer.	I could hear my uncle grumbling and growing angry; finally the manservant told me to come in.
234	260	0.653	Sur la table, il y avait la même assiette de massepains que d’habitude; mon oncle avait sa vareuse de tous les jours, mais en face de lui, en robe de soie rose avec un grand collier de perles au cou, était assise une jeune femme qui achevait de manger une mandarine.	On the table was the same plate of marchpanes that was always there; my uncle wore the same alpaca coat as on other days; but opposite to him, in a pink silk dress with a great necklace of pearls about her throat, sat a young woman who was just finishing a tangerine.
235	261	0.375	L’incertitude où j’étais s’il fallait dire madame ou mademoiselle me fit rougir et n’osant pas trop tourner les yeux de son côté de peur d’avoir à lui parler, j’allai embrasser mon oncle.	My uncertainty whether I ought to address her as Madame or Mademoiselle made me blush, and not daring to look too much in her direction, in case I should be obliged to speak to her, I hurried across to kiss my uncle.
236	262	0.411	Elle me regardait en souriant, mon oncle lui dit: «Mon neveu», sans lui dire mon nom, ni me dire le sien, sans doute parce que, depuis les difficultés qu’il avait eues avec mon grand-père, il tâchait autant que possible d’éviter tout trait d’union entre sa famille et ce genre de relations.	"She looked at me and smiled; my uncle said ""My nephew!"" without telling her my name or telling me hers, doubtless because, since his difficulties with my grandfather, he had endeavoured as far as possible to avoid any association of his family with this other class of acquaintance."
237	263	0.453	—«Comme il ressemble à sa mère,» dit-elle.	"""How like his mother he is,"" said the lady."
238	264	0.453	—«Mais vous n’avez jamais vu ma nièce qu’en photographie, dit vivement mon oncle d’un ton bourru.»	"""But you have never seen my niece, except in photographs,"" my uncle broke in quickly, with a note of anger."
239	265	0.405	—«Je vous demande pardon, mon cher ami, je l’ai croisée dans l’escalier l’année dernière quand vous avez été si malade.	"""I beg your pardon, dear friend, I passed her on the staircase last year when you were so ill."
240	266	0.411	Il est vrai que je ne l’ai vue que le temps d’un éclair et que votre escalier est bien noir, mais cela m’a suffi pour l’admirer.	It is true I only saw her for a moment, and your staircase is rather dark; but I saw well enough to see how lovely she was.
241	267	0.481	Ce petit jeune homme a ses beaux yeux et aussi ça, dit-elle, en traçant avec son doigt une ligne sur le bas de son front.	"This young gentleman has her beautiful eyes, and also this,"" she went on, tracing a line with one finger across the lower part of her forehead."
242	268	0.378	Est-ce que madame votre nièce porte le même nom que vous, ami? demanda-t-elle à mon oncle.»	"""Tell me,"" she asked my uncle, ""is your niece Mme. —  —; is her name the same as yours?"""
243	269	0.322	—«Il ressemble surtout à son père, grogna mon oncle qui ne se souciait pas plus de faire des présentations à distance en disant le nom de maman que d’en faire de près.	"""He takes most after his father,"" muttered my uncle, who was no more anxious to effect an introduction by proxy, in repeating Mamma's name aloud, than to bring the two together in the flesh."
244	270	0.376	C’est tout à fait son père et aussi ma pauvre mère.»	"""He's his father all over, and also like my poor mother."""
245	271	0.346	—«Je ne connais pas son père, dit la dame en rose avec une légère inclinaison de la tête, et je n’ai jamais connu votre pauvre mère, mon ami.	"""I have not met his father, dear,"" said the lady in pink, bowing her head slightly, ""and I never saw your poor mother."
246	272	0.555	Vous vous souvenez, c’est peu après votre grand chagrin que nous nous sommes connus.»	"You will remember it was just after your great sorrow that we got to know one another."""
247	273	0.525	J’éprouvais une petite déception, car cette jeune dame ne différait pas des autres jolies femmes que j’avais vues quelquefois dans ma famille notamment de la fille d’un de nos cousins chez lequel j’allais tous les ans le premier janvier.	I felt somewhat disillusioned, for this young lady was in no way different from other pretty women whom I had seen from time to time at home, especially the daughter of one of our cousins, to whose house I went every New Year's Day.
248	274	0.466	Mieux habillée seulement, l’amie de mon oncle avait le même regard vif et bon, elle avait l’air aussi franc et aimant.	Only better dressed; otherwise my uncle's friend had the same quick and kindly glance, the same frank and friendly manner.
249	275	0.557	Je ne lui trouvais rien de l’aspect théâtral que j’admirais dans les photographies d’actrices, ni de l’expression diabolique qui eût été en rapport avec la vie qu’elle devait mener.	I could find no trace in her of the theatrical appearance which I admired in photographs of actresses, nothing of the diabolical expression which would have been in keeping with the life she must lead.
250	276	0.356	J’avais peine à croire que ce fût une cocotte et surtout je n’aurais pas cru que ce fût une cocotte chic si je n’avais pas vu la voiture à deux chevaux, la robe rose, le collier de perles, si je n’avais pas su que mon oncle n’en connaissait que de la plus haute volée.	I had difficulty in believing that this was one of 'those women,' and certainly I should never have believed her one of the 'smart ones' had I not seen the carriage and pair, the pink dress, the pearly necklace, had I not been aware, too, that my uncle knew only the very best of them.
251	277	0.365	Mais je me demandais comment le millionnaire qui lui donnait sa voiture et son hôtel et ses bijoux pouvait avoir du plaisir à manger sa fortune pour une personne qui avait l’air si simple et comme il faut.	But I asked myself how the millionaire who gave her her carriage and her flat and her jewels could find any pleasure in flinging his money away upon a woman who had so simple and respectable an appearance.
252	278	0.429	Et pourtant en pensant à ce que devait être sa vie, l’immoralité m’en troublait peut-être plus que si elle avait été concrétisée devant moi en une apparence spéciale, — d’être ainsi invisible comme le secret de quelque roman, de quelque scandale qui avait fait sortir de chez ses parents bourgeois et voué à tout le monde, qui avait fait épanouir en beauté et haussé jusqu’au demi-monde et à la notoriété celle que ses jeux de physionomie, ses intonations de voix, pareils à tant d’autres que je connaissais déjà, me faisaient malgré moi considérer comme une jeune fille de bonne famille, qui n’était plus d’aucune famille.	And yet, when I thought of what her life must be like, its immorality disturbed me more, perhaps, than if it had stood before me in some concrete and recognisable form, by its secrecy and invisibility, like the plot of a novel, the hidden truth of a scandal which had driven out of the home of her middle-class parents and dedicated to the service of all mankind which had brought to the flowering-point of her beauty, had raised to fame or notoriety this woman, the play of whose features, the intonations of whose voice, like so many others I already knew, made me regard her, in spite of myself, as a young lady of good family, her who was no longer of a family at all.
253	279	0.511	On était passé dans le «cabinet de travail», et mon oncle, d’un air un peu gêné par ma présence, lui offrit des cigarettes.	We had gone by this time into the 'study,' and my uncle, who seemed a trifle embarrassed by my presence, offered her a cigarette.
254	280-281	0.456	—«Non, dit-elle, cher, vous savez que je suis habituée à celles que le grand-duc m’envoie.	"""No, thank you, dear friend,"" she said. ""You know I only smoke the ones the Grand Duke sends me."
255	282	0.563	Je lui ai dit que vous en étiez jaloux.»	"I tell him that they make you jealous."""
256	283	0.661	Et elle tira d’un étui des cigarettes couvertes d’inscriptions étrangères et dorées.	And she drew from a case cigarettes covered with inscriptions in gold, in a foreign language.
257	284-285	0.488	«Mais si, reprit-elle tout d’un coup, je dois avoir rencontré chez vous le père de ce jeune homme.	"""Why, yes,"" she began again suddenly. ""Of course I have met this young man's father with you."
258	286	0.543	N’est-ce pas votre neveu?	Isn't he your nephew?
259	287	0.471	Comment ai-je pu l’oublier?	How on earth could I have forgotten?
260	288	0.410	Il a été tellement bon, tellement exquis pour moi, dit-elle d’un air modeste et sensible.»	"He was so nice, so charming to me,"" she went on, modestly and with feeling."
261	289	0.412	Mais en pensant à ce qu’avait pu être l’accueil rude qu’elle disait avoir trouvé exquis, de mon père, moi qui connaissais sa réserve et sa froideur, j’étais gêné, comme par une indélicatesse qu’il aurait commise, de cette inégalité entre la reconnaissance excessive qui lui était accordée et son amabilité insuffisante.	But when I thought to myself what must actually have been the rude greeting (which, she made out, had been so charming), I, who knew my father's coldness and reserve, was shocked, as though at some indelicacy on his part, at the contrast between the excessive recognition bestowed on it and his never adequate geniality.
262	290	0.303	Il m’a semblé plus tard que c’était un des côtés touchants du rôle de ces femmes oisives et studieuses qu’elles consacrent leur générosité, leur talent, un rêve disponible de beauté sentimentale — car, comme les artistes, elles ne le réalisent pas, ne le font pas entrer dans les cadres de l’existence commune, — et un or qui leur coûte peu, à enrichir d’un sertissage précieux et fin la vie fruste et mal dégrossie des hommes.	It has since struck me as one of the most touching aspects of the part played in life by these idle, painstaking women that they devote all their generosity, all their talent, their transferable dreams of sentimental beauty (for, like all artists, they never seek to realise the value of those dreams, or to enclose them in the four-square frame of everyday life), and their gold, which counts for little, to the fashioning of a fine and precious setting for the rubbed and scratched and ill-polished lives of men.
263	291	0.490	Comme celle-ci, dans le fumoir où mon oncle était en vareuse pour la recevoir, répandait son corps si doux, sa robe de soie rose, ses perles, l’élégance qui émane de l’amitié d’un grand-duc, de même elle avait pris quelque propos insignifiant de mon père, elle l’avait travaillé avec délicatesse, lui avait donné un tour, une appellation précieuse et y enchâssant un de ses regards d’une si belle eau, nuancé d’humilité et de gratitude, elle le rendait changé en un bijou artiste, en quelque chose de «tout à fait exquis».	And just as this one filled the smoking-room, where my uncle was entertaining her in his alpaca coat, with her charming person, her dress of pink silk, her pearls, and the refinement suggested by intimacy with a Grand Duke, so, in the same way, she had taken some casual remark by my father, had worked it up delicately, given it a 'turn,' a precious title, set in it the gem of a glance from her own eyes, a gem of the first water, blended of humility and gratitude; and so had given it back transformed into a jewel, a work of art, into something altogether charming.
264	292	0.558	—«Allons, voyons, il est l’heure que tu t’en ailles», me dit mon oncle.	"""Look here, my boy, it is time you went away,"" said my uncle."
265	293	0.482	Je me levai, j’avais une envie irrésistible de baiser la main de la dame en rose, mais il me semblait que c’eût été quelque chose d’audacieux comme un enlèvement.	I rose; I could scarcely resist a desire to kiss the hand of the lady in pink, but I felt that to do so would require as much audacity as a forcible abduction of her.
266	294	0.499	Mon cœur battait tandis que je me disais: «Faut-il le faire, faut-il ne pas le faire», puis je cessai de me demander ce qu’il fallait faire pour pouvoir faire quelque chose.	"My heart beat loud while I counted out to myself ""Shall I do it, shall I not?"" and then I ceased to ask myself what I ought to do so as at least to do something."
267	295	0.379	Et d’un geste aveugle et insensé, dépouillé de toutes les raisons que je trouvais il y avait un moment en sa faveur, je portai à mes lèvres la main qu’elle me tendait.	Blindly, hotly, madly, flinging aside all the reasons I had just found to support such action, I seized and raised to my lips the hand she held out to me.
268	296-297	0.312	—«Comme il est gentil! il est déjà galant, il a un petit œil pour les femmes: il tient de son oncle.	"""Isn't he delicious! Quite a ladies' man already; he takes after his uncle."
269	298	0.533	Ce sera un parfait gentleman», ajouta-t-elle en serrant les dents pour donner à la phrase un accent légèrement britannique.	"He'll be a perfect 'gentleman,'"" she went on, setting her teeth so as to give the word a kind of English accentuation."
270	299	0.425	«Est-ce qu’il ne pourrait pas venir une fois prendre a cup of tea, comme disent nos voisins les Anglais; il n’aurait qu’à m’envoyer un «bleu» le matin.	"""Couldn't he come to me some day for 'a cup of tea,' as our friends across the channel say; he need only send me a 'blue' in the morning?"""
271	300	0.446	Je ne savais pas ce que c’était qu’un «bleu».	I had not the least idea of what a 'blue' might be.
272	301	0.552	Je ne comprenais pas la moitié des mots que disait la dame, mais la crainte que n’y fut cachée quelque question à laquelle il eût été impoli de ne pas répondre, m’empêchait de cesser de les écouter avec attention, et j’en éprouvais une grande fatigue.	I did not understand half the words which the lady used, but my fear lest there should be concealed in them some question which it would be impolite in me not to answer kept me from withdrawing my close attention from them, and I was beginning to feel extremely tired.
273	302-303	0.495	—«Mais non, c’est impossible, dit mon oncle, en haussant les épaules, il est très tenu, il travaille beaucoup.	"""No, no; it is impossible,"" said my uncle, shrugging his shoulders. ""He is kept busy at home all day; he has plenty of work to do."
274	304	0.442	Il a tous les prix à son cours, ajouta-t-il, à voix basse pour que je n’entende pas ce mensonge et que je n’y contredise pas.	"He brings back all the prizes from his school,"" he added in a lower tone, so that I should not hear this falsehood and interrupt with a contradiction."
275	305	0.602	Qui sait, ce sera peut-être un petit Victor Hugo, une espèce de Vaulabelle, vous savez.»	"""You can't tell; he may turn out a little Victor Hugo, a kind of Vaulabelle, don't you know."""
276	306	0.500	—«J’adore les artistes, répondit la dame en rose, il n’y a qu’eux qui comprennent les femmes…	"""Oh, I love artistic people,"" replied the lady in pink; ""there is no one like them for understanding women."
277	307	0.433	Qu’eux et les êtres d’élite comme vous.	Them, and really nice men like yourself.
278	308	0.513	Excusez mon ignorance, ami.	But please forgive my ignorance.
279	309	0.641	Qui est Vaulabelle?	Who, what is Vaulabelle?
280	310	0.467	Est-ce les volumes dorés qu’il y a dans la petite bibliothèque vitrée de votre boudoir?	Is it those gilt books in the little glass case in your drawing-room?
281	311	0.620	Vous savez que vous m’avez promis de me les prêter, j’en aurai grand soin.»	"You know you promised to lend them to me; I will take great care of them."""
282	312	0.439	Mon oncle qui détestait prêter ses livres ne répondit rien et me conduisit jusqu’à l’antichambre.	My uncle, who hated lending people books, said nothing, and ushered me out into the hall.
283	313	0.429	Éperdu d’amour pour la dame en rose, je couvris de baisers fous les joues pleines de tabac de mon vieil oncle, et tandis qu’avec assez d’embarras il me laissait entendre sans oser me le dire ouvertement qu’il aimerait autant que je ne parlasse pas de cette visite à mes parents, je lui disais, les larmes aux yeux, que le souvenir de sa bonté était en moi si fort que je trouverais bien un jour le moyen de lui témoigner ma reconnaissance.	Madly in love with the lady in pink, I covered my old uncle's tobacco-stained cheeks with passionate kisses, and while he, awkwardly enough, gave me to understand (without actually saying) that he would rather I did not tell my parents about this visit, I assured him, with tears in my eyes, that his kindness had made so strong an impression upon me that some day I would most certainly find a way of expressing my gratitude.
284	314	0.464	Il était si fort en effet que deux heures plus tard, après quelques phrases mystérieuses et qui ne me parurent pas donner à mes parents une idée assez nette de la nouvelle importance dont j’étais doué, je trouvai plus explicite de leur raconter dans les moindres détails la visite que je venais de faire.	So strong an impression had it made upon me that two hours later, after a string of mysterious utterances which did not strike me as giving my parents a sufficiently clear idea of the new importance with which I had been invested, I found it simpler to let them have a full account, omitting no detail, of the visit I had paid that afternoon.
285	315	0.367	Je ne croyais pas ainsi causer d’ennuis à mon oncle.	In doing this I had no thought of causing my uncle any unpleasantness.
286	316	0.468	Comment l’aurais-je cru, puisque je ne le désirais pas.	How could I have thought such a thing, since I did not wish it?
287	317	0.511	Et je ne pouvais supposer que mes parents trouveraient du mal dans une visite où je n’en trouvais pas.	And I could not suppose that my parents would see any harm in a visit in which I myself saw none.
288	318	0.505	N’arrive-t-il pas tous les jours qu’un ami nous demande de ne pas manquer de l’excuser auprès d’une femme à qui il a été empêché d’écrire, et que nous négligions de le faire jugeant que cette personne ne peut pas attacher d’importance à un silence qui n’en a pas pour nous?	Every day of our lives does not some friend or other ask us to make his apologies, without fail, to some woman to whom he has been prevented from writing; and do not we forget to do so, feeling that this woman cannot attach much importance to a silence which has none for ourselves?
289	319	0.438	Je m’imaginais, comme tout le monde, que le cerveau des autres était un réceptacle inerte et docile, sans pouvoir de réaction spécifique sur ce qu’on y introduisait; et je ne doutais pas qu’en déposant dans celui de mes parents la nouvelle de la connaissance que mon oncle m’avait fait faire, je ne leur transmisse en même temps comme je le souhaitais, le jugement bienveillant que je portais sur cette présentation.	I imagined, like everyone else, that the brains of other people were lifeless and submissive receptacles with no power of specific reaction to any stimulus which might be applied to them; and I had not the least doubt that when I deposited in the minds of my parents the news of the acquaintance I had made at my uncle's I should at the same time transmit to them the kindly judgment I myself had based on the introduction.
290	320	0.389	Mes parents malheureusement s’en remirent à des principes entièrement différents de ceux que je leur suggérais d’adopter, quand ils voulurent apprécier l’action de mon oncle.	Unfortunately my parents had recourse to principles entirely different from those which I suggested they should adopt when they came to form their estimate of my uncle's conduct.
291	321	0.386	Mon père et mon grand-père eurent avec lui des explications violentes; j’en fus indirectement informé.	My father and grandfather had 'words' with him of a violent order; as I learned indirectly.
292	322	0.494	Quelques jours après, croisant dehors mon oncle qui passait en voiture découverte, je ressentis la douleur, la reconnaissance, le remords que j’aurais voulu lui exprimer.	A few days later, passing my uncle in the street as he drove by in an open carriage, Î felt at once all the grief, the gratitude, the remorse which I should have liked to convey to him.
293	323	0.377	A côté de leur immensité, je trouvai qu’un coup de chapeau serait mesquin et pourrait faire supposer à mon oncle que je ne me croyais pas tenu envers lui à plus qu’à une banale politesse.	Beside the immensity of these emotions I considered that merely to raise my hat to him would be incongruous and petty, and might make him think that I regarded myself as bound to shew him no more than the commonest form of courtesy.
294	324	0.570	Je résolus de m’abstenir de ce geste insuffisant et je détournai la tête.	I decided to abstain from so inadequate a gesture, and turned my head away.
295	325	0.562	Mon oncle pensa que je suivais en cela les ordres de mes parents, il ne le leur pardonna pas, et il est mort bien des années après sans qu’aucun de nous l’ait jamais revu.	My uncle thought that, in doing so I was obeying my parents' orders; he never forgave them; and though he did not die until many years later, not one of us ever set eyes on him again.
296	326	0.577	Aussi je n’entrais plus dans le cabinet de repos maintenant fermé, de mon oncle Adolphe, et après m’être attardé aux abords de l’arrière-cuisine, quand Françoise, apparaissant sur le parvis, me disait: «Je vais laisser ma fille de cuisine servir le café et monter l’eau chaude, il faut que je me sauve chez Mme Octave», je me décidais à rentrer et montais directement lire chez moi.	"And so I no longer used to go into the little sitting-room (now kept shut) of my uncle Adolphe; instead, after hanging about on the outskirts of the back-kitchen until Françoise appeared on its threshold and announced: ""I am going to let the kitchen-maid serve the coffee and take up the hot water; it is time I went off to Mme. Octave,"" I would then decide to go indoors, and would go straight upstairs to my room to read."
297	327	0.459	La fille de cuisine était une personne morale, une institution permanente à qui des attributions invariables assuraient une sorte de continuité et d’identité, à travers la succession des formes passagères en lesquelles elle s’incarnait: car nous n’eûmes jamais la même deux ans de suite.	The kitchen-maid was an abstract personality, a permanent institution to which an invariable set of attributes assured a sort of fixity and continuity and identity throughout the long series of transitory human shapes in which that personality was incarnate; for we never found the same girl there two years running.
298	328	0.527	L’année où nous mangeâmes tant d’asperges, la fille de cuisine habituellement chargée de les «plumer» était une pauvre créature maladive, dans un état de grossesse déjà assez avancé quand nous arrivâmes à Pâques, et on s’étonnait même que Françoise lui laissât faire tant de courses et de besogne, car elle commençait à porter difficilement devant elle la mystérieuse corbeille, chaque jour plus remplie, dont on devinait sous ses amples sarraus la forme magnifique.	In the year in which we ate such quantities of asparagus, the kitchen-maid whose duty it was to dress them was a poor sickly creature, some way 'gone' in pregnancy when we arrived at Combray for Easter, and it was indeed surprising that Françoise allowed her to run so many errands in the town and to do so much work in the house, for she was beginning to find a difficulty in bearing before her the mysterious casket, fuller and larger every day, whose splendid outline could be detected through the folds of her ample smocks.
299	329	0.546	Ceux-ci rappelaient les houppelandes qui revêtent certaines des figures symboliques de Giotto dont M. Swann m’avait donné des photographies.	These last recalled the cloaks in which Giotto shrouds some of the allegorical figures in his paintings, of which M. Swann had given me photographs.
300	330	0.416	C’est lui-même qui nous l’avait fait remarquer et quand il nous demandait des nouvelles de la fille de cuisine, il nous disait: «Comment va la Charité de Giotto?»	"He it was who pointed out the resemblance, and when he inquired after the kitchen-maid he would say: ""Well, how goes it with Giotto's Charity?"""
301	331	0.495	D’ailleurs elle-même, la pauvre fille, engraissée par sa grossesse, jusqu’à la figure, jusqu’aux joues qui tombaient droites et carrées, ressemblait en effet assez à ces vierges, fortes et hommasses, matrones plutôt, dans lesquelles les vertus sont personnifiées à l’Arena.	And indeed the poor girl, whose pregnancy had swelled and stoutened every part of her, even to her face, and the vertical, squared outlines of her cheeks, did distinctly suggest those virgins, so strong and mannish as to seem matrons rather, in whom the Virtues are personified in the Arena Chapel.
302	332	0.444	Et je me rends compte maintenant que ces Vertus et ces Vices de Padoue lui ressemblaient encore d’une autre manière.	And I can see now that those Virtues and Vices of Padua resembled her in another respect as well.
303	333	0.511	De même que l’image de cette fille était accrue par le symbole ajouté qu’elle portait devant son ventre, sans avoir l’air d’en comprendre le sens, sans que rien dans son visage en traduisît la beauté et l’esprit, comme un simple et pesant fardeau, de même c’est sans paraître s’en douter que la puissante ménagère qui est représentée à l’Arena au-dessous du nom «Caritas» et dont la reproduction était accrochée au mur de ma salle d’études, à Combray, incarne cette vertu, c’est sans qu’aucune pensée de charité semble avoir jamais pu être exprimée par son visage énergique et vulgaire.	For just as the figure of this girl had been enlarged by the additional symbol which she carried in her body, without appearing to understand what it meant, without any rendering in her facial expression of all its beauty and spiritual significance, but carried as if it were an ordinary and rather heavy burden, so it is without any apparent suspicion of what she is about that the powerfully built housewife who is portrayed in the Arena beneath the label 'Caritas,' and a reproduction of whose portrait hung upon the wall of my schoolroom at Combray, incarnates that virtue, for it seems impossible that any thought of charity can ever have found expression in her vulgar and energetic face.
304	334	0.486	Par une belle invention du peintre elle foule aux pieds les trésors de la terre, mais absolument comme si elle piétinait des raisins pour en extraire le jus ou plutôt comme elle aurait monté sur des sacs pour se hausser; et elle tend à Dieu son cœur enflammé, disons mieux, elle le lui «passe», comme une cuisinière passe un tire-bouchon par le soupirail de son sous-sol à quelqu’un qui le lui demande à la fenêtre du rez-de-chaussée.	By a fine stroke of the painter's invention she is tumbling all the treasures of the earth at her feet, but exactly as if she were treading grapes in a wine-press to extract their juice, or, still more, as if she had climbed on a heap of sacks to raise herself higher; and she is holding out her flaming heart to God, or shall we say 'handing' it to Him, exactly as a cook might hand up a corkscrew through the skylight of her underground kitchen to some one who had called down to ask her for it from the ground-level above.
305	335	0.288	L’Envie, elle, aurait eu davantage une certaine expression d’envie.	The 'Invidia,' again, should have had some look on her face of envy.
306	336	0.538	Mais dans cette fresque-là encore, le symbole tient tant de place et est représenté comme si réel, le serpent qui siffle aux lèvres de l’Envie est si gros, il lui remplit si complètement sa bouche grande ouverte, que les muscles de sa figure sont distendus pour pouvoir le contenir, comme ceux d’un enfant qui gonfle un ballon avec son souffle, et que l’attention de l’Envie — et la nôtre du même coup — tout entière concentrée sur l’action de ses lèvres, n’a guère de temps à donner à d’envieuses pensées.	But in this fresco, too, the symbol occupies so large a place and is represented with such realism; the serpent hissing between the lips of Envy is so huge, and so completely fills her wide-opened mouth that the muscles of her face are strained and contorted, like a child's who is filling a balloon with his breath, and that Envy, and we ourselves for that matter, when we look at her, since all her attention and ours are concentrated on the action of her lips, have no time, almost, to spare for envious thoughts.
307	337	0.333	Malgré toute l’admiration que M. Swann professait pour ces figures de Giotto, je n’eus longtemps aucun plaisir à considérer dans notre salle d’études, où on avait accroché les copies qu’il m’en avait rapportées, cette Charité sans charité, cette Envie qui avait l’air d’une planche illustrant seulement dans un livre de médecine la compression de la glotte ou de la luette par une tumeur de la langue ou par l’introduction de l’instrument de l’opérateur, une Justice, dont le visage grisâtre et mesquinement régulier était celui-là même qui, à Combray, caractérisait certaines jolies bourgeoises pieuses et sèches que je voyais à la messe et dont plusieurs étaient enrôlées d’avance dans les milices de réserve de l’Injustice.	Despite all the admiration that M. Swann might profess for these figures of Giotto, it was a long time before I could find any pleasure in seeing in our schoolroom (where the copies he had brought me were hung) that Charity devoid of charity, that Envy who looked like nothing so much as a plate in some medical book, illustrating the compression of the glottis or uvula by a tumour in the tongue, or by the introduction of the operator's instrument, a Justice whose greyish and meanly regular features were the very same as those which adorned the faces of certain good and pious and slightly withered ladies of Combray whom I used to see at mass, many of whom had long been enrolled in the reserve forces of Injustice.
308	338	0.427	Mais plus tard j’ai compris que l’étrangeté saisissante, la beauté spéciale de ces fresques tenait à la grande place que le symbole y occupait, et que le fait qu’il fût représenté non comme un symbole puisque la pensée symbolisée n’était pas exprimée, mais comme réel, comme effectivement subi ou matériellement manié, donnait à la signification de l’œuvre quelque chose de plus littéral et de plus précis, à son enseignement quelque chose de plus concret et de plus frappant.	But in later years I understood that the arresting strangeness, the special beauty of these frescoes lay in the great part played in each of them by its symbols, while the fact that these were depicted, not as symbols (for the thought symbolised was nowhere expressed), but as real things, actually felt or materially handled, added something more precise and more literal to their meaning, something more concrete and more striking to the lesson they imparted.
309	339	0.385	Chez la pauvre fille de cuisine, elle aussi, l’attention n’était-elle pas sans cesse ramenée à son ventre par le poids qui le tirait; et de même encore, bien souvent la pensée des agonisants est tournée vers le côté effectif, douloureux, obscur, viscéral, vers cet envers de la mort qui est précisément le côté qu’elle leur présente, qu’elle leur fait rudement sentir et qui ressemble beaucoup plus à un fardeau qui les écrase, à une difficulté de respirer, à un besoin de boire, qu’à ce que nous appelons l’idée de la mort.	And even in the case of the poor kitchen-maid, was not our attention incessantly drawn to her belly by the load which filled it; and in the same way, again, are not the thoughts of men and women in the agony of death often turned towards the practical, painful, obscure, internal, intestinal aspect, towards that 'seamy side' of death which is, as it happens, the side that death actually presents to them and forces them to feel, a side which far more closely resembles a crushing burden, a difficulty in breathing, a destroying thirst, than the abstract idea to which we are accustomed to give the name of Death?
310	340	0.400	Il fallait que ces Vertus et ces Vices de Padoue eussent en eux bien de la réalité puisqu’ils m’apparaissaient comme aussi vivants que la servante enceinte, et qu’elle-même ne me semblait pas beaucoup moins allégorique.	There must have been a strong element of reality in those Virtues and Vices of Padua, since they appeared to me to be as much alive as the pregnant servant-girl, while she herself appeared scarcely less allegorical than they.
311	341	0.404	Et peut-être cette non-participation (du moins apparente) de l’âme d’un être à la vertu qui agit par lui, a aussi en dehors de sa valeur esthétique une réalité sinon psychologique, au moins, comme on dit, physiognomonique.	And, quite possibly, this lack (or seeming lack) of participation by a person's soul in the significant marks of its own special virtue has, apart from its aesthetic meaning, a reality which, if not strictly psychological, may at least be called physiognomical.
312	342	0.418	Quand, plus tard, j’ai eu l’occasion de rencontrer, au cours de ma vie, dans des couvents par exemple, des incarnations vraiment saintes de la charité active, elles avaient généralement un air allègre, positif, indifférent et brusque de chirurgien pressé, ce visage où ne se lit aucune commisération, aucun attendrissement devant la souffrance humaine, aucune crainte de la heurter, et qui est le visage sans douceur, le visage antipathique et sublime de la vraie bonté.	Later on, when, in the course of my life, I have had occasion to meet with, in convents for instance, literally saintly examples of practical charity, they have generally had the brisk, decided, undisturbed, and slightly brutal air of a busy surgeon, the face in which one can discern no commiseration, no tenderness at the sight of suffering humanity, and no fear of hurting it, the face devoid of gentleness or sympathy, the sublime face of true goodness.
313	343	0.270	Pendant que la fille de cuisine, — faisant briller involontairement la supériorité de Françoise, comme l’Erreur, par le contraste, rend plus éclatant le triomphe de la Vérité — servait du café qui, selon maman n’était que de l’eau chaude, et montait ensuite dans nos chambres de l’eau chaude qui était à peine tiède, je m’étais étendu sur mon lit, un livre à la main, dans ma chambre qui protégeait en tremblant sa fraîcheur transparente et fragile contre le soleil de l’après-midi derrière ses volets presque clos où un reflet de jour avait pourtant trouvé moyen de faire passer ses ailes jaunes, et restait immobile entre le bois et le vitrage, dans un coin, comme un papillon posé.	Then while the kitchen-maid — who, all unawares, made the superior qualities of Françoise shine with added lustre, just as Error, by force of contrast, enhances the triumph of Truth — took in coffee which (according to Mamma) was nothing more than hot water, and then carried up to our rooms hot water which was barely tepid, I would be lying stretched out on my bed, a book in my hand, in my room which trembled with the effort to defend its frail, transparent coolness against the afternoon sun, behind its almost closed shutters through which, however, a reflection of the sunlight had contrived to slip in on its golden wings, remaining motionless, between glass and woodwork, in a corner, like a butterfly poised upon a flower.
314	344	0.189	Il faisait à peine assez clair pour lire, et la sensation de la splendeur de la lumière ne m’était donnée que par les coups frappés dans la rue de la Cure par Camus (averti par Françoise que ma tante ne «reposait pas» et qu’on pouvait faire du bruit) contre des caisses poussiéreuses, mais qui, retentissant dans l’atmosphère sonore, spéciale aux temps chauds, semblaient faire voler au loin des astres écarlates; et aussi par les mouches qui exécutaient devant moi, dans leur petit concert, comme la musique de chambre de l’été: elle ne l’évoque pas à la façon d’un air de musique humaine, qui, entendu par hasard à la belle saison, vous la rappelle ensuite; elle est unie à l’été par un lien plus nécessaire: née des beaux jours, ne renaissant qu’avec eux, contenant un peu de leur essence, elle n’en réveille pas seulement l’image dans notre mémoire, elle en certifie le retour, la présence effective, ambiante, immédiatement accessible.	It was hardly light enough for me to read, and my feeling of the day's brightness and splendour was derived solely from the blows struck down below, in the Rue de la Cure, by Camus (whom Françoise had assured that my aunt was not 'resting' and that he might therefore make a noise), upon some old packing-cases from which nothing would really be sent flying but the dust, though the din of them, in the resonant atmosphere that accompanies hot weather, seemed to scatter broadcast a rain of blood-red stars; and from the flies who performed for my benefit, in their small concert, as it might be the chamber music of summer; evoking heat and light quite differently from an air of human music which, if you happen to have heard it during a fine summer, will always bring that summer back to your mind, the flies' music is bound to the season by a closer, a more vital tie — born of sunny days, and not to be reborn but with them, containing something of their essential nature, it not merely calls up their image in our memory, but gives us a guarantee that they do really exist, that they are close around us, immediately accessible.
315	345	0.403	Cette obscure fraîcheur de ma chambre était au plein soleil de la rue, ce que l’ombre est au rayon, c’est-à-dire aussi lumineuse que lui, et offrait à mon imagination le spectacle total de l’été dont mes sens si j’avais été en promenade, n’auraient pu jouir que par morceaux; et ainsi elle s’accordait bien à mon repos qui (grâce aux aventures racontées par mes livres et qui venaient l’émouvoir) supportait pareil au repos d’une main immobile au milieu d’une eau courante, le choc et l’animation d’un torrent d’activité.	This dim freshness of my room was to the broad daylight of the street what the shadow is to the sunbeam, that is to say, equally luminous, and presented to my imagination the entire panorama of summer, which my senses, if I had been out walking, could have tasted and enjoyed in fragments only; and so was quite in harmony with my state of repose, which (thanks to the adventures related in my books, which had just excited it) bore, like a hand reposing motionless in a stream of running water, the shock and animation of a torrent of activity and life.
316	346	0.516	Mais ma grand’mère, même si le temps trop chaud s’était gâté, si un orage ou seulement un grain était survenu, venait me supplier de sortir.	But my grandmother, even if the weather, after growing too hot, had broken, and a storm, or just a shower, had burst over us, would come up and beg me to go outside.
317	347	0.380	Et ne voulant pas renoncer à ma lecture, j’allais du moins la continuer au jardin, sous le marronnier, dans une petite guérite en sparterie et en toile au fond de laquelle j’étais assis et me croyais caché aux yeux des personnes qui pourraient venir faire visite à mes parents.	And as I did not wish to leave off my book, I would go on with it in the garden, under the chestnut-tree, in a little sentry-box of canvas and matting, in the farthest recesses of which I used to sit and feel that I was hidden from the eyes of anyone who might be coming to call upon the family.
318	348	0.248	Et ma pensée n’était-elle pas aussi comme une autre crèche au fond de laquelle je sentais que je restais enfoncé, même pour regarder ce qui se passait au dehors?	And then my thoughts, did not they form a similar sort of hiding-hole, in the depths of which I felt that I could bury myself and remain invisible even when I was looking at what went on outside?
319	349	0.351	Quand je voyais un objet extérieur, la conscience que je le voyais restait entre moi et lui, le bordait d’un mince liseré spirituel qui m’empêchait de jamais toucher directement sa matière; elle se volatilisait en quelque sorte avant que je prisse contact avec elle, comme un corps incandescent qu’on approche d’un objet mouillé ne touche pas son humidité parce qu’il se fait toujours précéder d’une zone d’évaporation.	When I saw any external object, my consciousness that I was seeing it would remain between me and it, enclosing it in a slender, incorporeal outline which prevented me from ever coming directly in contact with the material form; for it would volatilise itself in some way before I could touch it, just as an incandescent body which is moved towards something wet never actually touches moisture, since it is always preceded, itself, by a zone of evaporation.
320	350	0.275	Dans l’espèce d’écran diapré d’états différents que, tandis que je lisais, déployait simultanément ma conscience, et qui allaient des aspirations les plus profondément cachées en moi-même jusqu’à la vision tout extérieure de l’horizon que j’avais, au bout du jardin, sous les yeux, ce qu’il y avait d’abord en moi, de plus intime, la poignée sans cesse en mouvement qui gouvernait le reste, c’était ma croyance en la richesse philosophique, en la beauté du livre que je lisais, et mon désir de me les approprier, quel que fût ce livre.	Upon the sort of screen, patterned with different states and impressions, which my consciousness would quietly unfold while I was reading, and which ranged from the most deeply hidden aspirations of my heart to the wholly external view of the horizon spread out before my eyes at the foot of the garden, what was from the first the most permanent and the most intimate part of me, the lever whose incessant movements controlled all the rest, was my belief in the philosophic richness and beauty of the book I was reading, and my desire to appropriate these to myself, whatever the book might be.
321	351	0.265	Car, même si je l’avais acheté à Combray, en l’apercevant devant l’épicerie Borange, trop distante de la maison pour que Françoise pût s’y fournir comme chez Camus, mais mieux achalandée comme papeterie et librairie, retenu par des ficelles dans la mosaïque des brochures et des livraisons qui revêtaient les deux vantaux de sa porte plus mystérieuse, plus semée de pensées qu’une porte de cathédrale, c’est que je l’avais reconnu pour m’avoir été cité comme un ouvrage remarquable par le professeur ou le camarade qui me paraissait à cette époque détenir le secret de la vérité et de la beauté à demi pressenties, à demi incompréhensibles, dont la connaissance était le but vague mais permanent de ma pensée.	For even if I had purchased it at Combray, having seen it outside Borange's, whose grocery lay too far from our house for Françoise to be able to deal there, as she did with Camus, but who enjoyed better custom as a stationer and bookseller; even if I had seen it, tied with string to keep it in its place in the mosaic of monthly parts and pamphlets which adorned either side of his doorway, a doorway more mysterious, more teeming with suggestion than that of a cathedral, I should have noticed and bought it there simply because I had recognised it as a book which had been well spoken of, in my hearing, by the school-master or the school-friend who, at that particular time, seemed to me to be entrusted with the secret of Truth and Beauty, things half-felt by me, half-incomprehensible, the full understanding of which was the vague but permanent object of my thoughts.
322	352	0.385	Après cette croyance centrale qui, pendant ma lecture, exécutait d’incessants mouvements du dedans au dehors, vers la découverte de la vérité, venaient les émotions que me donnait l’action à laquelle je prenais part, car ces après-midi-là étaient plus remplis d’événements dramatiques que ne l’est souvent toute une vie.	Next to this central belief, which, while I was reading, would be constantly a motion from my inner self to the outer world, towards the discovery of Truth, came the emotions aroused in me by the action in which I would be taking part, for these afternoons were crammed with more dramatic and sensational events than occur, often, in a whole lifetime.
323	353-354	0.419	C’était les événements qui survenaient dans le livre que je lisais; il est vrai que les personnages qu’ils affectaient n’étaient pas «Réels», comme disait Françoise.	These were the events which took place in the book I was reading. It is true that the people concerned in them were not what Françoise would have called 'real people.'
324	355	0.433	Mais tous les sentiments que nous font éprouver la joie ou l’infortune d’un personnage réel ne se produisent en nous que par l’intermédiaire d’une image de cette joie ou de cette infortune; l’ingéniosité du premier romancier consista à comprendre que dans l’appareil de nos émotions, l’image étant le seul élément essentiel, la simplification qui consisterait à supprimer purement et simplement les personnages réels serait un perfectionnement décisif.	But none of the feelings which the joys or misfortunes of a 'real' person awaken in us can be awakened except through a mental picture of those joys or misfortunes; and the ingenuity of the first novelist lay in his understanding that, as the picture was the one essential element in the complicated structure of our emotions, so that simplification of it which consisted in the suppression, pure and simple, of 'real' people would be a decided improvement.
325	356	0.370	Un être réel, si profondément que nous sympathisions avec lui, pour une grande part est perçu par nos sens, c’est-à-dire nous reste opaque, offre un poids mort que notre sensibilité ne peut soulever.	A 'real' person, profoundly as we may sympathise with him, is in a great measure perceptible only through our senses, that is to say, he remains opaque, offers a dead weight which our sensibilities have not the strength to lift.
326	357	0.325	Qu’un malheur le frappe, ce n’est qu’en une petite partie de la notion totale que nous avons de lui, que nous pourrons en être émus; bien plus, ce n’est qu’en une partie de la notion totale qu’il a de soi qu’il pourra l’être lui-même.	If some misfortune comes to him, it is only in one small section of the complete idea we have of him that we are capable of feeling any emotion; indeed it is only in one small section of the complete idea he has of himself that he is capable of feeling any emotion either.
327	358	0.384	La trouvaille du romancier a été d’avoir l’idée de remplacer ces parties impénétrables à l’âme par une quantité égale de parties immatérielles, c’est-à-dire que notre âme peut s’assimiler.	The novelist's happy discovery was to think of substituting for those opaque sections, impenetrable by the human spirit, their equivalent in immaterial sections, things, that is, which the spirit can assimilate to itself.
328	359	0.345	Qu’importe dès lors que les actions, les émotions de ces êtres d’un nouveau genre nous apparaissent comme vraies, puisque nous les avons faites nôtres, puisque c’est en nous qu’elles se produisent, qu’elles tiennent sous leur dépendance, tandis que nous tournons fiévreusement les pages du livre, la rapidité de notre respiration et l’intensité de notre regard.	After which it matters not that the actions, the feelings of this new order of creatures appear to us in the guise of truth, since we have made them our own, since it is in ourselves that they are happening, that they are holding in thrall, while we turn over, feverishly, the pages of the book, our quickened breath and staring eyes.
329	360-361	0.254	Et une fois que le romancier nous a mis dans cet état, où comme dans tous les états purement intérieurs, toute émotion est décuplée, où son livre va nous troubler à la façon d’un rêve mais d’un rêve plus clair que ceux que nous avons en dormant et dont le souvenir durera davantage, alors, voici qu’il déchaîne en nous pendant une heure tous les bonheurs et tous les malheurs possibles dont nous mettrions dans la vie des années à connaître quelques-uns, et dont les plus intenses ne nous seraient jamais révélés parce que la lenteur avec laquelle ils se produisent nous en ôte la perception; (ainsi notre cœur change, dans la vie, et c’est la pire douleur; mais nous ne la connaissons que dans la lecture, en imagination: dans la réalité il change, comme certains phénomènes de la nature se produisent, assez lentement pour que, si nous pouvons constater successivement chacun de ses états différents, en revanche la sensation même du changement nous soit épargnée).	And once the novelist has brought us to that state, in which, as in all purely mental states, every emotion is multiplied ten-fold, into which his book comes to disturb us as might a dream, but a dream more lucid, and of a more lasting impression than those which come to us in sleep; why, then, for the space of an hour he sets free within us all the joys and sorrows in the world, a few of which, only, we should have to spend years of our actual life in getting to know, and the keenest, the most intense of which would never have been revealed to us because the slow course of their development stops our perception of them. It is the same in life; the heart changes, and that is our worst misfortune; but we learn of it only from reading or by imagination; for in reality its alteration, like that of certain natural phenomena, is so gradual that, even if we are able to distinguish, successively, each of its different states, we are still spared the actual sensation of change.
330	362	0.331	Déjà moins intérieur à mon corps que cette vie des personnages, venait ensuite, à demi projeté devant moi, le paysage où se déroulait l’action et qui exerçait sur ma pensée une bien plus grande influence que l’autre, que celui que j’avais sous les yeux quand je les levais du livre.	Next to, but distinctly less intimate a part of myself than this human element, would come the view, more or less projected before my eyes, of the country in which the action of the story was taking place, which made a far stronger impression on my mind than the other, the actual landscape which would meet my eyes when I raised them from my book.
331	363	0.389	C’est ainsi que pendant deux étés, dans la chaleur du jardin de Combray, j’ai eu, à cause du livre que je lisais alors, la nostalgie d’un pays montueux et fluviatile, où je verrais beaucoup de scieries et où, au fond de l’eau claire, des morceaux de bois pourrissaient sous des touffes de cresson: non loin montaient le long de murs bas, des grappes de fleurs violettes et rougeâtres.	In this way, for two consecutive summers I used to sit in the heat of our Combray garden, sick with a longing inspired by the book I was then reading for a land of mountains and rivers, where I could see an endless vista of sawmills, where beneath the limpid currents fragments of wood lay mouldering in beds of watercress; and nearby, rambling and clustering along low walls, purple flowers and red.
332	364	0.323	Et comme le rêve d’une femme qui m’aurait aimé était toujours présent à ma pensée, ces étés-là ce rêve fut imprégné de la fraîcheur des eaux courantes; et quelle que fût la femme que j’évoquais, des grappes de fleurs violettes et rougeâtres s’élevaient aussitôt de chaque côté d’elle comme des couleurs complémentaires.	And since there was always lurking in my mind the dream of a woman who would enrich me with her love, that dream in those two summers used to be quickened with the freshness and coolness of running water; and whoever she might be, the woman whose image I called to mind, purple flowers and red would at once spring up on either side of her like complementary colours.
333	365	0.316	Ce n’était pas seulement parce qu’une image dont nous rêvons reste toujours marquée, s’embellit et bénéficie du reflet des couleurs étrangères qui par hasard l’entourent dans notre rêverie; car ces paysages des livres que je lisais n’étaient pas pour moi que des paysages plus vivement représentés à mon imagination que ceux que Combray mettait sous mes yeux, mais qui eussent été analogues.	This was not only because an image of which we dream remains for ever distinguished, is adorned and enriched by the association of colours not its own which may happen to surround it in our mental picture; for the scenes in the books I read were to me not merely scenery more vividly portrayed by my imagination than any which Combray could spread before my eyes but otherwise of the same kind.
334	366	0.257	Par le choix qu’en avait fait l’auteur, par la foi avec laquelle ma pensée allait au-devant de sa parole comme d’une révélation, ils me semblaient être — impression que ne me donnait guère le pays où je me trouvais, et surtout notre jardin, produit sans prestige de la correcte fantaisie du jardinier que méprisait ma grand’mère — une part véritable de la Nature elle-même, digne d’être étudiée et approfondie.	Because of the selection that the author had made of them, because of the spirit of faith in which my mind would exceed and anticipate his printed word, as it might be interpreting a revelation, these scenes used to give me the impression — one which I hardly ever derived from any place in which I might happen to be, and never from our garden, that undistinguished product of the strictly conventional fantasy of the gardener whom my grandmother so despised — of their being actually part of Nature herself, and worthy to be studied and explored.
335	367	0.483	Si mes parents m’avaient permis, quand je lisais un livre, d’aller visiter la région qu’il décrivait, j’aurais cru faire un pas inestimable dans la conquête de la vérité.	Had my parents allowed me, when I read a book, to pay a visit to the country it described, I should have felt that I was making an enormous advance towards the ultimate conquest of truth.
336	368	0.439	Car si on a la sensation d’être toujours entouré de son âme, ce n’est pas comme d’une prison immobile: plutôt on est comme emporté avec elle dans un perpétuel élan pour la dépasser, pour atteindre à l’extérieur, avec une sorte de découragement, entendant toujours autour de soi cette sonorité identique qui n’est pas écho du dehors mais retentissement d’une vibration interne.	For even if we have the sensation of being always enveloped in, surrounded by our own soul, still it does not seem a fixed and immovable prison; rather do we seem to be borne away with it, and perpetually struggling to pass beyond it, to break out into the world, with a perpetual discouragement as we hear endlessly, all around us, that unvarying sound which is no echo from without, but the resonance of a vibration from within.
337	369	0.272	On cherche à retrouver dans les choses, devenues par là précieuses, le reflet que notre âme a projeté sur elles; on est déçu en constatant qu’elles semblent dépourvues dans la nature, du charme qu’elles devaient, dans notre pensée, au voisinage de certaines idées; parfois on convertit toutes les forces de cette âme en habileté, en splendeur pour agir sur des êtres dont nous sentons bien qu’ils sont situés en dehors de nous et que nous ne les atteindrons jamais.	We try to discover in things, endeared to us on that account, the spiritual glamour which we ourselves have cast upon them; we are disillusioned, and learn that they are in themselves barren and devoid of the charm which they owed, in our minds, to the association of certain ideas; sometimes we mobilise all our spiritual forces in a glittering array so as to influence and subjugate other human beings who, as we very well know, are situated outside ourselves, where we can never reach them.
338	370	0.368	Aussi, si j’imaginais toujours autour de la femme que j’aimais, les lieux que je désirais le plus alors, si j’eusse voulu que ce fût elle qui me les fît visiter, qui m’ouvrît l’accès d’un monde inconnu, ce n’était pas par le hasard d’une simple association de pensée; non, c’est que mes rêves de voyage et d’amour n’étaient que des moments — que je sépare artificiellement aujourd’hui comme si je pratiquais des sections à des hauteurs différentes d’un jet d’eau irisé et en apparence immobile — dans un même et infléchissable jaillissement de toutes les forces de ma vie.	And so, if I always imagined the woman I loved as in a setting of whatever places I most longed, at the time, to visit; if in my secret longings it was she who attracted me to them, who opened to me the gate of an unknown world, that was not by the mere hazard of a simple association of thoughts; no, it was because my dreams of travel and of love were only moments — which I isolate artificially to-day as though I were cutting sections, at different heights, in a jet of water, rainbow-flashing but seemingly without flow or motion — were only drops in a single, undeviating, irresistible outrush of all the forces of my life.
339	371	0.297	Enfin, en continuant à suivre du dedans au dehors les états simultanément juxtaposés dans ma conscience, et avant d’arriver jusqu’à l’horizon réel qui les enveloppait, je trouve des plaisirs d’un autre genre, celui d’être bien assis, de sentir la bonne odeur de l’air, de ne pas être dérangé par une visite; et, quand une heure sonnait au clocher de Saint-Hilaire, de voir tomber morceau par morceau ce qui de l’après-midi était déjà consommé, jusqu’à ce que j’entendisse le dernier coup qui me permettait de faire le total et après lequel, le long silence qui le suivait, semblait faire commencer, dans le ciel bleu, toute la partie qui m’était encore concédée pour lire jusqu’au bon dîner qu’apprêtait Françoise et qui me réconforterait des fatigues prises, pendant la lecture du livre, à la suite de son héros.	And then, as I continue to trace the outward course of these impressions from their close-packed intimate source in my consciousness, and before I come to the horizon of reality which envelops them, I discover pleasures of another kind, those of being comfortably seated, of tasting the good scent on the air, of not being disturbed by any visitor; and, when an hour chimed from the steeple of Saint-Hilaire, of watching what was already spent of the afternoon fall drop by drop until I heard the last stroke which enabled me to add up the total sum, after which the silence that followed seemed to herald the beginning, in the blue sky above me, of that long part of the day still allowed me for reading, until the good dinner which Françoise was even now preparing should come to strengthen and refresh me after the strenuous pursuit of its hero through the pages of my book.
340	372	0.349	Et à chaque heure il me semblait que c’était quelques instants seulement auparavant que la précédente avait sonné; la plus récente venait s’inscrire tout près de l’autre dans le ciel et je ne pouvais croire que soixante minutes eussent tenu dans ce petit arc bleu qui était compris entre leurs deux marques d’or.	And, as each hour struck, it would seem to me that a few seconds only had passed since the hour before; the latest would inscribe itself, close to its predecessor, on the sky's surface, and I would be unable to believe that sixty minutes could be squeezed into the tiny arc of blue which was comprised between their two golden figures.
341	373	0.344	Quelquefois même cette heure prématurée sonnait deux coups de plus que la dernière; il y en avait donc une que je n’avais pas entendue, quelque chose qui avait eu lieu n’avait pas eu lieu pour moi; l’intérêt de la lecture, magique comme un profond sommeil, avait donné le change à mes oreilles hallucinées et effacé la cloche d’or sur la surface azurée du silence.	Sometimes it would even happen that this precocious hour would sound two strokes more than the last; there must then have been an hour which I had not heard strike; something which had taken place had not taken place for me; the fascination of my book, a magic as potent as the deepest slumber, had stopped my enchanted ears and had obliterated the sound of that golden bell from the azure surface of the enveloping silence.
342	374	0.396	Beaux après-midi du dimanche sous le marronnier du jardin de Combray, soigneusement vidés par moi des incidents médiocres de mon existence personnelle que j’y avais remplacés par une vie d’aventures et d’aspirations étranges au sein d’un pays arrosé d’eaux vives, vous m’évoquez encore cette vie quand je pense à vous et vous la contenez en effet pour l’avoir peu à peu contournée et enclose — tandis que je progressais dans ma lecture et que tombait la chaleur du jour — dans le cristal successif, lentement changeant et traversé de feuillages, de vos heures silencieuses, sonores, odorantes et limpides.	Sweet Sunday afternoons beneath the chestnut-tree in our Combray garden, from which I was careful to eliminate every commonplace incident of my actual life, replacing them by a career of strange adventures and ambitions in a land watered by living streams, you still recall those adventures and ambitions to my mind when I think of you, and you embody and preserve them by virtue of having little by little drawn round and enclosed them (while I went on with my book and the heat of the day declined) in the gradual crystallisation, slowly altering in form and dappled with a pattern of chestnut-leaves, of your silent, sonorous, fragrant, limpid hours.
343	375	0.521	Quelquefois j’étais tiré de ma lecture, dès le milieu de l’après-midi par la fille du jardinier, qui courait comme une folle, renversant sur son passage un oranger, se coupant un doigt, se cassant une dent et criant: «Les voilà, les voilà!» pour que Françoise et moi nous accourions et ne manquions rien du spectacle.	"Sometimes I would be torn from my book, in the middle of the afternoon, by the gardener's daughter, who came running like a mad thing, overturning an orange-tree in its tub, cutting a finger, breaking a tooth, and screaming out ""They're coming, they're coming!"" so that Françoise and I should run too and not miss anything of the show."
344	376	0.505	C’était les jours où, pour des manœuvres de garnison, la troupe traversait Combray, prenant généralement la rue Sainte-Hildegarde.	That was on days when the cavalry stationed in Combray went out for some military exercise, going as a rule by the Rue Sainte-Hildegarde.
345	377	0.388	Tandis que nos domestiques, assis en rang sur des chaises en dehors de la grille, regardaient les promeneurs dominicaux de Combray et se faisaient voir d’eux, la fille du jardinier par la fente que laissaient entre elles deux maisons lointaines de l’avenue de la Gare, avait aperçu l’éclat des casques.	While our servants, sitting in a row on their chairs outside the garden railings, stared at the people of Combray taking their Sunday walks and were stared at in return, the gardener's daughter, through the gap which there was between two houses far away in the Avenue de la Gare, would have spied the glitter of helmets.
346	378	0.377	Les domestiques avaient rentré précipitamment leurs chaises, car quand les cuirassiers défilaient rue Sainte-Hildegarde, ils en remplissaient toute la largeur, et le galop des chevaux rasait les maisons couvrant les trottoirs submergés comme des berges qui offrent un lit trop étroit à un torrent déchaîné.	The servants then hurried in with their chairs, for when the troopers filed through the Rue Sainte-Hildegarde they filled it from side to side, and their jostling horses scraped against the walls of the houses, covering and drowning the pavements like banks which present too narrow a channel to a river in flood.
347	379-380	0.367	—«Pauvres enfants, disait Françoise à peine arrivée à la grille et déjà en larmes; pauvre jeunesse qui sera fauchée comme un pré; rien que d’y penser j’en suis choquée», ajoutait-elle en mettant la main sur son cœur, là où elle avait reçu ce choc.	"""Poor children,"" Françoise would exclaim, in tears almost before she had reached the railings; ""poor boys, to be mown down like grass in a meadow. It's just shocking to think of,"" she would go on, laying a hand over her heart, where presumably she had felt the shock."
348	381	0.493	—«C’est beau, n’est-ce pas, madame Françoise, de voir des jeunes gens qui ne tiennent pas à la vie? disait le jardinier pour la faire «monter».	"""A fine sight, isn't it, Mme. Françoise, all these young fellows not caring two straws for their lives?"" the gardener would ask, just to 'draw' her."
349	382	0.392	Il n’avait pas parlé en vain:	And he would not have spoken in vain.
350	383	0.370	—«De ne pas tenir à la vie?	"""Not caring for their lives, is it?"
351	384	0.475	Mais à quoi donc qu’il faut tenir, si ce n’est pas à la vie, le seul cadeau que le bon Dieu ne fasse jamais deux fois.	Why, what in the world is there that we should care for if it's not our lives, the only gift the Lord never offers us a second time?
352-353	385	0.190	Hélas! mon Dieu! C’est pourtant vrai qu’ils n’y tiennent pas!	Oh dear, oh dear; you're right all the same; it's quite true, they don't care!
354	386-387	0.548	Je les ai vus en 70; ils n’ont plus peur de la mort, dans ces misérables guerres; c’est ni plus ni moins des fous; et puis ils ne valent plus la corde pour les pendre, ce n’est pas des hommes, c’est des lions.» (Pour Françoise la comparaison d’un homme à un lion, qu’elle prononçait li-on, n’avait rien de flatteur.)	"I can remember them in '70; in those wretched wars they've no fear of death left in them; they're nothing more nor less than madmen; and then they aren't worth the price of a rope to hang them with; they're not men any more, they're lions."" For by her way of thinking, to compare a man with a lion, which she used to pronounce 'lie-on,' was not at all complimentary to the man."
355	388	0.554	La rue Sainte-Hildegarde tournait trop court pour qu’on pût voir venir de loin, et c’était par cette fente entre les deux maisons de l’avenue de la gare qu’on apercevait toujours de nouveaux casques courant et brillant au soleil.	The Rue Sainte-Hildegarde turned too sharply for us to be able to see people approaching at any distance, and it was only through the gap between those two houses in the Avenue de la Gare that we could still make out fresh helmets racing along towards us, and flashing in the sunlight.
356	389	0.497	Le jardinier aurait voulu savoir s’il y en avait encore beaucoup à passer, et il avait soif, car le soleil tapait.	The gardener wanted to know whether there were still many to come, and he was thirsty besides, with the sun beating down upon his head.
357	390	0.660	Alors tout d’un coup, sa fille s’élançant comme d’une place assiégée, faisait une sortie, atteignait l’angle de la rue, et après avoir bravé cent fois la mort, venait nous rapporter, avec une carafe de coco, la nouvelle qu’ils étaient bien un mille qui venaient sans arrêter, du côté de Thiberzy et de Méséglise.	So then, suddenly, his daughter would leap out, as though from a beleaguered city, would make a sortie, turn the street corner, and, having risked her life a hundred times over, reappear and bring us, with a jug of liquorice-water, the news that there were still at least a thousand of them, pouring along without a break from the direction of Thiberzy and Méséglise.
358	391	0.469	Françoise et le jardinier, réconciliés, discutaient sur la conduite à tenir en cas de guerre:	Françoise and the gardener, having 'made up' their difference, would discuss the line to be followed in case of war.
359	392-393	0.288	—«Voyez-vous, Françoise, disait le jardinier, la révolution vaudrait mieux, parce que quand on la déclare il n’y a que ceux qui veulent partir qui y vont.»	"""Don't you see, Françoise,"" he would say. ""Revolution would be better, because then no one would need to join in unless he liked."""
360	394	0.514	—«Ah! oui, au moins je comprends cela, c’est plus franc.»	"""Oh, yes, I can see that, certainly; it's more straightforward."""
361	395	0.657	Le jardinier croyait qu’à la déclaration de guerre on arrêtait tous les chemins de fer.	The gardener believed that, as soon as war was declared, they would stop all the railways.
362	396	0.542	—«Pardi, pour pas qu’on se sauve», disait Françoise.	"""Yes, to be sure; so that we sha'n't get away,"" said Françoise."
363	397	0.582	Et le jardinier: «Ah! ils sont malins», car il n’admettait pas que la guerre ne fût pas une espèce de mauvais tour que l’État essayait de jouer au peuple et que, si on avait eu le moyen de le faire, il n’est pas une seule personne qui n’eût filé.	"And the gardener would assent, with ""Ay, they're the cunning ones,"" for he would not allow that war was anything but a kind of trick which the state attempted to play on the people, or that there was a man in the world who would not run away from it if he had the chance to do so."
364	398	0.555	Mais Françoise se hâtait de rejoindre ma tante, je retournais à mon livre, les domestiques se réinstallaient devant la porte à regarder tomber la poussière et l’émotion qu’avaient soulevées les soldats.	But Françoise would hasten back to my aunt, and I would return to my book, and the servants would take their places again outside the gate to watch the dust settle on the pavement, and the excitement caused by the passage of the soldiers subside.
365	399	0.451	Longtemps après que l’accalmie était venue, un flot inaccoutumé de promeneurs noircissait encore les rues de Combray.	Long after order had been restored, an abnormal tide of humanity would continue to darken the streets of Combray.
366	400	0.530	Et devant chaque maison, même celles où ce n’était pas l’habitude, les domestiques ou même les maîtres, assis et regardant, festonnaient le seuil d’un liséré capricieux et sombre comme celui des algues et des coquilles dont une forte marée laisse le crêpe et la broderie au rivage, après qu’elle s’est éloignée.	And in front of every house, even of those where it was not, as a rule, 'done,' the servants, and sometimes even the masters would sit and stare, festooning their doorsteps with a dark, irregular fringe, like the border of shells and sea-weed which a stronger tide than usual leaves on the beach, as though trimming it with embroidered crape, when the sea itself has retreated.
367	401	0.494	Sauf ces jours-là, je pouvais d’habitude, au contraire, lire tranquille.	Except on such days as these, however, I would as a rule be left to read in peace.
368	402	0.532	Mais l’interruption et le commentaire qui furent apportés une fois par une visite de Swann à la lecture que j’étais en train de faire du livre d’un auteur tout nouveau pour moi, Bergotte, eut cette conséquence que, pour longtemps, ce ne fut plus sur un mur décoré de fleurs violettes en quenouille, mais sur un fond tout autre, devant le portail d’une cathédrale gothique, que se détacha désormais l’image d’une des femmes dont je rêvais.	But the interruption which a visit from Swann once made, and the commentary which he then supplied to the course of my reading, which had brought me to the work of an author quite new to me, called Bergotte, had this definite result that for a long time afterwards it was not against a wall gay with spikes of purple blossom, but on a wholly different background, the porch of a gothic cathedral, that I would see outlined the figure of one of the women of whom I dreamed.
369	403	0.494	J’avais entendu parler de Bergotte pour la première fois par un de mes camarades plus âgé que moi et pour qui j’avais une grande admiration, Bloch.	I had heard Bergotte spoken of, for the first time, by a friend older than myself, for whom I had a strong admiration, a precious youth of the name of Bloch.
370	404	0.532	En m’entendant lui avouer mon admiration pour la Nuit d’Octobre, il avait fait éclater un rire bruyant comme une trompette et m’avait dit: «Défie-toi de ta dilection assez basse pour le sieur de Musset.	"Hearing me confess my love of the _Nuit d'Octobre_, he had burst out in a bray of laughter, like a bugle-call, and told me, by way of warning: ""You must conquer your vile taste for A. de Musset, Esquire."
371	405	0.456	C’est un coco des plus malfaisants et une assez sinistre brute.	He is a bad egg, one of the very worst, a pretty detestable specimen.
372	406	0.554	Je dois confesser, d’ailleurs, que lui et même le nommé Racine, ont fait chacun dans leur vie un vers assez bien rythmé, et qui a pour lui, ce qui est selon moi le mérite suprême, de ne signifier absolument rien.	"I am bound to admit, natheless,"" he added graciously, ""that he, and even the man Racine, did, each of them, once in his life, compose a line which is not only fairly rhythmical, but has also what is in my eyes the supreme merit of meaning absolutely nothing."
373	407-410	0.567	C’est: «La blanche Oloossone et la blanche Camire» et «La fille de Minos et de Pasiphaé».	"One is _La blanche Oloossone et la blanche Camire_, and the other _La fille de Minos et de Pasiphaë_."""
374	411	0.438	Ils m’ont été signalés à la décharge de ces deux malandrins par un article de mon très cher maître, le père Leconte, agréable aux Dieux Immortels.	They were submitted to my judgment, as evidence for the defence of the two runagates, in an article by my very dear master Father Lecomte, who is found pleasing in the sight of the immortal gods.
375	412	0.543	A propos voici un livre que je n’ai pas le temps de lire en ce moment qui est recommandé, paraît-il, par cet immense bonhomme.	By which token, here is a book which I have not the time, just now, to read, a book recommended, it would seem, by that colossal fellow.
376	413	0.254	Il tient, m’a-t-on dit, l’auteur, le sieur Bergotte, pour un coco des plus subtils; et bien qu’il fasse preuve, des fois, de mansuétudes assez mal explicables, sa parole est pour moi oracle delphique.	He regards, or so they tell me, its author, one Bergotte, Esquire, as a subtle scribe, more subtle, indeed, than any beast of the field; and, albeit he exhibits on occasion a critical pacifism, a tenderness in suffering fools, for which it is impossible to account, and hard to make allowance, still his word has weight with me as it were the Delphic Oracle.
377	414	0.520	Lis donc ces proses lyriques, et si le gigantesque assembleur de rythmes qui a écrit Bhagavat et le Levrier de Magnus a dit vrai, par Apollôn, tu goûteras, cher maître, les joies nectaréennes de l’Olympos.»	"Read you then this lyrical prose, and, if the Titanic master-builder of rhythm who composed _Bhagavat_ and the _Lévrier de Magnus_ speaks not falsely, then, by Apollo, you may taste, even you, my master, the ambrosial joys of Olympus."""
378	415	0.557	C’est sur un ton sarcastique qu’il m’avait demandé de l’appeler «cher maître» et qu’il m’appelait lui-même ainsi.	"It was in an ostensible vein of sarcasm that he had asked me to call him, and that he himself called me, ""my master."""
379	416	0.305	Mais en réalité nous prenions un certain plaisir à ce jeu, étant encore rapprochés de l’âge où on croit qu’on crée ce qu’on nomme.	But, as a matter of fact, we each derived a certain amount of satisfaction from the mannerism, being still at the age in which one believes that one gives a thing real existence by giving it a name.
380	417	0.466	Malheureusement, je ne pus pas apaiser en causant avec Bloch et en lui demandant des explications, le trouble où il m’avait jeté quand il m’avait dit que les beaux vers (à moi qui n’attendais d’eux rien moins que la révélation de la vérité) étaient d’autant plus beaux qu’ils ne signifiaient rien du tout.	Unfortunately I was not able to set at rest, by further talks with Bloch, in which I might have insisted upon an explanation, the doubts he had engendered in me when he told me that fine lines of poetry (from which I, if you please, expected nothing less than the revelation of truth itself) were all the finer if they meant absolutely nothing.
381	418	0.390	Bloch en effet ne fut pas réinvité à la maison.	For, as it happened, Bloch was not invited to the house again.
382	419	0.541	Il y avait d’abord été bien accueilli.	At first, he had been well received there.
383	420	0.473	Mon grand-père, il est vrai, prétendait que chaque fois que je me liais avec un de mes camarades plus qu’avec les autres et que je l’amenais chez nous, c’était toujours un juif, ce qui ne lui eût pas déplu en principe — même son ami Swann était d’origine juive — s’il n’avait trouvé que ce n’était pas d’habitude parmi les meilleurs que je le choisissais.	It is true that my grandfather made out that, whenever I formed a strong attachment to any one of my friends and brought him home with me, that friend was invariably a Jew; to which he would not have objected on principle — indeed his own friend Swann was of Jewish extraction — had he not found that the Jews whom I chose as friends were not usually of the best type.
384	421	0.316	Aussi quand j’amenais un nouvel ami il était bien rare qu’il ne fredonnât pas: «O Dieu de nos Pères» de la Juive ou bien «Israël romps ta chaîne», ne chantant que l’air naturellement (Ti la lam ta lam, talim), mais j’avais peur que mon camarade ne le connût et ne rétablît les paroles.	"And so I was hardly ever able to bring a new friend home without my grandfather's humming the ""O, God of our fathers"" from _La Juive_, or else ""Israel, break thy chain,"" singing the tune alone, of course, to an ""um-ti-tum-ti-tum, tra-la""; but I used to be afraid of my friend's recognising the sound, and so being able to reconstruct the words."
385	422	0.406	Avant de les avoir vus, rien qu’en entendant leur nom qui, bien souvent, n’avait rien de particulièrement israélite, il devinait non seulement l’origine juive de ceux de mes amis qui l’étaient en effet, mais même ce qu’il y avait quelquefois de fâcheux dans leur famille.	Before seeing them, merely on hearing their names, about which, as often as not, there was nothing particularly Hebraic, he would divine not only the Jewish origin of such of my friends as might indeed be of the chosen people, but even some dark secret which was hidden in their family.
386	423	0.546	—«Et comment s’appelle-t-il ton ami qui vient ce soir?»	"""And what do they call your friend who is coming this evening?"""
387	424	0.390	—«Dumont, grand-père.»	"""Dumont, grandpapa."""
388	425	0.306	—«Dumont!	"""Dumont!"
389	426	0.158	Oh! je me méfie.»	"Oh, I'm frightened of Dumont."""
390	427	0.712	Et il chantait:	And he would sing:
391	428	0.564	«Archers, faites bonne garde!	Archers, be on your guard!
392	429	0.457	Veillez sans trêve et sans bruit»;	Watch without rest, without sound,
393-394	430	0.552	Et après nous avoir posé adroitement quelques questions plus précises, il s’écriait: «À la garde! À la garde!» ou, si c’était le patient lui-même déjà arrivé qu’il avait forcé à son insu, par un interrogatoire dissimulé, à confesser ses origines, alors pour nous montrer qu’il n’avait plus aucun doute, il se contentait de nous regarder en fredonnant imperceptiblement:	"and then, after a few adroit questions on points of detail, he would call out ""On guard! on guard,"" or, if it were the victim himself who had already arrived, and had been obliged, unconsciously, by my grandfather's subtle examination, to admit his origin, then my grandfather, to shew us that he had no longer any doubts, would merely look at us, humming almost inaudibly the air of"
395-396	431	0.406	«De ce timide Israëlite Quoi! vous guidez ici les pas!»	What! do you hither guide the feet Of this timid Israelite?
397	432	0.489	ou:	or of
398	433	0.540	«Champs paternels, Hébron, douce vallée.»	Sweet vale of Hebron, dear paternal fields,
399	434	0.464	ou encore:	or, perhaps, of
400	435	0.634	«Oui, je suis de la race élue.»	Yes, I am of the chosen race.
401	436	0.574	Ces petites manies de mon grand-père n’impliquaient aucun sentiment malveillant à l’endroit de mes camarades.	These little eccentricities on my grandfather's part implied no ill-will whatsoever towards my friends.
402	437	0.502	Mais Bloch avait déplu à mes parents pour d’autres raisons.	But Bloch had displeased my family for other reasons.
403	438	0.556	Il avait commencé par agacer mon père qui, le voyant mouillé, lui avait dit avec intérêt:	He had begun by annoying my father, who, seeing him come in with wet clothes, had asked him with keen interest:
404	439	0.455	—«Mais, monsieur Bloch, quel temps fait-il donc, est-ce qu’il a plu?	"""Why, M. Bloch, is there a change in the weather; has it been raining?"
405	440	0.458	Je n’y comprends rien, le baromètre était excellent.»	"I can't understand it; the barometer has been 'set fair.'"""
406-407	441	0.161	Il n’en avait tiré que cette réponse: —«Monsieur, je ne puis absolument vous dire s’il a plu.	"Which drew from Bloch nothing more instructive than ""Sir, I am absolutely incapable of telling you whether it has rained."
408	442	0.581	Je vis si résolument en dehors des contingences physiques que mes sens ne prennent pas la peine de me les notifier.»	"I live so resolutely apart from physical contingencies that my senses no longer trouble to inform me of them."""
409	443	0.519	—«Mais, mon pauvre fils, il est idiot ton ami, m’avait dit mon père quand Bloch fut parti.	"""My poor boy,"" said my father after Bloch had gone, ""your friend is out of his mind."
410	444	0.426	Comment! il ne peut même pas me dire le temps qu’il fait!	Why, he couldn't even tell me what the weather was like.
411	445	0.441	Mais il n’y a rien de plus intéressant!	As if there could be anything more interesting!
412	446	0.486	C’est un imbécile.	"He is an imbecile."""
413	447	0.554	Puis Bloch avait déplu à ma grand’mère parce que, après le déjeuner comme elle disait qu’elle était un peu souffrante, il avait étouffé un sanglot et essuyé des larmes.	Next, Bloch had displeased my grandmother because, after luncheon, when she complained of not feeling very well, he had stifled a sob and wiped the tears from his eyes.
414	448-450	0.440	—«Comment veux-tu que ça soit sincère, me dit-elle, puisqu’il ne me connaît pas; ou bien alors il est fou.»	"""You cannot imagine that he is sincere,"" she observed to me. ""Why he doesn't know me. Unless he's mad, of course."""
415-416	451	0.443	Et enfin il avait mécontenté tout le monde parce que, étant venu déjeuner une heure et demie en retard et couvert de boue, au lieu de s’excuser, il avait dit: —«Je ne me laisse jamais influencer par les perturbations de l’atmosphère ni par les divisions conventionnelles du temps.	"And finally he had upset the whole household when he arrived an hour and a half late for luncheon and covered with mud from head to foot, and made not the least apology, saying merely: ""I never allow myself to be influenced in the smallest degree either by atmospheric disturbances or by the arbitrary divisions of what is known as Time."
417	452	0.436	Je réhabiliterais volontiers l’usage de la pipe d’opium et du kriss malais, mais j’ignore celui de ces instruments infiniment plus pernicieux et d’ailleurs platement bourgeois, la montre et le parapluie.»	"I would willingly reintroduce to society the opium pipe of China or the Malayan kriss, but I am wholly and entirely without instruction in those infinitely more pernicious (besides being quite bleakly bourgeois) implements, the umbrella and the watch."""
418	453	0.411	Il serait malgré tout revenu à Combray.	In spite of all this he would still have been received at Combray.
419	454	0.495	Il n’était pas pourtant l’ami que mes parents eussent souhaité pour moi; ils avaient fini par penser que les larmes que lui avait fait verser l’indisposition de ma grand’mère n’étaient pas feintes; mais ils savaient d’instinct ou par expérience que les élans de notre sensibilité ont peu d’empire sur la suite de nos actes et la conduite de notre vie, et que le respect des obligations morales, la fidélité aux amis, l’exécution d’une œuvre, l’observance d’un régime, ont un fondement plus sûr dans des habitudes aveugles que dans ces transports momentanés, ardents et stériles.	He was, of course, hardly the friend my parents would have chosen for me; they had, in the end, decided that the tears which he had shed on hearing of my grandmother's illness were genuine enough; but they knew, either instinctively or from their own experience, that our early impulsive emotions have but little influence over our later actions and the conduct of our lives; and that regard for moral obligations, loyalty to our friends, patience in finishing our work, obedience to a rule of life, have a surer foundation in habits solidly formed and blindly followed than in these momentary transports, ardent but sterile.
420	455	0.324	Ils auraient préféré pour moi à Bloch des compagnons qui ne me donneraient pas plus qu’il n’est convenu d’accorder à ses amis, selon les règles de la morale bourgeoise; qui ne m’enverraient pas inopinément une corbeille de fruits parce qu’ils auraient ce jour-là pensé à moi avec tendresse, mais qui, n’étant pas capables de faire pencher en ma faveur la juste balance des devoirs et des exigences de l’amitié sur un simple mouvement de leur imagination et de leur sensibilité, ne la fausseraient pas davantage à mon préjudice.	They would have preferred to Bloch, as companions for myself, boys who would have given me no more than it is proper, by all the laws of middle-class morality, for boys to give one another, who would not unexpectedly send me a basket of fruit because they happened, that morning, to have thought of me with affection, but who, since they were incapable of inclining in my favour, by any single impulse of their imagination and emotions, the exact balance of the duties and claims of friendship, were as incapable of loading the scales to my prejudice.
421	456	0.344	Nos torts même font difficilement départir de ce qu’elles nous doivent ces natures dont ma grand’tante était le modèle, elle qui brouillée depuis des années avec une nièce à qui elle ne parlait jamais, ne modifia pas pour cela le testament où elle lui laissait toute sa fortune, parce que c’était sa plus proche parente et que cela «se devait».	Even the injuries we do them will not easily divert from the path of their duty towards us those conventional natures of which my great-aunt furnished a type: who, after quarrelling for years with a niece, to whom she never spoke again, yet made no change in the will in which she had left that niece the whole of her fortune, because she was her next-of-kin, and it was the 'proper thing' to do.
422	457	0.432	Mais j’aimais Bloch, mes parents voulaient me faire plaisir, les problèmes insolubles que je me posais à propos de la beauté dénuée de signification de la fille de Minos et de Pasiphaé me fatiguaient davantage et me rendaient plus souffrant que n’auraient fait de nouvelles conversations avec lui, bien que ma mère les jugeât pernicieuses.	But I was fond of Bloch; my parents wished me to be happy; and the insoluble problems which I set myself on such texts as the 'absolutely meaningless' beauty of _La fille de Minos et de Pasiphaë_ tired me more and made me more unwell than I should have been after further talks with him, unwholesome as those talks might seem to my mother's mind.
423	458-459	0.343	Et on l’aurait encore reçu à Combray si, après ce dîner, comme il venait de m’apprendre — nouvelle qui plus tard eut beaucoup d’influence sur ma vie, et la rendit plus heureuse, puis plus malheureuse — que toutes les femmes ne pensaient qu’à l’amour et qu’il n’y en a pas dont on ne pût vaincre les résistances, il ne m’avait assuré avoir entendu dire de la façon la plus certaine que ma grand’tante avait eu une jeunesse orageuse et avait été publiquement entretenue.	And he would still have been received at Combray but for one thing. That same night, after dinner, having informed me (a piece of news which had a great influence on my later life, making it happier at one time and then more unhappy) that no woman ever thought of anything but love, and that there was not one of them whose resistance a man could not overcome, he had gone on to assure me that he had heard it said on unimpeachable authority that my great-aunt herself had led a 'gay' life in her younger days, and had been notoriously 'kept.'
424	460	0.274	Je ne pus me tenir de répéter ces propos à mes parents, on le mit à la porte quand il revint, et quand je l’abordai ensuite dans la rue, il fut extrêmement froid pour moi.	I could not refrain from passing on so important a piece of information to my parents; the next time Bloch called he was not admitted, and afterwards, when I met him in the street, he greeted me with extreme coldness.
425	461	0.658	Mais au sujet de Bergotte il avait dit vrai.	But in the matter of Bergotte he had spoken truly.
426	462	0.293	Les premiers jours, comme un air de musique dont on raffolera, mais qu’on ne distingue pas encore, ce que je devais tant aimer dans son style ne m’apparut pas.	For the first few days, like a tune which will be running in one's head and maddening one soon enough, but of which one has not for the moment 'got hold,' the things I was to love so passionately in Bergotte's style had not yet caught my eye.
427	463	0.365	Je ne pouvais pas quitter le roman que je lisais de lui, mais me croyais seulement intéressé par le sujet, comme dans ces premiers moments de l’amour où on va tous les jours retrouver une femme à quelque réunion, à quelque divertissement par les agréments desquels on se croit attiré.	I could not, it is true, lay down the novel of his which I was reading, but I fancied that I was interested in the story alone, as in the first dawn of love, when we go every day to meet a woman at some party or entertainment by the charm of which we imagine it is that we are attracted.
428	464	0.332	Puis je remarquai les expressions rares, presque archaïques qu’il aimait employer à certains moments où un flot caché d’harmonie, un prélude intérieur, soulevait son style; et c’était aussi à ces moments-là qu’il se mettait à parler du «vain songe de la vie», de «l’inépuisable torrent des belles apparences», du «tourment stérile et délicieux de comprendre et d’aimer», des «émouvantes effigies qui anoblissent à jamais la façade vénérable et charmante des cathédrales», qu’il exprimait toute une philosophie nouvelle pour moi par de merveilleuses images dont on aurait dit que c’était elles qui avaient éveillé ce chant de harpes qui s’élevait alors et à l’accompagnement duquel elles donnaient quelque chose de sublime.	"Then I observed the rare, almost archaic phrases which he liked to employ at certain points, where a hidden flow of harmony, a prelude contained and concealed in the work itself would animate and elevate his style; and it was at such points as these, too, that he would begin to speak of the ""vain dream of life,"" of the ""inexhaustible torrent of fair forms,"" of the ""sterile, splendid torture of understanding and loving,"" of the ""moving effigies which ennoble for all time the charming and venerable fronts of our cathedrals""; that he would express a whole system of philosophy, new to me, by the use of marvellous imagery, to the inspiration of which I would naturally have ascribed that sound of harping which began to chime and echo in my ears, an accompaniment to which that imagery added something ethereal and sublime."
429	465	0.314	Un de ces passages de Bergotte, le troisième ou le quatrième que j’eusse isolé du reste, me donna une joie incomparable à celle que j’avais trouvée au premier, une joie que je me sentis éprouver en une région plus profonde de moi-même, plus unie, plus vaste, d’où les obstacles et les séparations semblaient avoir été enlevés.	One of these passages of Bergotte, the third or fourth which I had detached from the rest, filled me with a joy to which the meagre joy I had tasted in the first passage bore no comparison, a joy which I felt myself to have experienced in some innermost chamber of my soul, deep, undivided, vast, from which all obstructions and partitions seemed to have been swept away.
430	466	0.176	C’est que, reconnaissant alors ce même goût pour les expressions rares, cette même effusion musicale, cette même philosophie idéaliste qui avait déjà été les autres fois, sans que je m’en rendisse compte, la cause de mon plaisir, je n’eus plus l’impression d’être en présence d’un morceau particulier d’un certain livre de Bergotte, traçant à la surface de ma pensée une figure purement linéaire, mais plutôt du «morceau idéal» de Bergotte, commun à tous ses livres et auquel tous les passages analogues qui venaient se confondre avec lui, auraient donné une sorte d’épaisseur, de volume, dont mon esprit semblait agrandi.	For what had happened was that, while I recognised in this passage the same taste for uncommon phrases, the same bursts of music, the same idealist philosophy which had been present in the earlier passages without my having taken them into account as the source of my pleasure, I now no longer had the impression of being confronted by a particular passage in one of Bergotte's works, which traced a purely bi-dimensional figure in outline upon the surface of my mind, but rather of the 'ideal passage' of Bergotte, common to every one of his books, and to which all the earlier, similar passages, now becoming merged in it, had added a kind of density and volume, by which my own understanding seemed to be enlarged.
431	467	0.301	Je n’étais pas tout à fait le seul admirateur de Bergotte; il était aussi l’écrivain préféré d’une amie de ma mère qui était très lettrée; enfin pour lire son dernier livre paru, le docteur du Boulbon faisait attendre ses malades; et ce fut de son cabinet de consultation, et d’un parc voisin de Combray, que s’envolèrent quelques-unes des premières graines de cette prédilection pour Bergotte, espèce si rare alors, aujourd’hui universellement répandue, et dont on trouve partout en Europe, en Amérique, jusque dans le moindre village, la fleur idéale et commune.	I was by no means Bergotte's sole admirer; he was the favourite writer also of a friend of my mother's, a highly literary lady; while Dr. du Boulbon had kept all his patients waiting until he finished Bergotte's latest volume; and it was from his consulting room, and from a house in a park near Combray that some of the first seeds were scattered of that taste for Bergotte, a rare-growth in those days, but now so universally acclimatised that one finds it flowering everywhere throughout Europe and America, and even in the tiniest villages, rare still in its refinement, but in that alone.
432	468	0.386	Ce que l’amie de ma mère et, paraît-il, le docteur du Boulbon aimaient surtout dans les livres de Bergotte c’était comme moi, ce même flux mélodique, ces expressions anciennes, quelques autres très simples et connues, mais pour lesquelles la place où il les mettait en lumière semblait révéler de sa part un goût particulier; enfin, dans les passages tristes, une certaine brusquerie, un accent presque rauque.	What my mother's friend, and, it would seem, what Dr. du Boulbon liked above all in the writings of Bergotte was just what I liked, the same flow of melody, the same old-fashioned phrases, and certain others, quite simple and familiar, but so placed by him, in such prominence, as to hint at a particular quality of taste on his part; and also, in the sad parts of his books, a sort of roughness, a tone that was almost harsh.
433	469	0.353	Et sans doute lui-même devait sentir que là étaient ses plus grands charmes.	And he himself, no doubt, realised that these were his principal attractions.
434	470	0.529	Car dans les livres qui suivirent, s’il avait rencontré quelque grande vérité, ou le nom d’une célèbre cathédrale, il interrompait son récit et dans une invocation, une apostrophe, une longue prière, il donnait un libre cours à ces effluves qui dans ses premiers ouvrages restaient intérieurs à sa prose, décelés seulement alors par les ondulations de la surface, plus douces peut-être encore, plus harmonieuses quand elles étaient ainsi voilées et qu’on n’aurait pu indiquer d’une manière précise où naissait, où expirait leur murmure.	For in his later books, if he had hit upon some great truth, or upon the name of an historic cathedral, he would break off his narrative, and in an invocation, an apostrophe, a lengthy prayer, would give a free outlet to that effluence which, in the earlier volumes, remained buried beneath the form of his prose, discernible only in a rippling of its surface, and perhaps even more delightful, more harmonious when it was thus veiled from the eye, when the reader could give no precise indication of where the murmur of the current began, or of where it died away.
435	471	0.413	Ces morceaux auxquels il se complaisait étaient nos morceaux préférés.	These passages in which he delighted were our favourites also.
436	472	0.503	Pour moi, je les savais par cœur.	For my own part I knew all of them by heart.
437	473	0.473	J’étais déçu quand il reprenait le fil de son récit.	I felt even disappointed when he resumed the thread of his narrative.
438	474	0.468	Chaque fois qu’il parlait de quelque chose dont la beauté m’était restée jusque-là cachée, des forêts de pins, de la grêle, de Notre-Dame de Paris, d’Athalie ou de Phèdre, il faisait dans une image exploser cette beauté jusqu’à moi.	Whenever he spoke of something whose beauty had until then remained hidden from me, of pine-forests or of hailstorms, of _Notre-Dame de Paris_, of _Athalie_, or of _Phèdre_, by some piece of imagery he would make their beauty explode and drench me with its essence.
439	475	0.340	Aussi sentant combien il y avait de parties de l’univers que ma perception infirme ne distinguerait pas s’il ne les rapprochait de moi, j’aurais voulu posséder une opinion de lui, une métaphore de lui, sur toutes choses, surtout sur celles que j’aurais l’occasion de voir moi-même, et entre celles-là, particulièrement sur d’anciens monuments français et certains paysages maritimes, parce que l’insistance avec laquelle il les citait dans ses livres prouvait qu’il les tenait pour riches de signification et de beauté.	And so, dimly realising that the universe contained innumerable elements which my feeble senses would be powerless to discern, did he not bring them within my reach, I wished that I might have his opinion, some metaphor of his, upon everything in the world, and especially upon such things as I might have an opportunity, some day, of seeing for myself; and among such things, more particularly still upon some of the historic buildings of France, upon certain views of the sea, because the emphasis with which, in his books, he referred to these shewed that he regarded them as rich in significance and beauty.
440	476	0.346	Malheureusement sur presque toutes choses j’ignorais son opinion.	But, alas, upon almost everything in the world his opinion was unknown to me.
441	477	0.458	Je ne doutais pas qu’elle ne fût entièrement différente des miennes, puisqu’elle descendait d’un monde inconnu vers lequel je cherchais à m’élever: persuadé que mes pensées eussent paru pure ineptie à cet esprit parfait, j’avais tellement fait table rase de toutes, que quand par hasard il m’arriva d’en rencontrer, dans tel de ses livres, une que j’avais déjà eue moi-même, mon cœur se gonflait comme si un Dieu dans sa bonté me l’avait rendue, l’avait déclarée légitime et belle.	I had no doubt that it would differ entirely from my own, since his came down from an unknown sphere towards which I was striving to raise myself; convinced that my thoughts would have seemed pure foolishness to that perfected spirit, I had so completely obliterated them all that, if I happened to find in one of his books something which had already occurred to my own mind, my heart would swell with gratitude and pride as though some deity had, in his infinite bounty, restored it to me, had pronounced it to be beautiful and right.
442	478	0.308	Il arrivait parfois qu’une page de lui disait les mêmes choses que j’écrivais souvent la nuit à ma grand’mère et à ma mère quand je ne pouvais pas dormir, si bien que cette page de Bergotte avait l’air d’un recueil d’épigraphes pour être placées en tête de mes lettres.	It happened now and then that a page of Bergotte would express precisely those ideas which I used often at night, when I was unable to sleep, to write to my grandmother and mother, and so concisely and well that his page had the appearance of a collection of mottoes for me to set at the head of my letters.
443	479	0.234	Même plus tard, quand je commençai de composer un livre, certaines phrases dont la qualité ne suffit pas pour me décider à le continuer, j’en retrouvai l’équivalent dans Bergotte.	And so too, in later years, when I began to compose a book of my own, and the quality of some of my sentences seemed so inadequate that I could not make up my mind to go on with the undertaking, I would find the equivalent of my sentences in Bergotte's.
444	480	0.418	Mais ce n’était qu’alors, quand je les lisais dans son œuvre, que je pouvais en jouir; quand c’était moi qui les composais, préoccupé qu’elles reflétassent exactement ce que j’apercevais dans ma pensée, craignant de ne pas «faire ressemblant», j’avais bien le temps de me demander si ce que j’écrivais était agréable!	But it was only then, when I read them in his pages, that I could enjoy them; when it was I myself who composed them, in my anxiety that they should exactly reproduce what I seemed to have detected in my mind, and in my fear of their not turning out 'true to life,' I had no time to ask myself whether what I was writing would be pleasant to read!
445	481	0.342	Mais en réalité il n’y avait que ce genre de phrases, ce genre d’idées que j’aimais vraiment.	But indeed there was no kind of language, no kind of ideas which I really liked, except these.
446	482	0.363	Mes efforts inquiets et mécontents étaient eux-mêmes une marque d’amour, d’amour sans plaisir mais profond.	My feverish and unsatisfactory attempts were themselves a token of my love, a love which brought me no pleasure, but was, for all that, intense and deep.
447	483	0.351	Aussi quand tout d’un coup je trouvais de telles phrases dans l’œuvre d’un autre, c’est-à-dire sans plus avoir de scrupules, de sévérité, sans avoir à me tourmenter, je me laissais enfin aller avec délices au goût que j’avais pour elles, comme un cuisinier qui pour une fois où il n’a pas à faire la cuisine trouve enfin le temps d’être gourmand.	And so, when I came suddenly upon similar phrases in the writings of another, that is to say stripped of their familiar accompaniment of scruples and repressions and self-tormentings, I was free to indulge to the full my own appetite for such things, just as a cook who, once in a while, has no dinner to prepare for other people, can then find time to gormandise himself.
448	484	0.311	Un jour, ayant rencontré dans un livre de Bergotte, à propos d’une vieille servante, une plaisanterie que le magnifique et solennel langage de l’écrivain rendait encore plus ironique mais qui était la même que j’avais souvent faite à ma grand’mère en parlant de Françoise, une autre fois où je vis qu’il ne jugeait pas indigne de figurer dans un de ces miroirs de la vérité qu’étaient ses ouvrages, une remarque analogue à celle que j’avais eu l’occasion de faire sur notre ami M. Legrandin (remarques sur Françoise et M. Legrandin qui étaient certes de celles que j’eusse le plus délibérément sacrifiées à Bergotte, persuadé qu’il les trouverait sans intérêt), il me sembla soudain que mon humble vie et les royaumes du vrai n’étaient pas aussi séparés que j’avais cru, qu’ils coïncidaient même sur certains points, et de confiance et de joie je pleurai sur les pages de l’écrivain comme dans les bras d’un père retrouvé.	And so, when I had found, one day, in a book by Bergotte, some joke about an old family servant, to which his solemn and magnificent style added a great deal of irony, but which was in principle what I had often said to my grandmother about Françoise, and when, another time, I had discovered that he thought not unworthy of reflection in one of those mirrors of absolute Truth which were his writings, a remark similar to one which I had had occasion to make on our friend M. Legrandin (and, moreover, my remarks on Françoise and M. Legrandin were among those which I would most resolutely have sacrificed for Bergotte's sake, in the belief that he would find them quite without interest); then it was suddenly revealed to me that my own humble existence and the Realms of Truth were less widely separated than I had supposed, that at certain points they were actually in contact; and in my new-found confidence and joy I wept upon his printed page, as in the arms of a long-lost father.
449	485	0.459	D’après ses livres j’imaginais Bergotte comme un vieillard faible et déçu qui avait perdu des enfants et ne s’était jamais consolé.	From his books I had formed an impression of Bergotte as a frail and disappointed old man, who had lost his children, and had never found any consolation.
450	486	0.402	Aussi je lisais, je chantais intérieurement sa prose, plus «dolce», plus «lento» peut-être qu’elle n’était écrite, et la phrase la plus simple s’adressait à moi avec une intonation attendrie.	And so I would read, or rather sing his sentences in my brain, with rather more _dolce_, rather more _lento_ than he himself had, perhaps, intended, and his simplest phrase would strike my ears with something peculiarly gentle and loving in its intonation.
451	487	0.301	Plus que tout j’aimais sa philosophie, je m’étais donné à elle pour toujours.	More than anything else in the world I cherished his philosophy, and had pledged myself to it in lifelong devotion.
452	488	0.456	Elle me rendait impatient d’arriver à l’âge où j’entrerais au collège, dans la classe appelée Philosophie.	It made me impatient to reach the age when I should be eligible to attend the class at school called 'Philosophy.'
453	489	0.533	Mais je ne voulais pas qu’on y fît autre chose que vivre uniquement par la pensée de Bergotte, et si l’on m’avait dit que les métaphysiciens auxquels je m’attacherais alors ne lui ressembleraient en rien, j’aurais ressenti le désespoir d’un amoureux qui veut aimer pour la vie et à qui on parle des autres maîtresses qu’il aura plus tard.	I did not wish to learn or do anything else there, but simply to exist and be guided entirely by the mind of Bergotte, and, if I had been told then that the metaphysicians whom I was actually to follow there resembled him in nothing, I should have been struck down by the despair a young lover feels who has sworn lifelong fidelity, when a friend speaks to him of the other mistresses he will have in time to come.
454	490	0.612	Un dimanche, pendant ma lecture au jardin, je fus dérangé par Swann qui venait voir mes parents.	One Sunday, while I was reading in the garden, I was interrupted by Swann, who had come to call upon my parents.
455	491-492	0.406	—«Qu’est-ce que vous lisez, on peut regarder?	"""What are you reading? May I look?"
456	493	0.403	Tiens, du Bergotte?	Why, it's Bergotte!
457	494	0.425	Qui donc vous a indiqué ses ouvrages?»	"Who has been telling you about him?"""
458	495	0.407	Je lui dis que c’était Bloch.	I replied that Bloch was responsible.
459	496	0.530	—«Ah! oui, ce garçon que j’ai vu une fois ici, qui ressemble tellement au portrait de Mahomet II par Bellini.	"""Oh, yes, that boy I saw here once, who looks so like the Bellini portrait of Mahomet II."
460	497	0.493	Oh! c’est frappant, il a les mêmes sourcils circonflexes, le même nez recourbé, les mêmes pommettes saillantes.	It's an astonishing likeness; he has the same arched eyebrows and hooked nose and prominent cheekbones.
461	498	0.311	Quand il aura une barbiche ce sera la même personne.	When his beard comes he'll be Mahomet himself.
462	499	0.631	En tout cas il a du goût, car Bergotte est un charmant esprit.»	"Anyhow he has good taste, for Bergotte is a charming creature."""
463-464	500	0.387	Et voyant combien j’avais l’air d’admirer Bergotte, Swann qui ne parlait jamais des gens qu’il connaissait fit, par bonté, une exception et me dit: —«Je le connais beaucoup, si cela pouvait vous faire plaisir qu’il écrive un mot en tête de votre volume, je pourrais le lui demander.»	"And seeing how much I seemed to admire Bergotte, Swann, who never spoke at all about the people he knew, made an exception in my favour and said: ""I know him well; if you would like him to write a few words on the title-page of your book I could ask him for you."""
465	501	0.373	Je n’osai pas accepter mais posai à Swann des questions sur Bergotte.	I dared not accept such an offer, but bombarded Swann with questions about his friend.
466	502	0.383	«Est-ce que vous pourriez me dire quel est l’acteur qu’il préfère?»	"""Can you tell me, please, who is his favourite actor?"""
467	503-504	0.229	—«L’acteur, je ne sais pas.	"""Actor? No, I can't say."
468	505	0.503	Mais je sais qu’il n’égale aucun artiste homme à la Berma qu’il met au-dessus de tout.	But I do know this: there's not a man on the stage whom he thinks equal to Berma; he puts her above everyone.
469	506	0.510	L’avez-vous entendue?»	"Have you seen her?"""
470	507	0.520	—«Non monsieur, mes parents ne me permettent pas d’aller au théâtre.»	"""No, sir, my parents do not allow me to go to the theatre."""
471	508	0.452	—«C’est malheureux.	"""That is a pity."
472	509	0.212	Vous devriez leur demander.	You should insist.
473	510-511	0.523	La Berma dans Phèdre, dans le Cid, ce n’est qu’une actrice si vous voulez, mais vous savez je ne crois pas beaucoup à la «hiérarchie!» des arts; (et je remarquai, comme cela m’avait souvent frappé dans ses conversations avec les sœurs de ma grand’mère que quand il parlait de choses sérieuses, quand il employait une expression qui semblait impliquer une opinion sur un sujet important, il avait soin de l’isoler dans une intonation spéciale, machinale et ironique, comme s’il l’avait mise entre guillemets, semblant ne pas vouloir la prendre à son compte, et dire: «la hiérarchie, vous savez, comme disent les gens ridicules»?	"Berma in _Phèdre_, in the _Cid_; well, she's only an actress, if you like, but you know that I don't believe very much in the 'hierarchy' of the arts."" As he spoke I noticed, what had often struck me before in his conversations with my grandmother's sisters, that whenever he spoke of serious matters, whenever he used an expression which seemed to imply a definite opinion upon some important subject, he would take care to isolate, to sterilise it by using a special intonation, mechanical and ironic, as though he had put the phrase or word between inverted commas, and was anxious to disclaim any personal responsibility for it; as who should say ""the 'hierarchy,' don't you know, as silly people call it."""
474	512	0.409	Mais alors, si c’était ridicule, pourquoi disait-il la hiérarchie?).	But then, if it was so absurd, why did he say the 'hierarchy'?
475	513	0.456	Un instant après il ajouta: «Cela vous donnera une vision aussi noble que n’importe quel chef-d’œuvre, je ne sais pas moi… que» — et il se mit à rire — «les Reines de Chartres!»	"A moment later he went on: ""Her acting will give you as noble an inspiration as any masterpiece of art in the world, as — oh, I don't know — "" and he began to laugh, ""shall we say the Queens of Chartres?"""
476	514	0.463	Jusque-là cette horreur d’exprimer sérieusement son opinion m’avait paru quelque chose qui devait être élégant et parisien et qui s’opposait au dogmatisme provincial des sœurs de ma grand’mère; et je soupçonnais aussi que c’était une des formes de l’esprit dans la coterie où vivait Swann et où par réaction sur le lyrisme des générations antérieures on réhabilitait à l’excès les petits faits précis, réputés vulgaires autrefois, et on proscrivait les «phrases».	Until then I had supposed that his horror of having to give a serious opinion was something Parisian and refined, in contrast to the provincial dogmatism of my grandmother's sisters; and I had imagined also that it was characteristic of the mental attitude towards life of the circle in which Swann moved, where, by a natural reaction from the 'lyrical' enthusiasms of earlier generations, an excessive importance was given to small and precise facts, formerly regarded as vulgar, and anything in the nature of 'phrase-making' was banned.
477	515	0.393	Mais maintenant je trouvais quelque chose de choquant dans cette attitude de Swann en face des choses.	But now I found myself slightly shocked by this attitude which Swann invariably adopted when face to face with generalities.
478	516	0.374	Il avait l’air de ne pas oser avoir une opinion et de n’être tranquille que quand il pouvait donner méticuleusement des renseignements précis.	He appeared unwilling to risk even having an opinion, and to be at his ease only when he could furnish, with meticulous accuracy, some precise but unimportant detail.
479	517	0.226	Mais il ne se rendait donc pas compte que c’était professer l’opinion, postuler, que l’exactitude de ces détails avait de l’importance.	But in so doing he did not take into account that even here he was giving an opinion, holding a brief (as they say) for something, that the accuracy of his details had an importance of its own.
480	518	0.561	Je repensai alors à ce dîner où j’étais si triste parce que maman ne devait pas monter dans ma chambre et où il avait dit que les bals chez la princesse de Léon n’avaient aucune importance.	I thought again of the dinner that night, when I had been so unhappy because Mamma would not be coming up to my room, and when he had dismissed the balls given by the Princesse de Léon as being of no importance.
481	519	0.603	Mais c’était pourtant à ce genre de plaisirs qu’il employait sa vie.	And yet it was to just that sort of amusement that he was devoting his life.
482-483	520	0.397	Je trouvais tout cela contradictoire. Pour quelle autre vie réservait-il de dire enfin sérieusement ce qu’il pensait des choses, de formuler des jugements qu’il pût ne pas mettre entre guillemets, et de ne plus se livrer avec une politesse pointilleuse à des occupations dont il professait en même temps qu’elles sont ridicules?	For what other kind of existence did he reserve the duties of saying in all seriousness what he thought about things, of formulating judgments which he would not put between inverted commas; and when would he cease to give himself up to occupations of which at the same time he made out that they were absurd?
484	521	0.401	Je remarquai aussi dans la façon dont Swann me parla de Bergotte quelque chose qui en revanche ne lui était pas particulier mais au contraire était dans ce temps-là commun à tous les admirateurs de l’écrivain, à l’amie de ma mère, au docteur du Boulbon.	I noticed, too, in the manner in which Swann spoke to me of Bergotte, something which, to do him justice, was not peculiar to himself, but was shared by all that writer's admirers at that time, at least by my mother's friend and by Dr. du Boulbon.
485	522	0.531	Comme Swann, ils disaient de Bergotte: «C’est un charmant esprit, si particulier, il a une façon à lui de dire les choses un peu cherchée, mais si agréable.	"Like Swann, they would say of Bergotte: ""He has a charming mind, so individual, he has a way of his own of saying things, which is a little far-fetched, but so pleasant."
486	523	0.313	On n’a pas besoin de voir la signature, on reconnaît tout de suite que c’est de lui.»	"You never need to look for his name on the title-page, you can tell his work at once."""
487	524	0.451	Mais aucun n’aurait été jusqu’à dire: «C’est un grand écrivain, il a un grand talent.»	"But none of them had yet gone so far as to say ""He is a great writer, he has great talent."""
488	525	0.286	Ils ne disaient même pas qu’il avait du talent.	They did not even credit him with talent at all.
489	526	0.480	Ils ne le disaient pas parce qu’ils ne le savaient pas.	They did not speak, because they were not aware of it.
490	527	0.481	Nous sommes très longs à reconnaître dans la physionomie particulière d’un nouvel écrivain le modèle qui porte le nom de «grand talent» dans notre musée des idées générales.	We are very slow in recognising in the peculiar physiognomy of a new writer the type which is labelled 'great talent' in our museum of general ideas.
491	528	0.348	Justement parce que cette physionomie est nouvelle nous ne la trouvons pas tout à fait ressemblante à ce que nous appelons talent.	Simply because that physiognomy is new and strange, we can find in it no resemblance to what we are accustomed to call talent.
492	529	0.534	Nous disons plutôt originalité, charme, délicatesse, force; et puis un jour nous nous rendons compte que c’est justement tout cela le talent.	We say rather originality, charm, delicacy, strength; and then one day we add up the sum of these, and find that it amounts simply to talent.
493	530-531	0.513	—«Est-ce qu’il y a des ouvrages de Bergotte où il ait parlé de la Berma?» demandai-je à M. Swann.	"""Are there any books in which Bergotte has written about Berma?"" I asked M. Swann."
494	532	0.480	—Je crois dans sa petite plaquette sur Racine, mais elle doit être épuisée.	"""I think he has, in that little essay on Racine, but it must be out of print."
495	533	0.536	Il y a peut-être eu cependant une réimpression.	Still, there has perhaps been a second impression.
496	534	0.563	Je m’informerai.	I will find out.
497	535-536	0.477	Je peux d’ailleurs demander à Bergotte tout ce que vous voulez, il n’y a pas de semaine dans l’année où il ne dîne à la maison.	Anyhow, I can ask Bergotte himself all that you want to know next time he comes to dine with us. He never misses a week, from one year's end to another.
498	537	0.677	C’est le grand ami de ma fille.	He is my daughter's greatest friend.
499	538	0.556	Ils vont ensemble visiter les vieilles villes, les cathédrales, les châteaux.	"They go about together, and look at old towns and cathedrals and castles."""
500	539	0.395	Comme je n’avais aucune notion sur la hiérarchie sociale, depuis longtemps l’impossibilité que mon père trouvait à ce que nous fréquentions Mme et Mlle Swann avait eu plutôt pour effet, en me faisant imaginer entre elles et nous de grandes distances, de leur donner à mes yeux du prestige.	As I was still completely ignorant of the different grades in the social hierarchy, the fact that my father found it impossible for us to see anything of Swann's wife and daughter had, for a long time, had the contrary effect of making me imagine them as separated from us by an enormous gulf, which greatly enhanced their dignity and importance in my eyes.
501	540	0.294	Je regrettais que ma mère ne se teignît pas les cheveux et ne se mît pas de rouge aux lèvres comme j’avais entendu dire par notre voisine Mme Sazerat que Mme Swann le faisait pour plaire, non à son mari, mais à M. de Charlus, et je pensais que nous devions être pour elle un objet de mépris, ce qui me peinait surtout à cause de Mlle Swann qu’on m’avait dit être une si jolie petite fille et à laquelle je rêvais souvent en lui prêtant chaque fois un même visage arbitraire et charmant.	I was sorry that my mother did not dye her hair and redden her lips, as I had heard our neighbour, Mme. Sazerat, say that Mme. Swann did, to gratify not her husband but M. de Charlus; and I felt that, to her, we must be an object of scorn, which distressed me particularly on account of the daughter, such a pretty little girl, as I had heard, and one of whom I used often to dream, always imagining her with the same features and appearance, which I bestowed upon her quite arbitrarily, but with a charming effect.
502	541	0.293	Mais quand j’eus appris ce jour-là que Mlle Swann était un être d’une condition si rare, baignant comme dans son élément naturel au milieu de tant de privilèges, que quand elle demandait à ses parents s’il y avait quelqu’un à dîner, on lui répondait par ces syllabes remplies de lumière, par le nom de ce convive d’or qui n’était pour elle qu’un vieil ami de sa famille: Bergotte; que, pour elle, la causerie intime à table, ce qui correspondait à ce qu’était pour moi la conversation de ma grand’tante, c’étaient des paroles de Bergotte sur tous ces sujets qu’il n’avait pu aborder dans ses livres, et sur lesquels j’aurais voulu l’écouter rendre ses oracles, et qu’enfin, quand elle allait visiter des villes, il cheminait à côté d’elle, inconnu et glorieux, comme les Dieux qui descendaient au milieu des mortels, alors je sentis en même temps que le prix d’un être comme Mlle Swann, combien je lui paraîtrais grossier et ignorant, et j’éprouvai si vivement la douceur et l’impossibilité qu’il y aurait pour moi à être son ami, que je fus rempli à la fois de désir et de désespoir.	But from this afternoon, when I had learned that Mlle. Swann was a creature living in such rare and fortunate circumstances, bathed, as in her natural element, in such a sea of privilege that, if she should ask her parents whether anyone were coming to dinner, she would be answered in those two syllables, radiant with celestial light, would hear the name of that golden guest who was to her no more than an old friend of her family, Bergotte; that for her the intimate conversation at table, corresponding to what my great-aunt's conversation was for me, would be the words of Bergotte upon all those subjects which he had not been able to take up in his writings, and on which I would fain have heard him utter oracles; and that, above all, when she went to visit other towns, he would be walking by her side, unrecognised and glorious, like the gods who came down, of old, from heaven to dwell among mortal men: then I realised both the rare worth of a creature such as Mlle. Swann, and, at the same time, how coarse and ignorant I should appear to her; and I felt so keenly how pleasant and yet how impossible it would be for me to become her friend that I was filled at once with longing and with despair.
503	542	0.421	Le plus souvent maintenant quand je pensais à elle, je la voyais devant le porche d’une cathédrale, m’expliquant la signification des statues, et, avec un sourire qui disait du bien de moi, me présentant comme son ami, à Bergotte.	And usually, from this time forth, when I thought of her, I would see her standing before the porch of a cathedral, explaining to me what each of the statues meant, and, with a smile which was my highest commendation, presenting me, as her friend, to Bergotte.
504	543	0.450	Et toujours le charme de toutes les idées que faisaient naître en moi les cathédrales, le charme des coteaux de l’Ile-de-France et des plaines de la Normandie faisait refluer ses reflets sur l’image que je me formais de Mlle Swann: c’était être tout prêt à l’aimer.	And invariably the charm of all the fancies which the thought of cathedrals used to inspire in me, the charm of the hills and valleys of the Ile-de-France and of the plains of Normandy, would radiate brightness and beauty over the picture I had formed in my mind of Mlle. Swann; nothing more remained but to know and to love her.
505	544	0.334	Que nous croyions qu’un être participe à une vie inconnue où son amour nous ferait pénétrer, c’est, de tout ce qu’exige l’amour pour naître, ce à quoi il tient le plus, et qui lui fait faire bon marché du reste.	Once we believe that a fellow-creature has a share in some unknown existence to which that creature's love for ourselves can win us admission, that is, of all the preliminary conditions which Love exacts, the one to which he attaches most importance, the one which makes him generous or indifferent as to the rest.
506	545	0.535	Même les femmes qui prétendent ne juger un homme que sur son physique, voient en ce physique l’émanation d’une vie spéciale.	Even those women who pretend that they judge a man by his exterior only, see in that exterior an emanation from some special way of life.
507	546	0.482	C’est pourquoi elles aiment les militaires, les pompiers; l’uniforme les rend moins difficiles pour le visage; elles croient baiser sous la cuirasse un cœur différent, aventureux et doux; et un jeune souverain, un prince héritier, pour faire les plus flatteuses conquêtes, dans les pays étrangers qu’il visite, n’a pas besoin du profil régulier qui serait peut-être indispensable à un coulissier.	And that is why they fall in love with a soldier or a fireman, whose uniform makes them less particular about his face; they kiss and believe that beneath the crushing breastplate there beats a heart different from the rest, more gallant, more adventurous, more tender; and so it is that a young king or a crown prince may travel in foreign countries and make the most gratifying conquests, and yet lack entirely that regular and classic profile which would be indispensable, I dare say, in an outside-broker.
508	547	0.558	Tandis que je lisais au jardin, ce que ma grand’tante n’aurait pas compris que je fisse en dehors du dimanche, jour où il est défendu de s’occuper à rien de sérieux et où elle ne cousait pas (un jour de semaine, elle m’aurait dit «Comment tu t’amuses encore à lire, ce n’est pourtant pas dimanche» en donnant au mot amusement le sens d’enfantillage et de perte de temps), ma tante Léonie devisait avec Françoise en attendant l’heure d’Eulalie.	"While I was reading in the garden, a thing my great-aunt would never have understood my doing save on a Sunday, that being the day on which it was unlawful to indulge in any serious occupation, and on which she herself would lay aside her sewing (on a week-day she would have said, ""How you can go on amusing yourself with a book; it isn't Sunday, you know!"" putting into the word 'amusing' an implication of childishness and waste of time), my aunt Léonie would be gossiping with Françoise until it was time for Eulalie to arrive."
509	548	0.600	Elle lui annonçait qu’elle venait de voir passer Mme Goupil «sans parapluie, avec la robe de soie qu’elle s’est fait faire à Châteaudun.	"She would tell her that she had just seen Mme. Goupil go by ""without an umbrella, in the silk dress she had made for her the other day at Châteaudun."
510	549	0.539	Si elle a loin à aller avant vêpres elle pourrait bien la faire saucer».	"If she has far to go before vespers, she may get it properly soaked."""
511	550	0.515	—«Peut-être, peut-être (ce qui signifiait peut-être non)» disait Françoise pour ne pas écarter définitivement la possibilité d’une alternative plus favorable.	"""Very likely"" (which meant also ""very likely not"") was the answer, for Françoise did not wish definitely to exclude the possibility of a happier alternative."
512	551	0.427	—«Tiens, disait ma tante en se frappant le front, cela me fait penser que je n’ai point su si elle était arrivée à l’église après l’élévation.	"""There, now,"" went on my aunt, beating her brow, ""that reminds me that I never heard if she got to church this morning before the Elevation."
513	552	0.450	Il faudra que je pense à le demander à Eulalie…	I must remember to ask Eulalie…
514	553	0.548	Françoise, regardez-moi ce nuage noir derrière le clocher et ce mauvais soleil sur les ardoises, bien sûr que la journée ne se passera pas sans pluie.	Françoise, just look at that black cloud behind the steeple, and how poor the light is on the slates, you may be certain it will rain before the day is out.
515	554	0.520	Ce n’était pas possible que ça reste comme ça, il faisait trop chaud.	It couldn't possibly keep on like this, it's been too hot.
516	555	0.553	Et le plus tôt sera le mieux, car tant que l’orage n’aura pas éclaté, mon eau de Vichy ne descendra pas, ajoutait ma tante dans l’esprit de qui le désir de hâter la descente de l’eau de Vichy l’emportait infiniment sur la crainte de voir Mme Goupil gâter sa robe.»	"And the sooner the better, for until the storm breaks my Vichy water won't 'go down,'"" she concluded, since, in her mind, the desire to accelerate the digestion of her Vichy water was of infinitely greater importance than her fear of seeing Mme. Goupil's new dress ruined."
517	556	0.266	—«Peut-être, peut-être.»	"""Very likely."""
518	557	0.579	—«Et c’est que, quand il pleut sur la place, il n’y a pas grand abri.»	"""And you know that when it rains in the Square there's none too much shelter."""
519	558-560	0.444	—«Comment, trois heures? s’écriait tout à coup ma tante en pâlissant, mais alors les vêpres sont commencées, j’ai oublié ma pepsine!	"Suddenly my aunt turned pale. ""What, three o'clock!"" she exclaimed. ""But vespers will have begun already, and I've forgotten my pepsin!"
520	561	0.452	Je comprends maintenant pourquoi mon eau de Vichy me restait sur l’estomac.»	"Now I know why that Vichy water has been lying on my stomach."""
521	562	0.598	Et se précipitant sur un livre de messe relié en velours violet, monté d’or, et d’où, dans sa hâte, elle laissait s’échapper de ces images, bordées d’un bandeau de dentelle de papier jaunissante, qui marquent les pages des fêtes, ma tante, tout en avalant ses gouttes commençait à lire au plus vite les textes sacrés dont l’intelligence lui était légèrement obscurcie par l’incertitude de savoir si, prise aussi longtemps après l’eau de Vichy, la pepsine serait encore capable de la rattraper et de la faire descendre.	And falling precipitately upon a prayer-book bound in purple velvet, with gilt clasps, out of which in her haste she let fall a shower of the little pictures, each in a lace fringe of yellowish paper, which she used to mark the places of the greater feasts of the church, my aunt, while she swallowed her drops, began at full speed to mutter the words of the sacred text, its meaning being slightly clouded in her brain by the uncertainty whether the pepsin, when taken so long after the Vichy, would still be able to overtake it and to 'send it down.'
522	563-564	0.438	«Trois heures, c’est incroyable ce que le temps passe!»	"""Three o'clock! It's unbelievable how time flies."""
523-524	565-566	0.512	Un petit coup au carreau, comme si quelque chose l’avait heurté, suivi d’une ample chute légère comme de grains de sable qu’on eût laissé tomber d’une fenêtre au-dessus, puis la chute s’étendant, se réglant, adoptant un rythme, devenant fluide, sonore, musicale, innombrable, universelle: c’était la pluie. —«Eh bien!	A little tap at the window, as though some missile had struck it, followed by a plentiful, falling sound, as light, though, as if a shower of sand were being sprinkled from a window overhead; then the fall spread, took on an order, a rhythm, became liquid, loud, drumming, musical, innumerable, universal. It was the rain.
525	567	0.563	Françoise, qu’est-ce que je disais?	"""There, Françoise, what did I tell you?"
526	568	0.554	Ce que cela tombe!	How it's coming down!
527	569	0.530	Mais je crois que j’ai entendu le grelot de la porte du jardin, allez donc voir qui est-ce qui peut être dehors par un temps pareil.»	"But I think I heard the bell at the garden gate: go along and see who can be outside in this weather."""
528	570	0.467	Françoise revenait:	Françoise went and returned.
529	571-572	0.491	—«C’est Mme Amédée (ma grand’mère) qui a dit qu’elle allait faire un tour.	"""It's Mme. Amédée"" (my grandmother). ""She said she was going for a walk."
530	573	0.469	Ça pleut pourtant fort.»	"It's raining hard, all the same."""
531	574	0.563	—Cela ne me surprend point, disait ma tante en levant les yeux au ciel.	"""I'm not at all surprised,"" said my aunt, looking up towards the sky."
532	575	0.353	J’ai toujours dit qu’elle n’avait point l’esprit fait comme tout le monde.	"""I've always said that she was not in the least like other people."
533	576	0.243	J’aime mieux que ce soit elle que moi qui soit dehors en ce moment.	"Well, I'm glad it's she and not myself who's outside in all this."""
534	577	0.550	—Mme Amédée, c’est toujours tout l’extrême des autres, disait Françoise avec douceur, réservant pour le moment où elle serait seule avec les autres domestiques, de dire qu’elle croyait ma grand’mère un peu «piquée».	"""Mme. Amédée is always the exact opposite of the rest,"" said Françoise, not unkindly, refraining until she should be alone with the other servants from stating her belief that my grandmother was 'a bit off her head.'"
535	578	0.435	—Voilà le salut passé!	"""There's Benediction over!"
536	579-580	0.475	Eulalie ne viendra plus, soupirait ma tante; ce sera le temps qui lui aura fait peur.»	"Eulalie will never come now,"" sighed my aunt. ""It will be the weather that's frightened her away."""
537	581-582	0.571	—«Mais il n’est pas cinq heures, madame Octave, il n’est que quatre heures et demie.»	"""But it's not five o'clock yet, Mme. Octave, it's only half-past four."" ""Only half-past four!"
538	583	0.234	—Que quatre heures et demie? et j’ai été obligée de relever les petits rideaux pour avoir un méchant rayon de jour.	And here am I, obliged to draw back the small curtains, just to get a tiny streak of daylight.
539	584	0.501	A quatre heures et demie!	At half-past four!
540	585	0.468	Huit jours avant les Rogations!	Only a week before the Rogation-days.
541	586	0.588	Ah! ma pauvre Françoise, il faut que le bon Dieu soit bien en colère après nous.	Ah, my poor Françoise, the dear Lord must be sorely vexed with us.
542	587	0.386	Aussi, le monde d’aujourd’hui en fait trop!	The world is going too far in these days.
543	588	0.582	Comme disait mon pauvre Octave, on a trop oublié le bon Dieu et il se venge.	"As my poor Octave used to say, we have forgotten God too often, and He is taking vengeance upon us."""
544	589	0.579	Une vive rougeur animait les joues de ma tante, c’était Eulalie.	A bright flush animated my aunt's cheeks; it was Eulalie.
545-546	590	0.526	Malheureusement, à peine venait-elle d’être introduite que Françoise rentrait et avec un sourire qui avait pour but de se mettre elle-même à l’unisson de la joie qu’elle ne doutait pas que ses paroles allaient causer à ma tante, articulant les syllabes pour montrer que, malgré l’emploi du style indirect, elle rapportait, en bonne domestique, les paroles mêmes dont avait daigné se servir le visiteur: —«M. le Curé serait enchanté, ravi, si Madame Octave ne repose pas et pouvait le recevoir.	"As ill luck would have it, scarcely had she been admitted to the presence when Françoise reappeared and, with a smile which was meant to indicate her full participation in the pleasure which, she had no doubt, her tidings would give my aunt, articulating each syllable so as to shew that, in spite of her having to translate them into indirect speech, she was repeating, as a good servant should, the very words which the new visitor had condescended to use, said: ""His reverence the Curé would be delighted, enchanted, if Mme. Octave is not resting just now, and could see him."
547	591	0.232	M. le Curé ne veut pas déranger.	His reverence does not wish to disturb Mme. Octave.
548	592	0.610	M. le Curé est en bas, j’y ai dit d’entrer dans la salle.»	"His reverence is downstairs; I told him to go into the parlour."""
549	593	0.520	En réalité, les visites du curé ne faisaient pas à ma tante un aussi grand plaisir que le supposait Françoise et l’air de jubilation dont celle-ci croyait devoir pavoiser son visage chaque fois qu’elle avait à l’annoncer ne répondait pas entièrement au sentiment de la malade.	Had the truth been known, the Curé's visits gave my aunt no such ecstatic pleasure as Françoise supposed, and the air of jubilation with which she felt bound to illuminate her face whenever she had to announce his arrival, did not altogether correspond to what was felt by her invalid.
550	594	0.529	Le curé (excellent homme avec qui je regrette de ne pas avoir causé davantage, car s’il n’entendait rien aux arts, il connaissait beaucoup d’étymologies), habitué à donner aux visiteurs de marque des renseignements sur l’église (il avait même l’intention d’écrire un livre sur la paroisse de Combray), la fatiguait par des explications infinies et d’ailleurs toujours les mêmes.	The Curé (an excellent man, with whom I am sorry now that I did not converse more often, for, even if he cared nothing for the arts, he knew a great many etymologies), being in the habit of shewing distinguished visitors over his church (he had even planned to compile a history of the Parish of Combray), used to weary her with his endless explanations, which, incidentally, never varied in the least degree.
551	595	0.405	Mais quand elle arrivait ainsi juste en même temps que celle d’Eulalie, sa visite devenait franchement désagréable à ma tante.	But when his visit synchronized exactly with Eulalie's it became frankly distasteful to my aunt.
552	596	0.292	Elle eût mieux aimé bien profiter d’Eulalie et ne pas avoir tout le monde à la fois.	She would have preferred to make the most of Eulalie, and not to have had the whole of her circle about her at one time.
553	597	0.423	Mais elle n’osait pas ne pas recevoir le curé et faisait seulement signe à Eulalie de ne pas s’en aller en même temps que lui, qu’elle la garderait un peu seule quand il serait parti.	But she dared not send the Curé away, and had to content herself with making a sign to Eulalie not to leave when he did, so that she might have her to herself for a little after he had gone.
554	598	0.456	—«Monsieur le Curé, qu’est-ce que l’on me disait, qu’il y a un artiste qui a installé son chevalet dans votre église pour copier un vitrail.	"""What is this I have been hearing, Father, that a painter has set up his easel in your church, and is copying one of the windows?"
555	599	0.481	Je peux dire que je suis arrivée à mon âge sans avoir jamais entendu parler d’une chose pareille!	Old as I am, I can safely say that I have never even heard of such a thing in all my life!
556	600	0.332	Qu’est-ce que le monde aujourd’hui va donc chercher!	What is the world coming to next, I wonder!
557	601	0.355	Et ce qu’il y a de plus vilain dans l’église!»	"And the ugliest thing in the whole church, too."""
558	602	0.443	—«Je n’irai pas jusqu’à dire que c’est ce qu’il y a de plus vilain, car s’il y a à Saint-Hilaire des parties qui méritent d’être visitées, il y en a d’autres qui sont bien vieilles, dans ma pauvre basilique, la seule de tout le diocèse qu’on n’ait même pas restaurée!	"""I will not go so far as to say that it is quite the ugliest, for, although there are certain things in Saint-Hilaire which are well worth a visit, there are others that are very old now, in my poor basilica, the only one in all the diocese that has never even been restored."
559	603	0.447	Mon Dieu, le porche est sale et antique, mais enfin d’un caractère majestueux; passe même pour les tapisseries d’Esther dont personnellement je ne donnerais pas deux sous, mais qui sont placées par les connaisseurs tout de suite après celles de Sens.	The Lord knows, our porch is dirty and out of date; still, it is of a majestic character; take, for instance, the Esther tapestries, though personally I would not give a brass farthing for the pair of them, but experts put them next after the ones at Sens.
560	604	0.569	Je reconnais d’ailleurs, qu’à côté de certains détails un peu réalistes, elles en présentent d’autres qui témoignent d’un véritable esprit d’observation.	I can quite see, too, that apart from certain details which are — well, a trifle realistic, they shew features which testify to a genuine power of observation.
561	605	0.481	Mais qu’on ne vienne pas me parler des vitraux.	But don't talk to me about the windows.
562-563	606-607	0.488	Cela a-t-il du bon sens de laisser des fenêtres qui ne donnent pas de jour et trompent même la vue par ces reflets d’une couleur que je ne saurais définir, dans une église où il n’y a pas deux dalles qui soient au même niveau et qu’on se refuse à me remplacer sous prétexte que ce sont les tombes des abbés de Combray et des seigneurs de Guermantes, les anciens comtes de Brabant. Les ancêtres directs du duc de Guermantes d’aujourd’hui et aussi de la Duchesse puisqu’elle est une demoiselle de Guermantes qui a épousé son cousin.» (Ma grand’mère qui à force de se désintéresser des personnes finissait par confondre tous les noms, chaque fois qu’on prononçait celui de la Duchesse de Guermantes prétendait que ce devait être une parente de Mme de Villeparisis.	"Is it common sense, I ask you, to leave up windows which shut out all the daylight, and even confuse the eyes by throwing patches of colour, to which I should be hard put to it to give a name, on a floor in which there are not two slabs on the same level? And yet they refuse to renew the floor for me because, if you please, those are the tombstones of the Abbots of Combray and the Lords of Guermantes, the old Counts, you know, of Brabant, direct ancestors of the present Duc de Guermantes, and of his Duchesse also, since she was a lady of the Guermantes family, and married her cousin."" (My grandmother, whose steady refusal to take any interest in 'persons' had ended in her confusing all their names and titles, whenever anyone mentioned the Duchesse de Guermantes used to make out that she must be related to Mme. de Villeparisis."
564	608	0.250	Tout le monde éclatait de rire; elle tâchait de se défendre en alléguant une certaine lettre de faire part: «Il me semblait me rappeler qu’il y avait du Guermantes là-dedans.»	"The whole family would then burst out laughing; and she would attempt to justify herself by harking back to some invitation to a christening or funeral: ""I feel sure that there was a Guermantes in it somewhere."""
565-566	609-611	0.452	Et pour une fois j’étais avec les autres contre elle, ne pouvant admettre qu’il y eût un lien entre son amie de pension et la descendante de Geneviève de Brabant.) — «Voyez Roussainville, ce n’est plus aujourd’hui qu’une paroisse de fermiers, quoique dans l’antiquité cette localité ait dû un grand essor au commerce de chapeaux de feutre et des pendules. (Je ne suis pas certain de l’étymologie de Roussainville.	"And for once I would side with the others, and against her, refusing to admit that there could be any connection between her school-friend and the descendant of Geneviève de Brabant.) ""Look at Roussainville,"" the Curé went on. ""It is nothing more nowadays than a parish of farmers, though in olden times the place must have had a considerable importance from its trade in felt hats and clocks. (I am not certain, by the way, of the etymology of Roussainville."
567-568	612	0.427	Je croirais volontiers que le nom primitif était Rouville (Radulfi villa) comme Châteauroux (Castrum Radulfi) mais je vous parlerai de cela une autre fois. Hé bien! l’église a des vitraux superbes, presque tous modernes, et cette imposante Entrée de Louis-Philippe à Combray qui serait mieux à sa place à Combray même, et qui vaut, dit-on, la fameuse verrière de Chartres.	I should dearly like to think that the name was originally Rouville, from _Radulfi villa_, analogous, don't you see, to Châteauroux, _Castrum Radulfi_, but we will talk about that some other time.) Very well; the church there has superb windows, almost all quite modern, including that most imposing 'Entry of Louis-Philippe into Combray' which would be more in keeping, surely, at Combray itself, and which is every bit as good, I understand, as the famous windows at Chartres.
569	613	0.379	Je voyais même hier le frère du docteur Percepied qui est amateur et qui la regarde comme d’un plus beau travail.	Only yesterday I met Dr. Percepied's brother, who goes in for these things, and he told me that he looked upon it as a most beautiful piece of work.
570	614	0.471	«Mais, comme je le lui disais, à cet artiste qui semble du reste très poli, qui est paraît-il, un véritable virtuose du pinceau, que lui trouvez-vous donc d’extraordinaire à ce vitrail, qui est encore un peu plus sombre que les autres?»	"But, as I said to this artist, who, by the way, seems to be a most civil fellow, and is a regular virtuoso, it appears, with his brush; what on earth, I said to him, do you find so extraordinary in this window, which is, if anything, a little dingier than the rest?"""
571	615	0.427	—«Je suis sûre que si vous le demandiez à Monseigneur, disait mollement ma tante qui commençait à penser qu’elle allait être fatiguée, il ne vous refuserait pas un vitrail neuf.»	"""I am sure that if you were to ask his Lordship,"" said my aunt in a resigned tone, for she had begun to feel that she was going to be 'tired,' ""he would never refuse you a new window."""
572	616	0.467	—«Comptez-y, madame Octave, répondait le curé.	"""You may depend upon it, Mme. Octave,"" replied the Curé."
573	617	0.498	Mais c’est justement Monseigneur qui a attaché le grelot à cette malheureuse verrière en prouvant qu’elle représente Gilbert le Mauvais, sire de Guermantes, le descendant direct de Geneviève de Brabant qui était une demoiselle de Guermantes, recevant l’absolution de Saint-Hilaire.»	"""Why, it was just his Lordship himself who started the outcry about the window, by proving that it represented Gilbert the Bad, a Lord of Guermantes and a direct descendant of Geneviève de Brabant, who was a daughter of the House of Guermantes, receiving absolution from Saint Hilaire."""
574	618	0.497	—«Mais je ne vois pas où est Saint-Hilaire?	"""But I don't see where Saint Hilaire comes in."""
575	619	0.455	—«Mais si, dans le coin du vitrail vous n’avez jamais remarqué une dame en robe jaune?	"""Why yes, have you never noticed, in the corner of the window, a lady in a yellow robe?"
576	620	0.583	Hé bien! c’est Saint-Hilaire qu’on appelle aussi, vous le savez, dans certaines provinces, Saint-Illiers, Saint-Hélier, et même, dans le Jura, Saint-Ylie.	Very well, that is Saint Hilaire, who is also known, you will remember, in certain parts of the country as Saint Illiers, Saint Hèlier, and even, in the Jura, Saint Ylie.
577	621	0.426	Ces diverses corruptions de sanctus Hilarius ne sont pas du reste les plus curieuses de celles qui se sont produites dans les noms des bienheureux.	But these various corruptions of _Sanctus Hilarius_ are by no means the most curious that have occurred in the names of the blessed Saints.
578	622	0.439	Ainsi votre patronne, ma bonne Eulalie, sancta Eulalia, savez-vous ce qu’elle est devenue en Bourgogne?	Take, for example, my good Eulalie, the case of your own patron, _Sancta Eulalia_; do you know what she has become in Burgundy?
579	623-624	0.315	Saint-Eloi tout simplement: elle est devenue un saint.	Saint Eloi, nothing more nor less! The lady has become a gentleman.
580	625	0.648	Voyez-vous, Eulalie, qu’après votre mort on fasse de vous un homme?»	"Do you hear that, Eulalie, after you are dead they will make a man of you!"""
581	626	0.276	— «Monsieur le Curé a toujours le mot pour rigoler.»	"""Father will always have his joke."""
582	627	0.390	— «Le frère de Gilbert, Charles le Bègue, prince pieux mais qui, ayant perdu de bonne heure son père, Pépin l’Insensé, mort des suites de sa maladie mentale, exerçait le pouvoir suprême avec toute la présomption d’une jeunesse à qui la discipline a manqué; dès que la figure d’un particulier ne lui revenait pas dans une ville, il y faisait massacrer jusqu’au dernier habitant.	"""Gilbert's brother, Charles the Stammerer, was a pious prince, but, having early in life lost his father, Pepin the Mad, who died as a result of his mental infirmity, he wielded the supreme power with all the arrogance of a man who has not been subjected to discipline in his youth, so much so that, whenever he saw a man in a town whose face he did not remember, he would massacre the whole place, to the last inhabitant."
583	628	0.394	Gilbert voulant se venger de Charles fit brûler l’église de Combray, la primitive église alors, celle que Théodebert, en quittant avec sa cour la maison de campagne qu’il avait près d’ici, à Thiberzy (Theodeberciacus), pour aller combattre les Burgondes, avait promis de bâtir au-dessus du tombeau de Saint-Hilaire, si le Bienheureux lui procurait la victoire.	Gilbert, wishing to be avenged on Charles, caused the church at Combray to be burned down, the original church, that was, which Théodebert, when he and his court left the country residence he had near here, at Thiberzy (which is, of course, _Theodeberiacus_), to go out and fight the Burgundians, had promised to build over the tomb of Saint Hilaire if the Saint brought him victory.
584	629	0.431	Il n’en reste que la crypte où Théodore a dû vous faire descendre, puisque Gilbert brûla le reste.	Nothing remains of it now but the crypt, into which Théodore has probably taken you, for Gilbert burned all the rest.
585	630	0.493	Ensuite il défit l’infortuné Charles avec l’aide de Guillaume Le Conquérant (le curé prononçait Guilôme), ce qui fait que beaucoup d’Anglais viennent pour visiter.	"Finally, he defeated the unlucky Charles with the aid of William"" which the Curé pronounced ""Will'am"" ""the Conqueror, which is why so many English still come to visit the place."
586	631	0.642	Mais il ne semble pas avoir su se concilier la sympathie des habitants de Combray, car ceux-ci se ruèrent sur lui à la sortie de la messe et lui tranchèrent la tête.	But he does not appear to have managed to win the affection of the people of Combray, for they fell upon him as he was coming out from mass, and cut off his head.
587	632	0.564	Du reste Théodore prête un petit livre qui donne les explications.	Théodore has a little book, that he lends people, which tells you the whole story.
588	633	0.571	«Mais ce qui est incontestablement le plus curieux dans notre église, c’est le point de vue qu’on a du clocher et qui est grandiose.	"""But what is unquestionably the most remarkable thing about our church is the view from the belfry, which is full of grandeur."
589	634	0.415	Certainement, pour vous qui n’êtes pas très forte, je ne vous conseillerais pas de monter nos quatre-vingt-dix-sept marches, juste la moitié du célèbre dôme de Milan.	Certainly in your case, since you are not very strong, I should never recommend you to climb our seven and ninety steps, just half the number they have in the famous cathedral at Milan.
590	635	0.368	Il y a de quoi fatiguer une personne bien portante, d’autant plus qu’on monte plié en deux si on ne veut pas se casser la tête, et on ramasse avec ses effets toutes les toiles d’araignées de l’escalier.	It is quite tiring enough for the most active person, especially as you have to go on your hands and knees, if you don't wish to crack your skull, and you collect all the cobwebs off the staircase upon your clothes.
591	636	0.468	En tous cas il faudrait bien vous couvrir, ajoutait-il (sans apercevoir l’indignation que causait à ma tante l’idée qu’elle fût capable de monter dans le clocher), car il fait un de ces courants d’air une fois arrivé là-haut!	"In any case you should be well wrapped up,"" he went on, without noticing my aunt's fury at the mere suggestion that she could ever, possibly, be capable of climbing into his belfry, ""for there's a strong breeze there, once you get to the top."
592	637	0.554	Certaines personnes affirment y avoir ressenti le froid de la mort.	Some people even assure me that they have felt the chill of death up there.
593	638	0.487	N’importe, le dimanche il y a toujours des sociétés qui viennent même de très loin pour admirer la beauté du panorama et qui s’en retournent enchantées.	No matter, on Sundays there are always clubs and societies, who come, some of them, long distances to admire our beautiful panorama, and they always go home charmed.
594	639	0.401	Tenez, dimanche prochain, si le temps se maintient, vous trouveriez certainement du monde, comme ce sont les Rogations.	Wait now, next Sunday, if the weather holds, you will be sure to find a lot of people there, for Rogation-tide.
595	640	0.488	Il faut avouer du reste qu’on jouit de là d’un coup d’œil féerique, avec des sortes d’échappées sur la plaine qui ont un cachet tout particulier.	You must admit, certainly, that the view from up there is like a fairy-tale, with what you might call vistas along the plain, which have quite a special charm of their own.
596	641	0.395	Quand le temps est clair on peut distinguer jusqu’à Verneuil.	On a clear day you can see as far as Verneuil.
597	642	0.422	Surtout on embrasse à la fois des choses qu’on ne peut voir habituellement que l’une sans l’autre, comme le cours de la Vivonne et les fossés de Saint-Assise-lès-Combray, dont elle est séparée par un rideau de grands arbres, ou encore comme les différents canaux de Jouy-le-Vicomte (Gaudiacus vice comitis comme vous savez).	And then another thing; you can see at the same time places which you are in the habit of seeing one without the other, as, for instance, the course of the Vivonne and the ditches at Saint-Assise-lès-Combray, which are separated, really, by a screen of tall trees; or, to take another example, there are all the canals at Jouy-le-Vicomte, which is _Gaudiacus vicecomitis_, as of course you know.
598	643	0.447	Chaque fois que je suis allé à Jouy-le-Vicomte, j’ai bien vu un bout du canal, puis quand j’avais tourné une rue j’en voyais un autre, mais alors je ne voyais plus le précédent.	Each time that I have been to Jouy I have seen a bit of a canal in one place, and then I have turned a corner and seen another, but when I saw the second I could no longer see the first.
599	644	0.340	J’avais beau les mettre ensemble par la pensée, cela ne me faisait pas grand effet.	I tried in vain to imagine how they lay by one another; it was no good.
600	645	0.391	Du clocher de Saint-Hilaire c’est autre chose, c’est tout un réseau où la localité est prise.	But, from the top of Saint-Hilaire, it's quite another matter; the whole countryside is spread out before you like a map.
601	646	0.410	Seulement on ne distingue pas d’eau, on dirait de grandes fentes qui coupent si bien la ville en quartiers, qu’elle est comme une brioche dont les morceaux tiennent ensemble mais sont déjà découpés.	Only, you cannot make out the water; you would say that there were great rifts in the town, slicing it up so neatly that it looks like a loaf of bread which still holds together after it has been cut up.
602	647	0.455	Il faudrait pour bien faire être à la fois dans le clocher de Saint-Hilaire et à Jouy-le-Vicomte.»	"To get it all quite perfect you would have to be in both places at once; up here on the top of Saint-Hilaire and down there at Jouy-le-Vicomte."""
603	648	0.554	Le curé avait tellement fatigué ma tante qu’à peine était-il parti, elle était obligée de renvoyer Eulalie.	The Curé had so much exhausted my aunt that no sooner had he gone than she was obliged to send away Eulalie also.
604	649-650	0.466	—«Tenez, ma pauvre Eulalie, disait-elle d’une voix faible, en tirant une pièce d’une petite bourse qu’elle avait à portée de sa main, voilà pour que vous ne m’oubliez pas dans vos prières.»	"""Here, my poor Eulalie,"" she said in a feeble voice, drawing a coin from a small purse which lay ready to her hand. ""This is just something so that you shall not forget me in your prayers."""
605-606	651-652	0.268	—«Ah! mais, madame Octave, je ne sais pas si je dois, vous savez bien que ce n’est pas pour cela que je viens!» disait Eulalie avec la même hésitation et le même embarras, chaque fois, que si c’était la première, et avec une apparence de mécontentement qui égayait ma tante mais ne lui déplaisait pas, car si un jour Eulalie, en prenant la pièce, avait un air un peu moins contrarié que de coutume, ma tante disait: —«Je ne sais pas ce qu’avait Eulalie; je lui ai pourtant donné la même chose que d’habitude, elle n’avait pas l’air contente.»	"""Oh, but, Mme. Octave, I don't think I ought to; you know very well that I don't come here for that!"" So Eulalie would answer, with the same hesitation and the same embarrassment, every Sunday, as though each temptation were the first, and with a look of displeasure which enlivened my aunt and never offended her, for if it so happened that Eulalie, when she took the money, looked a little less sulky than usual, my aunt would remark afterwards, ""I cannot think what has come over Eulalie; I gave her just the trifle I always give, and she did not look at all pleased."""
607	653	0.343	—Je crois qu’elle n’a pourtant pas à se plaindre, soupirait Françoise, qui avait une tendance à considérer comme de la menue monnaie tout ce que lui donnait ma tante pour elle ou pour ses enfants, et comme des trésors follement gaspillés pour une ingrate les piécettes mises chaque dimanche dans la main d’Eulalie, mais si discrètement que Françoise n’arrivait jamais à les voir.	"""I don't think she has very much to complain of, all the same,"" Françoise would sigh grimly, for she had a tendency to regard as petty cash all that my aunt might give her for herself or her children, and as treasure riotously squandered on a pampered and ungrateful darling the little coins slipped, Sunday by Sunday, into Eulalie's hand, but so discreetly passed that Françoise never managed to see them."
608	654	0.272	Ce n’est pas que l’argent que ma tante donnait à Eulalie, Françoise l’eût voulu pour elle.	It was not that she wanted to have for herself the money my aunt bestowed on Eulalie.
609	655	0.474	Elle jouissait suffisamment de ce que ma tante possédait, sachant que les richesses de la maîtresse du même coup élèvent et embellissent aux yeux de tous sa servante; et qu’elle, Françoise, était insigne et glorifiée dans Combray, Jouy-le-Vicomte et autres lieux, pour les nombreuses fermes de ma tante, les visites fréquentes et prolongées du curé, le nombre singulier des bouteilles d’eau de Vichy consommées.	She already enjoyed a sufficiency of all that my aunt possessed, in the knowledge that the wealth of the mistress automatically ennobled and glorified the maid in the eyes of the world; and that she herself was conspicuous and worthy to be praised throughout Combray, Jouy-le-Vicomte, and other cities of men, on account of my aunt's many farms, her frequent and prolonged visits from the Curé, and the astonishing number of bottles of Vichy water which she consumed.
610	656	0.218	Elle n’était avare que pour ma tante; si elle avait géré sa fortune, ce qui eût été son rêve, elle l’aurait préservée des entreprises d’autrui avec une férocité maternelle.	Françoise was avaricious only for my aunt; had she had control over my aunt's fortune (which would have more than satisfied her highest ambition) she would have guarded it from the assaults of strangers with a maternal ferocity.
611	657	0.358	Elle n’aurait pourtant pas trouvé grand mal à ce que ma tante, qu’elle savait incurablement généreuse, se fût laissée aller à donner, si au moins ç’avait été à des riches.	She would, however, have seen no great harm in what my aunt, whom she knew to be incurably generous, allowed herself to give away, had she given only to those who were already rich.
612	658	0.360	Peut-être pensait-elle que ceux-là, n’ayant pas besoin des cadeaux de ma tante, ne pouvaient être soupçonnés de l’aimer à cause d’eux.	Perhaps she felt that such persons, not being actually in need of my aunt's presents, could not be suspected of simulating affection for her on that account.
613	659	0.422	D’ailleurs offerts à des personnes d’une grande position de fortune, à Mme Sazerat, à M. Swann, à M. Legrandin, à Mme Goupil, à des personnes «de même rang» que ma tante et qui «allaient bien ensemble», ils lui apparaissaient comme faisant partie des usages de cette vie étrange et brillante des gens riches qui chassent, se donnent des bals, se font des visites et qu’elle admirait en souriant.	Besides, presents offered to persons of great wealth and position, such as Mme. Sazerat, M. Swann, M. Legrandin and Mme. Goupil, to persons of the 'same class' as my aunt, and who would naturally 'mix with her,' seemed to Françoise to be included among the ornamental customs of that strange and brilliant life led by rich people, who hunted and shot, gave balls and paid visits, a life which she would contemplate with an admiring smile.
614	660	0.272	Mais il n’en allait plus de même si les bénéficiaires de la générosité de ma tante étaient de ceux que Françoise appelait «des gens comme moi, des gens qui ne sont pas plus que moi» et qui étaient ceux qu’elle méprisait le plus à moins qu’ils ne l’appelassent «Madame Françoise» et ne se considérassent comme étant «moins qu’elle».	"But it was by no means the same thing if, for this princely exchange of courtesies, my aunt substituted mere charity, if her beneficiaries were of the class which Françoise would label ""people like myself,"" or ""people no better than myself,"" people whom she despised even more if they did not address her always as ""Mme. Françoise,"" just to shew that they considered themselves to be 'not as good.'"
615-616	661	0.247	Et quand elle vit que, malgré ses conseils, ma tante n’en faisait qu’à sa tête et jetait l’argent — Françoise le croyait du moins — pour des créatures indignes, elle commença à trouver bien petits les dons que ma tante lui faisait en comparaison des sommes imaginaires prodiguées à Eulalie. Il n’y avait pas dans les environs de Combray de ferme si conséquente que Françoise ne supposât qu’Eulalie eût pu facilement l’acheter, avec tout ce que lui rapporteraient ses visites.	And when she saw that, despite all her warnings, my aunt continued to do exactly as she pleased, and to fling money away with both hands (or so, at least, Françoise believed) on undeserving objects, she began to find that the presents she herself received from my aunt were very tiny compared to the imaginary riches squandered upon Eulalie, There was not, in the neighbourhood of Combray, a farm of such prosperity and importance that Françoise doubted Eulalie's ability to buy it, without thinking twice, out of the capital which her visits to my aunt had 'brought in.'
617	662	0.318	Il est vrai qu’Eulalie faisait la même estimation des richesses immenses et cachées de Françoise.	It must be added that Eulalie had formed an exactly similar estimate of the vast and secret hoards of Françoise.
618	663	0.279	Habituellement, quand Eulalie était partie, Françoise prophétisait sans bienveillance sur son compte.	So, every Sunday, after Eulalie had gone, Françoise would mercilessly prophesy her coming downfall.
619	664	0.406	Elle la haïssait, mais elle la craignait et se croyait tenue, quand elle était là, à lui faire «bon visage».	She hated Eulalie, but was at the same time afraid of her, and so felt bound, when Eulalie was there, to 'look pleasant.'
620	665	0.400	Elle se rattrapait après son départ, sans la nommer jamais à vrai dire, mais en proférant des oracles sibyllins, des sentences d’un caractère général telles que celles de l’Ecclésiaste, mais dont l’application ne pouvait échapper à ma tante.	But she would make up for that after the other's departure; never, it is true, alluding to her by name, but hinting at her in Sibylline oracles, or in utterances of a comprehensive character, like those of Ecclesiastes, the Preacher, but so worded that their special application could not escape my aunt.
621	666	0.569	Après avoir regardé par le coin du rideau si Eulalie avait refermé la porte: «Les personnes flatteuses savent se faire bien venir et ramasser les pépettes; mais patience, le bon Dieu les punit toutes par un beau jour», disait-elle, avec le regard latéral et l’insinuation de Joas pensant exclusivement à Athalie quand il dit:	"After peering out at the side of the curtain to see whether Eulalie had shut the front-door behind her; ""Flatterers know how to make themselves welcome, and to gather up the crumbs; but have patience, have patience; our God is a jealous God, and one fine day He will be avenged upon them!"" she would declaim, with the sidelong, insinuating glance of Joash, thinking of Athaliah alone when he says that the"
622	667-668	0.189	LE BONHEUR DES MÉCHANTS COMME UN TORRENT S’ÉCOULE.	…. prosperity Of wicked men runs like a torrent past, And soon is spent.
623-624	669	0.589	Mais quand le curé était venu aussi et que sa visite interminable avait épuisé les forces de ma tante, Françoise sortait de la chambre derrière Eulalie et disait: —«Madame Octave, je vous laisse reposer, vous avez l’air beaucoup fatiguée.»	"But on this memorable afternoon, when the Curé had come as well, and by his interminable visit had drained my aunt's strength, Françoise followed Eulalie from the room, saying: ""Mme. Octave, I will leave you to rest; you look utterly tired out."""
625	670	0.421	Et ma tante ne répondait même pas, exhalant un soupir qui semblait devoir être le dernier, les yeux clos, comme morte.	And my aunt answered her not a word, breathing a sigh so faint that it seemed it must prove her last, and lying there with closed eyes, as though already dead.
626-627	671	0.539	Mais à peine Françoise était-elle descendue que quatre coups donnés avec la plus grande violence retentissaient dans la maison et ma tante, dressée sur son lit, criait: —«Est-ce qu’Eulalie est déjà partie?	"But hardly had Françoise arrived downstairs, when four peals of a bell, pulled with the utmost violence, reverberated through the house, and my aunt, sitting erect upon her bed, called out: ""Has Eulalie gone yet?"
628	672	0.555	Croyez-vous que j’ai oublié de lui demander si Mme Goupil était arrivée à la messe avant l’élévation!	Would you believe it; I forgot to ask her whether Mme. Goupil arrived in church before the Elevation.
629	673	0.646	Courez vite après elle!»	"Run after her, quick!"""
630	674	0.644	Mais Françoise revenait n’ayant pu rattraper Eulalie.	But Françoise returned alone, having failed to overtake Eulalie.
631	675	0.538	—«C’est contrariant, disait ma tante en hochant la tête.	"""It is most provoking,"" said my aunt, shaking her head."
632	676	0.454	La seule chose importante que j’avais à lui demander!»	"""The one important thing that I had to ask her."""
633	677	0.532	Ainsi passait la vie pour ma tante Léonie, toujours identique, dans la douce uniformité de ce qu’elle appelait avec un dédain affecté et une tendresse profonde, son «petit traintrain».	In this way life went by for my aunt Léonie, always the same, in the gentle uniformity of what she called, with a pretence of deprecation but with a deep tenderness, her 'little jog-trot.'
634	678	0.481	Préservé par tout le monde, non seulement à la maison, où chacun ayant éprouvé l’inutilité de lui conseiller une meilleure hygiène, s’était peu à peu résigné à le respecter, mais même dans le village où, à trois rues de nous, l’emballeur, avant de clouer ses caisses, faisait demander à Françoise si ma tante ne «reposait pas», — ce traintrain fut pourtant troublé une fois cette année-là.	Respected by all and sundry, not merely in her own house, where every one of us, having learned the futility of recommending any healthier mode of life, had become gradually resigned to its observance, but in the village as well, where, three streets away, a tradesman who had to hammer nails into a packing-case would send first to Françoise to make sure that my aunt was not 'resting' — her 'little jog-trot' was, none the less, brutally disturbed on one occasion in this same year.
635	679	0.426	Comme un fruit caché qui serait parvenu à maturité sans qu’on s’en aperçût et se détacherait spontanément, survint une nuit la délivrance de la fille de cuisine.	Like a fruit hidden among its leaves, which has grown and ripened unobserved by man, until it falls of its own accord, there came upon us one night the kitchen-maid's confinement.
636	680	0.411	Mais ses douleurs étaient intolérables, et comme il n’y avait pas de sage-femme à Combray, Françoise dut partir avant le jour en chercher une à Thiberzy.	Her pains were unbearable, and, as there was no midwife in Combray, Françoise had to set off before dawn to fetch one from Thiberzy.
637	681	0.423	Ma tante, à cause des cris de la fille de cuisine, ne put reposer, et Françoise, malgré la courte distance, n’étant revenue que très tard, lui manqua beaucoup.	My aunt was unable to 'rest,' owing to the cries of the girl, and as Françoise, though the distance was nothing, was very late in returning, her services were greatly missed.
638	682	0.432	Aussi, ma mère me dit-elle dans la matinée: «Monte donc voir si ta tante n’a besoin de rien.»	"And so, in the course of the morning, my mother said to me: ""Run upstairs, and see if your aunt wants anything."""
639	683	0.346	J’entrai dans la première pièce et, par la porte ouverte, vis ma tante, couchée sur le côté, qui dormait; je l’entendis ronfler légèrement.	I went into the first of her two rooms, and through the open door of the other saw my aunt lying on her side, asleep.
640	684-687	0.449	J’allais m’en aller doucement mais sans doute le bruit que j’avais fait était intervenu dans son sommeil et en avait «changé la vitesse», comme on dit pour les automobiles, car la musique du ronflement s’interrompit une seconde et reprit un ton plus bas, puis elle s’éveilla et tourna à demi son visage que je pus voir alors; il exprimait une sorte de terreur; elle venait évidemment d’avoir un rêve affreux; elle ne pouvait me voir de la façon dont elle était placée, et je restais là ne sachant si je devais m’avancer ou me retirer; mais déjà elle semblait revenue au sentiment de la réalité et avait reconnu le mensonge des visions qui l’avaient effrayée; un sourire de joie, de pieuse reconnaissance envers Dieu qui permet que la vie soit moins cruelle que les rêves, éclaira faiblement son visage, et avec cette habitude qu’elle avait prise de se parler à mi-voix à elle-même quand elle se croyait seule, elle murmura: «Dieu soit loué! nous n’avons comme tracas que la fille de cuisine qui accouche.	"I could hear her breathing, in what was almost distinguishable as a snore. I was just going to slip away when something, probably the sound of my entry, interrupted her sleep, and made it 'change speed,' as they say of motorcars nowadays, for the music of her snore broke off for a second and began again on a lower note; then she awoke, and half turned her face, which I could see for the first time; a kind of horror was imprinted on it; plainly she had just escaped from some terrifying dream. She could not see me from where she was lying, and I stood there not knowing whether I ought to go forward or to retire; but all at once she seemed to return to a sense of reality, and to grasp the falsehood of the visions that had terrified her; a smile of joy, a pious act of thanksgiving to God, Who is pleased to grant that life shall be less cruel than our dreams, feebly illumined her face, and, with the habit she had formed of speaking to herself, half-aloud, when she thought herself alone, she murmured: ""The Lord be praised! We have nothing to disturb us here but the kitchen-maid's baby."
641	688	0.480	Voilà-t-il pas que je rêvais que mon pauvre Octave était ressuscité et qu’il voulait me faire faire une promenade tous les jours!»	"And I've been dreaming that my poor Octave had come back to life, and was trying to make me take a walk every day!"""
642	689	0.475	Sa main se tendit vers son chapelet qui était sur la petite table, mais le sommeil recommençant ne lui laissa pas la force de l’atteindre: elle se rendormit, tranquillisée, et je sortis à pas de loup de la chambre sans qu’elle ni personne eût jamais appris ce que j’avais entendu.	She stretched out a hand towards her rosary, which was lying on the small table, but sleep was once again getting the mastery, and did not leave her the strength to reach it; she fell asleep, calm and contented, and I crept out of the room on tiptoe, without either her or anyone's else ever knowing, from that day to this, what I had seen and heard.
643	690	0.472	Quand je dis qu’en dehors d’événements très rares, comme cet accouchement, le traintrain de ma tante ne subissait jamais aucune variation, je ne parle pas de celles qui, se répétant toujours identiques à des intervalles réguliers, n’introduisaient au sein de l’uniformité qu’une sorte d’uniformité secondaire.	When I say that, apart from such rare happenings as this confinement, my aunt's 'little jog-trot' never underwent any variation, I do not include those variations which, repeated at regular intervals and in identical form, did no more, really, than print a sort of uniform pattern upon the greater uniformity of her life.
644	691	0.521	C’est ainsi que tous les samedis, comme Françoise allait dans l’après-midi au marché de Roussainville-le-Pin, le déjeuner était, pour tout le monde, une heure plus tôt.	So, for instance, every Saturday, as Françoise had to go in the afternoon to market at Roussainville-le-Pin, the whole household would have to have luncheon an hour earlier.
645	692	0.409	Et ma tante avait si bien pris l’habitude de cette dérogation hebdomadaire à ses habitudes, qu’elle tenait à cette habitude-là autant qu’aux autres.	And my aunt had so thoroughly acquired the habit of this weekly exception to her general habits, that she clung to it as much as to the rest.
646	693	0.485	Elle y était si bien «routinée», comme disait Françoise, que s’il lui avait fallu un samedi, attendre pour déjeuner l’heure habituelle, cela l’eût autant «dérangée» que si elle avait dû, un autre jour, avancer son déjeuner à l’heure du samedi.	She was so well 'routined' to it, as Françoise would say, that if, on a Saturday, she had had to wait for her luncheon until the regular hour, it would have 'upset' her as much as if she had had, on an ordinary day, to put her luncheon forward to its Saturday time.
647	694	0.501	Cette avance du déjeuner donnait d’ailleurs au samedi, pour nous tous, une figure particulière, indulgente, et assez sympathique.	Incidentally this acceleration of luncheon gave Saturday, for all of us, an individual character, kindly and rather attractive.
648	695	0.432	Au moment où d’habitude on a encore une heure à vivre avant la détente du repas, on savait que, dans quelques secondes, on allait voir arriver des endives précoces, une omelette de faveur, un bifteck immérité.	At the moment when, ordinarily, there was still an hour to be lived through before meal-time sounded, we would all know that in a few seconds we should see the endives make their precocious appearance, followed by the special favour of an omelette, an unmerited steak.
649	696	0.434	Le retour de ce samedi asymétrique était un de ces petits événements intérieurs, locaux, presque civiques qui, dans les vies tranquilles et les sociétés fermées, créent une sorte de lien national et deviennent le thème favori des conversations, des plaisanteries, des récits exagérés à plaisir: il eût été le noyau tout prêt pour un cycle légendaire si l’un de nous avait eu la tête épique.	The return of this asymmetrical Saturday was one of those petty occurrences, intra-mural, localised, almost civic, which, in uneventful lives and stable orders of society, create a kind of national unity, and become the favourite theme for conversation, for pleasantries, for anecdotes which can be embroidered as the narrator pleases; it would have provided a nucleus, ready-made, for a legendary cycle, if any of us had had the epic mind.
650	697	0.361	Dès le matin, avant d’être habillés, sans raison, pour le plaisir d’éprouver la force de la solidarité, on se disait les uns aux autres avec bonne humeur, avec cordialité, avec patriotisme: «Il n’y a pas de temps à perdre, n’oublions pas que c’est samedi!» cependant que ma tante, conférant avec Françoise et songeant que la journée serait plus longue que d’habitude, disait: «Si vous leur faisiez un beau morceau de veau, comme c’est samedi.»	"At daybreak, before we were dressed, without rhyme or reason, save for the pleasure of proving the strength of our solidarity, we would call to one another good-humoredly, cordially, patriotically, ""Hurry up; there's no time to be lost; don't forget, it's Saturday!"" while my aunt, gossiping with Françoise, and reflecting that the day would be even longer than usual, would say, ""You might cook them a nice bit of veal, seeing that it's Saturday."""
651	698-700	0.437	Si à dix heures et demie un distrait tirait sa montre en disant: «Allons, encore une heure et demie avant le déjeuner», chacun était enchanté d’avoir à lui dire: «Mais voyons, à quoi pensez-vous, vous oubliez que c’est samedi!»; on en riait encore un quart d’heure après et on se promettait de monter raconter cet oubli à ma tante pour l’amuser.	"If, at half-past ten, some one absent-mindedly pulled out a watch and said, ""I say, an hour-and-a-half still before luncheon,"" everyone else would be in ecstasies over being able to retort at once: ""Why, what are you thinking about? Have you for-gotten that it's Saturday?"" And a quarter of an hour later we would still be laughing, and reminding ourselves to go up and tell aunt Léonie about this absurd mistake, to amuse her."
652	701	0.562	Le visage du ciel même semblait changé.	The very face of the sky appeared to undergo a change.
653	702	0.503	Après le déjeuner, le soleil, conscient que c’était samedi, flânait une heure de plus au haut du ciel, et quand quelqu’un, pensant qu’on était en retard pour la promenade, disait: «Comment, seulement deux heures?» en voyant passer les deux coups du clocher de Saint-Hilaire (qui ont l’habitude de ne rencontrer encore personne dans les chemins désertés à cause du repas de midi ou de la sieste, le long de la rivière vive et blanche que le pêcheur même a abandonnée, et passent solitaires dans le ciel vacant où ne restent que quelques nuages paresseux), tout le monde en chœur lui répondait: «Mais ce qui vous trompe, c’est qu’on a déjeuné une heure plus tôt, vous savez bien que c’est samedi!»	"After luncheon the sun, conscious that it was Saturday, would blaze an hour longer in the zenith, and when some one, thinking that we were late in starting for our walk, said, ""What, only two o'clock!"" feeling the heavy throb go by him of the twin strokes from the steeple of Saint-Hilaire (which as a rule passed no one at that hour upon the highways, deserted for the midday meal or for the nap which follows it, or on the banks of the bright and ever-flowing stream, which even the angler had abandoned, and so slipped unaccompanied into the vacant sky, where only a few loitering clouds remained to greet them) the whole family would respond in chorus: ""Why, you're forgetting; we had luncheon an hour earlier; you know very well it's Saturday."""
654	703	0.339	La surprise d’un barbare (nous appelions ainsi tous les gens qui ne savaient pas ce qu’avait de particulier le samedi) qui, étant venu à onze heures pour parler à mon père, nous avait trouvés à table, était une des choses qui, dans sa vie, avaient le plus égayé Françoise.	The surprise of a 'barbarian' (for so we termed everyone who was not acquainted with Saturday's special customs) who had called at eleven o'clock to speak to my father, and had found us at table, was an event which used to cause Françoise as much merriment as, perhaps, anything that had ever happened in her life.
655	704	0.319	Mais si elle trouvait amusant que le visiteur interloqué ne sût pas que nous déjeunions plus tôt le samedi, elle trouvait plus comique encore (tout en sympathisant du fond du cœur avec ce chauvinisme étroit) que mon père, lui, n’eût pas eu l’idée que ce barbare pouvait l’ignorer et eût répondu sans autre explication à son étonnement de nous voir déjà dans la salle à manger: «Mais voyons, c’est samedi!»	"And if she found it amusing that the nonplussed visitor should not have known, beforehand, that we had our luncheon an hour earlier on Saturday, it was still more irresistibly funny that my father himself (fully as she sympathised, from the bottom of her heart, with the rigid chauvinism which prompted him) should never have dreamed that the barbarian could fail to be aware of so simple a matter, and so had replied, with no further enlightenment of the other's surprise at seeing us already in the dining-room: ""You see, it's Saturday."""
656	705	0.356	Parvenue à ce point de son récit, elle essuyait des larmes d’hilarité et pour accroître le plaisir qu’elle éprouvait, elle prolongeait le dialogue, inventait ce qu’avait répondu le visiteur à qui ce «samedi» n’expliquait rien.	On reaching this point in the story, Françoise would pause to wipe the tears of merriment from her eyes, and then, to add to her own enjoyment, would prolong the dialogue, inventing a further reply for the visitor to whom the word 'Saturday' had conveyed nothing.
657	706	0.400	Et bien loin de nous plaindre de ses additions, elles ne nous suffisaient pas encore et nous disions: «Mais il me semblait qu’il avait dit aussi autre chose.	"And so far from our objecting to these interpolations, we would feel that the story was not yet long enough, and would rally her with: ""Oh, but surely he said something else as well."
658	707	0.489	C’était plus long la première fois quand vous l’avez raconté.»	"There was more than that, the first time you told it."""
659	708	0.651	Ma grand’tante elle-même laissait son ouvrage, levait la tête et regardait par-dessus son lorgnon.	My great-aunt herself would lay aside her work, and raise her head and look on at us over her glasses.
660	709	0.583	Le samedi avait encore ceci de particulier que ce jour-là, pendant le mois de mai, nous sortions après le dîner pour aller au «mois de Marie».	The day had yet another characteristic feature, namely, that during May we used to go out on Saturday evenings after dinner to the 'Month of Mary' devotions.
661	710	0.444	Comme nous y rencontrions parfois M. Vinteuil, très sévère pour «le genre déplorable des jeunes gens négligés, dans les idées de l’époque actuelle», ma mère prenait garde que rien ne clochât dans ma tenue, puis on partait pour l’église.	"As we were liable, there, to meet M. Vinteuil, who held very strict views on ""the deplorable untidiness of young people, which seems to be encouraged in these days,"" my mother would first see that there was nothing out of order in my appearance, and then we would set out for the church."
662	711	0.356	C’est au mois de Marie que je me souviens d’avoir commencé à aimer les aubépines.	It was in these 'Month of Mary' services that I can remember having first fallen in love with hawthorn-blossom.
663	712	0.423	N’étant pas seulement dans l’église, si sainte, mais où nous avions le droit d’entrer, posées sur l’autel même, inséparables des mystères à la célébration desquels elles prenaient part, elles faisaient courir au milieu des flambeaux et des vases sacrés leurs branches attachées horizontalement les unes aux autres en un apprêt de fête, et qu’enjolivaient encore les festons de leur feuillage sur lequel étaient semés à profusion, comme sur une traîne de mariée, de petits bouquets de boutons d’une blancheur éclatante.	The hawthorn was not merely in the church, for there, holy ground as it was, we had all of us a right of entry; but, arranged upon the altar itself, inseparable from the mysteries in whose celebration it was playing a part, it thrust in among the tapers and the sacred vessels its rows of branches, tied to one another horizontally in a stiff, festal scheme of decoration; and they were made more lovely still by the scalloped outline of the dark leaves, over which were scattered in profusion, as over a bridal train, little clusters of buds of a dazzling whiteness.
664	713	0.263	Mais, sans oser les regarder qu’à la dérobée, je sentais que ces apprêts pompeux étaient vivants et que c’était la nature elle-même qui, en creusant ces découpures dans les feuilles, en ajoutant l’ornement suprême de ces blancs boutons, avait rendu cette décoration digne de ce qui était à la fois une réjouissance populaire et une solennité mystique.	Though I dared not look at them save through my fingers, I could feel that the formal scheme was composed of living things, and that it was Nature herself who, by trimming the shape of the foliage, and by adding the crowning ornament of those snowy buds, had made the decorations worthy of what was at once a public rejoicing and a solemn mystery.
665	714	0.524	Plus haut s’ouvraient leurs corolles çà et là avec une grâce insouciante, retenant si négligemment comme un dernier et vaporeux atour le bouquet d’étamines, fines comme des fils de la Vierge, qui les embrumait tout entières, qu’en suivant, qu’en essayant de mimer au fond de moi le geste de leur efflorescence, je l’imaginais comme si ç’avait été le mouvement de tête étourdi et rapide, au regard coquet, aux pupilles diminuées, d’une blanche jeune fille, distraite et vive.	Higher up on the altar, a flower had opened here and there with a careless grace, holding so unconcernedly, like a final, almost vaporous bedizening, its bunch of stamens, slender as gossamer, which clouded the flower itself in a white mist, that in following these with my eyes, in trying to imitate, somewhere inside myself, the action of their blossoming, I imagined it as a swift and thoughtless movement of the head with an enticing glance from her contracted pupils, by a young girl in white, careless and alive.
666	715	0.656	M. Vinteuil était venu avec sa fille se placer à côté de nous.	M. Vinteuil had come in with his daughter and had sat down beside us.
667	716	0.552	D’une bonne famille, il avait été le professeur de piano des sœurs de ma grand’mère et quand, après la mort de sa femme et un héritage qu’il avait fait, il s’était retiré auprès de Combray, on le recevait souvent à la maison.	He belonged to a good family, and had once been music-master to my grandmother's sisters; so that when, after losing his wife and inheriting some property, he had retired to the neighbourhood of Combray, we used often to invite him to our house.
668	717	0.539	Mais d’une pudibonderie excessive, il cessa de venir pour ne pas rencontrer Swann qui avait fait ce qu’il appelait «un mariage déplacé, dans le goût du jour».	"But with his intense prudishness he had given up coming, so as not to be obliged to meet Swann, who had made what he called ""a most unsuitable marriage, as seems to be the fashion in these days."""
669	718	0.468	Ma mère, ayant appris qu’il composait, lui avait dit par amabilité que, quand elle irait le voir, il faudrait qu’il lui fît entendre quelque chose de lui.	My mother, on hearing that he 'composed,' told him by way of a compliment that, when she came to see him, he must play her something of his own.
670	719	0.473	M. Vinteuil en aurait eu beaucoup de joie, mais il poussait la politesse et la bonté jusqu’à de tels scrupules que, se mettant toujours à la place des autres, il craignait de les ennuyer et de leur paraître égoïste s’il suivait ou seulement laissait deviner son désir.	M. Vinteuil would have liked nothing better, but he carried politeness and consideration for others to so fine a point, always putting himself in their place, that he was afraid of boring them, or of appearing egotistical, if he carried out, or even allowed them to suspect what were his own desires.
671	720	0.429	Le jour où mes parents étaient allés chez lui en visite, je les avais accompagnés, mais ils m’avaient permis de rester dehors et, comme la maison de M. Vinteuil, Montjouvain, était en contre-bas d’un monticule buissonneux, où je m’étais caché, je m’étais trouvé de plain-pied avec le salon du second étage, à cinquante centimètres de la fenêtre.	On the day when my parents had gone to pay him a visit, I had accompanied them, but they had allowed me to remain outside, and as M. Vinteuil's house, Montjouvain, stood on a site actually hollowed out from a steep hill covered with shrubs, among which I took cover, I had found myself on a level with his drawing-room, upstairs, and only a few feet away from its window.
672	721	0.365	Quand on était venu lui annoncer mes parents, j’avais vu M. Vinteuil se hâter de mettre en évidence sur le piano un morceau de musique.	When a servant came in to tell him that my parents had arrived, I had seen M. Vinteuil run to the piano and lay out a sheet of music so as to catch the eye.
673	722	0.403	Mais une fois mes parents entrés, il l’avait retiré et mis dans un coin.	But as soon as they entered the room he had snatched it away and hidden it in a corner.
674	723	0.562	Sans doute avait-il craint de leur laisser supposer qu’il n’était heureux de les voir que pour leur jouer de ses compositions.	He was afraid, no doubt, of letting them suppose that he was glad to see them only because it gave him a chance of playing them some of his compositions.
675	724	0.461	Et chaque fois que ma mère était revenue à la charge au cours de la visite, il avait répété plusieurs fois «Mais je ne sais qui a mis cela sur le piano, ce n’est pas sa place», et avait détourné la conversation sur d’autres sujets, justement parce que ceux-là l’intéressaient moins.	"And every time that my mother, in the course of her visit, had returned to the subject of his playing, he had hurriedly protested: ""I cannot think who put that on the piano; it is not the proper place for it at all,"" and had turned the conversation aside to other topics, simply because those were of less interest to himself."
676	725	0.408	Sa seule passion était pour sa fille et celle-ci qui avait l’air d’un garçon paraissait si robuste qu’on ne pouvait s’empêcher de sourire en voyant les précautions que son père prenait pour elle, ayant toujours des châles supplémentaires à lui jeter sur les épaules.	His one and only passion was for his daughter, and she, with her somewhat boyish appearance, looked so robust that it was hard to restrain a smile when one saw the precautions her father used to take for her health, with spare shawls always in readiness to wrap around her shoulders.
677	726	0.344	Ma grand’mère faisait remarquer quelle expression douce délicate, presque timide passait souvent dans les regards de cette enfant si rude, dont le visage était semé de taches de son.	My grandmother had drawn our attention to the gentle, delicate, almost timid expression which might often be caught flitting across the face, dusted all over with freckles, of this otherwise stolid child.
678	727	0.351	Quand elle venait de prononcer une parole elle l’entendait avec l’esprit de ceux à qui elle l’avait dite, s’alarmait des malentendus possibles et on voyait s’éclairer, se découper comme par transparence, sous la figure hommasse du «bon diable», les traits plus fins d’une jeune fille éplorée.	When she had spoken, she would at once take her own words in the sense in which her audience must have heard them, she would be alarmed at the possibility of a misunderstanding, and one would see, in clear outline, as though in a transparency, beneath the mannish face of the 'good sort' that she was, the finer features of a young woman in tears.
679	728	0.397	Quand, au moment de quitter l’église, je m’agenouillai devant l’autel, je sentis tout d’un coup, en me relevant, s’échapper des aubépines une odeur amère et douce d’amandes, et je remarquai alors sur les fleurs de petites places plus blondes, sous lesquelles je me figurai que devait être cachée cette odeur comme sous les parties gratinées le goût d’une frangipane ou sous leurs taches de rousseur celui des joues de Mlle Vinteuil.	When, before turning to leave the church, I made a genuflection before the altar, I felt suddenly, as I rose again, a bitter-sweet fragrance of almonds steal towards me from the hawthorn-blossom, and I then noticed that on the flowers themselves were little spots of a creamier colour, in which I imagined that this fragrance must lie concealed, as the taste of an almond cake lay in the burned parts, or the sweetness of Mlle. Vinteuil's cheeks beneath their freckles.
680	729	0.435	Malgré la silencieuse immobilité des aubépines, cette intermittente ardeur était comme le murmure de leur vie intense dont l’autel vibrait ainsi qu’une haie agreste visitée par de vivantes antennes, auxquelles on pensait en voyant certaines étamines presque rousses qui semblaient avoir gardé la virulence printanière, le pouvoir irritant, d’insectes aujourd’hui métamorphosés en fleurs.	Despite the heavy, motionless silence of the hawthorns, these gusts of fragrance came to me like the murmuring of an intense vitality, with which the whole altar was quivering like a roadside hedge explored by living antennae, of which I was reminded by seeing some stamens, almost red in colour, which seemed to have kept the springtime virulence, the irritant power of stinging insects now transmuted into flowers.
681	730	0.569	Nous causions un moment avec M. Vinteuil devant le porche en sortant de l’église.	Outside the church we would stand talking for a moment with M. Vinteuil, in the porch.
682	731	0.430	Il intervenait entre les gamins qui se chamaillaient sur la place, prenait la défense des petits, faisait des sermons aux grands.	Boys would be chevying one another in the Square, and he would interfere, taking the side of the little ones and lecturing the big.
683	732	0.580	Si sa fille nous disait de sa grosse voix combien elle avait été contente de nous voir, aussitôt il semblait qu’en elle-même une sœur plus sensible rougissait de ce propos de bon garçon étourdi qui avait pu nous faire croire qu’elle sollicitait d’être invitée chez nous.	If his daughter said, in her thick, comfortable voice, how glad she had been to see us, immediately it would seem as though some elder and more sensitive sister, latent in her, had blushed at this thoughtless, schoolboyish utterance, which had, perhaps, made us think that she was angling for an invitation to the house.
684	733	0.556	Son père lui jetait un manteau sur les épaules, ils montaient dans un petit buggy qu’elle conduisait elle-même et tous deux retournaient à Montjouvain.	Her father would then arrange a cloak over her shoulders, they would clamber into a little dog-cart which she herself drove, and home they would both go to Montjouvain.
685	734	0.405	Quant à nous, comme c’était le lendemain dimanche et qu’on ne se lèverait que pour la grand’messe, s’il faisait clair de lune et que l’air fût chaud, au lieu de nous faire rentrer directement, mon père, par amour de la gloire, nous faisait faire par le calvaire une longue promenade, que le peu d’aptitude de ma mère à s’orienter et à se reconnaître dans son chemin, lui faisait considérer comme la prouesse d’un génie stratégique.	As for ourselves, the next day being Sunday, with no need to be up and stirring before high mass, if it was a moonlight night and warm, then, instead of taking us home at once, my father, in his thirst for personal distinction, would lead us on a long walk round by the Calvary, which my mother's utter incapacity for taking her bearings, or even for knowing which road she might be on, made her regard as a triumph of his strategic genius.
686	735	0.434	Parfois nous allions jusqu’au viaduc, dont les enjambées de pierre commençaient à la gare et me représentaient l’exil et la détresse hors du monde civilisé parce que chaque année en venant de Paris, on nous recommandait de faire bien attention, quand ce serait Combray, de ne pas laisser passer la station, d’être prêts d’avance car le train repartait au bout de deux minutes et s’engageait sur le viaduc au delà des pays chrétiens dont Combray marquait pour moi l’extrême limite.	Sometimes we would go as far as the viaduct, which began to stride on its long legs of stone at the railway station, and to me typified all the wretchedness of exile beyond the last outposts of civilisation, because every year, as we came down from Paris, we would be warned to take special care, when we got to Combray, not to miss the station, to be ready before the train stopped, since it would start again in two minutes and proceed across the viaduct, out of the lands of Christendom, of which Combray, to me, represented the farthest limit.
687	736	0.476	Nous revenions par le boulevard de la gare, où étaient les plus agréables villas de la commune.	We would return by the Boulevard de la Gare, which contained the most attractive villas in the town.
688	737	0.553	Dans chaque jardin le clair de lune, comme Hubert Robert, semait ses degrés rompus de marbre blanc, ses jets d’eau, ses grilles entr’ouvertes.	In each of their gardens the moonlight, copying the art of Hubert Robert, had scattered its broken staircases of white marble, its fountains of water and gates temptingly ajar.
689	738	0.499	Sa lumière avait détruit le bureau du télégraphe.	Its beams had swept away the telegraph office.
690	739	0.599	Il n’en subsistait plus qu’une colonne à demi brisée, mais qui gardait la beauté d’une ruine immortelle.	All that was left of it was a column, half shattered, but preserving the beauty of a ruin which endures for all time.
691	740	0.424	Je traînais la jambe, je tombais de sommeil, l’odeur des tilleuls qui embaumait m’apparaissait comme une récompense qu’on ne pouvait obtenir qu’au prix des plus grandes fatigues et qui n’en valait pas la peine.	I would by now be dragging my weary limbs, and ready to drop with sleep; the balmy scent of the lime-trees seemed a consolation which I could obtain only at the price of great suffering and exhaustion, and not worthy of the effort.
692	741	0.483	De grilles fort éloignées les unes des autres, des chiens réveillés par nos pas solitaires faisaient alterner des aboiements comme il m’arrive encore quelquefois d’en entendre le soir, et entre lesquels dut venir (quand sur son emplacement on créa le jardin public de Combray) se réfugier le boulevard de la gare, car, où que je me trouve, dès qu’ils commencent à retentir et à se répondre, je l’aperçois, avec ses tilleuls et son trottoir éclairé par la lune.	From gates far apart the watchdogs, awakened by our steps in the silence, would set up an antiphonal barking, as I still hear them bark, at times, in the evenings, and it is in their custody (when the public gardens of Combray were constructed on its site) that the Boulevard de la Gare must have taken refuge, for wherever I may be, as soon as they begin their alternate challenge and acceptance, I can see it again with all its lime-trees, and its pavement glistening beneath the moon.
693	742	0.671	Tout d’un coup mon père nous arrêtait et demandait à ma mère: «Où sommes-nous?»	"Suddenly my father would bring us to a standstill and ask my mother — ""Where are we?"""
694	743	0.517	Epuisée par la marche, mais fière de lui, elle lui avouait tendrement qu’elle n’en savait absolument rien.	Utterly worn out by the walk but still proud of her husband, she would lovingly confess that she had not the least idea.
695	744	0.592	Il haussait les épaules et riait.	He would shrug his shoulders and laugh.
696	745	0.596	Alors, comme s’il l’avait sortie de la poche de son veston avec sa clef, il nous montrait debout devant nous la petite porte de derrière de notre jardin qui était venue avec le coin de la rue du Saint-Esprit nous attendre au bout de ces chemins inconnus.	And then, as though it had slipped, with his latchkey, from his waistcoat pocket, he would point out to us, when it stood before our eyes, the back-gate of our own garden, which had come hand-in-hand with the familiar corner of the Rue du Saint-Esprit, to await us, to greet us at the end of our wanderings over paths unknown.
697	746	0.658	Ma mère lui disait avec admiration: «Tu es extraordinaire!»	"My mother would murmur admiringly ""You really are wonderful!"""
698	747-748	0.504	Et à partir de cet instant, je n’avais plus un seul pas à faire, le sol marchait pour moi dans ce jardin où depuis si longtemps mes actes avaient cessé d’être accompagnés d’attention volontaire: l’Habitude venait de me prendre dans ses bras et me portait jusqu’à mon lit comme un petit enfant.	And from that instant I had not to take another step; the ground moved forward under my feet in that garden where, for so long, my actions had ceased to require any control, or even attention, from my will. Custom came to take me in her arms, carried me all the way up to my bed, and laid me down there like a little child.
699	749	0.511	Si la journée du samedi, qui commençait une heure plus tôt, et où elle était privée de Françoise, passait plus lentement qu’une autre pour ma tante, elle en attendait pourtant le retour avec impatience depuis le commencement de la semaine, comme contenant toute la nouveauté et la distraction que fût encore capable de supporter son corps affaibli et maniaque.	Although Saturday, by beginning an hour earlier, and by depriving her of the services of Françoise, passed more slowly than other days for my aunt, yet, the moment it was past, and a new week begun, she would look forward with impatience to its return, as something that embodied all the novelty and distraction which her frail and disordered body was still able to endure.
700	750	0.277	Et ce n’est pas cependant qu’elle n’aspirât parfois à quelque plus grand changement, qu’elle n’eût de ces heures d’exception où l’on a soif de quelque chose d’autre que ce qui est, et où ceux que le manque d’énergie ou d’imagination empêche de tirer d’eux-mêmes un principe de rénovation, demandent à la minute qui vient, au facteur qui sonne, de leur apporter du nouveau, fût-ce du pire, une émotion, une douleur; où la sensibilité, que le bonheur a fait taire comme une harpe oisive, veut résonner sous une main, même brutale, et dût-elle en être brisée; où la volonté, qui a si difficilement conquis le droit d’être livrée sans obstacle à ses désirs, à ses peines, voudrait jeter les rênes entre les mains d’événements impérieux, fussent-ils cruels.	This was not to say, however, that she did not long, at times, for some even greater variation, that she did not pass through those abnormal hours in which one thirsts for something different from what one has, when those people who, through lack of energy or imagination, are unable to generate any motive power in themselves, cry out, as the clock strikes or the postman knocks, in their eagerness for news (even if it be bad news), for some emotion (even that of grief); when the heartstrings, which prosperity has silenced, like a harp laid by, yearn to be plucked and sounded again by some hand, even a brutal hand, even if it shall break them; when the will, which has with such difficulty brought itself to subdue its impulse, to renounce its right to abandon itself to its own uncontrolled desires, and consequent sufferings, would fain cast its guiding reins into the hands of circumstances, coercive and, it may be, cruel.
701	751	0.348	Sans doute, comme les forces de ma tante, taries à la moindre fatigue, ne lui revenaient que goutte à goutte au sein de son repos, le réservoir était très long à remplir, et il se passait des mois avant qu’elle eût ce léger trop-plein que d’autres dérivent dans l’activité et dont elle était incapable de savoir et de décider comment user.	Of course, since my aunt's strength, which was completely drained by the slightest exertion, returned but drop by drop into the pool of her repose, the reservoir was very slow in filling, and months would go by before she reached that surplus which other people use up in their daily activities, but which she had no idea — and could never decide how to employ.
702	752	0.324	Je ne doute pas qu’alors — comme le désir de la remplacer par des pommes de terre béchamel finissait au bout de quelque temps par naître du plaisir même que lui causait le retour quotidien de la purée dont elle ne se «fatiguait» pas, — elle ne tirât de l’accumulation de ces jours monotones auxquels elle tenait tant, l’attente d’un cataclysme domestique limité à la durée d’un moment mais qui la forcerait d’accomplir une fois pour toutes un de ces changements dont elle reconnaissait qu’ils lui seraient salutaires et auxquels elle ne pouvait d’elle-même se décider.	And I have no doubt that then — just as a desire to have her potatoes served with béchamel sauce, for a change, would be formed, ultimately, from the pleasure she found in the daily reappearance of those mashed potatoes of which she was never 'tired' — she would extract from the accumulation of those monotonous days (on which she so much depended) a keen expectation of some domestic cataclysm, instantaneous in its happening, but violent enough to compel her to put into effect, once for all, one of those changes which she knew would be beneficial to her health, but to which she could never make up her mind without some such stimulus.
703	753	0.240	Elle nous aimait véritablement, elle aurait eu plaisir à nous pleurer; survenant à un moment où elle se sentait bien et n’était pas en sueur, la nouvelle que la maison était la proie d’un incendie où nous avions déjà tous péri et qui n’allait plus bientôt laisser subsister une seule pierre des murs, mais auquel elle aurait eu tout le temps d’échapper sans se presser, à condition de se lever tout de suite, a dû souvent hanter ses espérances comme unissant aux avantages secondaires de lui faire savourer dans un long regret toute sa tendresse pour nous, et d’être la stupéfaction du village en conduisant notre deuil, courageuse et accablée, moribonde debout, celui bien plus précieux de la forcer au bon moment, sans temps à perdre, sans possibilité d’hésitation énervante, à aller passer l’été dans sa jolie ferme de Mirougrain, où il y avait une chute d’eau.	She was genuinely fond of us; she would have enjoyed the long luxury of weeping for our untimely decease; coming at a moment when she felt 'well' and was not in a perspiration, the news that the house was being destroyed by a fire, in which all the rest of us had already perished, a fire which, in a little while, would not leave one stone standing upon another, but from which she herself would still have plenty of time to escape without undue haste, provided that she rose at once from her bed, must often have haunted her dreams, as a prospect which combined with the two minor advantages of letting her taste the full savour of her affection for us in long years of mourning, and of causing universal stupefaction in the village when she should sally forth to conduct our obsequies, crushed but courageous, moribund but erect, the paramount and priceless boon of forcing her at the right moment, with no time to be lost, no room for weakening hesitations, to go off and spend the summer at her charming farm of Mirougrain, where there was a waterfall.
704	754	0.181	Comme n’était jamais survenu aucun événement de ce genre, dont elle méditait certainement la réussite quand elle était seule absorbée dans ses innombrables jeux de patience (et qui l’eût désespérée au premier commencement de réalisation, au premier de ces petits faits imprévus, de cette parole annonçant une mauvaise nouvelle et dont on ne peut plus jamais oublier l’accent, de tout ce qui porte l’empreinte de la mort réelle, bien différente de sa possibilité logique et abstraite), elle se rabattait pour rendre de temps en temps sa vie plus intéressante, à y introduire des péripéties imaginaires qu’elle suivait avec passion.	Inasmuch as nothing of this sort had ever occurred, though indeed she must often have pondered the success of such a manoeuvre as she lay alone absorbed in her interminable games of patience (and though it must have plunged her in despair from the first moment of its realisation, from the first of those little unforeseen facts, the first word of calamitous news, whose accents can never afterwards be expunged from the memory, everything that bears upon it the imprint of actual, physical death, so terribly different from the logical abstraction of its possibility) she would fall back from time to time, to add an interest to her life, upon imagining other, minor catastrophes, which she would follow up with passion.
705	755	0.351	Elle se plaisait à supposer tout d’un coup que Françoise la volait, qu’elle recourait à la ruse pour s’en assurer, la prenait sur le fait; habituée, quand elle faisait seule des parties de cartes, à jouer à la fois son jeu et le jeu de son adversaire, elle se prononçait à elle-même les excuses embarrassées de Françoise et y répondait avec tant de feu et d’indignation que l’un de nous, entrant à ces moments-là, la trouvait en nage, les yeux étincelants, ses faux cheveux déplacés laissant voir son front chauve.	She would beguile herself with a sudden suspicion that Françoise had been robbing her, that she had set a trap to make certain, and had caught her betrayer red-handed; and being in the habit, when she made up a game of cards by herself, of playing her own and her adversary's hands at once, she would first stammer out Françoise's awkward apologies, and then reply to them with such a fiery indignation that any of us who happened to intrude upon her at one of these moments would find her bathed in perspiration, her eyes blazing, her false hair pushed awry and exposing the baldness of her brows.
706	756	0.309	Françoise entendit peut-être parfois dans la chambre voisine de mordants sarcasmes qui s’adressaient à elle et dont l’invention n’eût pas soulagé suffisamment ma tante, s’ils étaient restés à l’état purement immatériel, et si en les murmurant à mi-voix elle ne leur eût donné plus de réalité.	Françoise must often, from the next room, have heard these mordant sarcasms levelled at herself, the mere framing of which in words would not have relieved my aunt's feelings sufficiently, had they been allowed to remain in a purely immaterial form, without the degree of substance and reality which she added to them by murmuring them half-aloud.
707	757	0.413	Quelquefois, ce «spectacle dans un lit» ne suffisait même pas à ma tante, elle voulait faire jouer ses pièces.	Sometimes, however, even these counterpane dramas would not satisfy my aunt; she must see her work staged.
708	758-759	0.565	Alors, un dimanche, toutes portes mystérieusement fermées, elle confiait à Eulalie ses doutes sur la probité de Françoise, son intention de se défaire d’elle, et une autre fois, à Françoise ses soupçons de l’infidélité d’Eulalie, à qui la porte serait bientôt fermée; quelques jours après elle était dégoûtée de sa confidente de la veille et racoquinée avec le traître, lesquels d’ailleurs, pour la prochaine représentation, échangeraient leurs emplois.	And so, on a Sunday, with all the doors mysteriously closed, she would confide in Eulalie her doubts of Françoise's integrity and her determination to be rid of her, and on another day she would confide in Françoise her suspicions of the disloyalty of Eulalie, to whom the front-door would very soon be closed for good. A few days more, and, disgusted with her latest confidant, she would again be 'as thick as thieves' with the traitor, while, before the next performance, the two would once more have changed their parts.
709	760	0.440	Mais les soupçons que pouvait parfois lui inspirer Eulalie, n’étaient qu’un feu de paille et tombaient vite, faute d’aliment, Eulalie n’habitant pas la maison.	But the suspicions which Eulalie might occasionally breed in her were no more than a fire of straw, which must soon subside for lack of fuel, since Eulalie was not living with her in the house.
710	761	0.348	Il n’en était pas de même de ceux qui concernaient Françoise, que ma tante sentait perpétuellement sous le même toit qu’elle, sans que, par crainte de prendre froid si elle sortait de son lit, elle osât descendre à la cuisine se rendre compte s’ils étaient fondés.	It was a very different matter when the suspect was Françoise, of whose presence under the same roof as herself my aunt was perpetually conscious, while for fear of catching cold, were she to leave her bed, she would never dare go downstairs to the kitchen to see for herself whether there was, indeed, any foundation for her suspicions.
711	762	0.295	Peu à peu son esprit n’eut plus d’autre occupation que de chercher à deviner ce qu’à chaque moment pouvait faire, et chercher à lui cacher, Françoise.	And so on by degrees, until her mind had no other occupation than to attempt, at every hour of the day, to discover what was being done, what was being concealed from her by Françoise.
712	763	0.314	Elle remarquait les plus furtifs mouvements de physionomie de celle-ci, une contradiction dans ses paroles, un désir qu’elle semblait dissimuler.	She would detect the most furtive movement of Françoise's features, something contradictory in what she was saying, some desire which she appeared to be screening.
713	764	0.399	Et elle lui montrait qu’elle l’avait démasquée, d’un seul mot qui faisait pâlir Françoise et que ma tante semblait trouver, à enfoncer au cœur de la malheureuse, un divertissement cruel.	And she would shew her that she was unmasked, by, a single word, which made Françoise turn pale, and which my aunt seemed to find a cruel satisfaction in driving into her unhappy servant's heart.
714	765	0.532	Et le dimanche suivant, une révélation d’Eulalie, — comme ces découvertes qui ouvrent tout d’un coup un champ insoupçonné à une science naissante et qui se traînait dans l’ornière, — prouvait à ma tante qu’elle était dans ses suppositions bien au-dessous de la vérité.	And the very next Sunday a disclosure by Eulalie — like one of those discoveries which suddenly open up an unsuspected field for exploration to some new science which has hitherto followed only the beaten paths — proved to my aunt that her own worst suspicions fell a long way short of the appalling truth.
715	766	0.418	«Mais Françoise doit le savoir maintenant que vous y avez donné une voiture».	"""But Françoise ought to know that,"" said Eulalie, ""now that you have given her a carriage."""
716	767	0.355	— «Que je lui ai donné une voiture!» s’écriait ma tante.	"""Now that I have given her a carriage!"" gasped my aunt."
717	768	0.426	— «Ah! mais je ne sais pas, moi, je croyais, je l’avais vue qui passait maintenant en calèche, fière comme Artaban, pour aller au marché de Roussainville.	"""Oh, but I didn't know; I only thought so; I saw her go by yesterday in her open coach, as proud as Artaban, on her way to Roussainville market."
718	769	0.649	J’avais cru que c’était Mme Octave qui lui avait donné.»	"I supposed that it must be Mme. Octave who had given it to her."""
719	770	0.456	Peu à peu Françoise et ma tante, comme la bête et le chasseur, ne cessaient plus de tâcher de prévenir les ruses l’une de l’autre.	So on by degrees, until Françoise and my aunt, the quarry and the hunter, could never cease from trying to forestall each other's devices.
720	771	0.320	Ma mère craignait qu’il ne se développât chez Françoise une véritable haine pour ma tante qui l’offensait le plus durement qu’elle le pouvait.	My mother was afraid lest Françoise should develop a genuine hatred of my aunt, who was doing everything in her power to annoy her.
721	772	0.453	En tous cas Françoise attachait de plus en plus aux moindres paroles, aux moindres gestes de ma tante une attention extraordinaire.	However that might be, Françoise had come, more and more, to pay an infinitely scrupulous attention to my aunt's least word and gesture.
722	773	0.315	Quand elle avait quelque chose à lui demander, elle hésitait longtemps sur la manière dont elle devait s’y prendre.	When she had to ask her for anything she would hesitate, first, for a long time, making up her mind how best to begin.
723	774	0.360	Et quand elle avait proféré sa requête, elle observait ma tante à la dérobée, tâchant de deviner dans l’aspect de sa figure ce que celle-ci avait pensé et déciderait.	And when she had uttered her request, she would watch my aunt covertly, trying to guess from the expression on her face what she thought of it, and how she would reply.
724	775	0.408	Et ainsi — tandis que quelque artiste lisant les Mémoires du XVIIe siècle, et désirant de se rapprocher du grand Roi, croit marcher dans cette voie en se fabriquant une généalogie qui le fait descendre d’une famille historique ou en entretenant une correspondance avec un des souverains actuels de l’Europe, tourne précisément le dos à ce qu’il a le tort de chercher sous des formes identiques et par conséquent mortes, — une vieille dame de province qui ne faisait qu’obéir sincèrement à d’irrésistibles manies et à une méchanceté née de l’oisiveté, voyait sans avoir jamais pensé à Louis XIV les occupations les plus insignifiantes de sa journée, concernant son lever, son déjeuner, son repos, prendre par leur singularité despotique un peu de l’intérêt de ce que Saint-Simon appelait la «mécanique» de la vie à Versailles, et pouvait croire aussi que ses silences, une nuance de bonne humeur ou de hauteur dans sa physionomie, étaient de la part de Françoise l’objet d’un commentaire aussi passionné, aussi craintif que l’étaient le silence, la bonne humeur, la hauteur du Roi quand un courtisan, ou même les plus grands seigneurs, lui avaient remis une supplique, au détour d’une allée, à Versailles.	And in this way — whereas an artist who had been reading memoirs of the seventeenth century, and wished to bring himself nearer to the great Louis, would consider that he was making progress in that direction when he constructed a pedigree that traced his own descent from some historic family, or when he engaged in correspondence with one of the reigning Sovereigns of Europe, and so would shut his eyes to the mistake he was making in seeking to establish a similarity by an exact and therefore lifeless copy of mere outward forms — a middle-aged lady in a small country town, by doing no more than yield whole-hearted obedience to her own irresistible eccentricities, and to a spirit of mischief engendered by the utter idleness of her existence, could see, without ever having given a thought to Louis XIV, the most trivial occupations of her daily life, her morning toilet, her luncheon, her afternoon nap, assume, by virtue of their despotic singularity, something of the interest that was to be found in what Saint-Simon used to call the 'machinery' of life at Versailles; and was able, too, to persuade herself that her silence, a shade of good humour or of arrogance on her features would provide Françoise with matter for a mental commentary as tense with passion and terror, as did the silence, the good humour or the arrogance of the King when a courtier, or even his greatest nobles, had presented a petition to him, at the turning of an avenue, at Versailles.
725	776	0.414	Un dimanche, où ma tante avait eu la visite simultanée du curé et d’Eulalie, et s’était ensuite reposée, nous étions tous montés lui dire bonsoir, et maman lui adressait ses condoléances sur la mauvaise chance qui amenait toujours ses visiteurs à la même heure:	One Sunday, when my aunt had received simultaneous visits from the Curé and from Eulalie, and had been left alone, afterwards, to rest, the whole family went upstairs to bid her good night, and Mamma ventured to condole with her on the unlucky coincidence that always brought both visitors to her door at the same time.
726	777	0.373	—«Je sais que les choses se sont encore mal arrangées tantôt, Léonie, lui dit-elle avec douceur, vous avez eu tout votre monde à la fois.»	"""I hear that things went wrong again to-day, Léonie,"" she said kindly, ""you have had all your friends here at once."""
727	778	0.457	Ce que ma grand’tante interrompit par: «Abondance de biens…» car depuis que sa fille était malade elle croyait devoir la remonter en lui présentant toujours tout par le bon côté.	"And my great-aunt interrupted with: ""Too many good things…"" for, since her daughter's illness, she felt herself in duty bound to revive her as far as possible by always drawing her attention to the brighter side of things."
728	779	0.534	Mais mon père prenant la parole:	But my father had begun to speak.
729	780	0.551	—«Je veux profiter, dit-il, de ce que toute la famille est réunie pour vous faire un récit sans avoir besoin de le recommencer à chacun.	"""I should like to take advantage,"" he said, ""of the whole family's being here together, to tell you a story, so as not to have to begin all over again to each of you separately."
730	781	0.330	J’ai peur que nous ne soyons fâchés avec Legrandin: il m’a à peine dit bonjour ce matin.»	"I am afraid we are in M. Legrandin's bad books; he would hardly say 'How d'ye do' to me this morning."""
731	782	0.375	Je ne restai pas pour entendre le récit de mon père, car j’étais justement avec lui après la messe quand nous avions rencontré M. Legrandin, et je descendis à la cuisine demander le menu du dîner qui tous les jours me distrayait comme les nouvelles qu’on lit dans un journal et m’excitait à la façon d’un programme de fête.	I did not wait to hear the end of my father's story, for I had been with him myself after mass when we had passed M. Legrandin; instead, I went downstairs to the kitchen to ask for the bill of fare for our dinner, which was of fresh interest to me daily, like the news in a paper, and excited me as might the programme of a coming festivity.
732	783	0.304	Comme M. Legrandin avait passé près de nous en sortant de l’église, marchant à côté d’une châtelaine du voisinage que nous ne connaissions que de vue, mon père avait fait un salut à la fois amical et réservé, sans que nous nous arrêtions; M. Legrandin avait à peine répondu, d’un air étonné, comme s’il ne nous reconnaissait pas, et avec cette perspective du regard particulière aux personnes qui ne veulent pas être aimables et qui, du fond subitement prolongé de leurs yeux, ont l’air de vous apercevoir comme au bout d’une route interminable et à une si grande distance qu’elles se contentent de vous adresser un signe de tête minuscule pour le proportionner à vos dimensions de marionnette.	As M. Legrandin had passed close by us on our way from church, walking by the side of a lady, the owner of a country house in the neighbourhood, whom we knew only by sight, my father had saluted him in a manner at once friendly and reserved, without stopping in his walk; M. Legrandin had barely acknowledged the courtesy, and then with an air of surprise, as though he had not recognised us, and with that distant look characteristic of people who do not wish to be agreeable, and who from the suddenly receding depths of their eyes seem to have caught sight of you at the far end of an interminably straight road, and at so great a distance that they content themselves with directing towards you an almost imperceptible movement of the head, in proportion to your doll-like dimensions.
733	784	0.335	Or, la dame qu’accompagnait Legrandin était une personne vertueuse et considérée; il ne pouvait être question qu’il fût en bonne fortune et gêné d’être surpris, et mon père se demandait comment il avait pu mécontenter Legrandin.	Now, the lady who was walking with Legrandin was a model of virtue, known and highly respected; there could be no question of his being out for amorous adventure, and annoyed at being detected; and my father asked himself how he could possibly have displeased our friend.
734	785	0.487	«Je regretterais d’autant plus de le savoir fâché, dit mon père, qu’au milieu de tous ces gens endimanchés il a, avec son petit veston droit, sa cravate molle, quelque chose de si peu apprêté, de si vraiment simple, et un air presque ingénu qui est tout à fait sympathique.»	"""I should be all the more sorry to feel that he was angry with us,"" he said, ""because among all those people in their Sunday clothes there is something about him, with his little cut-away coat and his soft neckties, so little 'dressed-up,' so genuinely simple; an air of innocence, almost, which is really attractive."""
735	786	0.465	Mais le conseil de famille fut unanimement d’avis que mon père s’était fait une idée, ou que Legrandin, à ce moment-là, était absorbé par quelque pensée.	But the vote of the family council was unanimous, that my father had imagined the whole thing, or that Legrandin, at the moment in question, had been preoccupied in thinking about something else.
736	787	0.522	D’ailleurs la crainte de mon père fut dissipée dès le lendemain soir.	Anyhow, my father's fears were dissipated no later than the following evening.
737	788	0.625	Comme nous revenions d’une grande promenade, nous aperçûmes près du Pont-Vieux Legrandin, qui à cause des fêtes, restait plusieurs jours à Combray.	As we returned from a long walk we saw, near the Pont-Vieux, Legrandin himself, who, on account of the holidays, was spending a few days more in Combray.
738	789	0.671	Il vint à nous la main tendue: «Connaissez-vous, monsieur le liseur, me demanda-t-il, ce vers de Paul Desjardins:	"He came up to us with outstretched hand: ""Do you know, master book-lover,"" he asked me, ""this line of Paul Desjardins?"
739	790	0.675	Les bois sont déjà noirs, le ciel est encor bleu.	Now are the woods all black, but still the sky is blue.
740	791	0.524	N’est-ce pas la fine notation de cette heure-ci?	Is not that a fine rendering of a moment like this?
741	792	0.663	Vous n’avez peut-être jamais lu Paul Desjardins.	Perhaps you have never read Paul Desjardins.
742	793	0.496	Lisez-le, mon enfant; aujourd’hui il se mue, me dit-on, en frère prêcheur, mais ce fut longtemps un aquarelliste limpide…	Read him, my boy, read him; in these days he is converted, they tell me, into a preaching friar, but he used to have the most charming water-colour touch —
743	794	0.394	Les bois sont déjà noirs, le ciel est encor bleu…	Now are the woods all black, but still the sky is blue.
744	795	0.444	Que le ciel reste toujours bleu pour vous, mon jeune ami; et même à l’heure, qui vient pour moi maintenant, où les bois sont déjà noirs, où la nuit tombe vite, vous vous consolerez comme je fais en regardant du côté du ciel.»	"May you always see a blue sky overhead, my young friend; and then, even when the time comes, which is coming now for me, when the woods are all black, when night is fast falling, you will be able to console yourself, as I am doing, by looking up to the sky."""
745	796-797	0.561	Il sortit de sa poche une cigarette, resta longtemps les yeux à l’horizon, «Adieu, les camarades», nous dit-il tout à coup, et il nous quitta.	"He took a cigarette from his pocket and stood for a long time, his eyes fixed on the horizon. ""Goodbye, friends!"" he suddenly exclaimed, and left us."
746	798	0.375	A cette heure où je descendais apprendre le menu, le dîner était déjà commencé, et Françoise, commandant aux forces de la nature devenues ses aides, comme dans les féeries où les géants se font engager comme cuisiniers, frappait la houille, donnait à la vapeur des pommes de terre à étuver et faisait finir à point par le feu les chefs-d’œuvre culinaires d’abord préparés dans des récipients de céramiste qui allaient des grandes cuves, marmites, chaudrons et poissonnières, aux terrines pour le gibier, moules à pâtisserie, et petits pots de crème en passant par une collection complète de casserole de toutes dimensions.	At the hour when I usually went downstairs to find out what there was for dinner, its preparation would already have begun, and Françoise, a colonel with all the forces of nature for her subalterns, as in the fairy-tales where giants hire themselves out as scullions, would be stirring the coals, putting the potatoes to steam, and, at the right moment, finishing over the fire those culinary masterpieces which had been first got ready in some of the great array of vessels, triumphs of the potter's craft, which ranged from tubs and boilers and cauldrons and fish kettles down to jars for game, moulds for pastry, and tiny pannikins for cream, and included an entire collection of pots and pans of every shape and size.
747	799	0.327	Je m’arrêtais à voir sur la table, où la fille de cuisine venait de les écosser, les petits pois alignés et nombrés comme des billes vertes dans un jeu; mais mon ravissement était devant les asperges, trempées d’outremer et de rose et dont l’épi, finement pignoché de mauve et d’azur, se dégrade insensiblement jusqu’au pied, — encore souillé pourtant du sol de leur plant, — par des irisations qui ne sont pas de la terre.	I would stop by the table, where the kitchen-maid had shelled them, to inspect the platoons of peas, drawn up in ranks and numbered, like little green marbles, ready for a game; but what fascinated me would be the asparagus, tinged with ultramarine and rosy pink which ran from their heads, finely stippled in mauve and azure, through a series of imperceptible changes to their white feet, still stained a little by the soil of their garden-bed: a rainbow-loveliness that was not of this world.
748	800	0.385	Il me semblait que ces nuances célestes trahissaient les délicieuses créatures qui s’étaient amusées à se métamorphoser en légumes et qui, à travers le déguisement de leur chair comestible et ferme, laissaient apercevoir en ces couleurs naissantes d’aurore, en ces ébauches d’arc-en-ciel, en cette extinction de soirs bleus, cette essence précieuse que je reconnaissais encore quand, toute la nuit qui suivait un dîner où j’en avais mangé, elles jouaient, dans leurs farces poétiques et grossières comme une féerie de Shakespeare, à changer mon pot de chambre en un vase de parfum.	I felt that these celestial hues indicated the presence of exquisite creatures who had been pleased to assume vegetable form, who, through the disguise which covered their firm and edible flesh, allowed me to discern in this radiance of earliest dawn, these hinted rainbows, these blue evening shades, that precious quality which I should recognise again when, all night long after a dinner at which I had partaken of them, they played (lyrical and coarse in their jesting as the fairies in Shakespeare's _Dream_) at transforming my humble chamber into a bower of aromatic perfume.
749	801	0.444	La pauvre Charité de Giotto, comme l’appelait Swann, chargée par Françoise de les «plumer», les avait près d’elle dans une corbeille, son air était douloureux, comme si elle ressentait tous les malheurs de la terre; et les légères couronnes d’azur qui ceignaient les asperges au-dessus de leurs tuniques de rose étaient finement dessinées, étoile par étoile, comme le sont dans la fresque les fleurs bandées autour du front ou piquées dans la corbeille de la Vertu de Padoue.	Poor Giotto's Charity, as Swann had named her, charged by Françoise with the task of preparing them for the table, would have them lying beside her in a basket; sitting with a mournful air, as though all the sorrows of the world were heaped upon her; and the light crowns of azure which capped the asparagus shoots above their pink jackets would be finely and separately outlined, star by star, as in Giotto's fresco are the flowers banded about the brows, or patterning the basket of his Virtue at Padua.
750	802	0.410	Et cependant, Françoise tournait à la broche un de ces poulets, comme elle seule savait en rôtir, qui avaient porté loin dans Combray l’odeur de ses mérites, et qui, pendant qu’elle nous les servait à table, faisaient prédominer la douceur dans ma conception spéciale de son caractère, l’arôme de cette chair qu’elle savait rendre si onctueuse et si tendre n’étant pour moi que le propre parfum d’une de ses vertus.	And, meanwhile, Françoise would be turning on the spit one of those chickens, such as she alone knew how to roast, chickens which had wafted far abroad from Combray the sweet savour of her merits, and which, while she was serving them to us at table, would make the quality of kindness predominate for the moment in my private conception of her character; the aroma of that cooked flesh, which she knew how to make so unctuous and so tender, seeming to me no more than the proper perfume of one of her many virtues.
751	803	0.434	Mais le jour où, pendant que mon père consultait le conseil de famille sur la rencontre de Legrandin, je descendis à la cuisine, était un de ceux où la Charité de Giotto, très malade de son accouchement récent, ne pouvait se lever; Françoise, n’étant plus aidée, était en retard.	But the day on which, while my father took counsel with his family upon our strange meeting with Legrandin, I went down to the kitchen, was one of those days when Giotto's Charity, still very weak and ill after her recent confinement, had been unable to rise from her bed; Françoise, being without assistance, had fallen into arrears.
752	804-805	0.309	Quand je fus en bas, elle était en train, dans l’arrière-cuisine qui donnait sur la basse-cour, de tuer un poulet qui, par sa résistance désespérée et bien naturelle, mais accompagnée par Françoise hors d’elle, tandis qu’elle cherchait à lui fendre le cou sous l’oreille, des cris de «sale bête! sale bête!», mettait la sainte douceur et l’onction de notre servante un peu moins en lumière qu’il n’eût fait, au dîner du lendemain, par sa peau brodée d’or comme une chasuble et son jus précieux égoutté d’un ciboire.	"When I went in, I saw her in the back-kitchen which opened on to the courtyard, in process of killing a chicken; by its desperate and quite natural resistance, which Françoise, beside herself with rage as she attempted to slit its throat beneath the ear, accompanied with shrill cries of ""Filthy creature! Filthy creature!"" it made the saintly kindness and unction of our servant rather less prominent than it would do, next day at dinner, when it made its appearance in a skin gold-embroidered like a chasuble, and its precious juice was poured out drop by drop as from a pyx."
753	806	0.401	Quand il fut mort, Françoise recueillit le sang qui coulait sans noyer sa rancune, eut encore un sursaut de colère, et regardant le cadavre de son ennemi, dit une dernière fois: «Sale bête!»	"When it was dead Françoise mopped up its streaming blood, in which, however, she did not let her rancour drown, for she gave vent to another burst of rage, and, gazing down at the carcass of her enemy, uttered a final ""Filthy creature!"""
754	807	0.330	Je remontai tout tremblant; j’aurais voulu qu’on mît Françoise tout de suite à la porte.	I crept out of the kitchen and upstairs, trembling all over; I could have prayed, then, for the instant dismissal of Françoise.
755	808	0.581	Mais qui m’eût fait des boules aussi chaudes, du café aussi parfumé, et même… ces poulets? …	But who would have baked me such hot rolls, boiled me such fragrant coffee, and even — roasted me such chickens?
756	809	0.399	Et en réalité, ce lâche calcul, tout le monde avait eu à le faire comme moi.	And, as it happened, everyone else had already had to make the same cowardly reckoning.
757	810	0.438	Car ma tante Léonie savait, — ce que j’ignorais encore, — que Françoise qui, pour sa fille, pour ses neveux, aurait donné sa vie sans une plainte, était pour d’autres êtres d’une dureté singulière.	For my aunt Léonie knew (though I was still in ignorance of this) that Françoise, who, for her own daughter or for her nephews, would have given her life without a murmur, shewed a singular implacability in her dealings with the rest of the world.
758	811	0.464	Malgré cela ma tante l’avait gardée, car si elle connaissait sa cruauté, elle appréciait son service.	In spite of which my aunt still retained her, for, while conscious of her cruelty, she could appreciate her services.
759	812	0.497	Je m’aperçus peu à peu que la douceur, la componction, les vertus de Françoise cachaient des tragédies d’arrière-cuisine, comme l’histoire découvre que les règnes des Rois et des Reines, qui sont représentés les mains jointes dans les vitraux des églises, furent marqués d’incidents sanglants.	I began gradually to realise that Françoise's kindness, her compunction, the sum total of her virtues concealed many of these back-kitchen tragedies, just as history reveals to us that the reigns of the kings and queens who are portrayed as kneeling with clasped hands in the windows of churches, were stained by oppression and bloodshed.
760	813	0.335	Je me rendis compte que, en dehors de ceux de sa parenté, les humains excitaient d’autant plus sa pitié par leurs malheurs, qu’ils vivaient plus éloignés d’elle.	I had taken note of the fact that, apart from her own kinsfolk, the sufferings of humanity inspired in her a pity which increased in direct ratio to the distance separating the sufferers from herself.
761	814	0.521	Les torrents de larmes qu’elle versait en lisant le journal sur les infortunes des inconnus se tarissaient vite si elle pouvait se représenter la personne qui en était l’objet d’une façon un peu précise.	The tears which flowed from her in torrents when she read of the misfortunes of persons unknown to her, in a newspaper, were quickly stemmed once she had been able to form a more accurate mental picture of the victims.
762	815	0.587	Une de ces nuits qui suivirent l’accouchement de la fille de cuisine, celle-ci fut prise d’atroces coliques; maman l’entendit se plaindre, se leva et réveilla Françoise qui, insensible, déclara que tous ces cris étaient une comédie, qu’elle voulait «faire la maîtresse».	One night, shortly after her confinement, the kitchen-maid was seized with the most appalling pains; Mamma heard her groans, and rose and awakened Françoise, who, quite unmoved, declared that all the outcry was mere malingering, that the girl wanted to 'play the mistress' in the house.
763	816	0.475	Le médecin, qui craignait ces crises, avait mis un signet, dans un livre de médecine que nous avions, à la page où elles sont décrites et où il nous avait dit de nous reporter pour trouver l’indication des premiers soins à donner.	The doctor, who had been afraid of some such attack, had left a marker in a medical dictionary which we had, at the page on which the symptoms were described, and had told us to turn up this passage, where we would find the measures of 'first aid' to be adopted.
764	817	0.378	Ma mère envoya Françoise chercher le livre en lui recommandant de ne pas laisser tomber le signet.	My mother sent Françoise to fetch the book, warning her not to let the marker drop out.
765	818	0.364	Au bout d’une heure, Françoise n’était pas revenue; ma mère indignée crut qu’elle s’était recouchée et me dit d’aller voir moi-même dans la bibliothèque.	An hour elapsed, and Françoise had not returned; my mother, supposing that she had gone back to bed, grew vexed, and told me to go myself to the bookcase and fetch the volume.
766	819	0.400	J’y trouvai Françoise qui, ayant voulu regarder ce que le signet marquait, lisait la description clinique de la crise et poussait des sanglots maintenant qu’il s’agissait d’une malade-type qu’elle ne connaissait pas.	I did so, and there found Françoise who, in her curiosity to know what the marker indicated, had begun to read the clinical account of these after-pains, and was violently sobbing, now that it was a question of a type of illness with which she was not familiar.
767-768	820	0.381	A chaque symptôme douloureux mentionné par l’auteur du traité, elle s’écriait: «Hé là! Sainte Vierge, est-il possible que le bon Dieu veuille faire souffrir ainsi une malheureuse créature humaine?	"At each painful symptom mentioned by the writer she would exclaim: ""Oh, oh, Holy Virgin, is it possible that God wishes any wretched human creature to suffer so?"
769	821	0.487	Hé! la pauvre!»	"Oh, the poor girl!"""
770	822-824	0.538	Mais dès que je l’eus appelée et qu’elle fut revenue près du lit de la Charité de Giotto, ses larmes cessèrent aussitôt de couler; elle ne put reconnaître ni cette agréable sensation de pitié et d’attendrissement qu’elle connaissait bien et que la lecture des journaux lui avait souvent donnée, ni aucun plaisir de même famille, dans l’ennui et dans l’irritation de s’être levée au milieu de la nuit pour la fille de cuisine; et à la vue des mêmes souffrances dont la description l’avait fait pleurer, elle n’eut plus que des ronchonnements de mauvaise humeur, même d’affreux sarcasmes, disant, quand elle crut que nous étions partis et ne pouvions plus l’entendre: «Elle n’avait qu’à ne pas faire ce qu’il faut pour ça! ça lui a fait plaisir! qu’elle ne fasse pas de manières maintenant.	"But when I had called her, and she had returned to the bedside of Giotto's Charity, her tears at once ceased to flow; she could find no stimulus for that pleasant sensation of tenderness and pity which she very well knew, having been moved to it often enough by the perusal of newspapers; nor any other pleasure of the same kind in her sense of weariness and irritation at being pulled out of bed in the middle of the night for the kitchen-maid; so that at the sight of those very sufferings, the printed account of which had moved her to tears, she had nothing to offer but ill-tempered mutterings, mingled with bitter sarcasm, saying, when she thought that we had gone out of earshot: ""Well, she need never have done what she must have done to bring all this about! She found that pleasant enough, I dare say! She had better not put on any airs now."
771	825	0.463	Faut-il tout de même qu’un garçon ait été abandonné du bon Dieu pour aller avec ça.	All the same, he must have been a god-forsaken young man to go after _that_.
772	826	0.590	Ah! c’est bien comme on disait dans le patois de ma pauvre mère:	Dear, dear, it's just as they used to say in my poor mother's country:
773-774	827	0.110	«Qui du cul d’un chien s’amourose «Il lui paraît une rose.»	"Snaps and snails and puppy-dogs' tails, And dirty sluts in plenty, Smell sweeter than roses in young men's noses When the heart is one-and-twenty."""
775	828	0.391	Si, quand son petit-fils était un peu enrhumé du cerveau, elle partait la nuit, même malade, au lieu de se coucher, pour voir s’il n’avait besoin de rien, faisant quatre lieues à pied avant le jour afin d’être rentrée pour son travail, en revanche ce même amour des siens et son désir d’assurer la grandeur future de sa maison se traduisait dans sa politique à l’égard des autres domestiques par une maxime constante qui fut de n’en jamais laisser un seul s’implanter chez ma tante, qu’elle mettait d’ailleurs une sorte d’orgueil à ne laisser approcher par personne, préférant, quand elle-même était malade, se relever pour lui donner son eau de Vichy plutôt que de permettre l’accès de la chambre de sa maîtresse à la fille de cuisine.	Although, when her grandson had a slight cold in his head, she would set off at night, even if she were ill also, instead of going to bed, to see whether he had everything that he wanted, covering ten miles on foot before daybreak so as to be in time to begin her work, this same love for her own people, and her desire to establish the future greatness of her house on a solid foundation reacted, in her policy with regard to the other servants, in one unvarying maxim, which was never to let any of them set foot in my aunt's room; indeed she shewed a sort of pride in not allowing anyone else to come near my aunt, preferring, when she herself was ill, to get out of bed and to administer the Vichy water in person, rather than to concede to the kitchen-maid the right of entry into her mistress's presence.
776	829-830	0.365	Et comme cet hyménoptère observé par Fabre, la guêpe fouisseuse, qui pour que ses petits après sa mort aient de la viande fraîche à manger, appelle l’anatomie au secours de sa cruauté et, ayant capturé des charançons et des araignées, leur perce avec un savoir et une adresse merveilleux le centre nerveux d’où dépend le mouvement des pattes, mais non les autres fonctions de la vie, de façon que l’insecte paralysé près duquel elle dépose ses œufs, fournisse aux larves, quand elles écloront un gibier docile, inoffensif, incapable de fuite ou de résistance, mais nullement faisandé, Françoise trouvait pour servir sa volonté permanente de rendre la maison intenable à tout domestique, des ruses si savantes et si impitoyables que, bien des années plus tard, nous apprîmes que si cet été-là nous avions mangé presque tous les jours des asperges, c’était parce que leur odeur donnait à la pauvre fille de cuisine chargée de les éplucher des crises d’asthme d’une telle violence qu’elle fut obligée de finir par s’en aller.	There is a species of hymenoptera, observed by Fabre, the burrowing wasp, which in order to provide a supply of fresh meat for her offspring after her own decease, calls in the science of anatomy to amplify the resources of her instinctive cruelty, and, having made a collection of weevils and spiders, proceeds with marvellous knowledge and skill to pierce the nerve-centre on which their power of locomotion (but none of their other vital functions) depends, so that the paralysed insect, beside which her egg is laid, will furnish the larva, when it is hatched, with a tamed and inoffensive quarry, incapable either of flight or of resistance, but perfectly fresh for the larder: in the same way Françoise had adopted, to minister to her permanent and unfaltering resolution to render the house uninhabitable to any other servant, a series of crafty and pitiless stratagems. Many years later we discovered that, if we had been fed on asparagus day after day throughout that whole season, it was because the smell of the plants gave the poor kitchen-maid, who had to prepare them, such violent attacks of asthma that she was finally obliged to leave my aunt's service.
777	831	0.508	Hélas! nous devions définitivement changer d’opinion sur Legrandin.	Alas! we had definitely to alter our opinion of M. Legrandin.
778	832	0.403	Un des dimanches qui suivit la rencontre sur le Pont-Vieux après laquelle mon père avait dû confesser son erreur, comme la messe finissait et qu’avec le soleil et le bruit du dehors quelque chose de si peu sacré entrait dans l’église que Mme Goupil, Mme Percepied (toutes les personnes qui tout à l’heure, à mon arrivée un peu en retard, étaient restées les yeux absorbés dans leur prière et que j’aurais même pu croire ne m’avoir pas vu entrer si, en même temps, leurs pieds n’avaient repoussé légèrement le petit banc qui m’empêchait de gagner ma chaise) commençaient à s’entretenir avec nous à haute voix de sujets tout temporels comme si nous étions déjà sur la place, nous vîmes sur le seuil brûlant du porche, dominant le tumulte bariolé du marché, Legrandin, que le mari de cette dame avec qui nous l’avions dernièrement rencontré, était en train de présenter à la femme d’un autre gros propriétaire terrien des environs.	On one of the Sundays following our meeting with him on the Pont-Vieux, after which my father had been forced to confess himself mistaken, as mass drew to an end, and, with the sunshine and the noise of the outer world, something else invaded the church, an atmosphere so far from sacred that Mme. Goupil, Mme. Percepied (all those, in fact, who a moment ago, when I arrived a little late, had been sitting motionless, their eyes fixed on their prayer-books; who, I might even have thought, had not seen me come in, had not their feet moved slightly to push away the little kneeling-desk which was preventing me from getting to my chair) began in loud voices to discuss with us all manner of utterly mundane topics, as though we were already outside in the Square, we saw, standing on the sun-baked steps of the porch, dominating the many-coloured tumult of the market, Legrandin himself, whom the husband of the lady we had seen with him, on the previous occasion, was just going to introduce to the wife of another large landed proprietor of the district.
779	833	0.440	La figure de Legrandin exprimait une animation, un zèle extraordinaires; il fit un profond salut avec un renversement secondaire en arrière, qui ramena brusquement son dos au delà de la position de départ et qu’avait dû lui apprendre le mari de sa sœur, Mme de Cambremer.	Legrandin's face shewed an extraordinary zeal and animation; he made a profound bow, with a subsidiary backward movement which brought his spine sharply up into a position behind its starting-point, a gesture in which he must have been trained by the husband of his sister, Mme. de Cambremer.
780	834	0.496	Ce redressement rapide fit refluer en une sorte d’onde fougueuse et musclée la croupe de Legrandin que je ne supposais pas si charnue; et je ne sais pourquoi cette ondulation de pure matière, ce flot tout charnel, sans expression de spiritualité et qu’un empressement plein de bassesse fouettait en tempête, éveillèrent tout d’un coup dans mon esprit la possibilité d’un Legrandin tout différent de celui que nous connaissions.	This rapid recovery caused a sort of tense muscular wave to ripple over Legrandin's hips, which I had not supposed to be so fleshy; I cannot say why, but this undulation of pure matter, this wholly carnal fluency, with not the least hint in it of spiritual significance, this wave lashed to a fury by the wind of an assiduity, an obsequiousness of the basest sort, awoke my mind suddenly to the possibility of a Legrandin altogether different from the one whom we knew.
781	835	0.405	Cette dame le pria de dire quelque chose à son cocher, et tandis qu’il allait jusqu’à la voiture, l’empreinte de joie timide et dévouée que la présentation avait marquée sur son visage y persistait encore.	The lady gave him some message for her coachman, and while he was stepping down to her carriage the impression of joy, timid and devout, which the introduction had stamped there, still lingered on his face.
782	836	0.409	Ravi dans une sorte de rêve, il souriait, puis il revint vers la dame en se hâtant et, comme il marchait plus vite qu’il n’en avait l’habitude, ses deux épaules oscillaient de droite et de gauche ridiculement, et il avait l’air tant il s’y abandonnait entièrement en n’ayant plus souci du reste, d’être le jouet inerte et mécanique du bonheur.	Carried away in a sort of dream, he smiled, then he began to hurry back towards the lady; he was walking faster than usual, and his shoulders swayed backwards and forwards, right and left, in the most absurd fashion; altogether he looked, so utterly had he abandoned himself to it, ignoring all other considerations, as though he were the lifeless and wire-pulled puppet of his own happiness.
783	837	0.352	Cependant, nous sortions du porche, nous allions passer à côté de lui, il était trop bien élevé pour détourner la tête, mais il fixa de son regard soudain chargé d’une rêverie profonde un point si éloigné de l’horizon qu’il ne put nous voir et n’eut pas à nous saluer.	Meanwhile we were coming out through the porch; we were passing close beside him; he was too well bred to turn his head away; but he fixed his eyes, which had suddenly changed to those of a seer, lost in the profundity of his vision, on so distant a point of the horizon that he could not see us, and so had not to acknowledge our presence.
784	838	0.270	Son visage restait ingénu au-dessus d’un veston souple et droit qui avait l’air de se sentir fourvoyé malgré lui au milieu d’un luxe détesté.	His face emerged, still with an air of innocence, from his straight and pliant coat, which looked as though conscious of having been led astray, in spite of itself, and plunged into surroundings of a detested splendour.
785	839	0.463	Et une lavallière à pois qu’agitait le vent de la Place continuait à flotter sur Legrandin comme l’étendard de son fier isolement et de sa noble indépendance.	And a spotted necktie, stirred by the breezes of the Square, continued to float in front of Legrandin, like the standard of his proud isolation, of his noble independence.
786	840	0.512	Au moment où nous arrivions à la maison, maman s’aperçut qu’on avait oublié le Saint-Honoré et demanda à mon père de retourner avec moi sur nos pas dire qu’on l’apportât tout de suite.	Just as we reached the house my mother discovered that we had forgotten the 'Saint-Honoré,' and asked my father to go back with me and tell them to send it up at once.
787	841	0.464	Nous croisâmes près de l’église Legrandin qui venait en sens inverse conduisant la même dame à sa voiture.	Near the church we met Legrandin, coming towards us with the same lady, whom he was escorting to her carriage.
788	842	0.561	Il passa contre nous, ne s’interrompit pas de parler à sa voisine et nous fit du coin de son œil bleu un petit signe en quelque sorte intérieur aux paupières et qui, n’intéressant pas les muscles de son visage, put passer parfaitement inaperçu de son interlocutrice; mais, cherchant à compenser par l’intensité du sentiment le champ un peu étroit où il en circonscrivait l’expression, dans ce coin d’azur qui nous était affecté il fit pétiller tout l’entrain de la bonne grâce qui dépassa l’enjouement, frisa la malice; il subtilisa les finesses de l’amabilité jusqu’aux clignements de la connivence, aux demi-mots, aux sous-entendus, aux mystères de la complicité; et finalement exalta les assurances d’amitié jusqu’aux protestations de tendresse, jusqu’à la déclaration d’amour, illuminant alors pour nous seuls d’une langueur secrète et invisible à la châtelaine, une prunelle énamourée dans un visage de glace.	He brushed past us, and did not interrupt what he was saying to her, but gave us, out of the corner of his blue eye, a little sign, which began and ended, so to speak, inside his eyelids, and as it did not involve the least movement of his facial muscles, managed to pass quite unperceived by the lady; but, striving to compensate by the intensity of his feelings for the somewhat restricted field in which they had to find expression, he made that blue chink, which was set apart for us, sparkle with all the animation of cordiality, which went far beyond mere playfulness, and almost touched the border-line of roguery; he subtilised the refinements of good-fellowship into a wink of connivance, a hint, a hidden meaning, a secret understanding, all the mysteries of complicity in a plot, and finally exalted his assurances of friendship to the level of protestations of affection, even of a declaration of love, lighting up for us, and for us alone, with a secret and languid flame invisible by the great lady upon his other side, an enamoured pupil in a countenance of ice.
789	843-844	0.537	Il avait précisément demandé la veille à mes parents de m’envoyer dîner ce soir-là avec lui: «Venez tenir compagnie à votre vieil ami, m’avait-il dit.	"Only the day before he had asked my parents to send me to dine with him on this same Sunday evening. ""Come and bear your aged friend company,"" he had said to me."
790	845	0.513	Comme le bouquet qu’un voyageur nous envoie d’un pays où nous ne retournerons plus, faites-moi respirer du lointain de votre adolescence ces fleurs des printemps que j’ai traversés moi aussi il y a bien des années.	"""Like the nosegay which a traveller sends us from some land to which we shall never go again, come and let me breathe from the far country of your adolescence the scent of those flowers of spring among which I also used to wander, many years ago."
791	846	0.355	Venez avec la primevère, la barbe de chanoine, le bassin d’or, venez avec le sédum dont est fait le bouquet de dilection de la flore balzacienne, avec la fleur du jour de la Résurrection, la pâquerette et la boule de neige des jardins qui commence à embaumer dans les allées de votre grand’tante quand ne sont pas encore fondues les dernières boules de neige des giboulées de Pâques.	Come with the primrose, with the canon's beard, with the gold-cup; come with the stone-crop, whereof are posies made, pledges of love, in the Balzacian flora, come with that flower of the Resurrection morning, the Easter daisy, come with the snowballs of the guelder-rose, which begin to embalm with their fragrance the alleys of your great-aunt's garden ere the last snows of Lent are melted from its soil.
792	847	0.442	Venez avec la glorieuse vêture de soie du lis digne de Salomon, et l’émail polychrome des pensées, mais venez surtout avec la brise fraîche encore des dernières gelées et qui va entr’ouvrir, pour les deux papillons qui depuis ce matin attendent à la porte, la première rose de Jérusalem.»	"Come with the glorious silken raiment of the lily, apparel fit for Solomon, and with the many-coloured enamel of the pansies, but come, above all, with the spring breeze, still cooled by the last frosts of winter, wafting apart, for the two butterflies' sake, that have waited outside all morning, the closed portals of the first Jerusalem rose."""
793	848	0.573	On se demandait à la maison si on devait m’envoyer tout de même dîner avec M. Legrandin.	The question was raised at home whether, all things considered, I ought still to be sent to dine with M. Legrandin.
794	849	0.558	Mais ma grand’mère refusa de croire qu’il eût été impoli.	But my grandmother refused to believe that he could have been impolite.
795	850	0.480	«Vous reconnaissez vous-même qu’il vient là avec sa tenue toute simple qui n’est guère celle d’un mondain.»	"""You admit yourself that he appears at church there, quite simply dressed, and all that; he hardly looks like a man of fashion."""
796	851	0.341	Elle déclarait qu’en tous cas, et à tout mettre au pis, s’il l’avait été, mieux valait ne pas avoir l’air de s’en être aperçu.	She added that; in any event, even if, at the worst, he had been intentionally rude, it was far better for us to pretend that we had noticed nothing.
797	852	0.463	A vrai dire mon père lui-même, qui était pourtant le plus irrité contre l’attitude qu’avait eue Legrandin, gardait peut-être un dernier doute sur le sens qu’elle comportait.	And indeed my father himself, though more annoyed than any of us by the attitude which Legrandin had adopted, may still have held in reserve a final uncertainty as to its true meaning.
798	853	0.560	Elle était comme toute attitude ou action où se révèle le caractère profond et caché de quelqu’un: elle ne se relie pas à ses paroles antérieures, nous ne pouvons pas la faire confirmer par le témoignage du coupable qui n’avouera pas; nous en sommes réduits à celui de nos sens dont nous nous demandons, devant ce souvenir isolé et incohérent, s’ils n’ont pas été le jouet d’une illusion; de sorte que de telles attitudes, les seules qui aient de l’importance, nous laissent souvent quelques doutes.	It was like every attitude or action which reveals a man's deep and hidden character; they bear no relation to what he has previously said, and we cannot confirm our suspicions by the culprit's evidence, for he will admit nothing; we are reduced to the evidence of our own senses, and we ask ourselves, in the face of this detached and incoherent fragment of recollection, whether indeed our senses have not been the victims of a hallucination; with the result that such attitudes, and these alone are of importance in indicating character, are the most apt to leave us in perplexity.
799	854-855	0.368	Je dînai avec Legrandin sur sa terrasse; il faisait clair de lune: «Il y a une jolie qualité de silence, n’est-ce pas, me dit-il; aux cœurs blessés comme l’est le mien, un romancier que vous lirez plus tard, prétend que conviennent seulement l’ombre et le silence.	"I dined with Legrandin on the terrace of his house, by moonlight. ""There is a charming quality, is there not,"" he said to me, ""in this silence; for hearts that are wounded, as mine is, a novelist, whom you will read in time to come, claims that there is no remedy but silence and shadow."
800	856	0.428	Et voyez-vous, mon enfant, il vient dans la vie une heure dont vous êtes bien loin encore où les yeux las ne tolèrent plus qu’une lumière, celle qu’une belle nuit comme celle-ci prépare et distille avec l’obscurité, où les oreilles ne peuvent plus écouter de musique que celle que joue le clair de lune sur la flûte du silence.»	"And see you this, my boy, there comes in all lives a time, towards which you still have far to go, when the weary eyes can endure but one kind of light, the light which a fine evening like this prepares for us in the stillroom of darkness, when the ears can listen to no music save what the moonlight breathes through the flute of silence."""
801	857	0.338	J’écoutais les paroles de M. Legrandin qui me paraissaient toujours si agréables; mais troublé par le souvenir d’une femme que j’avais aperçue dernièrement pour la première fois, et pensant, maintenant que je savais que Legrandin était lié avec plusieurs personnalités aristocratiques des environs, que peut-être il connaissait celle-ci, prenant mon courage, je lui dis: «Est-ce que vous connaissez, monsieur, la… les châtelaines de Guermantes», heureux aussi en prononçant ce nom de prendre sur lui une sorte de pouvoir, par le seul fait de le tirer de mon rêve et de lui donner une existence objective et sonore.	"I could hear what M. Legrandin was saying; like everything that he said, it sounded attractive; but I was disturbed by the memory of a lady whom I had seen recently for the first time; and thinking, now that I knew that Legrandin was on friendly terms with several of the local aristocracy, that perhaps she also was among his acquaintance, I summoned up all my courage and said to him: ""Tell me, sir, do you, by any chance, know the lady — the ladies of Guermantes?"" and I felt glad because, in pronouncing the name, I had secured a sort of power over it, by the mere act of drawing it up out of my dreams and giving it an objective existence in the world of spoken things."
802	858	0.450	Mais à ce nom de Guermantes, je vis au milieu des yeux bleus de notre ami se ficher une petite encoche brune comme s’ils venaient d’être percés par une pointe invisible, tandis que le reste de la prunelle réagissait en sécrétant des flots d’azur.	But, at the sound of the word Guermantes, I saw in the middle of each of our friend's blue eyes a little brown dimple appear, as though they had been stabbed by some invisible pin-point, while the rest of his pupils, reacting from the shock, received and secreted the azure overflow.
803	859	0.475	Le cerne de sa paupière noircit, s’abaissa.	His fringed eyelids darkened, and drooped.
804	860-861	0.540	Et sa bouche marquée d’un pli amer se ressaisissant plus vite sourit, tandis que le regard restait douloureux, comme celui d’un beau martyr dont le corps est hérissé de flèches: «Non, je ne les connais pas», dit-il, mais au lieu de donner à un renseignement aussi simple, à une réponse aussi peu surprenante le ton naturel et courant qui convenait, il le débita en appuyant sur les mots, en s’inclinant, en saluant de la tête, à la fois avec l’insistance qu’on apporte, pour être cru, à une affirmation invraisemblable, — comme si ce fait qu’il ne connût pas les Guermantes ne pouvait être l’effet que d’un hasard singulier — et aussi avec l’emphase de quelqu’un qui, ne pouvant pas taire une situation qui lui est pénible, préfère la proclamer pour donner aux autres l’idée que l’aveu qu’il fait ne lui cause aucun embarras, est facile, agréable, spontané, que la situation elle-même — l’absence de relations avec les Guermantes, — pourrait bien avoir été non pas subie, mais voulue par lui, résulter de quelque tradition de famille, principe de morale ou vœu mystique lui interdisant nommément la fréquentation des Guermantes.	"His mouth, which had been stiffened and seared with bitter lines, was the first to recover, and smiled, while his eyes still seemed full of pain, like the eyes of a good-looking martyr whose body bristles with arrows. ""No, I do not know them,"" he said, but instead of uttering so simple a piece of information, a reply in which there was so little that could astonish me, in the natural and conversational tone which would have befitted it, he recited it with a separate stress upon each word, leaning forward, bowing his head, with at once the vehemence which a man gives, so as to be believed, to a highly improbable statement (as though the fact that he did not know the Guermantes could be due only to some strange accident of fortune) and with the emphasis of a man who, finding himself unable to keep silence about what is to him a painful situation, chooses to proclaim it aloud, so as to convince his hearers that the confession he is making is one that causes him no embarrassment, but is easy, agreeable, spontaneous, that the situation in question, in this case the absence of relations with the Guermantes family, might very well have been not forced upon, but actually designed by Legrandin himself, might arise from some family tradition, some moral principle or mystical vow which expressly forbade his seeking their society."
805	862-863	0.423	«Non, reprit-il, expliquant par ses paroles sa propre intonation, non, je ne les connais pas, je n’ai jamais voulu, j’ai toujours tenu à sauvegarder ma pleine indépendance; au fond je suis une tête jacobine, vous le savez.	"""No,"" he resumed, explaining by his words the tone in which they were uttered. ""No, I do not know them; I have never wished to know them; I have always made a point of preserving complete independence; at heart, as you know, I am a bit of a Radical."
806	864	0.454	Beaucoup de gens sont venus à la rescousse, on me disait que j’avais tort de ne pas aller à Guermantes, que je me donnais l’air d’un malotru, d’un vieil ours.	People are always coming to me about it, telling me I am mistaken in not going to Guermantes, that I make myself seem ill-bred, uncivilised, an old bear.
807	865	0.537	Mais voilà une réputation qui n’est pas pour m’effrayer, elle est si vraie!	But that's not the sort of reputation that can frighten me; it's too true!
808	866	0.472	Au fond, je n’aime plus au monde que quelques églises, deux ou trois livres, à peine davantage de tableaux, et le clair de lune quand la brise de votre jeunesse apporte jusqu’à moi l’odeur des parterres que mes vieilles prunelles ne distinguent plus.»	"In my heart of hearts I care for nothing in the world now but a few churches, books — two or three, pictures — rather more, perhaps, and the light of the moon when the fresh breeze of youth (such as yours) wafts to my nostrils the scent of gardens whose flowers my old eyes are not sharp enough, now, to distinguish."""
809	867	0.396	Je ne comprenais pas bien que pour ne pas aller chez des gens qu’on ne connaît pas, il fût nécessaire de tenir à son indépendance, et en quoi cela pouvait vous donner l’air d’un sauvage ou d’un ours.	I did not understand very clearly why, in order to refrain from going to the houses of people whom one did not know, it should be necessary to cling to one's independence, nor how that could give one the appearance of a savage or a bear.
810	868	0.392	Mais ce que je comprenais c’est que Legrandin n’était pas tout à fait véridique quand il disait n’aimer que les églises, le clair de lune et la jeunesse; il aimait beaucoup les gens des châteaux et se trouvait pris devant eux d’une si grande peur de leur déplaire qu’il n’osait pas leur laisser voir qu’il avait pour amis des bourgeois, des fils de notaires ou d’agents de change, préférant, si la vérité devait se découvrir, que ce fût en son absence, loin de lui et «par défaut»; il était snob.	But what I did understand was this, that Legrandin was not altogether truthful when he said that he cared only for churches, moonlight, and youth; he cared also, he cared a very great deal, for people who lived in country houses, and would be so much afraid, when in their company, of incurring their displeasure that he would never dare to let them see that he numbered, as well, among his friends middle-class people, the families of solicitors and stockbrokers, preferring, if the truth must be known, that it should be revealed in his absence, when he was out of earshot, that judgment should go against him (if so it must) by default: in a word, he was a snob.
811	869	0.547	Sans doute il ne disait jamais rien de tout cela dans le langage que mes parents et moi-même nous aimions tant.	Of course he would never have admitted all or any of this in the poetical language which my family and I so much admired.
812	870-871	0.515	Et si je demandais: «Connaissez-vous les Guermantes?», Legrandin le causeur répondait: «Non, je n’ai jamais voulu les connaître.»	"And if I asked him, ""Do you know the Guermantes family?"" Legrandin the talker would reply, ""No, I have never cared to know them."""
813	872-874	0.432	Malheureusement il ne le répondait qu’en second, car un autre Legrandin qu’il cachait soigneusement au fond de lui, qu’il ne montrait pas, parce que ce Legrandin-là savait sur le nôtre, sur son snobisme, des histoires compromettantes, un autre Legrandin avait déjà répondu par la blessure du regard, par le rictus de la bouche, par la gravité excessive du ton de la réponse, par les mille flèches dont notre Legrandin s’était trouvé en un instant lardé et alangui, comme un saint Sébastien du snobisme: «Hélas! que vous me faites mal, non je ne connais pas les Guermantes, ne réveillez pas la grande douleur de ma vie.»	"But unfortunately the talker was now subordinated to another Legrandin, whom he kept carefully hidden in his breast, whom he would never consciously exhibit, because this other could tell stories about our own Legrandin and about his snobbishness which would have ruined his reputation for ever; and this other Legrandin had replied to me already in that wounded look, that stiffened smile, the undue gravity of his tone in uttering those few words, in the thousand arrows by which our own Legrandin had instantaneously been stabbed and sickened, like a Saint Sebastian of snobbery: ""Oh, how you hurt me! No, I do not know the Guermantes family."
814	875-876	0.320	Et comme ce Legrandin enfant terrible, ce Legrandin maître chanteur, s’il n’avait pas le joli langage de l’autre, avait le verbe infiniment plus prompt, composé de ce qu’on appelle «réflexes», quand Legrandin le causeur voulait lui imposer silence, l’autre avait déjà parlé et notre ami avait beau se désoler de la mauvaise impression que les révélations de son alter ego avaient dû produire, il ne pouvait qu’entreprendre de la pallier.	"Do not remind me of the great sorrow of my life."" And since this other, this irrepressible, dominant, despotic Legrandin, if he lacked our Legrandin's charming vocabulary, shewed an infinitely greater promptness in expressing himself, by means of what are called 'reflexes,' it followed that, when Legrandin the talker attempted to silence him, he would already have spoken, and it would be useless for our friend to deplore the bad impression which the revelations of his _alter ego_ must have caused, since he could do no more now than endeavour to mitigate them."
815	877	0.452	Et certes cela ne veut pas dire que M. Legrandin ne fût pas sincère quand il tonnait contre les snobs.	This was not to say that M. Legrandin was anything but sincere when he inveighed against snobs.
816	878	0.559	Il ne pouvait pas savoir, au moins par lui-même, qu’il le fût, puisque nous ne connaissons jamais que les passions des autres, et que ce que nous arrivons à savoir des nôtres, ce n’est que d’eux que nous avons pu l’apprendre.	He could not (from his own knowledge, at least) be aware that he was one also, since it is only with the passions of others that we are ever really familiar, and what we come to find out about our own can be no more than what other people have shewn us.
817	879	0.424	Sur nous, elles n’agissent que d’une façon seconde, par l’imagination qui substitue aux premiers mobiles des mobiles de relais qui sont plus décents.	Upon ourselves they react but indirectly, through our imagination, which substitutes for our actual, primary motives other, secondary motives, less stark and therefore more decent.
818	880	0.493	Jamais le snobisme de Legrandin ne lui conseillait d’aller voir souvent une duchesse.	Never had Legrandin's snobbishness impelled him to make a habit of visiting a duchess as such.
819	881	0.269	Il chargeait l’imagination de Legrandin de lui faire apparaître cette duchesse comme parée de toutes les grâces.	Instead, it would set his imagination to make that duchess appear, in Legrandin's eyes, endowed with all the graces.
820	882	0.124	Legrandin se rapprochait de la duchesse, s’estimant de céder à cet attrait de l’esprit et de la vertu qu’ignorent les infâmes snobs.	He would be drawn towards the duchess, assuring himself the while that he was yielding to the attractions of her mind, and her other virtues, which the vile race of snobs could never understand.
821	883	0.385	Seuls les autres savaient qu’il en était un; car, grâce à l’incapacité où ils étaient de comprendre le travail intermédiaire de son imagination, ils voyaient en face l’une de l’autre l’activité mondaine de Legrandin et sa cause première.	Only his fellow-snobs knew that he was of their number, for, owing to their inability to appreciate the intervening efforts of his imagination, they saw in close juxtaposition the social activities of Legrandin and their primary cause.
822	884	0.564	Maintenant, à la maison, on n’avait plus aucune illusion sur M. Legrandin, et nos relations avec lui s’étaient fort espacées.	At home, meanwhile, we had no longer any illusions as to M. Legrandin, and our relations with him had become much more distant.
823	885	0.345	Maman s’amusait infiniment chaque fois qu’elle prenait Legrandin en flagrant délit du péché qu’il n’avouait pas, qu’il continuait à appeler le péché sans rémission, le snobisme.	Mamma would be greatly delighted whenever she caught him red-handed in the sin, which he continued to call the unpardonable sin, of snobbery.
824	886	0.552	Mon père, lui, avait de la peine à prendre les dédains de Legrandin avec tant de détachement et de gaîté; et quand on pensa une année à m’envoyer passer les grandes vacances à Balbec avec ma grand’mère, il dit: «Il faut absolument que j’annonce à Legrandin que vous irez à Balbec, pour voir s’il vous offrira de vous mettre en rapport avec sa sœur.	"As for my father, he found it difficult to take Legrandin's airs in so light, in so detached a spirit; and when there was some talk, one year, of sending me to spend the long summer holidays at Balbec with my grandmother, he said: ""I must, most certainly, tell Legrandin that you are going to Balbec, to see whether he will offer you an introduction to his sister."
825	887	0.465	Il ne doit pas se souvenir nous avoir dit qu’elle demeurait à deux kilomètres de là.»	"He probably doesn't remember telling us that she lived within a mile of the place."""
826	888	0.358	Ma grand’mère qui trouvait qu’aux bains de mer il faut être du matin au soir sur la plage à humer le sel et qu’on n’y doit connaître personne, parce que les visites, les promenades sont autant de pris sur l’air marin, demandait au contraire qu’on ne parlât pas de nos projets à Legrandin, voyant déjà sa sœur, Mme de Cambremer, débarquant à l’hôtel au moment où nous serions sur le point d’aller à la pêche et nous forçant à rester enfermés pour la recevoir.	My grandmother, who held that, when one went to the seaside, one ought to be on the beach from morning to night, to taste the salt breezes, and that one should not know anyone in the place, because calls and parties and excursions were so much time stolen from what belonged, by rights, to the sea-air, begged him on no account to speak to Legrandin of our plans; for already, in her mind's eye, she could see his sister, Mme. de Cambremer, alighting from her carriage at the door of our hotel just as we were on the point of going out fishing, and obliging us to remain indoors all afternoon to entertain her.
827	889	0.410	Mais maman riait de ses craintes, pensant à part elle que le danger n’était pas si menaçant, que Legrandin ne serait pas si pressé de nous mettre en relations avec sa sœur.	But Mamma laughed her fears to scorn, for she herself felt that the danger was not so threatening, and that Legrandin would shew no undue anxiety to make us acquainted with his sister.
828	890	0.417	Or, sans qu’on eût besoin de lui parler de Balbec, ce fut lui-même, Legrandin, qui, ne se doutant pas que nous eussions jamais l’intention d’aller de ce côté, vint se mettre dans le piège un soir où nous le rencontrâmes au bord de la Vivonne.	And, as it happened, there was no need for any of us to introduce the subject of Balbec, for it was Legrandin himself who, without the least suspicion that we had ever had any intention of visiting those parts, walked into the trap uninvited one evening, when we met him strolling on the banks of the Vivonne.
829	891-892	0.412	—«Il y a dans les nuages ce soir des violets et des bleus bien beaux, n’est-ce pas, mon compagnon, dit-il à mon père, un bleu surtout plus floral qu’aérien, un bleu de cinéraire, qui surprend dans le ciel.	"""There are tints in the clouds this evening, violets and blues, which are very beautiful, are they not, my friend?"" he said to my father. ""Especially a blue which is far more floral than atmospheric, a cineraria blue, which it is surprising to see in the sky."
830	893	0.418	Et ce petit nuage rose n’a-t-il pas aussi un teint de fleur, d’œillet ou d’hydrangéa?	And that little pink cloud there, has it not just the tint of some flower, a carnation or hydrangea?
831	894	0.226	Il n’y a guère que dans la Manche, entre Normandie et Bretagne, que j’ai pu faire de plus riches observations sur cette sorte de règne végétal de l’atmosphère.	Nowhere, perhaps, except on the shores of the English Channel, where Normandy merges into Brittany, have I been able to find such copious examples of what you might call a vegetable kingdom in the clouds.
832	895	0.451	Là-bas, près de Balbec, près de ces lieux sauvages, il y a une petite baie d’une douceur charmante où le coucher de soleil du pays d’Auge, le coucher de soleil rouge et or que je suis loin de dédaigner, d’ailleurs, est sans caractère, insignifiant; mais dans cette atmosphère humide et douce s’épanouissent le soir en quelques instants de ces bouquets célestes, bleus et roses, qui sont incomparables et qui mettent souvent des heures à se faner.	Down there, close to Balbec, among all those places which are still so uncivilised, there is a little bay, charmingly quiet, where the sunsets of the Auge Valley, those red-and-gold sunsets (which, all the same, I am very far from despising) seem commonplace and insignificant; for in that moist and gentle atmosphere these heavenly flower-beds will break into blossom, in a few moments, in the evenings, incomparably lovely, and often lasting for hours before they fade.
833	896	0.399	D’autres s’effeuillent tout de suite et c’est alors plus beau encore de voir le ciel entier que jonche la dispersion d’innombrables pétales soufrés ou roses.	Others shed their leaves at once, and then it is more beautiful still to see the sky strewn with the scattering of their innumerable petals, sulphurous yellow and rosy red.
834	897	0.447	Dans cette baie, dite d’opale, les plages d’or semblent plus douces encore pour être attachées comme de blondes Andromèdes à ces terribles rochers des côtes voisines, à ce rivage funèbre, fameux par tant de naufrages, où tous les hivers bien des barques trépassent au péril de la mer.	In that bay, which they call the Opal Bay, the golden sands appear more charming still from being fastened, like fair Andromeda, to those terrible rocks of the surrounding coast, to that funereal shore, famed for the number of its wrecks, where every winter many a brave vessel falls a victim to the perils of the sea.
835	898	0.424	Balbec! la plus antique ossature géologique de notre sol, vraiment Ar-mor, la Mer, la fin de la terre, la région maudite qu’Anatole France, — un enchanteur que devrait lire notre petit ami — a si bien peinte, sous ses brouillards éternels, comme le véritable pays des Cimmériens, dans l’Odyssée.	Balbec! the oldest bone in the geological skeleton that underlies our soil, the true Armor, the sea, the land's end, the accursed region which Anatole France — an enchanter whose works our young friend ought to read — has so well depicted, beneath its eternal fogs, as though it were indeed the land of the Cimmerians in the Odyssey.
836	899	0.393	De Balbec surtout, où déjà des hôtels se construisent, superposés au sol antique et charmant qu’ils n’altèrent pas, quel délice d’excursionner à deux pas dans ces régions primitives et si belles.»	"Balbec; yes, they are building hotels there now, superimposing them upon its ancient and charming soil, which they are powerless to alter; how delightful it is, down there, to be able to step out at once into regions so primitive and so entrancing."""
837	900-901	0.444	—«Ah! est-ce que vous connaissez quelqu’un à Balbec? dit mon père.	"""Indeed! And do you know anyone at Balbec?"" inquired my father."
838	902	0.502	Justement ce petit-là doit y aller passer deux mois avec sa grand’mère et peut-être avec ma femme.»	"""This young man is just going to spend a couple of months there with his grandmother, and my wife too, perhaps."""
839	903	0.446	Legrandin pris au dépourvu par cette question à un moment où ses yeux étaient fixés sur mon père, ne put les détourner, mais les attachant de seconde en seconde avec plus d’intensité — et tout en souriant tristement — sur les yeux de son interlocuteur, avec un air d’amitié et de franchise et de ne pas craindre de le regarder en face, il sembla lui avoir traversé la figure comme si elle fût devenue transparente, et voir en ce moment bien au delà derrière elle un nuage vivement coloré qui lui créait un alibi mental et qui lui permettrait d’établir qu’au moment où on lui avait demandé s’il connaissait quelqu’un à Balbec, il pensait à autre chose et n’avait pas entendu la question.	Legrandin, taken unawares by the question at a moment when he was looking directly at my father, was unable to turn aside his gaze, and so concentrated it with steadily increasing intensity — smiling mournfully the while — upon the eyes of his questioner, with an air of friendliness and frankness and of not being afraid to look him in the face, until he seemed to have penetrated my father's skull, as it had been a ball of glass, and to be seeing, at the moment, a long way beyond and behind it, a brightly coloured cloud, which provided him with a mental alibi, and would enable him to establish the theory that, just when he was being asked whether he knew anyone at Balbec, he had been thinking of something else, and so had not heard the question.
840	904	0.432	Habituellement de tels regards font dire à l’interlocuteur: «A quoi pensez-vous donc?»	"As a rule these tactics make the questioner proceed to ask, ""Why, what are you thinking about?"""
841-842	905	0.470	Mais mon père curieux, irrité et cruel, reprit: —«Est-ce que vous avez des amis de ce côté-là, que vous connaissez si bien Balbec?»	"But my father, inquisitive, annoyed, and cruel, repeated: ""Have you friends, then, in that neighbourhood, that you know Balbec so well?"""
843-844	906	0.401	Dans un dernier effort désespéré, le regard souriant de Legrandin atteignit son maximum de tendresse, de vague, de sincérité et de distraction, mais, pensant sans doute qu’il n’y avait plus qu’à répondre, il nous dit: —«J’ai des amis partout où il y a des groupes d’arbres blessés, mais non vaincus, qui se sont rapprochés pour implorer ensemble avec une obstination pathétique un ciel inclément qui n’a pas pitié d’eux.	"In a final and desperate effort the smiling gaze of Legrandin struggled to the extreme limits of its tenderness, vagueness, candour, and distraction; then feeling, no doubt, that there was nothing left for it now but to answer, he said to us: ""I have friends all the world over, wherever there are companies of trees, stricken but not defeated, which have come together to offer a common supplication, with pathetic obstinacy, to an inclement sky which has no mercy upon them."""
845	907	0.465	—«Ce n’est pas cela que je voulais dire, interrompit mon père, aussi obstiné que les arbres et aussi impitoyable que le ciel.	"""That is not quite what I meant,"" interrupted my father, obstinate as a tree and merciless as the sky."
846	908	0.382	Je demandais pour le cas où il arriverait n’importe quoi à ma belle-mère et où elle aurait besoin de ne pas se sentir là-bas en pays perdu, si vous y connaissez du monde?»	"""I asked you, in case anything should happen to my mother-in-law and she wanted to feel that she was not all alone down there, at the ends of the earth, whether you knew any of the people."""
847	909	0.416	—«Là comme partout, je connais tout le monde et je ne connais personne, répondit Legrandin qui ne se rendait pas si vite; beaucoup les choses et fort peu les personnes.	"""There as elsewhere, I know everyone and I know no one,"" replied Legrandin, who was by no means ready yet to surrender; ""places I know well, people very slightly."
848	910	0.362	Mais les choses elles-mêmes y semblent des personnes, des personnes rares, d’une essence délicate et que la vie aurait déçues.	But, down there, the places themselves seem to me just like people, rare and wonderful people, of a delicate quality which would have been corrupted and ruined by the gift of life.
849	911-912	0.497	Parfois c’est un castel que vous rencontrez sur la falaise, au bord du chemin où il s’est arrêté pour confronter son chagrin au soir encore rose où monte la lune d’or et dont les barques qui rentrent en striant l’eau diaprée hissent à leurs mâts la flamme et portent les couleurs; parfois c’est une simple maison solitaire, plutôt laide, l’air timide mais romanesque, qui cache à tous les yeux quelque secret impérissable de bonheur et de désenchantement.	Perhaps it is a castle which you encounter upon the cliff's edge; standing there by the roadside, where it has halted to contemplate its sorrows before an evening sky, still rosy, through which a golden moon is climbing; while the fishing-boats, homeward bound, creasing the watered silk of the Channel, hoist its pennant at their mastheads and carry its colours. Or perhaps it is a simple dwelling-house that stands alone, ugly, if anything, timid-seeming but full of romance, hiding from every eye some imperishable secret of happiness and disenchantment.
850	913	0.432	Ce pays sans vérité, ajouta-t-il avec une délicatesse machiavélique, ce pays de pure fiction est d’une mauvaise lecture pour un enfant, et ce n’est certes pas lui que je choisirais et recommanderais pour mon petit ami déjà si enclin à la tristesse, pour son cœur prédisposé.	"That land which knows not truth,"" he continued with Machiavellian subtlety, ""that land of infinite fiction makes bad reading for any boy; and is certainly not what I should choose or recommend for my young friend here, who is already so much inclined to melancholy, for a heart already predisposed to receive its impressions."
851	914	0.358	Les climats de confidence amoureuse et de regret inutile peuvent convenir au vieux désabusé que je suis, ils sont toujours malsains pour un tempérament qui n’est pas formé.	Climates that breathe amorous secrets and futile regrets may agree with an old and disillusioned man like myself; but they must always prove fatal to a temperament which is still unformed.
852	915	0.493	Croyez-moi, reprit-il avec insistance, les eaux de cette baie, déjà à moitié bretonne, peuvent exercer une action sédative, d’ailleurs discutable, sur un cœur qui n’est plus intact comme le mien, sur un cœur dont la lésion n’est plus compensée.	"Believe me,"" he went on with emphasis, ""the waters of that bay — more Breton than Norman — may exert a sedative influence, though even that is of questionable value, upon a heart which, like mine, is no longer unbroken, a heart for whose wounds there is no longer anything to compensate."
853	916	0.399	Elles sont contre-indiquées à votre âge, petit garçon.	But at your age, my boy, those waters are contra-indicated….
854	917	0.517	Bonne nuit, voisins», ajouta-t-il en nous quittant avec cette brusquerie évasive dont il avait l’habitude et, se retournant vers nous avec un doigt levé de docteur, il résuma sa consultation: «Pas de Balbec avant cinquante ans et encore cela dépend de l’état du cœur», nous cria-t-il.	"Good night to you, neighbours,"" he added, moving away from us with that evasive abruptness to which we were accustomed; and then, turning towards us, with a physicianly finger raised in warning, he resumed the consultation: ""No Balbec before you are fifty!"" he called out to me, ""and even then it must depend on the state of the heart."""
855	918	0.364	Mon père lui en reparla dans nos rencontres ultérieures, le tortura de questions, ce fut peine inutile: comme cet escroc érudit qui employait à fabriquer de faux palimpsestes un labeur et une science dont la centième partie eût suffi à lui assurer une situation plus lucrative, mais honorable, M. Legrandin, si nous avions insisté encore, aurait fini par édifier toute une éthique de paysage et une géographie céleste de la basse Normandie, plutôt que de nous avouer qu’à deux kilomètres de Balbec habitait sa propre sœur, et d’être obligé à nous offrir une lettre d’introduction qui n’eût pas été pour lui un tel sujet d’effroi s’il avait été absolument certain, — comme il aurait dû l’être en effet avec l’expérience qu’il avait du caractère de ma grand’mère — que nous n’en aurions pas profité.	My father spoke to him of it again, as often as we met him, and tortured him with questions, but it was labour in vain: like that scholarly swindler who devoted to the fabrication of forged palimpsests a wealth of skill and knowledge and industry the hundredth part of which would have sufficed to establish him in a more lucrative — but an honourable occupation, M. Legrandin, had we insisted further, would in the end have constructed a whole system of ethics, and a celestial geography of Lower Normandy, sooner than admit to us that, within a mile of Balbec, his own sister was living in her own house; sooner than find himself obliged to offer us a letter of introduction, the prospect of which would never have inspired him with such terror had he been absolutely certain — as, from his knowledge of my grandmother's character, he really ought to have been certain — that in no circumstances whatsoever would we have dreamed of making use of it.
856	919	0.454	Nous rentrions toujours de bonne heure de nos promenades pour pouvoir faire une visite à ma tante Léonie avant le dîner.	We used always to return from our walks in good time to pay aunt Léonie a visit before dinner.
857	920	0.199	Au commencement de la saison où le jour finit tôt, quand nous arrivions rue du Saint-Esprit, il y avait encore un reflet du couchant sur les vitres de la maison et un bandeau de pourpre au fond des bois du Calvaire qui se reflétait plus loin dans l’étang, rougeur qui, accompagnée souvent d’un froid assez vif, s’associait, dans mon esprit, à la rougeur du feu au-dessus duquel rôtissait le poulet qui ferait succéder pour moi au plaisir poétique donné par la promenade, le plaisir de la gourmandise, de la chaleur et du repos.	In the first weeks of our Combray holidays, when the days ended early, we would still be able to see, as we turned into the Rue du Saint-Esprit, a reflection of the western sky from the windows of the house and a band of purple at the foot of the Calvary, which was mirrored further on in the pond; a fiery glow which, accompanied often by a cold that burned and stung, would associate itself in my mind with the glow of the fire over which, at that very moment, was roasting the chicken that was to furnish me, in place of the poetic pleasure I had found in my walk, with the sensual pleasures of good feeding, warmth and rest.
858	921	0.232	Dans l’été, au contraire, quand nous rentrions, le soleil ne se couchait pas encore; et pendant la visite que nous faisions chez ma tante Léonie, sa lumière qui s’abaissait et touchait la fenêtre était arrêtée entre les grands rideaux et les embrasses, divisée, ramifiée, filtrée, et incrustant de petits morceaux d’or le bois de citronnier de la commode, illuminait obliquement la chambre avec la délicatesse qu’elle prend dans les sous-bois.	But in summer, when we came back to the house, the sun would not have set; and while we were upstairs paying our visit to aunt Léonie its rays, sinking until they touched and lay along her window-sill, would there be caught and held by the large inner curtains and the bands which tied them back to the wall, and split and scattered and filtered; and then, at last, would fall upon and inlay with tiny flakes of gold the lemonwood of her chest-of-drawers, illuminating the room in their passage with the same delicate, slanting, shadowed beams that fall among the boles of forest trees.
859	922	0.393	Mais certains jours fort rares, quand nous rentrions, il y avait bien longtemps que la commode avait perdu ses incrustations momentanées, il n’y avait plus quand nous arrivions rue du Saint-Esprit nul reflet de couchant étendu sur les vitres et l’étang au pied du calvaire avait perdu sa rougeur, quelquefois il était déjà couleur d’opale et un long rayon de lune qui allait en s’élargissant et se fendillait de toutes les rides de l’eau le traversait tout entier.	But on some days, though very rarely, the chest-of-drawers would long since have shed its momentary adornments, there would no longer, as we turned into the Rue du Saint-Esprit, be any reflection from the western sky burning along the line of window-panes; the pond beneath the Calvary would have lost its fiery glow, sometimes indeed had changed already to an opalescent pallor, while a long ribbon of moonlight, bent and broken and broadened by every ripple upon the water's surface, would be lying across it, from end to end.
860	923	0.476	Alors, en arrivant près de la maison, nous apercevions une forme sur le pas de la porte et maman me disait:	"Then, as we drew near the house, we would make out a figure standing upon the doorstep, and Mamma would say to me: ""Good heavens!"
861	924	0.385	—«Mon dieu! voilà Françoise qui nous guette, ta tante est inquiète; aussi nous rentrons trop tard.»	"There is Françoise looking out for us; your aunt must be anxious; that means we are late."""
862	925	0.469	Et sans avoir pris le temps d’enlever nos affaires, nous montions vite chez ma tante Léonie pour la rassurer et lui montrer que, contrairement à ce qu’elle imaginait déjà, il ne nous était rien arrivé, mais que nous étions allés «du côté de Guermantes» et, dame, quand on faisait cette promenade-là, ma tante savait pourtant bien qu’on ne pouvait jamais être sûr de l’heure à laquelle on serait rentré.	And without wasting time by stopping to take off our 'things' we would fly upstairs to my aunt Léonie's room to reassure her, to prove to her by our bodily presence that all her gloomy imaginings were false, that, on the contrary, nothing had happened to us, but that we had gone the 'Guermantes way,' and, good lord, when one took that walk, my aunt knew well enough that one could never say at what time one would be home.
863	926-927	0.520	—«Là, Françoise, disait ma tante, quand je vous le disais, qu’ils seraient allés du côté de Guermantes!	"""There, Françoise,"" my aunt would say, ""didn't I tell you that they must have gone the Guermantes way? Good gracious!"
864	928-929	0.411	Mon dieu! ils doivent avoir une faim! et votre gigot qui doit être tout desséché après ce qu’il a attendu.	They must be hungry! And your nice leg of mutton will be quite dried up now, after all the hours it's been waiting.
865	930-931	0.447	Aussi est-ce une heure pour rentrer! comment, vous êtes allés du côté de Guermantes!»	"What a time to come in! Well, and so you went the Guermantes way?"""
866	932	0.478	—«Mais je croyais que vous le saviez, Léonie, disait maman.	"""But, Leonie, I supposed you knew,"" Mamma would answer."
867	933	0.482	Je pensais que Françoise nous avait vus sortir par la petite porte du potager.»	"""I thought that Françoise had seen us go out by the little gate, through the kitchen-garden."""
868	934	0.382	Car il y avait autour de Combray deux «côtés» pour les promenades, et si opposés qu’on ne sortait pas en effet de chez nous par la même porte, quand on voulait aller d’un côté ou de l’autre: le côté de Méséglise-la-Vineuse, qu’on appelait aussi le côte de chez Swann parce qu’on passait devant la propriété de M. Swann pour aller par là, et le côté de Guermantes.	For there were, in the environs of Combray, two 'ways' which we used to take for our walks, and so diametrically opposed that we would actually leave the house by a different door, according to the way we had chosen: the way towards Méséglise-la-Vineuse, which we called also 'Swann's way,' because, to get there, one had to pass along the boundary of M. Swann's estate, and the 'Guermantes way.'
869	935	0.325	De Méséglise-la-Vineuse, à vrai dire, je n’ai jamais connu que le «côté» et des gens étrangers qui venaient le dimanche se promener à Combray, des gens que, cette fois, ma tante elle-même et nous tous ne «connaissions point» et qu’à ce signe on tenait pour «des gens qui seront venus de Méséglise».	Of Méséglise-la-Vineuse, to tell the truth, I never knew anything more than the way there, and the strange people who would come over on Sundays to take the air in Combray, people whom, this time, neither my aunt nor any of us would 'know at all,' and whom we would therefore assume to be 'people who must have come over from Méséglise.'
870	936	0.325	Quant à Guermantes je devais un jour en connaître davantage, mais bien plus tard seulement; et pendant toute mon adolescence, si Méséglise était pour moi quelque chose d’inaccessible comme l’horizon, dérobé à la vue, si loin qu’on allât, par les plis d’un terrain qui ne ressemblait déjà plus à celui de Combray, Guermantes lui ne m’est apparu que comme le terme plutôt idéal que réel de son propre «côté», une sorte d’expression géographique abstraite comme la ligne de l’équateur, comme le pôle, comme l’orient.	As for Guermantes, I was to know it well enough one day, but that day had still to come; and, during the whole of my boyhood, if Méséglise was to me something as inaccessible as the horizon, which remained hidden from sight, however far one went, by the folds of a country which no longer bore the least resemblance to the country round Combray; Guermantes, on the other hand, meant no more than the ultimate goal, ideal rather than real, of the 'Guermantes way,' a sort of abstract geographical term like the North Pole or the Equator.
871	937	0.397	Alors, «prendre par Guermantes» pour aller à Méséglise, ou le contraire, m’eût semblé une expression aussi dénuée de sens que prendre par l’est pour aller à l’ouest.	And so to 'take the Guermantes way' in order to get to Méséglise, or vice versa, would have seemed to me as nonsensical a proceeding as to turn to the east in order to reach the west.
872	938	0.348	Comme mon père parlait toujours du côté de Méséglise comme de la plus belle vue de plaine qu’il connût et du côté de Guermantes comme du type de paysage de rivière, je leur donnais, en les concevant ainsi comme deux entités, cette cohésion, cette unité qui n’appartiennent qu’aux créations de notre esprit; la moindre parcelle de chacun d’eux me semblait précieuse et manifester leur excellence particulière, tandis qu’à côté d’eux, avant qu’on fût arrivé sur le sol sacré de l’un ou de l’autre, les chemins purement matériels au milieu desquels ils étaient posés comme l’idéal de la vue de plaine et l’idéal du paysage de rivière, ne valaient pas plus la peine d’être regardés que par le spectateur épris d’art dramatique, les petites rues qui avoisinent un théâtre.	Since my father used always to speak of the 'Méséglise way' as comprising the finest view of a plain that he knew anywhere, and of the 'Guermantes way' as typical of river scenery, I had invested each of them, by conceiving them in this way as two distinct entities, with that cohesion, that unity which belongs only to the figments of the mind; the smallest detail of either of them appeared to me as a precious thing, which exhibited the special excellence of the whole, while, immediately beside them, in the first stages of our walk, before we had reached the sacred soil of one or the other, the purely material roads, at definite points on which they were set down as the ideal view over a plain and the ideal scenery of a river, were no more worth the trouble of looking at them than, to a keen playgoer and lover of dramatic art, are the little streets which may happen to run past the walls of a theatre.
873	939	0.291	Mais surtout je mettais entre eux, bien plus que leurs distances kilométriques la distance qu’il y avait entre les deux parties de mon cerveau où je pensais à eux, une de ces distances dans l’esprit qui ne font pas qu’éloigner, qui séparent et mettent dans un autre plan.	But, above all, I set between them, far more distinctly than the mere distance in miles and yards and inches which separated one from the other, the distance that there was between the two parts of my brain in which I used to think of them, one of those distances of the mind which time serves only to lengthen, which separate things irremediably from one another, keeping them for ever upon different planes.
874	940	0.315	Et cette démarcation était rendue plus absolue encore parce que cette habitude que nous avions de n’aller jamais vers les deux côtés un même jour, dans une seule promenade, mais une fois du côté de Méséglise, une fois du côté de Guermantes, les enfermait pour ainsi dire loin l’un de l’autre, inconnaissables l’un à l’autre, dans les vases clos et sans communication entre eux, d’après-midi différents.	And this distinction was rendered still more absolute because the habit we had of never going both ways on the same day, or in the course of the same walk, but the 'Méséglise way' one time and the 'Guermantes way' another, shut them up, so to speak, far apart and unaware of each other's existence, in the sealed vessels — between which there could be no communication — of separate afternoons.
875	941	0.367	Quand on voulait aller du côté de Méséglise, on sortait (pas trop tôt et même si le ciel était couvert, parce que la promenade n’était pas bien longue et n’entraînait pas trop) comme pour aller n’importe où, par la grande porte de la maison de ma tante sur la rue du Saint-Esprit.	When we had decided to go the 'Méséglise way' we would start (without undue haste, and even if the sky were clouded over, since the walk was not very long, and did not take us too far from home), as though we were not going anywhere in particular, by the front-door of my aunt's house, which opened on to the Rue du Saint-Esprit.
876	942	0.481	On était salué par l’armurier, on jetait ses lettres à la boîte, on disait en passant à Théodore, de la part de Françoise, qu’elle n’avait plus d’huile ou de café, et l’on sortait de la ville par le chemin qui passait le long de la barrière blanche du parc de M. Swann.	We would be greeted by the gunsmith, we would drop our letters into the box, we would tell Théodore, from Françoise, as we passed, that she had run out of oil or coffee, and we would leave the town by the road which ran along the white fence of M. Swann's park.
877	943	0.490	Avant d’y arriver, nous rencontrions, venue au-devant des étrangers, l’odeur de ses lilas.	Before reaching it we would be met on our way by the scent of his lilac-trees, come out to welcome strangers.
878	944	0.490	Eux-mêmes, d’entre les petits cœurs verts et frais de leurs feuilles, levaient curieusement au-dessus de la barrière du parc leurs panaches de plumes mauves ou blanches que lustrait, même à l’ombre, le soleil où elles avaient baigné.	Out of the fresh little green hearts of their foliage the lilacs raised inquisitively over the fence of the park their plumes of white or purple blossom, which glowed, even in the shade, with the sunlight in which they had been bathed.
879	945	0.441	Quelques-uns, à demi cachés par la petite maison en tuiles appelée maison des Archers, où logeait le gardien, dépassaient son pignon gothique de leur rose minaret.	Some of them, half-concealed by the little tiled house, called the Archers' Lodge, in which Swann's keeper lived, overtopped its gothic gable with their rosy minaret.
880	946	0.528	Les Nymphes du printemps eussent semblé vulgaires, auprès de ces jeunes houris qui gardaient dans ce jardin français les tons vifs et purs des miniatures de la Perse.	The nymphs of spring would have seemed coarse and vulgar in comparison with these young houris, who retained, in this French garden, the pure and vivid colouring of a Persian miniature.
881	947	0.550	Malgré mon désir d’enlacer leur taille souple et d’attirer à moi les boucles étoilées de leur tête odorante, nous passions sans nous arrêter, mes parents n’allant plus à Tansonville depuis le mariage de Swann, et, pour ne pas avoir l’air de regarder dans le parc, au lieu de prendre le chemin qui longe sa clôture et qui monte directement aux champs, nous en prenions un autre qui y conduit aussi, mais obliquement, et nous faisait déboucher trop loin.	Despite my desire to throw my arms about their pliant forms and to draw down towards me the starry locks that crowned their fragrant heads, we would pass them by without stopping, for my parents had ceased to visit Tansonville since Swann's marriage, and, so as not to appear to be looking into his park, we would, instead of taking the road which ran beside its boundary and then climbed straight up to the open fields, choose another way, which led in the same direction, but circuitously, and brought us out rather too far from home.
882-883	948	0.453	Un jour, mon grand-père dit à mon père: —«Vous rappelez-vous que Swann a dit hier que, comme sa femme et sa fille partaient pour Reims, il en profiterait pour aller passer vingt-quatre heures à Paris?	"One day my grandfather said to my 'father: ""Don't you remember Swann's telling us yesterday that his wife and daughter had gone off to Rheims and that he was taking the opportunity of spending a day or two in Paris?"
884	949	0.496	Nous pourrions longer le parc, puisque ces dames ne sont pas là, cela nous abrégerait d’autant.»	"We might go along by the park, since the ladies are not at home; that will make it a little shorter."""
885	950	0.432	Nous nous arrêtâmes un moment devant la barrière.	We stopped for a moment by the fence.
886	951	0.593	Le temps des lilas approchait de sa fin; quelques-uns effusaient encore en hauts lustres mauves les bulles délicates de leurs fleurs, mais dans bien des parties du feuillage où déferlait, il y avait seulement une semaine, leur mousse embaumée, se flétrissait, diminuée et noircie, une écume creuse, sèche et sans parfum.	Lilac-time was nearly over; some of the trees still thrust aloft, in tall purple chandeliers, their tiny balls of blossom, but in many places among their foliage where, only a week before, they had still been breaking in waves of fragrant foam, these were now spent and shrivelled and discoloured, a hollow scum, dry and scentless.
887	952	0.694	Mon grand-père montrait à mon père en quoi l’aspect des lieux était resté le même, et en quoi il avait changé, depuis la promenade qu’il avait faite avec M. Swann le jour de la mort de sa femme, et il saisit cette occasion pour raconter cette promenade une fois de plus.	My grandfather pointed out to my father in what respects the appearance of the place was still the same, and how far it had altered since the walk that he had taken with old M. Swann, on the day of his wife's death; and he seized the opportunity to tell us, once again, the story of that walk.
888	953	0.488	Devant nous, une allée bordée de capucines montait en plein soleil vers le château.	In front of us a path bordered with nasturtiums rose in the full glare of the sun towards the house.
889	954	0.356	A droite, au contraire, le parc s’étendait en terrain plat.	But to our right the park stretched away into the distance, on level ground.
890	955	0.464	Obscurcie par l’ombre des grands arbres qui l’entouraient, une pièce d’eau avait été creusée par les parents de Swann; mais dans ses créations les plus factices, c’est sur la nature que l’homme travaille; certains lieux font toujours régner autour d’eux leur empire particulier, arborent leurs insignes immémoriaux au milieu d’un parc comme ils auraient fait loin de toute intervention humaine, dans une solitude qui revient partout les entourer, surgie des nécessités de leur exposition et superposée à l’œuvre humaine.	Overshadowed by the tall trees which stood close around it, an 'ornamental water' had been constructed by Swann's parents but, even in his most artificial creations, nature is the material upon which man has to work; certain spots will persist in remaining surrounded by the vassals of their own especial sovereignty, and will raise their immemorial standards among all the 'laid-out' scenery of a park, just as they would have done far from any human interference, in a solitude which must everywhere return to engulf them, springing up out of the necessities of their exposed position, and superimposing itself upon the work of man's hands.
891	956	0.441	C’est ainsi qu’au pied de l’allée qui dominait l’étang artificiel, s’était composée sur deux rangs, tressés de fleurs de myosotis et de pervenches, la couronne naturelle, délicate et bleue qui ceint le front clair-obscur des eaux, et que le glaïeul, laissant fléchir ses glaives avec un abandon royal, étendait sur l’eupatoire et la grenouillette au pied mouillé, les fleurs de lis en lambeaux, violettes et jaunes, de son sceptre lacustre.	And so it was that, at the foot of the path which led down to this artificial lake, there might be seen, in its two tiers woven of trailing forget-me-nots below and of periwinkle flowers above, the natural, delicate, blue garland which binds the luminous, shadowed brows of water-nymphs; while the iris, its swords sweeping every way in regal profusion, stretched out over agrimony and water-growing king-cups the lilied sceptres, tattered glories of yellow and purple, of the kingdom of the lake.
892	957	0.372	Le départ de Mlle Swann qui, — en m’ôtant la chance terrible de la voir apparaître dans une allée, d’être connu et méprisé par la petite fille privilégiée qui avait Bergotte pour ami et allait avec lui visiter des cathédrales — , me rendait la contemplation de Tansonville indifférente la première fois où elle m’était permise, semblait au contraire ajouter à cette propriété, aux yeux de mon grand-père et de mon père, des commodités, un agrément passager, et, comme fait pour une excursion en pays de montagnes, l’absence de tout nuage, rendre cette journée exceptionnellement propice à une promenade de ce côté; j’aurais voulu que leurs calculs fussent déjoués, qu’un miracle fît apparaître Mlle Swann avec son père, si près de nous, que nous n’aurions pas le temps de l’éviter et serions obligés de faire sa connaissance.	The absence of Mlle. Swann, which — since it preserved me from the terrible risk of seeing her appear on one of the paths, and of being identified and scorned by this so privileged little girl who had Bergotte for a friend and used to go with him to visit cathedrals — made the exploration of Tansonville, now for the first time permitted me, a matter of indifference to myself, seemed however to invest the property, in my grandfather's and father's eyes, with a fresh and transient charm, and (like an entirely cloudless sky when one is going mountaineering) to make the day extraordinarily propitious for a walk in this direction; I should have liked to see their reckoning proved false, to see, by a miracle, Mlle. Swann appear, with her father, so close to us that we should not have time to escape, and should therefore be obliged to make her acquaintance.
893	958	0.408	Aussi, quand tout d’un coup, j’aperçus sur l’herbe, comme un signe de sa présence possible, un koufin oublié à côté d’une ligne dont le bouchon flottait sur l’eau, je m’empressai de détourner d’un autre côté, les regards de mon père et de mon grand-père.	And so, when I suddenly noticed a straw basket lying forgotten on the grass by the side of a line whose float was bobbing in the water, I made a great effort to keep my father and grandfather looking in another direction, away from this sign that she might, after all, be in residence.
894	959	0.488	D’ailleurs Swann nous ayant dit que c’était mal à lui de s’absenter, car il avait pour le moment de la famille à demeure, la ligne pouvait appartenir à quelque invité.	Still, as Swann had told us that he ought not, really, to go away just then, as he had some people staying in the house, the line might equally belong to one of these guests.
895	960	0.457	On n’entendait aucun bruit de pas dans les allées.	Not a footstep was to be heard on any of the paths.
896	961	0.441	Divisant la hauteur d’un arbre incertain, un invisible oiseau s’ingéniait à faire trouver la journée courte, explorait d’une note prolongée, la solitude environnante, mais il recevait d’elle une réplique si unanime, un choc en retour si redoublé de silence et d’immobilité qu’on aurait dit qu’il venait d’arrêter pour toujours l’instant qu’il avait cherché à faire passer plus vite.	Somewhere in one of the tall trees, making a stage in its height, an invisible bird, desperately attempting to make the day seem shorter, was exploring with a long, continuous note the solitude that pressed it on every side, but it received at once so unanimous an answer, so powerful a repercussion of silence and of immobility that, one would have said, it had arrested for all eternity the moment which it had been trying to make pass more quickly.
897	962	0.345	La lumière tombait si implacable du ciel devenu fixe que l’on aurait voulu se soustraire à son attention, et l’eau dormante elle-même, dont des insectes irritaient perpétuellement le sommeil, rêvant sans doute de quelque Maelstrôm imaginaire, augmentait le trouble où m’avait jeté la vue du flotteur de liège en semblant l’entraîner à toute vitesse sur les étendues silencieuses du ciel reflété; presque vertical il paraissait prêt à plonger et déjà je me demandais, si, sans tenir compte du désir et de la crainte que j’avais de la connaître, je n’avais pas le devoir de faire prévenir Mlle Swann que le poisson mordait, — quand il me fallut rejoindre en courant mon père et mon grand-père qui m’appelaient, étonnés que je ne les eusse pas suivis dans le petit chemin qui monte vers les champs et où ils s’étaient engagés.	The sunlight fell so implacably from a fixed sky that one was naturally inclined to slip away out of the reach of its attentions, and even the slumbering water, whose repose was perpetually being invaded by the insects that swarmed above its surface, while it dreamed, no doubt, of some imaginary maelstrom, intensified the uneasiness which the sight of that floating cork had wrought in me, by appearing to draw it at full speed across the silent reaches of a mirrored firmament; now almost vertical, it seemed on the point of plunging down out of sight, and I had begun to ask myself whether, setting aside the longing and the terror that I had of making her acquaintance, it was not actually my duty to warn Mlle. Swann that the fish was biting — when I was obliged to run after my father and grandfather, who were calling me, and were surprised that I had not followed them along the little path, climbing up hill towards the open fields, into which they had already turned.
898	963	0.336	Je le trouvai tout bourdonnant de l’odeur des aubépines.	I found the whole path throbbing with the fragrance of hawthorn-blossom.
899	964	0.323	La haie formait comme une suite de chapelles qui disparaissaient sous la jonchée de leurs fleurs amoncelées en reposoir; au-dessous d’elles, le soleil posait à terre un quadrillage de clarté, comme s’il venait de traverser une verrière; leur parfum s’étendait aussi onctueux, aussi délimité en sa forme que si j’eusse été devant l’autel de la Vierge, et les fleurs, aussi parées, tenaient chacune d’un air distrait son étincelant bouquet d’étamines, fines et rayonnantes nervures de style flamboyant comme celles qui à l’église ajouraient la rampe du jubé ou les meneaux du vitrail et qui s’épanouissaient en blanche chair de fleur de fraisier.	The hedge resembled a series of chapels, whose walls were no longer visible under the mountains of flowers that were heaped upon their altars; while underneath, the sun cast a square of light upon the ground, as though it had shone in upon them through a window; the scent that swept out over me from them was as rich, and as circumscribed in its range, as though I had been standing before the Lady-altar, and the flowers, themselves adorned also, held out each its little bunch of glittering stamens with an air of inattention, fine, radiating 'nerves' in the flamboyant style of architecture, like those which, in church, framed the stair to the rood-loft or closed the perpendicular tracery of the windows, but here spread out into pools of fleshy white, like strawberry-beds in spring.
900	965	0.309	Combien naïves et paysannes en comparaison sembleraient les églantines qui, dans quelques semaines, monteraient elles aussi en plein soleil le même chemin rustique, en la soie unie de leur corsage rougissant qu’un souffle défait.	How simple and rustic, in comparison with these, would seem the dog-roses which, in a few weeks' time, would be climbing the same hillside path in the heat of the sun, dressed in the smooth silk of their blushing pink bodices, which would be undone and scattered by the first breath of wind.
901	966	0.528	Mais j’avais beau rester devant les aubépines à respirer, à porter devant ma pensée qui ne savait ce qu’elle devait en faire, à perdre, à retrouver leur invisible et fixe odeur, à m’unir au rythme qui jetait leurs fleurs, ici et là, avec une allégresse juvénile et à des intervalles inattendus comme certains intervalles musicaux, elles m’offraient indéfiniment le même charme avec une profusion inépuisable, mais sans me laisser approfondir davantage, comme ces mélodies qu’on rejoue cent fois de suite sans descendre plus avant dans leur secret.	But it was in vain that I lingered before the hawthorns, to breathe in, to marshal before my mind (which knew not what to make of it), to lose in order to rediscover their invisible and unchanging odour, to absorb myself in the rhythm which disposed their flowers here and there with the light-heartedness of youth, and at intervals as unexpected as certain intervals of music; they offered me an indefinite continuation of the same charm, in an inexhaustible profusion, but without letting me delve into it any more deeply, like those melodies which one can play over a hundred times in succession without coming any nearer to their secret.
902	967	0.510	Je me détournais d’elles un moment, pour les aborder ensuite avec des forces plus fraîches.	I turned away from them for a moment so as to be able to return to them with renewed strength.
903	968	0.372	Je poursuivais jusque sur le talus qui, derrière la haie, montait en pente raide vers les champs, quelque coquelicot perdu, quelques bluets restés paresseusement en arrière, qui le décoraient çà et là de leurs fleurs comme la bordure d’une tapisserie où apparaît clairsemé le motif agreste qui triomphera sur le panneau; rares encore, espacés comme les maisons isolées qui annoncent déjà l’approche d’un village, ils m’annonçaient l’immense étendue où déferlent les blés, où moutonnent les nuages, et la vue d’un seul coquelicot hissant au bout de son cordage et faisant cingler au vent sa flamme rouge, au-dessus de sa bouée graisseuse et noire, me faisait battre le cœur, comme au voyageur qui aperçoit sur une terre basse une première barque échouée que répare un calfat, et s’écrie, avant de l’avoir encore vue: «La Mer!»	"My eyes followed up the slope which, outside the hedge, rose steeply to the fields, a poppy that had strayed and been lost by its fellows, or a few cornflowers that had fallen lazily behind, and decorated the ground here and there with their flowers like the border of a tapestry, in which may be seen at intervals hints of the rustic theme which appears triumphant in the panel itself; infrequent still, spaced apart as the scattered houses which warn us that we are approaching a village, they betokened to me the vast expanse of waving corn beneath the fleecy clouds, and the sight of a single poppy hoisting upon its slender rigging and holding against the breeze its scarlet ensign, over the buoy of rich black earth from which it sprang, made my heart beat as does a wayfarer's when he perceives, upon some low-lying ground, an old and broken boat which is being caulked and made seaworthy, and cries out, although he has not yet caught sight of it, ""The Sea!"""
904	969	0.304	Puis je revenais devant les aubépines comme devant ces chefs-d’œuvre dont on croit qu’on saura mieux les voir quand on a cessé un moment de les regarder, mais j’avais beau me faire un écran de mes mains pour n’avoir qu’elles sous les yeux, le sentiment qu’elles éveillaient en moi restait obscur et vague, cherchant en vain à se dégager, à venir adhérer à leurs fleurs.	And then I returned to my hawthorns, and stood before them as one stands before those masterpieces of painting which, one imagines, one will be better able to 'take in' when one has looked away, for a moment, at something else; but in vain did I shape my fingers into a frame, so as to have nothing but the hawthorns before my eyes; the sentiment which they aroused in me remained obscure and vague, struggling and failing to free itself, to float across and become one with the flowers.
905	970	0.419	Elles ne m’aidaient pas à l’éclaircir, et je ne pouvais demander à d’autres fleurs de le satisfaire.	They themselves offered me no enlightenment, and I could not call upon any other flowers to satisfy this mysterious longing.
906	971	0.556	Alors, me donnant cette joie que nous éprouvons quand nous voyons de notre peintre préféré une œuvre qui diffère de celles que nous connaissions, ou bien si l’on nous mène devant un tableau dont nous n’avions vu jusque-là qu’une esquisse au crayon, si un morceau entendu seulement au piano nous apparaît ensuite revêtu des couleurs de l’orchestre, mon grand-père m’appelant et me désignant la haie de Tansonville, me dit: «Toi qui aimes les aubépines, regarde un peu cette épine rose; est-elle jolie!»	"And then, inspiring me with that rapture which we feel on seeing a work by our favourite painter quite different from any of those that we already know, or, better still, when some one has taken us and set us down in front of a picture of which we have hitherto seen no more than a pencilled sketch, or when a piece of music which we have heard played over on the piano bursts out again in our ears with all the splendour and fullness of an orchestra, my grandfather called me to him, and, pointing to the hedge of Tansonville, said: ""You are fond of hawthorns; just look at this pink one; isn't it pretty?"""
907	972	0.384	En effet c’était une épine, mais rose, plus belle encore que les blanches.	And it was indeed a hawthorn, but one whose flowers were pink, and lovelier even than the white.
908	973	0.331	Elle aussi avait une parure de fête, — de ces seules vraies fêtes que sont les fêtes religieuses, puisqu’un caprice contingent ne les applique pas comme les fêtes mondaines à un jour quelconque qui ne leur est pas spécialement destiné, qui n’a rien d’essentiellement férié, — mais une parure plus riche encore, car les fleurs attachées sur la branche, les unes au-dessus des autres, de manière à ne laisser aucune place qui ne fût décorée, comme des pompons qui enguirlandent une houlette rococo, étaient «en couleur», par conséquent d’une qualité supérieure selon l’esthétique de Combray si l’on en jugeait par l’échelle des prix dans le «magasin» de la Place ou chez Camus où étaient plus chers ceux des biscuits qui étaient roses.	It, too, was in holiday attire, for one of those days which are the only true holidays, the holy days of religion, because they are not appointed by any capricious accident, as secular holidays are appointed, upon days which are not specially ordained for such observances, which have nothing about them that is essentially festal — but it was attired even more richly than the rest, for the flowers which clung to its branches, one above another, so thickly as to leave no part of the tree undecorated, like the tassels wreathed about the crook of a rococo shepherdess, were every one of them 'in colour,' and consequently of a superior quality, by the aesthetic standards of Combray, to the 'plain,' if one was to judge by the scale of prices at the 'stores' in the Square, or at Camus's, where the most expensive biscuits were those whose sugar was pink.
909	974	0.266	Moi-même j’appréciais plus le fromage à la crème rose, celui où l’on m’avait permis d’écraser des fraises.	And for my own part I set a higher value on cream cheese when it was pink, when I had been allowed to tinge it with crushed strawberries.
910	975	0.464	Et justement ces fleurs avaient choisi une de ces teintes de chose mangeable, ou de tendre embellissement à une toilette pour une grande fête, qui, parce qu’elles leur présentent la raison de leur supériorité, sont celles qui semblent belles avec le plus d’évidence aux yeux des enfants, et à cause de cela, gardent toujours pour eux quelque chose de plus vif et de plus naturel que les autres teintes, même lorsqu’ils ont compris qu’elles ne promettaient rien à leur gourmandise et n’avaient pas été choisies par la couturière.	And these flowers had chosen precisely the colour of some edible and delicious thing, or of some exquisite addition to one's costume for a great festival, which colours, inasmuch as they make plain the reason for their superiority, are those whose beauty is most evident to the eyes of children, and for that reason must always seem more vivid and more natural than any other tints, even after the child's mind has realised that they offer no gratification to the appetite, and have not been selected by the dressmaker.
911	976	0.277	Et certes, je l’avais tout de suite senti, comme devant les épines blanches mais avec plus d’émerveillement, que ce n’était pas facticement, par un artifice de fabrication humaine, qu’était traduite l’intention de festivité dans les fleurs, mais que c’était la nature qui, spontanément, l’avait exprimée avec la naïveté d’une commerçante de village travaillant pour un reposoir, en surchargeant l’arbuste de ces rosettes d’un ton trop tendre et d’un pompadour provincial.	And, indeed, I had felt at once, as I had felt before the white blossom, but now still more marvelling, that it was in no artificial manner, by no device of human construction, that the festal intention of these flowers was revealed, but that it was Nature herself who had spontaneously expressed it (with the simplicity of a woman from a village shop, labouring at the decoration of a street altar for some procession) by burying the bush in these little rosettes, almost too ravishing in colour, this rustic 'pompadour.'
912	977	0.354	Au haut des branches, comme autant de ces petits rosiers aux pots cachés dans des papiers en dentelles, dont aux grandes fêtes on faisait rayonner sur l’autel les minces fusées, pullulaient mille petits boutons d’une teinte plus pâle qui, en s’entr’ouvrant, laissaient voir, comme au fond d’une coupe de marbre rose, de rouges sanguines et trahissaient plus encore que les fleurs, l’essence particulière, irrésistible, de l’épine, qui, partout où elle bourgeonnait, où elle allait fleurir, ne le pouvait qu’en rose.	High up on the branches, like so many of those tiny rose-trees, their pots concealed in jackets of paper lace, whose slender stems rise in a forest from the altar on the greater festivals, a thousand buds were swelling and opening, paler in colour, but each disclosing as it burst, as at the bottom of a cup of pink marble, its blood-red stain, and suggesting even more strongly than the full-blown flowers the special, irresistible quality of the hawthorn-tree, which, wherever it budded, wherever it was about to blossom, could bud and blossom in pink flowers alone.
913	978	0.375	Intercalé dans la haie, mais aussi différent d’elle qu’une jeune fille en robe de fête au milieu de personnes en négligé qui resteront à la maison, tout prêt pour le mois de Marie, dont il semblait faire partie déjà, tel brillait en souriant dans sa fraîche toilette rose, l’arbuste catholique et délicieux.	Taking its place in the hedge, but as different from the rest as a young girl in holiday attire among a crowd of dowdy women in everyday clothes, who are staying at home, equipped and ready for the 'Month of Mary,' of which it seemed already to form a part, it shone and smiled in its cool, rosy garments, a Catholic bush indeed, and altogether delightful.
914	979	0.481	La haie laissait voir à l’intérieur du parc une allée bordée de jasmins, de pensées et de verveines entre lesquelles des giroflées ouvraient leur bourse fraîche, du rose odorant et passé d’un cuir ancien de Cordoue, tandis que sur le gravier un long tuyau d’arrosage peint en vert, déroulant ses circuits, dressait aux points où il était percé au-dessus des fleurs, dont il imbibait les parfums, l’éventail vertical et prismatique de ses gouttelettes multicolores.	The hedge allowed us a glimpse, inside the park, of an alley bordered with jasmine, pansies, and verbenas, among which the stocks held open their fresh plump purses, of a pink as fragrant and as faded as old Spanish leather, while on the gravel-path a long watering-pipe, painted green, coiling across the ground, poured, where its holes were, over the flowers whose perfume those holes inhaled, a vertical and prismatic fan of infinitesimal, rainbow-coloured drops.
915	980	0.569	Tout à coup, je m’arrêtai, je ne pus plus bouger, comme il arrive quand une vision ne s’adresse pas seulement à nos regards, mais requiert des perceptions plus profondes et dispose de notre être tout entier.	Suddenly I stood still, unable to move, as happens when something appears that requires not only our eyes to take it in, but involves a deeper kind of perception and takes possession of the whole of our being.
916	981	0.572	Une fillette d’un blond roux qui avait l’air de rentrer de promenade et tenait à la main une bêche de jardinage, nous regardait, levant son visage semé de taches roses.	A little girl, with fair, reddish hair, who appeared to be returning from a walk, and held a trowel in her hand, was looking at us, raising towards us a face powdered with pinkish freckles.
917	982	0.470	Ses yeux noirs brillaient et comme je ne savais pas alors, ni ne l’ai appris depuis, réduire en ses éléments objectifs une impression forte, comme je n’avais pas, ainsi qu’on dit, assez «d’esprit d’observation» pour dégager la notion de leur couleur, pendant longtemps, chaque fois que je repensai à elle, le souvenir de leur éclat se présentait aussitôt à moi comme celui d’un vif azur, puisqu’elle était blonde: de sorte que, peut-être si elle n’avait pas eu des yeux aussi noirs, — ce qui frappait tant la première fois qu’on la voyait — je n’aurais pas été, comme je le fus, plus particulièrement amoureux, en elle, de ses yeux bleus.	Her black eyes gleamed, and as I did not at that time know, and indeed have never since learned how to reduce to its objective elements any strong impression, since I had not, as they say, enough 'power of observation' to isolate the sense of their colour, for a long time afterwards, whenever I thought of her, the memory of those bright eyes would at once present itself to me as a vivid azure, since her complexion was fair; so much so that, perhaps, if her eyes had not been quite so black — which was what struck one most forcibly on first meeting her — I should not have been, as I was, especially enamoured of their imagined blue.
918	983	0.304	Je la regardais, d’abord de ce regard qui n’est pas que le porte-parole des yeux, mais à la fenêtre duquel se penchent tous les sens, anxieux et pétrifiés, le regard qui voudrait toucher, capturer, emmener le corps qu’il regarde et l’âme avec lui; puis, tant j’avais peur que d’une seconde à l’autre mon grand-père et mon père, apercevant cette jeune fille, me fissent éloigner en me disant de courir un peu devant eux, d’un second regard, inconsciemment supplicateur, qui tâchait de la forcer à faire attention à moi, à me connaître!	I gazed at her, at first with that gaze which is not merely a messenger from the eyes, but in whose window all the senses assemble and lean out, petrified and anxious, that gaze which would fain reach, touch, capture, bear off in triumph the body at which it is aimed, and the soul with the body; then (so frightened was I lest at any moment my grandfather and father, catching sight of the girl, might tear me away from her, by making me run on in front of them) with another, an unconsciously appealing look, whose object was to force her to pay attention to me, to see, to know me.
919	984	0.296	Elle jeta en avant et de côté ses pupilles pour prendre connaissance de mon grand’père et de mon père, et sans doute l’idée qu’elle en rapporta fut celle que nous étions ridicules, car elle se détourna et d’un air indifférent et dédaigneux, se plaça de côté pour épargner à son visage d’être dans leur champ visuel; et tandis que continuant à marcher et ne l’ayant pas aperçue, ils m’avaient dépassé, elle laissa ses regards filer de toute leur longueur dans ma direction, sans expression particulière, sans avoir l’air de me voir, mais avec une fixité et un sourire dissimulé, que je ne pouvais interpréter d’après les notions que l’on m’avait données sur la bonne éducation, que comme une preuve d’outrageant mépris; et sa main esquissait en même temps un geste indécent, auquel quand il était adressé en public à une personne qu’on ne connaissait pas, le petit dictionnaire de civilité que je portais en moi ne donnait qu’un seul sens, celui d’une intention insolente.	She cast a glance forwards and sideways, so as to take stock of my grandfather and father, and doubtless the impression she formed of them was that we were all absurd people, for she turned away with an indifferent and contemptuous air, withdrew herself so as to spare her face the indignity of remaining within their field of vision; and while they, continuing to walk on without noticing her, had overtaken and passed me, she allowed her eyes to wander, over the space that lay between us, in my direction, without any particular expression, without appearing to have seen me, but with an intensity, a half-hidden smile which I was unable to interpret, according to the instruction I had received in the ways of good breeding, save as a mark of infinite disgust; and her hand, at the same time, sketched in the air an indelicate gesture, for which, when it was addressed in public to a person whom one did not know, the little dictionary of manners which I carried in my mind supplied only one meaning, namely, a deliberate insult.
920	985	0.363	—«Allons, Gilberte, viens; qu’est-ce que tu fais, cria d’une voix perçante et autoritaire une dame en blanc que je n’avais pas vue, et à quelque distance de laquelle un Monsieur habillé de coutil et que je ne connaissais pas, fixait sur moi des yeux qui lui sortaient de la tête; et cessant brusquement de sourire, la jeune fille prit sa bêche et s’éloigna sans se retourner de mon côté, d’un air docile, impénétrable et sournois.	"""Gilberte, come along; what are you doing?"" called out in a piercing tone of authority a lady in white, whom I had not seen until that moment, while, a little way beyond her, a gentleman in a suit of linen 'ducks,' whom I did not know either, stared at me with eyes which seemed to be starting from his head; the little girl's smile abruptly faded, and, seizing her trowel, she made off without turning to look again in my direction, with an air of obedience, inscrutable and sly."
921	986	0.370	Ainsi passa près de moi ce nom de Gilberte, donné comme un talisman qui me permettait peut-être de retrouver un jour celle dont il venait de faire une personne et qui, l’instant d’avant, n’était qu’une image incertaine.	And so was wafted to my ears the name of Gilberte, bestowed on me like a talisman which might, perhaps, enable me some day to rediscover her whom its syllables had just endowed with a definite personality, whereas, a moment earlier, she had been only something vaguely seen.
922	987	0.437	Ainsi passa-t-il, proféré au-dessus des jasmins et des giroflées, aigre et frais comme les gouttes de l’arrosoir vert; imprégnant, irisant la zone d’air pur qu’il avait traversée — et qu’il isolait, — du mystère de la vie de celle qu’il désignait pour les êtres heureux qui vivaient, qui voyageaient avec elle; déployant sous l’épinier rose, à hauteur de mon épaule, la quintessence de leur familiarité, pour moi si douloureuse, avec elle, avec l’inconnu de sa vie où je n’entrerais pas.	So it came to me, uttered across the heads of the stocks and jasmines, pungent and cool as the drops which fell from the green watering-pipe; impregnating and irradiating the zone of pure air through which it had passed, which it set apart and isolated from all other air, with the mystery of the life of her whom its syllables designated to the happy creatures that lived and walked and travelled in her company; unfolding through the arch of the pink hawthorn, which opened at the height of my shoulder, the quintessence of their familiarity — so exquisitely painful to myself — with her, and with all that unknown world of her existence, into which I should never penetrate.
923	988	0.512	Un instant (tandis que nous nous éloignions et que mon grand-père murmurait: «Ce pauvre Swann, quel rôle ils lui font jouer: on le fait partir pour qu’elle reste seule avec son Charlus, car c’est lui, je l’ai reconnu!	"For a moment (while we moved away, and my grandfather murmured: ""Poor Swann, what a life they are leading him; fancy sending him away so that she can be left alone with her Charlus — for that was Charlus: I recognised him at once!"
924	989	0.412	Et cette petite, mêlée à toute cette infamie!») l’impression laissée en moi par le ton despotique avec lequel la mère de Gilberte lui avait parlé sans qu’elle répliquât, en me la montrant comme forcée d’obéir à quelqu’un, comme n’étant pas supérieure à tout, calma un peu ma souffrance, me rendit quelque espoir et diminua mon amour.	"And the child, too; at her age, to be mixed up in all that!"") the impression left on me by the despotic tone in which Gilberte's mother had spoken to her, without her replying, by exhibiting her to me as being obliged to yield obedience to some one else, as not being indeed superior to the whole world, calmed my sufferings somewhat, revived some hope in me, and cooled the ardour of my love."
925	990	0.445	Mais bien vite cet amour s’éleva de nouveau en moi comme une réaction par quoi mon cœur humilié voulait se mettre de niveau avec Gilberte ou l’abaisser jusqu’à lui.	But very soon that love surged up again in me like a reaction by which my humiliated heart was endeavouring to rise to Gilberte's level, or to draw her down to its own.
926	991	0.421	Je l’aimais, je regrettais de ne pas avoir eu le temps et l’inspiration de l’offenser, de lui faire mal, et de la forcer à se souvenir de moi.	I loved her; I was sorry not to have had the time and the inspiration to insult her, to do her some injury, to force her to keep some memory of me.
927	992	0.442	Je la trouvais si belle que j’aurais voulu pouvoir revenir sur mes pas, pour lui crier en haussant les épaules: «Comme je vous trouve laide, grotesque, comme vous me répugnez!»	"I knew her to be so beautiful that I should have liked to be able to retrace my steps so as to shake my fist at her and shout, ""I think you are hideous, grotesque; you are utterly disgusting!"""
928	993	0.398	Cependant je m’éloignais, emportant pour toujours, comme premier type d’un bonheur inaccessible aux enfants de mon espèce de par des lois naturelles impossibles à transgresser, l’image d’une petite fille rousse, à la peau semée de taches roses, qui tenait une bêche et qui riait en laissant filer sur moi de longs regards sournois et inexpressifs.	However, I walked away, carrying with me, then and for ever afterwards, as the first illustration of a type of happiness rendered inaccessible to a little boy of my kind by certain laws of nature which it was impossible to transgress, the picture of a little girl with reddish hair, and a skin freckled with tiny pink marks, who held a trowel in her hand, and smiled as she directed towards me a long and subtle and inexpressive stare.
929	994	0.473	Et déjà le charme dont son nom avait encensé cette place sous les épines roses où il avait été entendu ensemble par elle et par moi, allait gagner, enduire, embaumer, tout ce qui l’approchait, ses grands-parents que les miens avaient eu l’ineffable bonheur de connaître, la sublime profession d’agent de change, le douloureux quartier des Champs-Élysées qu’elle habitait à Paris.	And already the charm with which her name, like a cloud of incense, had filled that archway in the pink hawthorn through which she and I had, together, heard its sound, was beginning to conquer, to cover, to embalm, to beautify everything with which it had any association: her grandparents, whom my own had been so unspeakably fortunate as to know, the glorious profession of a stockholder, even the melancholy neighbourhood of the Champs-Elysées, where she lived in Paris.
930	995	0.662	«Léonie, dit mon grand-père en rentrant, j’aurais voulu t’avoir avec nous tantôt.	"""Léonie,"" said my grandfather on our return, ""I wish we had had you with us this afternoon."
931	996	0.690	Tu ne reconnaîtrais pas Tansonville.	You would never have known Tansonville.
932	997	0.616	Si j’avais osé, je t’aurais coupé une branche de ces épines roses que tu aimais tant.»	"If I had had the courage I would have cut you a branch of that pink hawthorn you used to like so much."""
933	998	0.451	Mon grand-père racontait ainsi notre promenade à ma tante Léonie, soit pour la distraire, soit qu’on n’eût pas perdu tout espoir d’arriver à la faire sortir.	And so my grandfather told her the story of our walk, either just to amuse her, or perhaps because there was still some hope that she might be stimulated to rise from her bed and to go out of doors.
934	999	0.377	Or elle aimait beaucoup autrefois cette propriété, et d’ailleurs les visites de Swann avaient été les dernières qu’elle avait reçues, alors qu’elle fermait déjà sa porte à tout le monde.	For in earlier days she had been very fond of Tansonville, and, moreover, Swann's visits had been the last that she had continued to receive, at a time when she had already closed her doors to all the world.
935	1000	0.400	Et de même que quand il venait maintenant prendre de ses nouvelles (elle était la seule personne de chez nous qu’il demandât encore à voir), elle lui faisait répondre qu’elle était fatiguée, mais qu’elle le laisserait entrer la prochaine fois, de même elle dit ce soir-là: «Oui, un jour qu’il fera beau, j’irai en voiture jusqu’à la porte du parc.»	"And just as, when he called, in these later days, to inquire for her (and she was still the only person in our household whom he would ask to see), she would send down to say that she was tired at the moment and resting, but that she would be happy to see him another time, so, this evening, she said to my grandfather, ""Yes, some day when the weather is fine I shall go for a drive as far as the gate of the park."""
936	1001	0.440	C’est sincèrement qu’elle le disait.	And in saying this she was quite sincere.
937	1002	0.609	Elle eût aimé revoir Swann et Tansonville; mais le désir qu’elle en avait suffisait à ce qui lui restait de forces; sa réalisation les eût excédées.	She would have liked to see Swann and Tansonville again; but the mere wish to do so sufficed for all that remained of her strength, which its fulfilment would have more than exhausted.
938	1003	0.442	Quelquefois le beau temps lui rendait un peu de vigueur, elle se levait, s’habillait; la fatigue commençait avant qu’elle fût passée dans l’autre chambre et elle réclamait son lit.	Sometimes a spell of fine weather made her a little more energetic, she would rise and put on her clothes; but before she had reached the outer room she would be 'tired' again, and would insist on returning to her bed.
939	1004	0.375	Ce qui avait commencé pour elle — plus tôt seulement que cela n’arrive d’habitude, — c’est ce grand renoncement de la vieillesse qui se prépare à la mort, s’enveloppe dans sa chrysalide, et qu’on peut observer, à la fin des vies qui se prolongent tard, même entre les anciens amants qui se sont le plus aimés, entre les amis unis par les liens les plus spirituels et qui à partir d’une certaine année cessent de faire le voyage ou la sortie nécessaire pour se voir, cessent de s’écrire et savent qu’ils ne communiqueront plus en ce monde.	The process which had begun in her — and in her a little earlier only than it must come to all of us — was the great and general renunciation which old age makes in preparation for death, the chrysalis stage of life, which may be observed wherever life has been unduly prolonged; even in old lovers who have lived for one another with the utmost intensity of passion, and in old friends bound by the closest ties of mental sympathy, who, after a certain year, cease to make the necessary journey, or even to cross the street to see one another, cease to correspond, and know well that they will communicate no more in this world.
940	1005	0.424	Ma tante devait parfaitement savoir qu’elle ne reverrait pas Swann, qu’elle ne quitterait plus jamais la maison, mais cette réclusion définitive devait lui être rendue assez aisée pour la raison même qui selon nous aurait dû la lui rendre plus douloureuse: c’est que cette réclusion lui était imposée par la diminution qu’elle pouvait constater chaque jour dans ses forces, et qui, en faisant de chaque action, de chaque mouvement, une fatigue, sinon une souffrance, donnait pour elle à l’inaction, à l’isolement, au silence, la douceur réparatrice et bénie du repos.	My aunt must have been perfectly well aware that she would not see Swann again, that she would never leave her own house any more, but this ultimate seclusion seemed to be accepted by her with all the more readiness for the very reason which, to our minds, ought to have made it more unbearable; namely, that such a seclusion was forced upon her by the gradual and steady diminution in her strength which she was able to measure daily, which, by making every action, every movement 'tiring' to her if not actually painful, gave to inaction, isolation and silence the blessed, strengthening and refreshing charm of repose.
941	1006	0.292	Ma tante n’alla pas voir la haie d’épines roses, mais à tous moments je demandais à mes parents si elle n’irait pas, si autrefois elle allait souvent à Tansonville, tâchant de les faire parler des parents et grands-parents de Mlle Swann qui me semblaient grands comme des Dieux.	My aunt did not go to see the pink hawthorn in the hedge, but at all hours of the day I would ask the rest of my family whether she was not going to go, whether she used not, at one time, to go often to Tansonville, trying to make them speak of Mlle. Swann's parents and grandparents, who appeared to me to be as great and glorious as gods.
942	1007	0.338	Ce nom, devenu pour moi presque mythologique, de Swann, quand je causais avec mes parents, je languissais du besoin de le leur entendre dire, je n’osais pas le prononcer moi-même, mais je les entraînais sur des sujets qui avoisinaient Gilberte et sa famille, qui la concernaient, où je ne me sentais pas exilé trop loin d’elle; et je contraignais tout d’un coup mon père, en feignant de croire par exemple que la charge de mon grand-père avait été déjà avant lui dans notre famille, ou que la haie d’épines roses que voulait voir ma tante Léonie se trouvait en terrain communal, à rectifier mon assertion, à me dire, comme malgré moi, comme de lui-même: «Mais non, cette charge-là était au père de Swann, cette haie fait partie du parc de Swann.»	"The name, which had for me become almost mythological, of Swann — when I talked with my family I would grow sick with longing to hear them utter it; I dared not pronounce it myself, but I would draw them into a discussion of matters which led naturally to Gilberte and her family, in which she was involved, in speaking of which I would feel myself not too remotely banished from her company; and I would suddenly force my father (by pretending, for instance, to believe that my grandfather's business had been in our family before his day, or that the hedge with the pink hawthorn which my aunt Léonie wished to visit was on common ground) to correct my statements, to say, as though in opposition to me and of his own accord: ""No, no, the business belonged to _Swann's_ father, that hedge is part of _Swann's_ park."""
943	1008	0.389	Alors j’étais obligé de reprendre ma respiration, tant, en se posant sur la place où il était toujours écrit en moi, pesait à m’étouffer ce nom qui, au moment où je l’entendais, me paraissait plus plein que tout autre, parce qu’il était lourd de toutes les fois où, d’avance, je l’avais mentalement proféré.	And then I would be obliged to pause for breath; so stifling was the pressure, upon that part of me where it was for ever inscribed, of that name which, at the moment when I heard it, seemed to me fuller, more portentous than any other name, because it was burdened with the weight of all the occasions on which I had secretly uttered it in my mind.
944	1009	0.515	Il me causait un plaisir que j’étais confus d’avoir osé réclamer à mes parents, car ce plaisir était si grand qu’il avait dû exiger d’eux pour qu’ils me le procurassent beaucoup de peine, et sans compensation, puisqu’il n’était pas un plaisir pour eux.	It caused me a pleasure which I was ashamed to have dared to demand from my parents, for so great was it that to have procured it for me must have involved them in an immensity of effort, and with no recompense, since for them there was no pleasure in the sound.
945	1010	0.448	Aussi je détournais la conversation par discrétion.	And so I would prudently turn the conversation.
946	1011	0.306	Par scrupule aussi.	And by a scruple of conscience, also.
947	1012	0.612	Toutes les séductions singulières que je mettais dans ce nom de Swann, je les retrouvais en lui dès qu’ils le prononçaient.	All the singular seductions which I had stored up in the sound of that word Swann, I found again as soon as it was uttered.
948	1013	0.412	Il me semblait alors tout d’un coup que mes parents ne pouvaient pas ne pas les ressentir, qu’ils se trouvaient placés à mon point de vue, qu’ils apercevaient à leur tour, absolvaient, épousaient mes rêves, et j’étais malheureux comme si je les avais vaincus et dépravés.	And then it occurred to me suddenly that my parents could not fail to experience the same emotions, that they must find themselves sharing my point of view, that they perceived in their turn, that they condoned, that they even embraced my visionary longings, and I was as wretched as though I had ravished and corrupted the innocence of their hearts.
949	1014-1015	0.238	Cette année-là, quand, un peu plus tôt que d’habitude, mes parents eurent fixé le jour de rentrer à Paris, le matin du départ, comme on m’avait fait friser pour être photographié, coiffer avec précaution un chapeau que je n’avais encore jamais mis et revêtir une douillette de velours, après m’avoir cherché partout, ma mère me trouva en larmes dans le petit raidillon, contigu à Tansonville, en train de dire adieu aux aubépines, entourant de mes bras les branches piquantes, et, comme une princesse de tragédie à qui pèseraient ces vains ornements, ingrat envers l’importune main qui en formant tous ces nœuds avait pris soin sur mon front d’assembler mes cheveux, foulant aux pieds mes papillotes arrachées et mon chapeau neuf.	That year my family fixed the day of their return to Paris rather earlier than usual. On the morning of our departure I had had my hair curled, to be ready to face the photographer, had had a new hat carefully set upon my head, and had been buttoned into a velvet jacket; a little later my mother, after searching everywhere for me, found me standing in tears on that steep little hillside close to Tansonville, bidding a long farewell to my hawthorns, clasping their sharp branches to my bosom, and (like a princess in a tragedy, oppressed by the weight of all her senseless jewellery) with no gratitude towards the officious hand which had, in curling those ringlets, been at pains to collect all my hair upon my forehead; trampling underfoot the curl-papers which I had torn from my head, and my new hat with them.
950	1016	0.442	Ma mère ne fut pas touchée par mes larmes, mais elle ne put retenir un cri à la vue de la coiffe défoncée et de la douillette perdue.	My mother was not at all moved by my tears, but she could not suppress a cry at the sight of my battered headgear and my ruined jacket.
951	1017-1018	0.402	Je ne l’entendis pas: «O mes pauvres petites aubépines, disais-je en pleurant, ce n’est pas vous qui voudriez me faire du chagrin, me forcer à partir.	"I did not, however, hear her. ""Oh, my poor little hawthorns,"" I was assuring them through my sobs, ""it is not you that want to make me unhappy, to force me to leave you."
952	1019	0.433	Vous, vous ne m’avez jamais fait de peine!	You, you have never done me any harm.
953	1020	0.514	Aussi je vous aimerai toujours.»	"So I shall always love you."""
954	1021	0.578	Et, essuyant mes larmes, je leur promettais, quand je serais grand, de ne pas imiter la vie insensée des autres hommes et, même à Paris, les jours de printemps, au lieu d’aller faire des visites et écouter des niaiseries, de partir dans la campagne voir les premières aubépines.	And, drying my eyes, I promised them that, when I grew up, I would never copy the foolish example of other men, but that even in Paris, on fine spring days, instead of paying calls and listening to silly talk, I would make excursions into the country to see the first hawthorn-trees in bloom.
955	1022	0.452	Une fois dans les champs, on ne les quittait plus pendant tout le reste de la promenade qu’on faisait du côté de Méséglise.	Once in the fields we never left them again during the rest of our Méséglise walk.
956	1023	0.536	Ils étaient perpétuellement parcourus, comme par un chemineau invisible, par le vent qui était pour moi le génie particulier de Combray.	They were perpetually crossed, as though by invisible streams of traffic, by the wind, which was to me the tutelary genius of Combray.
957	1024	0.543	Chaque année, le jour de notre arrivée, pour sentir que j’étais bien à Combray, je montais le retrouver qui courait dans les sayons et me faisait courir à sa suite.	Every year, on the day of our arrival, in order to feel that I really was at Combray, I would climb the hill to find it running again through my clothing, and setting me running in its wake.
958	1025	0.367	On avait toujours le vent à côté de soi du côté de Méséglise, sur cette plaine bombée où pendant des lieues il ne rencontre aucun accident de terrain.	One always had the wind for companion when one went the 'Méséglise way,' on that swelling plain which stretched, mile beyond mile, without any disturbance of its gentle contour.
959	1026	0.461	Je savais que Mlle Swann allait souvent à Laon passer quelques jours et, bien que ce fût à plusieurs lieues, la distance se trouvant compensée par l’absence de tout obstacle, quand, par les chauds après-midi, je voyais un même souffle, venu de l’extrême horizon, abaisser les blés les plus éloignés, se propager comme un flot sur toute l’immense étendue et venir se coucher, murmurant et tiède, parmi les sainfoins et les trèfles, à mes pieds, cette plaine qui nous était commune à tous deux semblait nous rapprocher, nous unir, je pensais que ce souffle avait passé auprès d’elle, que c’était quelque message d’elle qu’il me chuchotait sans que je pusse le comprendre, et je l’embrassais au passage.	I knew that Mlle. Swann used often to go and spend a few days at Laon, and, for all that it was many miles away, the distance was obviated by the absence of any intervening obstacle; when, on hot afternoons, I would see a breath of wind emerge from the farthest horizon, bowing the heads of the corn in distant fields, pouring like a flood over all that vast expanse, and finally settling down, warm and rustling, among the clover and sainfoin at my feet, that plain which was common to us both seemed then to draw us together, to unite us; I would imagine that the same breath had passed by her also, that there was some message from her in what it was whispering to me, without my being able to understand it, and I would catch and kiss it as it passed.
960	1027	0.563	A gauche était un village qui s’appelait Champieu (Campus Pagani, selon le curé).	On my left was a village called Champieu (_Campus Pagani_, according to the Curé).
961	1028	0.450	Sur la droite, on apercevait par delà les blés, les deux clochers ciselés et rustiques de Saint-André-des-Champs, eux-mêmes effilés, écailleux, imbriqués d’alvéoles, guillochés, jaunissants et grumeleux, comme deux épis.	On my right I could see across the cornfields the two crocketed, rustic spires of Saint-André-des-Champs, themselves as tapering, scaly, plated, honeycombed, yellowed, and roughened as two ears of wheat.
962	1029	0.397	A intervalles symétriques, au milieu de l’inimitable ornementation de leurs feuilles qu’on ne peut confondre avec la feuille d’aucun autre arbre fruitier, les pommiers ouvraient leurs larges pétales de satin blanc ou suspendaient les timides bouquets de leurs rougissants boutons.	At regular intervals, among the inimitable ornamentation of their leaves, which can be mistaken for those of no other fruit-tree, the apple-trees were exposing their broad petals of white satin, or hanging in shy bunches their unopened, blushing buds.
963	1030	0.437	C’est du côté de Méséglise que j’ai remarqué pour la première fois l’ombre ronde que les pommiers font sur la terre ensoleillée, et aussi ces soies d’or impalpable que le couchant tisse obliquement sous les feuilles, et que je voyais mon père interrompre de sa canne sans les faire jamais dévier.	It was while going the 'Méséglise way' that I first noticed the circular shadow which apple-trees cast upon the sunlit ground, and also those impalpable threads of golden silk which the setting sun weaves slantingly downwards from beneath their leaves, and which I would see my father slash through with his stick without ever making them swerve from their straight path.
964	1031	0.346	Parfois dans le ciel de l’après-midi passait la lune blanche comme une nuée, furtive, sans éclat, comme une actrice dont ce n’est pas l’heure de jouer et qui, de la salle, en toilette de ville, regarde un moment ses camarades, s’effaçant, ne voulant pas qu’on fasse attention à elle.	Sometimes in the afternoon sky a white moon would creep up like a little cloud, furtive, without display, suggesting an actress who does not have to 'come on' for a while, and so goes 'in front' in her ordinary clothes to watch the rest of the company for a moment, but keeps in the background, not wishing to attract attention to herself.
965	1032	0.436	J’aimais à retrouver son image dans des tableaux et dans des livres, mais ces œuvres d’art étaient bien différentes — du moins pendant les premières années, avant que Bloch eût accoutumé mes yeux et ma pensée à des harmonies plus subtiles — de celles où la lune me paraîtrait belle aujourd’hui et où je ne l’eusse pas reconnue alors.	I was glad to find her image reproduced in books and paintings, though these works of art were very different — at least in my earlier years, before Bloch had attuned my eyes and mind to more subtle harmonies — from those in which the moon seems fair to me to-day, but in which I should not have recognised her then.
966	1033	0.415	C’était, par exemple, quelque roman de Saintine, un paysage de Gleyre où elle découpe nettement sur le ciel une faucille d’argent, de ces œuvres naïvement incomplètes comme étaient mes propres impressions et que les sœurs de ma grand’mère s’indignaient de me voir aimer.	It might be, for instance, some novel by Saintine, some landscape by Gleyre, in which she is cut out sharply against the sky, in the form of a silver sickle, some work as unsophisticated and as incomplete as were, at that date, my own impressions, and which it enraged my grandmother's sisters to see me admire.
967	1034	0.284	Elles pensaient qu’on doit mettre devant les enfants, et qu’ils font preuve de goût en aimant d’abord, les œuvres que, parvenu à la maturité, on admire définitivement.	They held that one ought to set before children, and that children shewed their own innate good taste in admiring, only such books and pictures as they would continue to admire when their minds were developed and mature.
968	1035	0.413	C’est sans doute qu’elles se figuraient les mérites esthétiques comme des objets matériels qu’un œil ouvert ne peut faire autrement que de percevoir, sans avoir eu besoin d’en mûrir lentement des équivalents dans son propre cœur.	No doubt they regarded aesthetic values as material objects which an unclouded vision could not fail to discern, without needing to have their equivalent in experience of life stored up and slowly ripening in one's heart.
969	1036	0.648	C’est du côté de Méséglise, à Montjouvain, maison située au bord d’une grande mare et adossée à un talus buissonneux que demeurait M. Vinteuil.	It was along the 'Méséglise way,' at Montjouvain, a house built on the edge of a large pond, and overlooked by a steep, shrub-grown hill, that M. Vinteuil lived.
970	1037	0.513	Aussi croisait-on souvent sur la route sa fille, conduisant un buggy à toute allure.	And so we used often to meet his daughter driving her dogcart at full speed along the road.
971	1038	0.510	A partir d’une certaine année on ne la rencontra plus seule, mais avec une amie plus âgée, qui avait mauvaise réputation dans le pays et qui un jour s’installa définitivement à Montjouvain.	After a certain year we never saw her alone, but always accompanied by a friend, a girl older than herself, with an evil reputation in the neighbourhood, who in the end installed herself permanently, one day, at Montjouvain.
972	1039	0.449	On disait: «Faut-il que ce pauvre M. Vinteuil soit aveuglé par la tendresse pour ne pas s’apercevoir de ce qu’on raconte, et permettre à sa fille, lui qui se scandalise d’une parole DÉPLACÉE, de faire vivre sous son toit une femme pareille.	"People said: ""That poor M. Vinteuil must be blinded by love not to see what everyone is talking about, and to let his daughter — a man who is horrified if you use a word in the wrong sense — bring a woman like that to live under his roof."
973	1040	0.397	Il dit que c’est une femme supérieure, un grand cœur et qu’elle aurait eu des dispositions extraordinaires pour la musique si elle les avait cultivées.	He says that she is a most superior woman, with a heart of gold, and that she would have shewn extraordinary musical talent if she had only been trained.
974	1041	0.461	Il peut être sûr que ce n’est pas de musique qu’elle s’occupe avec sa fille.»	"He may be sure it is not music that she is teaching his daughter."""
975	1042	0.383	M. Vinteuil le disait; et il est en effet remarquable combien une personne excite toujours d’admiration pour ses qualités morales chez les parents de toute autre personne avec qui elle a des relations charnelles.	But M. Vinteuil assured them that it was, and indeed it is remarkable that people never fail to arouse admiration of their normal qualities in the relatives of anyone with whom they are in physical intercourse.
976	1043	0.277	L’amour physique, si injustement décrié, force tellement tout être à manifester jusqu’aux moindres parcelles qu’il possède de bonté, d’abandon de soi, qu’elles resplendissent jusqu’aux yeux de l’entourage immédiat.	Bodily passion, which has been so unjustly decried, compels its victims to display every vestige that is in them of unselfishness and generosity, and so effectively that they shine resplendent in the eyes of all beholders.
977	1044-1045	0.509	Le docteur Percepied à qui sa grosse voix et ses gros sourcils permettaient de tenir tant qu’il voulait le rôle de perfide dont il n’avait pas le physique, sans compromettre en rien sa réputation inébranlable et imméritée de bourru bienfaisant, savait faire rire aux larmes le curé et tout le monde en disant d’un ton rude: «Hé bien! il paraît qu’elle fait de la musique avec son amie, Mlle Vinteuil.	"Dr. Percepied, whose loud voice and bushy eyebrows enabled him to play to his heart's content the part of 'double-dealer,' a part to which he was not, otherwise, adapted, without in the least degree compromising his unassailable and quite unmerited reputation of being a kind-hearted old curmudgeon, could make the Curé and everyone else laugh until they cried by saying in a harsh voice: ""What d'ye say to this, now? It seems that she plays music with her friend, Mlle. Vinteuil."
978	1046	0.517	Ça a l’air de vous étonner.	That surprises you, does it?
979	1047	0.267	Moi je sais pas.	Oh, I know nothing, nothing at all.
980	1048	0.636	C’est le père Vinteuil qui m’a encore dit ça hier.	It was Papa Vinteuil who told me all about it yesterday.
981	1049	0.629	Après tout, elle a bien le droit d’aimer la musique, c’te fille.	After all, she has every right to be fond of music, that girl.
982-983	1050	0.308	Moi je ne suis pas pour contrarier les vocations artistiques des enfants. Vinteuil non plus à ce qu’il paraît.	I should never dream of thwarting the artistic vocation of a child; nor Vinteuil either, it seems.
984	1051	0.553	Et puis lui aussi il fait de la musique avec l’amie de sa fille.	And then he plays music too, with his daughter's friend.
985	1052	0.228	Ah! sapristi on en fait une musique dans c’te boîte-là.	Why, gracious heavens, it must be a regular musical box, that house out there!
986	1053-1054	0.489	Mais qu’est-ce que vous avez à rire; mais ils font trop de musique ces gens.	What are you laughing at? I say they've been playing too much music, those people.
987	1055	0.556	L’autre jour j’ai rencontré le père Vinteuil près du cimetière.	I met Papa Vinteuil the other day, by the cemetery.
988	1056	0.358	Il ne tenait pas sur ses jambes.»	"It was all he could do to keep on his feet."""
989	1057	0.524	Pour ceux qui comme nous virent à cette époque M. Vinteuil éviter les personnes qu’il connaissait, se détourner quand il les apercevait, vieillir en quelques mois, s’absorber dans son chagrin, devenir incapable de tout effort qui n’avait pas directement le bonheur de sa fille pour but, passer des journées entières devant la tombe de sa femme, — il eût été difficile de ne pas comprendre qu’il était en train de mourir de chagrin, et de supposer qu’il ne se rendait pas compte des propos qui couraient.	Anyone who, like ourselves, had seen M. Vinteuil, about this time, avoiding people whom he knew, and turning away as soon as he caught sight of them, changed in a few months into an old man, engulfed in a sea of sorrows, incapable of any effort not directly aimed at promoting his daughter's happiness, spending whole days beside his wife's grave, could hardly have failed to realise that he was gradually dying of a broken heart, could hardly have supposed that he paid no attention to the rumours which were going about.
990	1058	0.355	Il les connaissait, peut-être même y ajoutait-il foi.	He knew, perhaps he even believed, what his neighbours were saying.
991	1059	0.331	Il n’est peut-être pas une personne, si grande que soit sa vertu, que la complexité des circonstances ne puisse amener à vivre un jour dans la familiarité du vice qu’elle condamne le plus formellement, — sans qu’elle le reconnaisse d’ailleurs tout à fait sous le déguisement de faits particuliers qu’il revêt pour entrer en contact avec elle et la faire souffrir: paroles bizarres, attitude inexplicable, un certain soir, de tel être qu’elle a par ailleurs tant de raisons pour aimer.	There is probably no one, however rigid his virtue, who is not liable to find himself, by the complexity of circumstances, living at close quarters with the very vice which he himself has been most outspoken in condemning, without at first recognising it beneath the disguise which it assumes on entering his presence, so as to wound him and to make him suffer; the odd words, the unaccountable attitude, one evening, of a person whom he has a thousand reasons for loving.
992	1060	0.372	Mais pour un homme comme M. Vinteuil il devait entrer bien plus de souffrance que pour un autre dans la résignation à une de ces situations qu’on croit à tort être l’apanage exclusif du monde de la bohème: elles se produisent chaque fois qu’a besoin de se réserver la place et la sécurité qui lui sont nécessaires, un vice que la nature elle-même fait épanouir chez un enfant, parfois rien qu’en mêlant les vertus de son père et de sa mère, comme la couleur de ses yeux.	But for a man of M. Vinteuil's sensibility it must have been far more painful than for a hardened man of the world to have to resign himself to one of those situations which are wrongly supposed to occur in Bohemian circles only; for they are produced whenever there needs to establish itself in the security necessary to its development a vice which Nature herself has planted in the soul of a child, perhaps by no more than blending the virtues of its father and mother, as she might blend the colours of their eyes.
993	1061	0.508	Mais de ce que M. Vinteuil connaissait peut-être la conduite de sa fille, il ne s’ensuit pas que son culte pour elle en eût été diminué.	And yet however much M. Vinteuil may have known of his daughter's conduct it did not follow that his adoration of her grew any less.
994	1062	0.498	Les faits ne pénètrent pas dans le monde où vivent nos croyances, ils n’ont pas fait naître celles-ci, ils ne les détruisent pas; ils peuvent leur infliger les plus constants démentis sans les affaiblir, et une avalanche de malheurs ou de maladies se succédant sans interruption dans une famille, ne la fera pas douter de la bonté de son Dieu ou du talent de son médecin.	The facts of life do not penetrate to the sphere in which our beliefs are cherished; as it was not they that engendered those beliefs, so they are powerless to destroy them; they can aim at them continual blows of contradiction and disproof without weakening them; and an avalanche of miseries and maladies coming, one after another, without interruption into the bosom of a family, will not make it lose faith in either the clemency of its God or the capacity of its physician.
995	1063	0.185	Mais quand M. Vinteuil songeait à sa fille et à lui-même du point de vue du monde, du point de vue de leur réputation, quand il cherchait à se situer avec elle au rang qu’ils occupaient dans l’estime générale, alors ce jugement d’ordre social, il le portait exactement comme l’eût fait l’habitant de Combray qui lui eût été le plus hostile, il se voyait avec sa fille dans le dernier bas-fond, et ses manières en avaient reçu depuis peu cette humilité, ce respect pour ceux qui se trouvaient au-dessus de lui et qu’il voyait d’en bas (eussent-ils été fort au-dessous de lui jusque-là), cette tendance à chercher à remonter jusqu’à eux, qui est une résultante presque mécanique de toutes les déchéances.	But when M. Vinteuil regarded his daughter and himself from the point of view of the world, and of their reputation, when he attempted to place himself by her side in the rank which they occupied in the general estimation of their neighbours, then he was bound to give judgment, to utter his own and her social condemnation in precisely the terms which the inhabitant of Combray most hostile to him and his daughter would have employed; he saw himself and her in 'low,' in the very 'lowest water,' inextricably stranded; and his manners had of late been tinged with that humility, that respect for persons who ranked above him and to whom he must now look up (however far beneath him they might hitherto have been), that tendency to search for some means of rising again to their level, which is an almost mechanical result of any human misfortune.
996	1064	0.413	Un jour que nous marchions avec Swann dans une rue de Combray, M. Vinteuil qui débouchait d’une autre, s’était trouvé trop brusquement en face de nous pour avoir le temps de nous éviter; et Swann avec cette orgueilleuse charité de l’homme du monde qui, au milieu de la dissolution de tous ses préjugés moraux, ne trouve dans l’infamie d’autrui qu’une raison d’exercer envers lui une bienveillance dont les témoignages chatouillent d’autant plus l’amour-propre de celui qui les donne, qu’il les sent plus précieux à celui qui les reçoit, avait longuement causé avec M. Vinteuil, à qui, jusque-là il n’adressait pas la parole, et lui avait demandé avant de nous quitter s’il n’enverrait pas un jour sa fille jouer à Tansonville.	One day, when we were walking with Swann in one of the streets of Combray, M. Vinteuil, turning out of another street, found himself so suddenly face to face with us all that he had not time to escape; and Swann, with that almost arrogant charity of a man of the world who, amid the dissolution of all his own moral prejudices, finds in another's shame merely a reason for treating him with a friendly benevolence, the outward signs of which serve to enhance and gratify the self-esteem of the bestower because he feels that they are all the more precious to him upon whom they are bestowed, conversed at great length with M. Vinteuil, with whom for a long time he had been barely on speaking terms, and invited him, before leaving us, to send his daughter over, one day, to play at Tansonville.
997	1065	0.412	C’était une invitation qui, il y a deux ans, eût indigné M. Vinteuil, mais qui, maintenant, le remplissait de sentiments si reconnaissants qu’il se croyait obligé par eux, à ne pas avoir l’indiscrétion de l’accepter.	It was an invitation which, two years earlier, would have enraged M. Vinteuil, but which now filled him with so much gratitude that he felt himself obliged to refrain from the indiscretion of accepting.
998	1066	0.448	L’amabilité de Swann envers sa fille lui semblait être en soi-même un appui si honorable et si délicieux qu’il pensait qu’il valait peut-être mieux ne pas s’en servir, pour avoir la douceur toute platonique de le conserver.	Swann's friendly regard for his daughter seemed to him to be in itself so honourable, so precious a support for his cause that he felt it would perhaps be better to make no use of it, so as to have the wholly Platonic satisfaction of keeping it in reserve.
999	1067	0.350	—«Quel homme exquis, nous dit-il, quand Swann nous eut quittés, avec la même enthousiaste vénération qui tient de spirituelles et jolies bourgeoises en respect et sous le charme d’une duchesse, fût-elle laide et sotte.	"""What a charming man!"" he said to us, after Swann had gone, with the same enthusiasm and veneration which make clever and pretty women of the middle classes fall victims to the physical and intellectual charms of a duchess, even though she be ugly and a fool."
1000	1068	0.344	Quel homme exquis!	"""What a charming man!"
1001	1069	0.453	Quel malheur qu’il ait fait un mariage tout à fait déplacé.»	"What a pity that he should have made such a deplorable marriage!"""
1002	1070	0.464	Et alors, tant les gens les plus sincères sont mêlés d’hypocrisie et dépouillent en causant avec une personne l’opinion qu’ils ont d’elle et expriment dès qu’elle n’est plus là, mes parents déplorèrent avec M. Vinteuil le mariage de Swann au nom de principes et de convenances auxquels (par cela même qu’ils les invoquaient en commun avec lui, en braves gens de même acabit) ils avaient l’air de sous-entendre qu’il n’était pas contrevenu à Montjouvain.	And then, so strong an element of hypocrisy is there in even the most sincere of men, who cast off, while they are talking to anyone, the opinion they actually hold of him and will express when he is no longer there, my family joined with M. Vinteuil in deploring Swann's marriage, invoking principles and conventions which (all the more because they invoked them in common with him, as though we were all thorough good fellows of the same sort) they appeared to suggest were in no way infringed at Montjouvain.
1003-1004	1071	0.328	M. Vinteuil n’envoya pas sa fille chez Swann. Et celui-ci fût le premier à le regretter.	M. Vinteuil did not send his daughter to visit Swann, an omission which Swann was the first to regret.
1005	1072	0.344	Car chaque fois qu’il venait de quitter M. Vinteuil, il se rappelait qu’il avait depuis quelque temps un renseignement à lui demander sur quelqu’un qui portait le même nom que lui, un de ses parents, croyait-il.	For constantly, after meeting M. Vinteuil, he would remember that he had been meaning for a long time to ask him about some one of the same name as himself, one of his relatives, Swann supposed.
1006	1073	0.452	Et cette fois-là il s’était bien promis de ne pas oublier ce qu’il avait à lui dire, quand M. Vinteuil enverrait sa fille à Tansonville.	And on this occasion he determined that he would not forget what he had to say to him when M. Vinteuil should appear with his daughter at Tansonville.
1007	1074	0.597	Comme la promenade du côté de Méséglise était la moins longue des deux que nous faisions autour de Combray et qu’à cause de cela on la réservait pour les temps incertains, le climat du côté de Méséglise était assez pluvieux et nous ne perdions jamais de vue la lisière des bois de Roussainville dans l’épaisseur desquels nous pourrions nous mettre à couvert.	Since the 'Méséglise way' was the shorter of the two that we used to take for our walks round Combray, and for that reason was reserved for days of uncertain weather, it followed that the climate of Méséglise shewed an unduly high rainfall, and we would never lose sight of the fringe of Roussainville wood, so that we could, at any moment, run for shelter beneath its dense thatch of leaves.
1008	1075	0.438	Souvent le soleil se cachait derrière une nuée qui déformait son ovale et dont il jaunissait la bordure.	Often the sun would disappear behind a cloud, which impinged on its roundness, but whose edge the sun gilded in return.
1009	1076	0.408	L’éclat, mais non la clarté, était enlevé à la campagne où toute vie semblait suspendue, tandis que le petit village de Roussainville sculptait sur le ciel le relief de ses arêtes blanches avec une précision et un fini accablants.	The brightness, though not the light of day, would then be shut off from a landscape in which all life appeared to be suspended, while the little village of Roussainville carved in relief upon the sky the white mass of its gables, with a startling precision of detail.
1010	1077	0.343	Un peu de vent faisait envoler un corbeau qui retombait dans le lointain, et, contre le ciel blanchissant, le lointain des bois paraissait plus bleu, comme peint dans ces camaïeux qui décorent les trumeaux des anciennes demeures.	A gust of wind blew from its perch a rook, which floated away and settled in the distance, while beneath a paling sky the woods on the horizon assumed a deeper tone of blue, as though they were painted in one of those cameos which you still find decorating the walls of old houses.
1011	1078-1079	0.251	Mais d’autres fois se mettait à tomber la pluie dont nous avait menacés le capucin que l’opticien avait à sa devanture; les gouttes d’eau comme des oiseaux migrateurs qui prennent leur vol tous ensemble, descendaient à rangs pressés du ciel.	But on other days would begin to fall the rain, of which we had had due warning from the little barometer-figure which the spectacle-maker hung out in his doorway. Its drops, like migrating birds which fly off in a body at a given moment, would come down out of the sky in close marching order.
1012	1080	0.414	Elles ne se séparent point, elles ne vont pas à l’aventure pendant la rapide traversée, mais chacune tenant sa place, attire à elle celle qui la suit et le ciel en est plus obscurci qu’au départ des hirondelles.	They would never drift apart, would make no movement at random in their rapid course, but each one, keeping in its place, would draw after it the drop which was following, and the sky would be as greatly darkened as by the swallows flying south.
1013	1081	0.559	Nous nous réfugions dans le bois.	We would take refuge among the trees.
1014	1082	0.454	Quand leur voyage semblait fini, quelques-unes, plus débiles, plus lentes, arrivaient encore.	And when it seemed that their flight was accomplished, a few last drops, feebler and slower than the rest, would still come down.
1015	1083	0.453	Mais nous ressortions de notre abri, car les gouttes se plaisent aux feuillages, et la terre était déjà presque séchée que plus d’une s’attardait à jouer sur les nervures d’une feuille, et suspendue à la pointe, reposée, brillant au soleil, tout d’un coup se laissait glisser de toute la hauteur de la branche et nous tombait sur le nez.	But we would emerge from our shelter, for the rain was playing a game, now, among the branches, and, even when it was almost dry again underfoot, a stray drop or two, lingering in the hollow of a leaf, would run down and hang glistening from the point of it until suddenly it splashed plump upon our upturned faces from the whole height of the tree.
1016	1084	0.484	Souvent aussi nous allions nous abriter, pêle-mêle avec les Saints et les Patriarches de pierre sous le porche de Saint-André-des-Champs.	Often, too, we would hurry for shelter, tumbling in among all its stony saints and patriarchs, into the porch of Saint-André-des-Champs.
1017	1085	0.559	Que cette église était française!	How typically French that church was!
1018	1086	0.416	Au-dessus de la porte, les Saints, les rois-chevaliers une fleur de lys à la main, des scènes de noces et de funérailles, étaient représentés comme ils pouvaient l’être dans l’âme de Françoise.	Over its door the saints, the kings of chivalry with lilies in their hands, the wedding scenes and funerals were carved as they might have been in the mind of Françoise.
1019	1087	0.467	Le sculpteur avait aussi narré certaines anecdotes relatives à Aristote et à Virgile de la même façon que Françoise à la cuisine parlait volontiers de saint Louis comme si elle l’avait personnellement connu, et généralement pour faire honte par la comparaison à mes grands-parents moins «justes».	The sculptor had also recorded certain anecdotes of Aristotle and Virgil, precisely as Françoise in her kitchen would break into speech about Saint Louis as though she herself had known him, generally in order to depreciate, by contrast with him, my grandparents, whom she considered less 'righteous.'
1020	1088	0.445	On sentait que les notions que l’artiste médiéval et la paysanne médiévale (survivant au XIXe siècle) avaient de l’histoire ancienne ou chrétienne, et qui se distinguaient par autant d’inexactitude que de bonhomie, ils les tenaient non des livres, mais d’une tradition à la fois antique et directe, ininterrompue, orale, déformée, méconnaissable et vivante.	One could see that the ideas which the mediaeval artist and the mediaeval peasant (who had survived to cook for us in the nineteenth century) had of classical and of early Christian history, ideas whose inaccuracy was atoned for by their honest simplicity, were derived not from books, but from a tradition at once ancient and direct, unbroken, oral, degraded, unrecognisable, and alive.
1021	1089	0.455	Une autre personnalité de Combray que je reconnaissais aussi, virtuelle et prophétisée, dans la sculpture gothique de Saint-André-des-Champs c’était le jeune Théodore, le garçon de chez Camus.	Another Combray person whom I could discern also, potential and typified, in the gothic sculptures of Saint-André-des-Champs was young Théodore, the assistant in Camus's shop.
1022	1090	0.378	Françoise sentait d’ailleurs si bien en lui un pays et un contemporain que, quand ma tante Léonie était trop malade pour que Françoise pût suffire à la retourner dans son lit, à la porter dans son fauteuil, plutôt que de laisser la fille de cuisine monter se faire «bien voir» de ma tante, elle appelait Théodore.	And, indeed, Françoise herself was well aware that she had in him a countryman and contemporary, for when my aunt was too ill for Françoise to be able, unaided, to lift her in her bed or to carry her to her chair, rather than let the kitchen-maid come upstairs and, perhaps, 'make an impression' on my aunt, she would send out for Théodore.
1023	1091	0.246	Or, ce garçon qui passait et avec raison pour si mauvais sujet, était tellement rempli de l’âme qui avait décoré Saint-André-des-Champs et notamment des sentiments de respect que Françoise trouvait dus aux «pauvres malades», à «sa pauvre maîtresse», qu’il avait pour soulever la tête de ma tante sur son oreiller la mine naïve et zélée des petits anges des bas-reliefs, s’empressant, un cierge à la main, autour de la Vierge défaillante, comme si les visages de pierre sculptée, grisâtres et nus, ainsi que sont les bois en hiver, n’étaient qu’un ensommeillement, qu’une réserve, prête à refleurir dans la vie en innombrables visages populaires, révérends et futés comme celui de Théodore, enluminés de la rougeur d’une pomme mûre.	And this lad, who was regarded, and quite rightly, in the town as a 'bad character,' was so abounding in that spirit which had served to decorate the porch of Saint-André-des-Champs, and particularly in the feelings of respect due, in Françoise eyes, to all 'poor invalids,' and, above all, to her own 'poor mistress,' that he had, when he bent down to raise my aunt's head from her pillow, the same air of préraphaélite simplicity and zeal which the little angels in the bas-reliefs wear, who throng, with tapers in their hands, about the deathbed of Our Lady, as though those carved faces of stone, naked and grey like trees in winter, were, like them, asleep only, storing up life and waiting to flower again in countless plebeian faces, reverend and cunning as the face of Théodore, and glowing with the ruddy brilliance of ripe apples.
1024	1092	0.325	Non plus appliquée à la pierre comme ces petits anges, mais détachée du porche, d’une stature plus qu’humaine, debout sur un socle comme sur un tabouret qui lui évitât de poser ses pieds sur le sol humide, une sainte avait les joues pleines, le sein ferme et qui gonflait la draperie comme une grappe mûre dans un sac de crin, le front étroit, le nez court et mutin, les prunelles enfoncées, l’air valide, insensible et courageux des paysannes de la contrée.	There, too, not fastened to the wall like the little angels, but detached from the porch, of more than human stature, erect upon her pedestal as upon a footstool, which had been placed there to save her feet from contact with the wet ground, stood a saint with the full cheeks, the firm breasts which swelled out inside her draperies like a cluster of ripe grapes inside a bag, the narrow forehead, short and stubborn nose, deep-set eyes, and strong, thick-skinned, courageous expression of the country-women of those parts.
1025	1093	0.436	Cette ressemblance qui insinuait dans la statue une douceur que je n’y avais pas cherchée, était souvent certifiée par quelque fille des champs, venue comme nous se mettre à couvert et dont la présence, pareille à celle de ces feuillages pariétaires qui ont poussé à côté des feuillages sculptés, semblait destinée à permettre, par une confrontation avec la nature, de juger de la vérité de l’œuvre d’art.	This similarity, which imparted to the statue itself a kindliness that I had not looked to find in it, was corroborated often by the arrival of some girl from the fields, come, like ourselves, for shelter beneath the porch, whose presence there — as when the leaves of a climbing plant have grown up beside leaves carved in stone — seemed intended by fate to allow us, by confronting it with its type in nature, to form a critical estimate of the truth of the work of art.
1026	1094	0.586	Devant nous, dans le lointain, terre promise ou maudite, Roussainville, dans les murs duquel je n’ai jamais pénétré, Roussainville, tantôt, quand la pluie avait déjà cessé pour nous, continuait à être châtié comme un village de la Bible par toutes les lances de l’orage qui flagellaient obliquement les demeures de ses habitants, ou bien était déjà pardonné par Dieu le Père qui faisait descendre vers lui, inégalement longues, comme les rayons d’un ostensoir d’autel, les tiges d’or effrangées de son soleil reparu.	Before our eyes, in the distance, a promised or an accursed land, Roussainville, within whose walls I had never penetrated, Roussainville was now, when the rain had ceased for us, still being chastised, like a village in the Old Testament, by all the innumerable spears and arrows of the storm, which beat down obliquely upon the dwellings of its inhabitants, or else had already received the forgiveness of the Almighty, Who had restored to it the light of His sun, which fell upon it in rays of uneven length, like the rays of a monstrance upon an altar.
1027	1095	0.538	Quelquefois le temps était tout à fait gâté, il fallait rentrer et rester enfermé dans la maison.	Sometimes, when the weather had completely broken, we were obliged to go home and to remain shut up indoors.
1028	1096	0.459	Çà et là au loin dans la campagne que l’obscurité et l’humidité faisaient ressembler à la mer, des maisons isolées, accrochées au flanc d’une colline plongée dans la nuit et dans l’eau, brillaient comme des petits bateaux qui ont replié leurs voiles et sont immobiles au large pour toute la nuit.	Here and there, in the distance, in a landscape which, what with the failing light and saturated atmosphere, resembled a seascape rather, a few solitary houses clinging to the lower slopes of a hill whose heights were buried in a cloudy darkness shone out like little boats which had folded their sails and would ride at anchor, all night, upon the sea.
1029	1097	0.332	Mais qu’importait la pluie, qu’importait l’orage!	But what mattered rain or storm?
1030	1098	0.318	L’été, le mauvais temps n’est qu’une humeur passagère, superficielle, du beau temps sous-jacent et fixe, bien différent du beau temps instable et fluide de l’hiver et qui, au contraire, installé sur la terre où il s’est solidifié en denses feuillages sur lesquels la pluie peut s’égoutter sans compromettre la résistance de leur permanente joie, a hissé pour toute la saison, jusque dans les rues du village, aux murs des maisons et des jardins, ses pavillons de soie violette ou blanche.	In summer, bad weather is no more than a passing fit of superficial ill-temper expressed by the permanent, underlying fine weather; a very different thing from the fluid and unstable 'fine weather' of winter, its very opposite, in fact; for has it not (firmly established in the soil, on which it has taken solid form in dense masses of foliage over which the rain may pour in torrents without weakening the resistance offered by their real and lasting happiness) hoisted, to keep them flying throughout the season, in the village streets, on the walls of the houses and in their gardens, its silken banners, violet and white.
1031	1099	0.474	Assis dans le petit salon, où j’attendais l’heure du dîner en lisant, j’entendais l’eau dégoutter de nos marronniers, mais je savais que l’averse ne faisait que vernir leurs feuilles et qu’ils promettaient de demeurer là, comme des gages de l’été, toute la nuit pluvieuse, à assurer la continuité du beau temps; qu’il avait beau pleuvoir, demain, au-dessus de la barrière blanche de Tansonville, onduleraient, aussi nombreuses, de petites feuilles en forme de cœur; et c’est sans tristesse que j’apercevais le peuplier de la rue des Perchamps adresser à l’orage des supplications et des salutations désespérées; c’est sans tristesse que j’entendais au fond du jardin les derniers roulements du tonnerre roucouler dans les lilas.	Sitting in the little parlour, where I would pass the time until dinner with a book, I might hear the water dripping from our chestnut-trees, but I would know that the shower would only glaze and brighten the greenness of their thick, crumpled leaves, and that they themselves had undertaken to remain there, like pledges of summer, all through the rainy night, to assure me of the fine weather's continuing; it might rain as it pleased, but to-morrow, over the white fence of Tansonville, there would surge and flow, numerous as ever, a sea of little heart-shaped leaves; and without the least anxiety I could watch the poplar in the Rue des Perchamps praying for mercy, bowing in desperation before the storm; without the least anxiety I could hear, at the far end of the garden, the last peals of thunder growling among our lilac-trees.
1032	1100	0.502	Si le temps était mauvais dès le matin, mes parents renonçaient à la promenade et je ne sortais pas.	If the weather was bad all morning, my family would abandon the idea of a walk, and I would remain at home.
1033	1101	0.437	Mais je pris ensuite l’habitude d’aller, ces jours-là, marcher seul du côté de Méséglise-la-Vineuse, dans l’automne où nous dûmes venir à Combray pour la succession de ma tante Léonie, car elle était enfin morte, faisant triompher à la fois ceux qui prétendaient que son régime affaiblissant finirait par la tuer, et non moins les autres qui avaient toujours soutenu qu’elle souffrait d’une maladie non pas imaginaire mais organique, à l’évidence de laquelle les sceptiques seraient bien obligés de se rendre quand elle y aurait succombé; et ne causant par sa mort de grande douleur qu’à un seul être, mais à celui-là, sauvage.	But, later on, I formed the habit of going out by myself on such days, and walking towards Méséglise-la-Vineuse, during that autumn when we had to come to Combray to settle the division of my aunt Léonie's estate; for she had died at last, leaving both parties among her neighbours triumphant in the fact of her demise — those who had insisted that her mode of life was enfeebling and must ultimately kill her, and, equally, those who had always maintained that she suffered from some disease not imaginary, but organic, by the visible proof of which the most sceptical would be obliged to own themselves convinced, once she had succumbed to it; causing no intense grief to any save one of her survivors, but to that one a grief savage in its violence.
1034	1102	0.443	Pendant les quinze jours que dura la dernière maladie de ma tante, Françoise ne la quitta pas un instant, ne se déshabilla pas, ne laissa personne lui donner aucun soin, et ne quitta son corps que quand il fut enterré.	During the long fortnight of my aunt's last illness Françoise never went out of her room for an instant, never took off her clothes, allowed no one else to do anything for my aunt, and did not leave her body until it was actually in its grave.
1035	1103	0.445	Alors nous comprîmes que cette sorte de crainte où Françoise avait vécu des mauvaises paroles, des soupçons, des colères de ma tante avait développé chez elle un sentiment que nous avions pris pour de la haine et qui était de la vénération et de l’amour.	Then, at last, we understood that the sort of terror in which Françoise had lived of my aunt's harsh words, her suspicions and her anger, had developed in her a sentiment which we had mistaken for hatred, and which was really veneration and love.
1036	1104	0.518	Sa véritable maîtresse, aux décisions impossibles à prévoir, aux ruses difficiles à déjouer, au bon cœur facile à fléchir, sa souveraine, son mystérieux et tout-puissant monarque n’était plus.	Her true mistress, whose decisions it had been impossible to foresee, from whose stratagems it had been so hard to escape, of whose good nature it had been so easy to take advantage, her sovereign, her mysterious and omnipotent monarch was no more.
1037	1105	0.327	A côté d’elle nous comptions pour bien peu de chose.	Compared with such a mistress we counted for very little.
1038	1106	0.467	Il était loin le temps où quand nous avions commencé à venir passer nos vacances à Combray, nous possédions autant de prestige que ma tante aux yeux de Françoise.	The time had long passed when, on our first coming to spend our holidays at Combray, we had been of equal importance, in Françoise eyes, with my aunt.
1039	1107	0.381	Cet automne-là tout occupés des formalités à remplir, des entretiens avec les notaires et avec les fermiers, mes parents n’ayant guère de loisir pour faire des sorties que le temps d’ailleurs contrariait, prirent l’habitude de me laisser aller me promener sans eux du côté de Méséglise, enveloppé dans un grand plaid qui me protégeait contre la pluie et que je jetais d’autant plus volontiers sur mes épaules que je sentais que ses rayures écossaises scandalisaient Françoise, dans l’esprit de qui on n’aurait pu faire entrer l’idée que la couleur des vêtements n’a rien à faire avec le deuil et à qui d’ailleurs le chagrin que nous avions de la mort de ma tante plaisait peu, parce que nous n’avions pas donné de grand repas funèbre, que nous ne prenions pas un son de voix spécial pour parler d’elle, que même parfois je chantonnais.	During that autumn my parents, finding the days so fully occupied with the legal formalities that had to be gone through, and discussions with solicitors and farmers, that they had little time for walks which, as it happened, the weather made precarious, began to let me go, without them, along the 'Méséglise way,' wrapped up in a huge Highland plaid which protected me from the rain, and which I was all the more ready to throw over my shoulders because I felt that the stripes of its gaudy tartan scandalised Françoise, whom it was impossible to convince that the colour of one's clothes had nothing whatever to do with one's mourning for the dead, and to whom the grief which we had shewn on my aunt's death was wholly unsatisfactory, since we had not entertained the neighbours to a great funeral banquet, and did not adopt a special tone when we spoke of her, while I at times might be heard humming a tune.
1040	1108	0.376	Je suis sûr que dans un livre — et en cela j’étais bien moi-même comme Françoise — cette conception du deuil d’après la Chanson de Roland et le portail de Saint-André-des-Champs m’eût été sympathique.	I am sure that in a book — and to that extent my feelings were closely akin to those of Françoise — such a conception of mourning, in the manner of the _Chanson de Roland_ and of the porch of Saint-André-des-Champs, would have seemed most attractive.
1041	1109	0.314	Mais dès que Françoise était auprès de moi, un démon me poussait à souhaiter qu’elle fût en colère, je saisissais le moindre prétexte pour lui dire que je regrettais ma tante parce que c’était une bonne femme, malgré ses ridicules, mais nullement parce que c’était ma tante, qu’elle eût pu être ma tante et me sembler odieuse, et sa mort ne me faire aucune peine, propos qui m’eussent semblé ineptes dans un livre.	But the moment that Françoise herself approached, some evil spirit would urge me to attempt to make her angry, and I would avail myself of the slightest pretext to say to her that I regretted my aunt's death because she had been a good woman in spite of her absurdities, but not in the least because she was my aunt; that she might easily have been my aunt and yet have been so odious that her death would not have caused me a moment's sorrow; statements which, in a book, would have struck me as merely fatuous.
1042	1110	0.409	Si alors Françoise remplie comme un poète d’un flot de pensées confuses sur le chagrin, sur les souvenirs de famille, s’excusait de ne pas savoir répondre à mes théories et disait: «Je ne sais pas m’esprimer», je triomphais de cet aveu avec un bon sens ironique et brutal digne du docteur Percepied; et si elle ajoutait: «Elle était tout de même de la parentèse, il reste toujours le respect qu’on doit à la parentèse», je haussais les épaules et je me disais: «Je suis bien bon de discuter avec une illettrée qui fait des cuirs pareils», adoptant ainsi pour juger Françoise le point de vue mesquin d’hommes dont ceux qui les méprisent le plus dans l’impartialité de la méditation, sont fort capables de tenir le rôle quand ils jouent une des scènes vulgaires de la vie.	"And if Françoise then, inspired like a poet with a flood of confused reflections upon bereavement, grief, and family memories, were to plead her inability to rebut my theories, saying: ""I don't know how to _espress_ myself"" — I would triumph over her with an ironical and brutal common sense worthy of Dr. Percepied; and if she went on: ""All the same she was a _geological_ relation; there is always the respect due to your _geology_,"" I would shrug my shoulders and say: ""It is really very good of me to discuss the matter with an illiterate old woman who cannot speak her own language,"" adopting, to deliver judgment on Françoise, the mean and narrow outlook of the pedant, whom those who are most contemptuous of him in the impartiality of their own minds are only too prone to copy when they are obliged to play a part upon the vulgar stage of life."
1043	1111	0.475	Mes promenades de cet automne-là furent d’autant plus agréables que je les faisais après de longues heures passées sur un livre.	My walks, that autumn, were all the more delightful because I used to take them after long hours spent over a book.
1044	1112	0.371	Quand j’étais fatigué d’avoir lu toute la matinée dans la salle, jetant mon plaid sur mes épaules, je sortais: mon corps obligé depuis longtemps de garder l’immobilité, mais qui s’était chargé sur place d’animation et de vitesse accumulées, avait besoin ensuite, comme une toupie qu’on lâche, de les dépenser dans toutes les directions.	When I was tired of reading, after a whole morning in the house, I would throw my plaid across my shoulders and set out; my body, which in a long spell of enforced immobility had stored up an accumulation of vital energy, was now obliged, like a spinning-top wound and let go, to spend this in every direction.
1045	1113	0.509	Les murs des maisons, la haie de Tansonville, les arbres du bois de Roussainville, les buissons auxquels s’adosse Montjouvain, recevaient des coups de parapluie ou de canne, entendaient des cris joyeux, qui n’étaient, les uns et les autres, que des idées confuses qui m’exaltaient et qui n’ont pas atteint le repos dans la lumière, pour avoir préféré à un lent et difficile éclaircissement, le plaisir d’une dérivation plus aisée vers une issue immédiate.	The walls of houses, the Tansonville hedge, the trees of Roussainville wood, the bushes against which Montjouvain leaned its back, all must bear the blows of my walking-stick or umbrella, must hear my shouts of happiness, blows and shouts being indeed no more than expressions of the confused ideas which exhilarated me, and which, not being developed to the point at which they might rest exposed to the light of day, rather than submit to a slow and difficult course of elucidation, found it easier and more pleasant to drift into an immediate outlet.
1046	1114	0.353	La plupart des prétendues traductions de ce que nous avons ressenti ne font ainsi que nous en débarrasser en le faisant sortir de nous sous une forme indistincte qui ne nous apprend pas à le connaître.	And so it is that the bulk of what appear to be the emotional renderings of our inmost sensations do no more than relieve us of the burden of those sensations by allowing them to escape from us in an indistinct form which does not teach us how it should be interpreted.
1047	1115	0.425	Quand j’essaye de faire le compte de ce que je dois au côté de Méséglise, des humbles découvertes dont il fût le cadre fortuit ou le nécessaire inspirateur, je me rappelle que c’est, cet automne-là, dans une de ces promenades, près du talus broussailleux qui protège Montjouvain, que je fus frappé pour la première fois de ce désaccord entre nos impressions et leur expression habituelle.	When I attempt to reckon up all that I owe to the 'Méséglise way,' all the humble discoveries of which it was either the accidental setting or the direct inspiration and cause, I am reminded that it was in that same autumn, on one of those walks, near the bushy precipice which guarded Montjouvain from the rear, that I was struck for the first time by this lack of harmony between our impressions and their normal forms of expression.
1048	1116	0.410	Après une heure de pluie et de vent contre lesquels j’avais lutté avec allégresse, comme j’arrivais au bord de la mare de Montjouvain devant une petite cahute recouverte en tuiles où le jardinier de M. Vinteuil serrait ses instruments de jardinage, le soleil venait de reparaître, et ses dorures lavées par l’averse reluisaient à neuf dans le ciel, sur les arbres, sur le mur de la cahute, sur son toit de tuile encore mouillé, à la crête duquel se promenait une poule.	After an hour of rain and wind, against which I had put up a brisk fight, as I came to the edge of the Montjouvain pond, and reached a little hut, roofed with tiles, in which M. Vinteuil's gardener kept his tools, the sun shone out again, and its golden rays, washed clean by the shower, blazed once more in the sky, on the trees, on the wall of the hut, and on the still wet tiles of the roof, which had a chicken perching upon its ridge.
1049	1117	0.353	Le vent qui soufflait tirait horizontalement les herbes folles qui avaient poussé dans la paroi du mur, et les plumes de duvet de la poule, qui, les unes et les autres se laissaient filer au gré de son souffle jusqu’à l’extrémité de leur longueur, avec l’abandon de choses inertes et légères.	The wind pulled out sideways the wild grass that grew in the wall, and the chicken's downy feathers, both of which things let themselves float upon the wind's breath to their full extent, with the unresisting submissiveness of light and lifeless matter.
1050	1118	0.411	Le toit de tuile faisait dans la mare, que le soleil rendait de nouveau réfléchissante, une marbrure rose, à laquelle je n’avais encore jamais fait attention.	The tiled roof cast upon the pond, whose reflections were now clear again in the sunlight, a square of pink marble, the like of which I had never observed before.
1051	1119	0.446	Et voyant sur l’eau et à la face du mur un pâle sourire répondre au sourire du ciel, je m’écriai dans mon enthousiasme en brandissant mon parapluie refermé: «Zut, zut, zut, zut.»	"And, seeing upon the water, where it reflected the wall, a pallid smile responding to the smiling sky, I cried aloud in my enthusiasm, brandishing my furled umbrella: ""Damn, damn, damn, damn!"""
1052	1120	0.381	Mais en même temps je sentis que mon devoir eût été de ne pas m’en tenir à ces mots opaques et de tâcher de voir plus clair dans mon ravissement.	But at the same time I felt that I was in duty bound not to content myself with these unilluminating words, but to endeavour to see more clearly into the sources of my enjoyment.
1053	1121-1122	0.365	Et c’est à ce moment-là encore, — grâce à un paysan qui passait, l’air déjà d’être d’assez mauvaise humeur, qui le fut davantage quand il faillit recevoir mon parapluie dans la figure, et qui répondit sans chaleur à mes «beau temps, n’est-ce pas, il fait bon marcher», — que j’appris que les mêmes émotions ne se produisent pas simultanément, dans un ordre préétabli, chez tous les hommes.	"And it was at that moment, too — thanks to a peasant who went past, apparently in a bad enough humour already, but more so when he nearly received my umbrella in his face, and who replied without any cordiality to my ""Fine day, what! good to be out walking!"" — that I learned that identical emotions do not spring up in the hearts of all men simultaneously, by a pre-established order."
1054	1123	0.374	Plus tard chaque fois qu’une lecture un peu longue m’avait mis en humeur de causer, le camarade à qui je brûlais d’adresser la parole venait justement de se livrer au plaisir de la conversation et désirait maintenant qu’on le laissât lire tranquille.	Later on I discovered that, whenever I had read for too long and was in a mood for conversation, the friend to whom I would be burning to say something would at that moment have finished indulging himself in the delights of conversation, and wanted nothing now but to be left to read undisturbed.
1055	1124	0.353	Si je venais de penser à mes parents avec tendresse et de prendre les décisions les plus sages et les plus propres à leur faire plaisir, ils avaient employé le même temps à apprendre une peccadille que j’avais oubliée et qu’ils me reprochaient sévèrement au moment où je m’élançais vers eux pour les embrasser.	And if I had been thinking with affection of my parents, and forming the most sensible and proper plans for giving them pleasure, they would have been using the same interval of time to discover some misdeed that I had already forgotten, and would begin to scold me severely, just as I flung myself upon them with a kiss.
1056	1125	0.267	Parfois à l’exaltation que me donnait la solitude, s’en ajoutait une autre que je ne savais pas en départager nettement, causée par le désir de voir surgir devant moi une paysanne, que je pourrais serrer dans mes bras.	Sometimes to the exhilaration which I derived from being alone would be added an alternative feeling, so that I could not be clear in my mind to which I should give the casting vote; a feeling stimulated by the desire to see rise up before my eyes a peasant-girl whom I might clasp in my arms.
1057	1126	0.339	Né brusquement, et sans que j’eusse eu le temps de le rapporter exactement à sa cause, au milieu de pensées très différentes, le plaisir dont il était accompagné ne me semblait qu’un degré supérieur de celui qu’elles me donnaient.	Coming abruptly, and without giving me time to trace it accurately to its source among so many ideas of a very different kind, the pleasure which accompanied this desire seemed only a degree superior to what was given me by my other thoughts.
1058	1127	0.468	Je faisais un mérite de plus à tout ce qui était à ce moment-là dans mon esprit, au reflet rose du toit de tuile, aux herbes folles, au village de Roussainville où je désirais depuis longtemps aller, aux arbres de son bois, au clocher de son église, de cet émoi nouveau qui me les faisait seulement paraître plus désirables parce que je croyais que c’était eux qui le provoquaient, et qui semblait ne vouloir que me porter vers eux plus rapidement quand il enflait ma voile d’une brise puissante, inconnue et propice.	I found an additional merit in everything that was in my mind at the moment, in the pink reflection of the tiled roof, the wild grass in the wall, the village of Roussainville into which I had long desired to penetrate, the trees of its wood and the steeple of its church, created in them by this fresh emotion which made them appear more desirable only because I thought it was they that had provoked it, and which seemed only to wish to bear me more swiftly towards them when it filled my sails with a potent, unknown, and propitious breeze.
1059	1128	0.415	Mais si ce désir qu’une femme apparût ajoutait pour moi aux charmes de la nature quelque chose de plus exaltant, les charmes de la nature, en retour, élargissaient ce que celui de la femme aurait eu de trop restreint.	But if this desire that a woman should appear added for me something more exalting than the charms of nature, they in their turn enlarged what I might, in the woman's charm, have found too much restricted.
1060	1129	0.418	Il me semblait que la beauté des arbres c’était encore la sienne et que l’âme de ces horizons, du village de Roussainville, des livres que je lisais cette année-là, son baiser me la livrerait; et mon imagination reprenant des forces au contact de ma sensualité, ma sensualité se répandant dans tous les domaines de mon imagination, mon désir n’avait plus de limites.	It seemed to me that the beauty of the trees was hers also, and that, as for the spirit of those horizons, of the village of Roussainville, of the books which I was reading that year, it was her kiss which would make me master of them all; and, my imagination drawing strength from contact with my sensuality, my sensuality expanding through all the realms of my imagination, my desire had no longer any bounds.
1061	1130	0.309	C’est qu’aussi, — comme il arrive dans ces moments de rêverie au milieu de la nature où l’action de l’habitude étant suspendue, nos notions abstraites des choses mises de côté, nous croyons d’une foi profonde, à l’originalité, à la vie individuelle du lieu où nous nous trouvons — la passante qu’appelait mon désir me semblait être non un exemplaire quelconque de ce type général: la femme, mais un produit nécessaire et naturel de ce sol.	Moreover — just as in moments of musing contemplation of nature, the normal actions of the mind being suspended, and our abstract ideas of things set on one side, we believe with the profoundest faith in the originality, in the individual existence of the place in which we may happen to be — the passing figure which my desire evoked seemed to be not any one example of the general type of 'woman,' but a necessary and natural product of the soil.
1062	1131	0.431	Car en ce temps-là tout ce qui n’était pas moi, la terre et les êtres, me paraissait plus précieux, plus important, doué d’une existence plus réelle que cela ne paraît aux hommes faits.	For at that time everything which was not myself, the earth and the creatures upon it, seemed to me more precious, more important, endowed with a more real existence than they appear to full-grown men.
1063	1132	0.450	Et la terre et les êtres je ne les séparais pas.	And between the earth and its creatures I made no distinction.
1064	1133	0.665	J’avais le désir d’une paysanne de Méséglise ou de Roussainville, d’une pêcheuse de Balbec, comme j’avais le désir de Méséglise et de Balbec.	I had a desire for a peasant-girl from Méséglise or Roussainville, for a fisher-girl from Balbec, just as I had a desire for Balbec and Méséglise.
1065	1134	0.485	Le plaisir qu’elles pouvaient me donner m’aurait paru moins vrai, je n’aurais plus cru en lui, si j’en avais modifié à ma guise les conditions.	The pleasure which those girls were empowered to give me would have seemed less genuine, I should have had no faith in it any longer, if I had been at liberty to modify its conditions as I chose.
1066	1135	0.500	Connaître à Paris une pêcheuse de Balbec ou une paysanne de Méséglise c’eût été recevoir des coquillages que je n’aurais pas vus sur la plage, une fougère que je n’aurais pas trouvée dans les bois, c’eût été retrancher au plaisir que la femme me donnerait tous ceux au milieu desquels l’avait enveloppée mon imagination.	To meet in Paris a fisher-girl from Balbec or a peasant-girl from Méséglise would have been like receiving the present of a shell which I had never seen upon the beach, or of a fern which I had never found among the woods, would have stripped from the pleasure which she was about to give me all those other pleasures in the thick of which my imagination had enwrapped her.
1067	1136	0.421	Mais errer ainsi dans les bois de Roussainville sans une paysanne à embrasser, c’était ne pas connaître de ces bois le trésor caché, la beauté profonde.	But to wander thus among the woods of Roussainville without a peasant-girl to embrace was to see those woods and yet know nothing of their secret treasure, their deep-hidden beauty.
1068	1137	0.397	Cette fille que je ne voyais que criblée de feuillages, elle était elle-même pour moi comme une plante locale d’une espèce plus élevée seulement que les autres et dont la structure permet d’approcher de plus près qu’en elles, la saveur profonde du pays.	That girl whom I never saw save dappled with the shadows of their leaves, was to me herself a plant of local growth, only taller than the rest, and one whose structure would enable me to approach more closely than in them to the intimate savour of the land from which she had sprung.
1069	1138	0.427	Je pouvais d’autant plus facilement le croire (et que les caresses par lesquelles elle m’y ferait parvenir, seraient aussi d’une sorte particulière et dont je n’aurais pas pu connaître le plaisir par une autre qu’elle), que j’étais pour longtemps encore à l’âge où on ne l’a pas encore abstrait ce plaisir de la possession des femmes différentes avec lesquelles on l’a goûté, où on ne l’a pas réduit à une notion générale qui les fait considérer dès lors comme les instruments interchangeables d’un plaisir toujours identique.	I could believe this all the more readily (and also that the caresses by which she would bring that savour to my senses were themselves of a particular kind, yielding a pleasure which I could never derive from any but herself) since I was still, and must for long remain, in that period of life when one has not yet separated the fact of this sensual pleasure from the various women in whose company one has tasted it, when one has not reduced it to a general idea which makes one regard them thenceforward as the variable instruments of a pleasure that is always the same.
1070	1139	0.197	Il n’existe même pas, isolé, séparé et formulé dans l’esprit, comme le but qu’on poursuit en s’approchant d’une femme, comme la cause du trouble préalable qu’on ressent.	Indeed, that pleasure does not exist, isolated and formulated in the consciousness, as the ultimate object with which one seeks a woman's company, or as the cause of the uneasiness which, in anticipation, one then feels.
1071	1140	0.059	A peine y songe-t-on comme à un plaisir qu’on aura; plutôt, on l’appelle son charme à elle; car on ne pense pas à soi, on ne pense qu’à sortir de soi.	Hardly even does one think of oneself, but only how to escape from oneself.
1072	1141	0.480	Obscurément attendu, immanent et caché, il porte seulement à un tel paroxysme au moment où il s’accomplit, les autres plaisirs que nous causent les doux regards, les baisers de celle qui est auprès de nous, qu’il nous apparaît surtout à nous-même comme une sorte de transport de notre reconnaissance pour la bonté de cœur de notre compagne et pour sa touchante prédilection à notre égard que nous mesurons aux bienfaits, au bonheur dont elle nous comble.	Obscurely awaited, immanent and concealed, it rouses to such a paroxysm, at the moment when at last it makes itself felt, those other pleasures which we find in the tender glance, in the kiss of her who is by our side, that it seems to us, more than anything else, a sort of transport of gratitude for the kindness of heart of our companion and for her touching predilection of ourselves, which we measure by the benefits, by the happiness that she showers upon us.
1073	1142	0.402	Hélas, c’était en vain que j’implorais le donjon de Roussainville, que je lui demandais de faire venir auprès de moi quelque enfant de son village, comme au seul confident que j’avais eu de mes premiers désirs, quand au haut de notre maison de Combray, dans le petit cabinet sentant l’iris, je ne voyais que sa tour au milieu du carreau de la fenêtre entr’ouverte, pendant qu’avec les hésitations héroïques du voyageur qui entreprend une exploration ou du désespéré qui se suicide, défaillant, je me frayais en moi-même une route inconnue et que je croyais mortelle, jusqu’au moment où une trace naturelle comme celle d’un colimaçon s’ajoutait aux feuilles du cassis sauvage qui se penchaient jusqu’à moi.	Alas, it was in vain that I implored the dungeon-keep of Roussainville, that I begged it to send out to meet me some daughter of its village, appealing to it as to the sole confidant to whom I had disclosed my earliest desire when, from the top floor of our house at Combray, from the little room that smelt of orris-root, I had peered out and seen nothing but its tower, framed in the square of the half-opened window, while, with the heroic scruples of a traveller setting forth for unknown climes, or of a desperate wretch hesitating on the verge of self-destruction, faint with emotion, I explored, across the bounds of my own experience, an untrodden path which, I believed, might lead me to my death, even — until passion spent itself and left me shuddering among the sprays of flowering currant which, creeping in through the window, tumbled all about my body.
1074	1143	0.491	En vain je le suppliais maintenant.	In vain I called upon it now.
1075	1144	0.469	En vain, tenant l’étendue dans le champ de ma vision, je la drainais de mes regards qui eussent voulu en ramener une femme.	In vain I compressed the whole landscape into my field of vision, draining it with an exhaustive gaze which sought to extract from it a female creature.
1076	1145	0.435	Je pouvais aller jusqu’au porche de Saint-André-des-Champs; jamais ne s’y trouvait la paysanne que je n’eusse pas manqué d’y rencontrer si j’avais été avec mon grand-père et dans l’impossibilité de lier conversation avec elle.	I might go alone as far as the porch of Saint-André-des-Champs: never did I find there the girl whom I should inevitably have met, had I been with my grandfather, and so unable to engage her in conversation.
1077	1146	0.385	Je fixais indéfiniment le tronc d’un arbre lointain, de derrière lequel elle allait surgir et venir à moi; l’horizon scruté restait désert, la nuit tombait, c’était sans espoir que mon attention s’attachait, comme pour aspirer les créatures qu’ils pouvaient recéler, à ce sol stérile, à cette terre épuisée; et ce n’était plus d’allégresse, c’était de rage que je frappais les arbres du bois de Roussainville d’entre lesquels ne sortait pas plus d’êtres vivants que s’ils eussent été des arbres peints sur la toile d’un panorama, quand, ne pouvant me résigner à rentrer à la maison avant d’avoir serré dans mes bras la femme que j’avais tant désirée, j’étais pourtant obligé de reprendre le chemin de Combray en m’avouant à moi-même qu’était de moins en moins probable le hasard qui l’eût mise sur mon chemin.	I would fix my eyes, without limit of time, upon the trunk of a distant tree, from behind which she must appear and spring towards me; my closest scrutiny left the horizon barren as before; night was falling; without any hope now would I concentrate my attention, as though to force up out of it the creatures which it must conceal, upon that sterile soil, that stale and outworn land; and it was no longer in lightness of heart, but with sullen anger that I aimed blows at the trees of Roussainville wood, from among which no more living creatures made their appearance than if they had been trees painted on the stretched canvas background of a panorama, when, unable to resign myself to having to return home without having held in my arms the woman I so greatly desired, I was yet obliged to retrace my steps towards Combray, and to admit to myself that the chance of her appearing in my path grew smaller every moment.
1078	1147	0.504	Et s’y fût-elle trouvée, d’ailleurs, eussé-je osé lui parler?	And if she had appeared, would I have dared to speak to her?
1079	1148	0.358	Il me semblait qu’elle m’eût considéré comme un fou; je cessais de croire partagés par d’autres êtres, de croire vrais en dehors de moi les désirs que je formais pendant ces promenades et qui ne se réalisaient pas.	I felt that she would have regarded me as mad, for I no longer thought of those desires which came to me on my walks, but were never realized, as being shared by others, or as having any existence apart from myself.
1080	1149	0.312	Ils ne m’apparaissaient plus que comme les créations purement subjectives, impuissantes, illusoires, de mon tempérament.	They seemed nothing more now than the purely subjective, impotent, illusory creatures of my temperament.
1081	1150	0.395	Ils n’avaient plus de lien avec la nature, avec la réalité qui dès lors perdait tout charme et toute signification et n’était plus à ma vie qu’un cadre conventionnel comme l’est à la fiction d’un roman le wagon sur la banquette duquel le voyageur le lit pour tuer le temps.	They were in no way connected now with nature, with the world of real things, which from now onwards lost all its charm and significance, and meant no more to my life than a purely conventional framework, just as the action of a novel is framed in the railway carriage, on a seat of which a traveller is reading it to pass the time.
1082	1151	0.359	C’est peut-être d’une impression ressentie aussi auprès de Montjouvain, quelques années plus tard, impression restée obscure alors, qu’est sortie, bien après, l’idée que je me suis faite du sadisme.	And it is perhaps from another impression which I received at Montjouvain, some years later, an impression which at that time was without meaning, that there arose, long afterwards, my idea of that cruel side of human passion called 'sadism.'
1083	1152	0.510	On verra plus tard que, pour de tout autres raisons, le souvenir de cette impression devait jouer un rôle important dans ma vie.	We shall see, in due course, that for quite another reason the memory of this impression was to play an important part in my life.
1084	1153	0.477	C’était par un temps très chaud; mes parents qui avaient dû s’absenter pour toute la journée, m’avaient dit de rentrer aussi tard que je voudrais; et étant allé jusqu’à la mare de Montjouvain où j’aimais revoir les reflets du toit de tuile, je m’étais étendu à l’ombre et endormi dans les buissons du talus qui domine la maison, là où j’avais attendu mon père autrefois, un jour qu’il était allé voir M. Vinteuil.	It was during a spell of very hot weather; my parents, who had been obliged to go away for the whole day, had told me that I might stay out as late as I pleased; and having gone as far as the Montjouvain pond, where I enjoyed seeing again the reflection of the tiled roof of the hut, I had lain down in the shade and gone to sleep among the bushes on the steep slope that rose up behind the house, just where I had waited for my parents, years before, one day when they had gone to call on M. Vinteuil.
1085	1154	0.350	Il faisait presque nuit quand je m’éveillai, je voulus me lever, mais je vis Mlle Vinteuil (autant que je pus la reconnaître, car je ne l’avais pas vue souvent à Combray, et seulement quand elle était encore une enfant, tandis qu’elle commençait d’être une jeune fille) qui probablement venait de rentrer, en face de moi, à quelques centimètres de moi, dans cette chambre où son père avait reçu le mien et dont elle avait fait son petit salon à elle.	It was almost dark when I awoke, and I wished to rise and go away, but I saw Mlle. Vinteuil (or thought, at least, that I recognised her, for I had not seen her often at Combray, and then only when she was still a child, whereas she was now growing into a young woman), who probably had just come in, standing in front of me, and only a few feet away from me, in that room in which her father had entertained mine, and which she had now made into a little sitting-room for herself.
1086	1155	0.429	La fenêtre était entr’ouverte, la lampe était allumée, je voyais tous ses mouvements sans qu’elle me vît, mais en m’en allant j’aurais fait craquer les buissons, elle m’aurait entendu et elle aurait pu croire que je m’étais caché là pour l’épier.	The window was partly open; the lamp was lighted; I could watch her every movement without her being able to see me; but, had I gone away, I must have made a rustling sound among the bushes, she would have heard me, and might have thought that I had been hiding there in order to spy upon her.
1087	1156	0.606	Elle était en grand deuil, car son père était mort depuis peu.	She was in deep mourning, for her father had but lately died.
1088	1157	0.438	Nous n’étions pas allés la voir, ma mère ne l’avait pas voulu à cause d’une vertu qui chez elle limitait seule les effets de la bonté: la pudeur; mais elle la plaignait profondément.	We had not gone to see her; my mother had not cared to go, on account of that virtue which alone in her fixed any bounds to her benevolence — namely, modesty; but she pitied the girl from the depths of her heart.
1089	1158	0.403	Ma mère se rappelant la triste fin de vie de M. Vinteuil, tout absorbée d’abord par les soins de mère et de bonne d’enfant qu’il donnait à sa fille, puis par les souffrances que celle-ci lui avait causées; elle revoyait le visage torturé qu’avait eu le vieillard tous les derniers temps; elle savait qu’il avait renoncé à jamais à achever de transcrire au net toute son œuvre des dernières années, pauvres morceaux d’un vieux professeur de piano, d’un ancien organiste de village dont nous imaginions bien qu’ils n’avaient guère de valeur en eux-mêmes, mais que nous ne méprisions pas parce qu’ils en avaient tant pour lui dont ils avaient été la raison de vivre avant qu’il les sacrifiât à sa fille, et qui pour la plupart pas même notés, conservés seulement dans sa mémoire, quelques-uns inscrits sur des feuillets épars, illisibles, resteraient inconnus; ma mère pensait à cet autre renoncement plus cruel encore auquel M. Vinteuil avait été contraint, le renoncement à un avenir de bonheur honnête et respecté pour sa fille; quand elle évoquait toute cette détresse suprême de l’ancien maître de piano de mes tantes, elle éprouvait un véritable chagrin et songeait avec effroi à celui autrement amer que devait éprouver Mlle Vinteuil tout mêlé du remords d’avoir à peu près tué son père.	My mother had not forgotten the sad end of M. Vinteuil's life, his complete absorption, first in having to play both mother and nursery-maid to his daughter, and, later, in the suffering which she had caused him; she could see the tortured expression which was never absent from the old man's face in those terrible last years; she knew that he had definitely abandoned the task of transcribing in fair copies the whole of his later work, the poor little pieces, we imagined, of an old music-master, a retired village organist, which, we assumed, were of little or no value in themselves, though we did not despise them, because they were of such great value to him and had been the chief motive of his life before he sacrificed them to his daughter; pieces which, being mostly not even written down, but recorded only in his memory, while the rest were scribbled on loose sheets of paper, and quite illegible, must now remain unknown for ever; my mother thought, also, of that other and still more cruel renunciation to which M. Vinteuil had been driven, that of seeing the girl happily settled, with an honest and respectable future; when she called to mind all this utter and crushing misery that had come upon my aunts' old music-master, she was moved to very real grief, and shuddered to think of that other grief, so different in its bitterness, which Mlle. Vinteuil must now be feeling, tinged with remorse at having virtually killed her father.
1090	1159	0.443	«Pauvre M. Vinteuil, disait ma mère, il a vécu et il est mort pour sa fille, sans avoir reçu son salaire.	"""Poor M. Vinteuil,"" my mother would say, ""he lived for his daughter, and now he has died for her, without getting his reward."
1091	1160	0.348	Le recevra-t-il après sa mort et sous quelle forme?	Will he get it now, I wonder, and in what form?
1092	1161	0.509	Il ne pourrait lui venir que d’elle.»	"It can only come to him from her."""
1093	1162	0.588	Au fond du salon de Mlle Vinteuil, sur la cheminée était posé un petit portrait de son père que vivement elle alla chercher au moment où retentit le roulement d’une voiture qui venait de la route, puis elle se jeta sur un canapé, et tira près d’elle une petite table sur laquelle elle plaça le portrait, comme M. Vinteuil autrefois avait mis à côté de lui le morceau qu’il avait le désir de jouer à mes parents.	At the far end of Mlle. Vinteuil's sitting-room, on the mantelpiece, stood a small photograph of her father which she went briskly to fetch, just as the sound of carriage wheels was heard from the road outside, then flung herself down on a sofa and drew close beside her a little table on which she placed the photograph, just as, long ago, M. Vinteuil had 'placed' beside him the piece of music which he would have liked to play over to my parents.
1094	1163	0.533	Bientôt son amie entra.	And then her friend came in.
1095	1164	0.555	Mlle Vinteuil l’accueillit sans se lever, ses deux mains derrière la tête et se recula sur le bord opposé du sofa comme pour lui faire une place.	Mlle. Vinteuil greeted her without rising, clasping her hands behind her head, and drew her body to one side of the sofa, as though to 'make room.'
1096	1165	0.264	Mais aussitôt elle sentit qu’elle semblait ainsi lui imposer une attitude qui lui était peut-être importune.	But no sooner had she done this than she appeared to feel that she was perhaps suggesting a particular position to her friend, with an emphasis which might well be regarded as importunate.
1097	1166	0.505	Elle pensa que son amie aimerait peut-être mieux être loin d’elle sur une chaise, elle se trouva indiscrète, la délicatesse de son cœur s’en alarma; reprenant toute la place sur le sofa elle ferma les yeux et se mit à bâiller pour indiquer que l’envie de dormir était la seule raison pour laquelle elle s’était ainsi étendue.	She thought that her friend would prefer, no doubt, to sit down at some distance from her, upon a chair; she felt that she had been indiscreet; her sensitive heart took fright; stretching herself out again over the whole of the sofa, she closed her eyes and began to yawn, so as to indicate that it was a desire to sleep, and that alone, which had made her lie down there.
1098	1167	0.569	Malgré la familiarité rude et dominatrice qu’elle avait avec sa camarade, je reconnaissais les gestes obséquieux et réticents, les brusques scrupules de son père.	Despite the rude and hectoring familiarity with which she treated her companion I could recognise in her the obsequious and reticent advances, the abrupt scruples and restraints which had characterised her father.
1099	1168	0.465	Bientôt elle se leva, feignit de vouloir fermer les volets et de n’y pas réussir.	Presently she rose and came to the window, where she pretended to be trying to close the shutters and not succeeding.
1100	1169-1170	0.443	—«Laisse donc tout ouvert, j’ai chaud,» dit son amie.	"""Leave them open,"" said her friend. ""I am hot."""
1101	1171-1172	0.479	—«Mais c’est assommant, on nous verra», répondit Mlle Vinteuil.	"""But it's too dreadful! People will see us,"" Mlle. Vinteuil answered."
1102	1173	0.509	Mais elle devina sans doute que son amie penserait qu’elle n’avait dit ces mots que pour la provoquer à lui répondre par certains autres qu’elle avait en effet le désir d’entendre, mais que par discrétion elle voulait lui laisser l’initiative de prononcer.	And then she guessed, probably, that her friend would think that she had uttered these words simply in order to provoke a reply in certain other words, which she seemed, indeed, to wish to hear spoken, but, from prudence, would let her friend be the first to speak.
1103-1104	1174-1175	0.280	Aussi son regard que je ne pouvais distinguer, dut-il prendre l’expression qui plaisait tant à ma grand’mère, quand elle ajouta vivement: —«Quand je dis nous voir, je veux dire nous voir lire, c’est assommant, quelque chose insignifiante qu’on fasse, de penser que des yeux vous voient.»	"And so, although I could not see her face clearly enough, I am sure that the expression must have appeared on it which my grandmother had once found so delightful, when she hastily went on: ""When I say 'see us' I mean, of course, see us reading. It's so dreadful to think that in every trivial little thing you do some one may be overlooking you."""
1105	1176	0.515	Par une générosité instinctive et une politesse involontaire elle taisait les mots prémédités qu’elle avait jugés indispensables à la pleine réalisation de son désir.	With the instinctive generosity of her nature, a courtesy beyond her control, she refrained from uttering the studied words which, she had felt, were indispensable for the full realisation of her desire.
1106	1177	0.293	Et à tous moments au fond d’elle-même une vierge timide et suppliante implorait et faisait reculer un soudard fruste et vainqueur.	And perpetually, in the depths of her being, a shy and suppliant maiden would kneel before that other element, the old campaigner, battered but triumphant, would intercede with him and oblige him to retire.
1107	1178	0.441	—«Oui, c’est probable qu’on nous regarde à cette heure-ci, dans cette campagne fréquentée, dit ironiquement son amie.	"""Oh, yes, it is so extremely likely that people are looking at us at this time of night in this densely populated district!"" said her friend, with bitter irony."
1108-1109	1179-1181	0.387	Et puis quoi? Ajouta-t-elle (en croyant devoir accompagner d’un clignement d’yeux malicieux et tendre, ces mots qu’elle récita par bonté, comme un texte, qu’elle savait être agréable à Mlle Vinteuil, d’un ton qu’elle s’efforçait de rendre cynique), quand même on nous verrait ce n’en est que meilleur.»	"""And what if they are?"" she went on, feeling bound to annotate with a malicious yet affectionate wink these words which she was repeating, out of good nature, like a lesson prepared beforehand which, she knew, it would please Mlle. Vinteuil to hear. ""And what if they are? All the better that they should see us."""
1110	1182	0.550	Mlle Vinteuil frémit et se leva.	Mlle. Vinteuil shuddered and rose to her feet.
1111	1183	0.371	Son cœur scrupuleux et sensible ignorait quelles paroles devaient spontanément venir s’adapter à la scène que ses sens réclamaient.	In her sensitive and scrupulous heart she was ignorant what words ought to flow, spontaneously, from her lips, so as to produce the scene for which her eager senses clamoured.
1112	1184	0.361	Elle cherchait le plus loin qu’elle pouvait de sa vraie nature morale, à trouver le langage propre à la fille vicieuse qu’elle désirait d’être, mais les mots qu’elle pensait que celle-ci eût prononcés sincèrement lui paraissaient faux dans sa bouche.	She reached out as far as she could across the limitations of her true character to find the language appropriate to a vicious young woman such as she longed to be thought, but the words which, she imagined, such a young woman might have uttered with sincerity sounded unreal in her own mouth.
1113	1185-1187	0.360	Et le peu qu’elle s’en permettait était dit sur un ton guindé où ses habitudes de timidité paralysaient ses velléités d’audace, et s’entremêlait de: «tu n’as pas froid, tu n’as pas trop chaud, tu n’as pas envie d’être seule et de lire?»	"And what little she allowed herself to say was said in a strained tone, in which her ingrained timidity paralysed her tendency to freedom and audacity of speech; while she kept on interrupting herself with: ""You're sure you aren't cold? You aren't too hot? You don't want to sit and read by yourself? …"
1114	1188	0.485	—«Mademoiselle me semble avoir des pensées bien lubriques, ce soir», finit-elle par dire, répétant sans doute une phrase qu’elle avait entendue autrefois dans la bouche de son amie.	"""Your ladyship's thoughts seem to be rather 'warm' this evening,"" she concluded, doubtless repeating a phrase which she had heard used, on some earlier occasion, by her friend."
1115	1189	0.407	Dans l’échancrure de son corsage de crêpe Mlle Vinteuil sentit que son amie piquait un baiser, elle poussa un petit cri, s’échappa, et elles se poursuivirent en sautant, faisant voleter leurs larges manches comme des ailes et gloussant et piaillant comme des oiseaux amoureux.	In the V-shaped opening of her crape bodice Mlle. Vinteuil felt the sting of her friend's sudden kiss; she gave a little scream and ran away; and then they began to chase one another about the room, scrambling over the furniture, their wide sleeves fluttering like wings, clucking and crowing like a pair of amorous fowls.
1116	1190	0.318	Puis Mlle Vinteuil finit par tomber sur le canapé, recouverte par le corps de son amie.	At last Mlle. Vinteuil fell down exhausted upon the sofa, where she was screened from me by the stooping body of her friend.
1117	1191	0.505	Mais celle-ci tournait le dos à la petite table sur laquelle était placé le portrait de l’ancien professeur de piano.	But the latter now had her back turned to the little table on which the old music-master's portrait had been arranged.
1118-1119	1192	0.481	Mlle Vinteuil comprit que son amie ne le verrait pas si elle n’attirait pas sur lui son attention, et elle lui dit, comme si elle venait seulement de le remarquer: —«Oh! ce portrait de mon père qui nous regarde, je ne sais pas qui a pu le mettre là, j’ai pourtant dit vingt fois que ce n’était pas sa place.»	"Mlle. Vinteuil realised that her friend would not see it unless her attention were drawn to it, and so exclaimed, as if she herself had just noticed it for the first time: ""Oh! there's my father's picture looking at us; I can't think who can have put it there; I'm sure I've told them twenty times, that is not the proper place for it."""
1120	1193	0.456	Je me souvins que c’étaient les mots que M. Vinteuil avait dits à mon père à propos du morceau de musique.	I remembered the words that M. Vinteuil had used to my parents in apologising for an obtrusive sheet of music.
1121	1194	0.563	Ce portrait leur servait sans doute habituellement pour des profanations rituelles, car son amie lui répondit par ces paroles qui devaient faire partie de ses réponses liturgiques:	"This photograph was, of course, in common use in their ritual observances, was subjected to daily profanation, for the friend replied in words which were evidently a liturgical response: ""Let him stay there."
1122	1195	0.166	—«Mais laisse-le donc où il est, il n’est plus là pour nous embêter.	He can't trouble us any longer.
1123	1196	0.562	Crois-tu qu’il pleurnicherait, qu’il voudrait te mettre ton manteau, s’il te voyait là, la fenêtre ouverte, le vilain singe.»	"D'you think he'd start whining, d'you think he'd pack you out of the house if he could see you now, with the window open, the ugly old monkey?"""
1124	1197-1198	0.377	Mlle Vinteuil répondit par des paroles de doux reproche: «Voyons, voyons», qui prouvaient la bonté de sa nature, non qu’elles fussent dictées par l’indignation que cette façon de parler de son père eût pu lui causer (évidemment c’était là un sentiment qu’elle s’était habituée, à l’aide de quels sophismes? à faire taire en elle dans ces minutes-là), mais parce qu’elles étaient comme un frein que pour ne pas se montrer égoïste elle mettait elle-même au plaisir que son amie cherchait à lui procurer.	"To which Mlle. Vinteuil replied, ""Oh, please!"" — a gentle reproach which testified to the genuine goodness of her nature, not that it was prompted by any resentment at hearing her father spoken of in this fashion (for that was evidently a feeling which she had trained herself, by a long course of sophistries, to keep in close subjection at such moments), but rather because it was the bridle which, so as to avoid all appearance of egotism, she herself used to curb the gratification which her friend was attempting to procure for her."
1125	1199	0.290	Et puis cette modération souriante en répondant à ces blasphèmes, ce reproche hypocrite et tendre, paraissaient peut-être à sa nature franche et bonne, une forme particulièrement infâme, une forme doucereuse de cette scélératesse qu’elle cherchait à s’assimiler.	It may well have been, too, that the smiling moderation with which she faced and answered these blasphemies, that this tender and hypocritical rebuke appeared to her frank and generous nature as a particularly shameful and seductive form of that criminal attitude towards life which she was endeavouring to adopt.
1126	1200	0.329	Mais elle ne put résister à l’attrait du plaisir qu’elle éprouverait à être traitée avec douceur par une personne si implacable envers un mort sans défense; elle sauta sur les genoux de son amie, et lui tendit chastement son front à baiser comme elle aurait pu faire si elle avait été sa fille, sentant avec délices qu’elles allaient ainsi toutes deux au bout de la cruauté en ravissant à M. Vinteuil, jusque dans le tombeau, sa paternité.	But she could not resist the attraction of being treated with affection by a woman who had just shewn herself so implacable towards the defenceless dead; she sprang on to the knees of her friend and held out a chaste brow to be kissed; precisely as a daughter would have done to her mother, feeling with exquisite joy that they would thus, between them, inflict the last turn of the screw of cruelty, in robbing M. Vinteuil, as though they were actually rifling his tomb, of the sacred rights of fatherhood.
1127	1201	0.350	Son amie lui prit la tête entre ses mains et lui déposa un baiser sur le front avec cette docilité que lui rendait facile la grande affection qu’elle avait pour Mlle Vinteuil et le désir de mettre quelque distraction dans la vie si triste maintenant de l’orpheline.	Her friend took the girl's head in her hands and placed a kiss on her brow with a docility prompted by the real affection she had for Mlle. Vinteuil, as well as by the desire to bring what distraction she could into the dull and melancholy life of an orphan.
1128	1202	0.537	—«Sais-tu ce que j’ai envie de lui faire à cette vieille horreur?» dit-elle en prenant le portrait.	"""Do you know what I should like to do to that old horror?"" she said, taking up the photograph."
1129	1203	0.473	Et elle murmura à l’oreille de Mlle Vinteuil quelque chose que je ne pus entendre.	She murmured in Mlle. Vinteuil's ear something that I could not distinguish.
1130	1204-1205	0.293	—«Oh! tu n’oserais pas.»	"""Oh! You would never dare."""
1131	1206-1207	0.355	—«Je n’oserais pas cracher dessus? sur ça?» dit l’amie avec une brutalité voulue.	"""Not dare to spit on it? On that?"" shouted the friend with deliberate brutality."
1132	1208	0.507	Je n’en entendis pas davantage, car Mlle Vinteuil, d’un air las, gauche, affairé, honnête et triste, vint fermer les volets et la fenêtre, mais je savais maintenant, pour toutes les souffrances que pendant sa vie M. Vinteuil avait supportées à cause de sa fille, ce qu’après la mort il avait reçu d’elle en salaire.	I heard no more, for Mlle. Vinteuil, who now seemed weary, awkward, preoccupied, sincere, and rather sad, came back to the window and drew the shutters close; but I knew now what was the reward that M. Vinteuil, in return for all the suffering that he had endured in his lifetime, on account of his daughter, had received from her after his death.
1133	1209	0.340	Et pourtant j’ai pensé depuis que si M. Vinteuil avait pu assister à cette scène, il n’eût peut-être pas encore perdu sa foi dans le bon cœur de sa fille, et peut-être même n’eût-il pas eu en cela tout à fait tort.	And yet I have since reflected that if M. Vinteuil had been able to be present at this scene, he might still, and in spite of everything, have continued to believe in his daughter's soundness of heart, and that he might even, in so doing, have been not altogether wrong.
1134	1210	0.215	Certes, dans les habitudes de Mlle Vinteuil l’apparence du mal était si entière qu’on aurait eu de la peine à la rencontrer réalisée à ce degré de perfection ailleurs que chez une sadique; c’est à la lumière de la rampe des théâtres du boulevard plutôt que sous la lampe d’une maison de campagne véritable qu’on peut voir une fille faire cracher une amie sur le portrait d’un père qui n’a vécu que pour elle; et il n’y a guère que le sadisme qui donne un fondement dans la vie à l’esthétique du mélodrame.	It was true that in all Mlle. Vinteuil's actions the appearance of evil was so strong and so consistent that it would have been hard to find it exhibited in such completeness save in what is nowadays called a 'sadist'; it is behind the footlights of a Paris theatre, and not under the homely lamp of an actual country house, that one expects to see a girl leading her friend on to spit upon the portrait of a father who has lived and died for nothing and no one but herself; and when we find in real life a desire for melodramatic effect, it is generally the 'sadic' instinct that is responsible for it.
1135	1211	0.278	Dans la réalité, en dehors des cas de sadisme, une fille aurait peut-être des manquements aussi cruels que ceux de Mlle Vinteuil envers la mémoire et les volontés de son père mort, mais elle ne les résumerait pas expressément en un acte d’un symbolisme aussi rudimentaire et aussi naïf; ce que sa conduite aurait de criminel serait plus voilé aux yeux des autres et même à ses yeux à elle qui ferait le mal sans se l’avouer.	It is possible that, without being in the least inclined towards 'sadism,' a girl might have shewn the same outrageous cruelty as Mlle. Vinteuil in desecrating the memory and defying the wishes of her dead father, but she would not have given them deliberate expression in an act so crude in its symbolism, so lacking in subtlety; the criminal element in her behaviour would have been less evident to other people, and even to herself, since she would not have admitted to herself that she was doing wrong.
1136	1212	0.358	Mais, au-delà de l’apparence, dans le cœur de Mlle Vinteuil, le mal, au début du moins, ne fut sans doute pas sans mélange.	But, appearances apart, in Mlle. Vinteuil's soul, at least in the earlier stages, the evil element was probably not unmixed.
1137	1213	0.423	Une sadique comme elle est l’artiste du mal, ce qu’une créature entièrement mauvaise ne pourrait être car le mal ne lui serait pas extérieur, il lui semblerait tout naturel, ne se distinguerait même pas d’elle; et la vertu, la mémoire des morts, la tendresse filiale, comme elle n’en aurait pas le culte, elle ne trouverait pas un plaisir sacrilège à les profaner.	A 'sadist' of her kind is an artist in evil, which a wholly wicked person could not be, for in that case the evil would not have been external, it would have seemed quite natural to her, and would not even have been distinguishable from herself; and as for virtue, respect for the dead, filial obedience, since she would never have practised the cult of these things, she would take no impious delight in their profanation.
1138	1214	0.375	Les sadiques de l’espèce de Mlle Vinteuil sont des être si purement sentimentaux, si naturellement vertueux que même le plaisir sensuel leur paraît quelque chose de mauvais, le privilège des méchants.	'Sadists' of Mlle. Vinteuil's sort are creatures so purely sentimental, so virtuous by nature, that even sensual pleasure appears to them as something bad, a privilege reserved for the wicked.
1139	1215	0.453	Et quand ils se concèdent à eux-mêmes de s’y livrer un moment, c’est dans la peau des méchants qu’ils tâchent d’entrer et de faire entrer leur complice, de façon à avoir eu un moment l’illusion de s’être évadés de leur âme scrupuleuse et tendre, dans le monde inhumain du plaisir.	And when they allow themselves for a moment to enjoy it they endeavour to impersonate, to assume all the outward appearance of wicked people, for themselves and their partners in guilt, so as to gain the momentary illusion of having escaped beyond the control of their own gentle and scrupulous natures into the inhuman world of pleasure.
1140	1216	0.477	Et je comprenais combien elle l’eût désiré en voyant combien il lui était impossible d’y réussir.	And I could understand how she must have longed for such an escape when I realised that it was impossible for her to effect it.
1141	1217	0.370	Au moment où elle se voulait si différente de son père, ce qu’elle me rappelait c’était les façons de penser, de dire, du vieux professeur de piano.	At the moment when she wished to be thought the very antithesis of her father, what she at once suggested to me were the mannerisms, in thought and speech, of the poor old music-master.
1142	1218	0.416	Bien plus que sa photographie, ce qu’elle profanait, ce qu’elle faisait servir à ses plaisirs mais qui restait entre eux et elle et l’empêchait de les goûter directement, c’était la ressemblance de son visage, les yeux bleus de sa mère à lui qu’il lui avait transmis comme un bijou de famille, ces gestes d’amabilité qui interposaient entre le vice de Mlle Vinteuil et elle une phraséologie, une mentalité qui n’était pas faite pour lui et l’empêchait de le connaître comme quelque chose de très différent des nombreux devoirs de politesse auxquels elle se consacrait d’habitude.	Indeed, his photograph was nothing; what she really desecrated, what she corrupted into ministering to her pleasures, but what remained between them and her and prevented her from any direct enjoyment of them, was the likeness between her face and his, his mother's blue eyes which he had handed down to her, like some trinket to be kept in the family, those little friendly movements and inclinations which set up between the viciousness of Mlle. Vinteuil and herself a phraseology, a mentality not designed for vice, which made her regard it as not in any way different from the numberless little social duties and courtesies to which she must devote herself every day.
1143	1219	0.441	Ce n’est pas le mal qui lui donnait l’idée du plaisir, qui lui semblait agréable; c’est le plaisir qui lui semblait malin.	It was not evil that gave her the idea of pleasure, that seemed to her attractive; it was pleasure, rather, that seemed evil.
1144	1220	0.359	Et comme chaque fois qu’elle s’y adonnait il s’accompagnait pour elle de ces pensées mauvaises qui le reste du temps étaient absentes de son âme vertueuse, elle finissait par trouver au plaisir quelque chose de diabolique, par l’identifier au Mal.	And as, every time that she indulged in it, pleasure came to her attended by evil thoughts such as, ordinarily, had no place in her virtuous mind, she came at length to see in pleasure itself something diabolical, to identify it with Evil.
1145	1221	0.417	Peut-être Mlle Vinteuil sentait-elle que son amie n’était pas foncièrement mauvaise, et qu’elle n’était pas sincère au moment où elle lui tenait ces propos blasphématoires.	Perhaps Mlle. Vinteuil felt that at heart her friend was not altogether bad, not really sincere when she gave vent to those blasphemous utterances.
1146	1222	0.362	Du moins avait-elle le plaisir d’embrasser sur son visage, des sourires, des regards, feints peut-être, mais analogues dans leur expression vicieuse et basse à ceux qu’aurait eus non un être de bonté et de souffrance, mais un être de cruauté et de plaisir.	At any rate, she had the pleasure of receiving those kisses on her brow, those smiles, those glances; all feigned, perhaps, but akin in their base and vicious mode of expression to those which would have been discernible on the face of a creature formed not out of kindness and long-suffering, but out of self-indulgence and cruelty.
1147	1223	0.338	Elle pouvait s’imaginer un instant qu’elle jouait vraiment les jeux qu’eût joués avec une complice aussi dénaturée, une fille qui aurait ressenti en effet ces sentiments barbares à l’égard de la mémoire de son père.	She was able to delude herself for a moment into believing that she was indeed amusing herself in the way in which, with so unnatural an accomplice, a girl might amuse herself who really did experience that savage antipathy towards her father's memory.
1148	1224	0.475	Peut-être n’eût-elle pas pensé que le mal fût un état si rare, si extraordinaire, si dépaysant, où il était si reposant d’émigrer, si elle avait su discerner en elle comme en tout le monde, cette indifférence aux souffrances qu’on cause et qui, quelques autres noms qu’on lui donne, est la forme terrible et permanente de la cruauté.	Perhaps she would not have thought of wickedness as a state so rare, so abnormal, so exotic, one which it was so refreshing to visit, had she been able to distinguish in herself, as in all her fellow-men and women, that indifference to the sufferings which they cause which, whatever names else be given it, is the one true, terrible and lasting form of cruelty.
1149	1225	0.490	S’il était assez simple d’aller du côté de Méséglise, c’était une autre affaire d’aller du côté de Guermantes, car la promenade était longue et l’on voulait être sûr du temps qu’il ferait.	If the 'Méséglise way' was so easy, it was a very different matter when we took the 'Guermantes way,' for that meant a long walk, and we must make sure, first, of the weather.
1150	1226	0.528	Quand on semblait entrer dans une série de beaux jours; quand Françoise désespérée qu’il ne tombât pas une goutte d’eau pour les «pauvres récoltes», et ne voyant que de rares nuages blancs nageant à la surface calme et bleue du ciel s’écriait en gémissant: «Ne dirait-on pas qu’on voit ni plus ni moins des chiens de mer qui jouent en montrant là-haut leurs museaux?	"When we seemed to have entered upon a spell of fine days, when Françoise, in desperation that not a drop was falling upon the 'poor crops,' gazing up at the sky and seeing there only a little white cloud floating here and there upon its calm, azure surface, groaned aloud and exclaimed: ""You would say they were nothing more nor less than a lot of dogfish swimming about and sticking up their snouts!"
1151	1227	0.517	Ah! ils pensent bien à faire pleuvoir pour les pauvres laboureurs!	Ah, they never think of making it rain a little for the poor labourers!
1152	1228-1229	0.415	Et puis quand les blés seront poussés, alors la pluie se mettra à tomber tout à petit patapon, sans discontinuer, sans plus savoir sur quoi elle tombe que si c’était sur la mer»; quand mon père avait reçu invariablement les mêmes réponses favorables du jardinier et du baromètre, alors on disait au dîner: «Demain s’il fait le même temps, nous irons du côté de Guermantes.»	"And then when the corn is all ripe, down it will come, rattling all over the place, and think no more of where it is falling than if it was on the sea!"" — when my father's appeals to the gardener had met with the same encouraging answer several times in succession, then some one would say, at dinner: ""To-morrow, if the weather holds, we might go the Guermantes way."""
1153	1230	0.441	On partait tout de suite après déjeuner par la petite porte du jardin et on tombait dans la rue des Perchamps, étroite et formant un angle aigu, remplie de graminées au milieu desquelles deux ou trois guêpes passaient la journée à herboriser, aussi bizarre que son nom d’où me semblaient dériver ses particularités curieuses et sa personnalité revêche, et qu’on chercherait en vain dans le Combray d’aujourd’hui où sur son tracé ancien s’élève l’école.	And off we would set, immediately after luncheon, through the little garden gate which dropped us into the Rue des Perchamps, narrow and bent at a sharp angle, dotted with grass-plots over which two or three wasps would spend the day botanising, a street as quaint as its name, from which its odd characteristics and its personality were, I felt, derived; a street for which one might search in vain through the Combray of to-day, for the public school now rises upon its site.
1154	1231	0.324	Mais ma rêverie (semblable à ces architectes élèves de Viollet-le-Duc, qui, croyant retrouver sous un jubé Renaissance et un autel du XVIIe siècle les traces d’un chœur roman, remettent tout l’édifice dans l’état où il devait être au XIIe siècle) ne laisse pas une pierre du bâtiment nouveau, reperce et «restitue» la rue des Perchamps.	But in my dreams of Combray (like those architects, pupils of Viollet-le-Duc, who, fancying that they can detect, beneath a Renaissance rood-loft and an eighteenth-century altar, traces of a Norman choir, restore the whole church to the state in which it probably was in the twelfth century) I leave not a stone of the modern edifice standing, I pierce through it and 'restore' the Rue des Perchamps.
1155	1232	0.290	Elle a d’ailleurs pour ces reconstitutions, des données plus précises que n’en ont généralement les restaurateurs: quelques images conservées par ma mémoire, les dernières peut-être qui existent encore actuellement, et destinées à être bientôt anéanties, de ce qu’était le Combray du temps de mon enfance; et parce que c’est lui-même qui les a tracées en moi avant de disparaître, émouvantes, — si on peut comparer un obscur portrait à ces effigies glorieuses dont ma grand’mère aimait à me donner des reproductions — comme ces gravures anciennes de la Cène ou ce tableau de Gentile Bellini dans lesquels l’on voit en un état qui n’existe plus aujourd’hui le chef-d’œuvre de Vinci et le portail de Saint-Marc.	And for such reconstruction memory furnishes me with more detailed guidance than is generally at the disposal of restorers; the pictures which it has preserved — perhaps the last surviving in the world to-day, and soon to follow the rest into oblivion — of what Combray looked like in my childhood's days; pictures which, simply because it was the old Combray that traced their outlines upon my mind before it vanished, are as moving — if I may compare a humble landscape with those glorious works, reproductions of which my grandmother was so fond of bestowing on me — as those old engravings of the 'Cenacolo,' or that painting by Gentile Bellini, in which one sees, in a state in which they no longer exist, the masterpiece of Leonardo and the portico of Saint Mark's.
1156	1233	0.478	On passait, rue de l’Oiseau, devant la vieille hôtellerie de l’Oiseau flesché dans la grande cour de laquelle entrèrent quelquefois au XVIIe siècle les carrosses des duchesses de Montpensier, de Guermantes et de Montmorency quand elles avaient à venir à Combray pour quelque contestation avec leurs fermiers, pour une question d’hommage.	We would pass, in the Rue de l'Oiseau, before the old hostelry of the Oiseau Flesché, into whose great courtyard, once upon a time, would rumble the coaches of the Duchesses de Montpensier, de Guermantes, and de Montmorency, when they had to come down to Combray for some litigation with their farmers, or to receive homage from them.
1157	1234	0.383	On gagnait le mail entre les arbres duquel apparaissait le clocher de Saint-Hilaire.	We would come at length to the Mall, among whose treetops I could distinguish the steeple of Saint-Hilaire.
1158	1235	0.717	Et j’aurais voulu pouvoir m’asseoir là et rester toute la journée à lire en écoutant les cloches; car il faisait si beau et si tranquille que, quand sonnait l’heure, on aurait dit non qu’elle rompait le calme du jour mais qu’elle le débarrassait de ce qu’il contenait et que le clocher avec l’exactitude indolente et soigneuse d’une personne qui n’a rien d’autre à faire, venait seulement — pour exprimer et laisser tomber les quelques gouttes d’or que la chaleur y avait lentement et naturellement amassées — de presser, au moment voulu, la plénitude du silence.	And I should have liked to be able to sit down and spend the whole day there, reading and listening to the bells, for it was so charming there and so quiet that, when an hour struck, you would have said not that it broke in upon the calm of the day, but that it relieved the day of its superfluity, and that the steeple, with the indolent, painstaking exactitude of a person who has nothing else to do, had simply, in order to squeeze out and let fall the few golden drops which had slowly and naturally accumulated in the hot sunlight, pressed, at a given moment, the distended surface of the silence.
1159	1236	0.531	Le plus grand charme du côté de Guermantes, c’est qu’on y avait presque tout le temps à côté de soi le cours de la Vivonne.	The great charm of the 'Guermantes' way was that we had beside us, almost all the time, the course of the Vivonne.
1160	1237	0.506	On la traversait une première fois, dix minutes après avoir quitté la maison, sur une passerelle dite le Pont-Vieux.	We crossed it first, ten minutes after leaving the house, by a foot-bridge called the Pont-Vieux.
1161	1238	0.457	Dès le lendemain de notre arrivée, le jour de Pâques, après le sermon s’il faisait beau temps, je courais jusque-là, voir dans ce désordre d’un matin de grande fête où quelques préparatifs somptueux font paraître plus sordides les ustensiles de ménage qui traînent encore, la rivière qui se promenait déjà en bleu-ciel entre les terres encore noires et nues, accompagnée seulement d’une bande de coucous arrivés trop tôt et de primevères en avance, cependant que çà et là une violette au bec bleu laissait fléchir sa tige sous le poids de la goutte d’odeur qu’elle tenait dans son cornet.	And every year, when we arrived at Combray, on Easter morning, after the sermon, if the weather was fine, I would run there to see (amid all the disorder that prevails on the morning of a great festival, the gorgeous preparations for which make the everyday household utensils that they have not contrived to banish seem more sordid than ever) the river flowing past, sky-blue already between banks still black and bare, its only companions a clump of daffodils, come out before their time, a few primroses, the first in flower, while here and there burned the blue flame of a violet, its stem bent beneath the weight of the drop of perfume stored in its tiny horn.
1162	1239	0.489	Le Pont-Vieux débouchait dans un sentier de halage qui à cet endroit se tapissait l’été du feuillage bleu d’un noisetier sous lequel un pêcheur en chapeau de paille avait pris racine.	The Pont-Vieux led to a tow-path which, at this point, would be overhung in summer by the bluish foliage of a hazel, under which a fisherman in a straw hat seemed to have taken root.
1163	1240	0.458	A Combray où je savais quelle individualité de maréchal ferrant ou de garçon épicier était dissimulée sous l’uniforme du suisse ou le surplis de l’enfant de chœur, ce pêcheur est la seule personne dont je n’aie jamais découvert l’identité.	At Combray, where I knew everyone, and could always detect the blacksmith or grocer's boy through his disguise of a beadle's uniform or chorister's surplice, this fisherman was the only person whom I was never able to identify.
1164	1241	0.434	Il devait connaître mes parents, car il soulevait son chapeau quand nous passions; je voulais alors demander son nom, mais on me faisait signe de me taire pour ne pas effrayer le poisson.	He must have known my family, for he used to raise his hat when we passed; and then I would always be just on the point of asking his name, when some one would make a sign to me to be quiet, or I would frighten the fish.
1165	1242-1243	0.532	Nous nous engagions dans le sentier de halage qui dominait le courant d’un talus de plusieurs pieds; de l’autre côté la rive était basse, étendue en vastes prés jusqu’au village et jusqu’à la gare qui en était distante.	We would follow the tow-path which ran along the top of a steep bank, several feet above the stream. The ground on the other side was lower, and stretched in a series of broad meadows as far as the village and even to the distant railway-station.
1166	1244	0.433	Ils étaient semés des restes, à demi enfouis dans l’herbe, du château des anciens comtes de Combray qui au moyen âge avait de ce côté le cours de la Vivonne comme défense contre les attaques des sires de Guermantes et des abbés de Martinville.	Over these were strewn the remains, half-buried in the long grass, of the castle of the old Counts of Combray, who, during the Middle Ages, had had on this side the course of the Vivonne as a barrier and defence against attack from the Lords of Guermantes and Abbots of Martinville.
1167	1245	0.124	Ce n’étaient plus que quelques fragments de tours bossuant la prairie, à peine apparents, quelques créneaux d’où jadis l’arbalétrier lançait des pierres, d’où le guetteur surveillait Novepont, Clairefontaine, Martinville-le-Sec, Bailleau-l’Exempt, toutes terres vassales de Guermantes entre lesquelles Combray était enclavé, aujourd’hui au ras de l’herbe, dominés par les enfants de l’école des frères qui venaient là apprendre leurs leçons ou jouer aux récréations; — passé presque descendu dans la terre, couché au bord de l’eau comme un promeneur qui prend le frais, mais me donnant fort à songer, me faisant ajouter dans le nom de Combray à la petite ville d’aujourd’hui une cité très différente, retenant mes pensées par son visage incompréhensible et d’autrefois qu’il cachait à demi sous les boutons d’or.	Nothing was left now but a few stumps of towers, hummocks upon the broad surface of the fields, hardly visible, broken battlements over which, in their day, the bowmen had hurled down stones, the watchmen had gazed out over Novepont, Clairefontaine, Martinville-le-Sec, Bailleau-l'Exempt, fiefs all of them of Guermantes, a ring in which Combray was locked; but fallen among the grass now, levelled with the ground, climbed and commanded by boys from the Christian Brothers' school, who came there in their playtime, or with lesson-books to be conned; emblems of a past that had sunk down and well-nigh vanished under the earth, that lay by the water's edge now, like an idler taking the air, yet giving me strong food for thought, making the name of Combray connote to me not the little town of to-day only, but an historic city vastly different, seizing and holding my imagination by the remote, incomprehensible features which it half-concealed beneath a spangled veil of buttercups.
1168	1246	0.211	Ils étaient fort nombreux à cet endroit qu’ils avaient choisi pour leurs jeux sur l’herbe, isolés, par couples, par troupes, jaunes comme un jaune d’œuf, brillants d’autant plus, me semblait-il, que ne pouvant dériver vers aucune velléité de dégustation le plaisir que leur vue me causait, je l’accumulais dans leur surface dorée, jusqu’à ce qu’il devînt assez puissant pour produire de l’inutile beauté; et cela dès ma plus petite enfance, quand du sentier de halage je tendais les bras vers eux sans pouvoir épeler complètement leur joli nom de Princes de contes de fées français, venus peut-être il y a bien des siècles d’Asie mais apatriés pour toujours au village, contents du modeste horizon, aimant le soleil et le bord de l’eau, fidèles à la petite vue de la gare, gardant encore pourtant comme certaines de nos vieilles toiles peintes, dans leur simplicité populaire, un poétique éclat d’orient.	For the buttercups grew past numbering on this spot which they had chosen for their games among the grass, standing singly, in couples, in whole companies, yellow as the yolk of eggs, and glowing with an added lustre, I felt, because, being powerless to consummate with my palate the pleasure which the sight of them never failed to give me, I would let it accumulate as my eyes ranged over their gilded expanse, until it had acquired the strength to create in my mind a fresh example of absolute, unproductive beauty; and so it had been from my earliest childhood, when from the tow-path I had stretched out my arms towards them, before even I could pronounce their charming name — a name fit for the Prince in some French fairy-tale; colonists, perhaps, in some far distant century from Asia, but naturalised now for ever in the village, well satisfied with their modest horizon, rejoicing in the sunshine and the water's edge, faithful to their little glimpse of the railway-station; yet keeping, none the less, as do some of our old paintings, in their plebeian simplicity, a poetic scintillation from the golden East.
1169	1247	0.265	Je m’amusais à regarder les carafes que les gamins mettaient dans la Vivonne pour prendre les petits poissons, et qui, remplies par la rivière, où elles sont à leur tour encloses, à la fois «contenant» aux flancs transparents comme une eau durcie, et «contenu» plongé dans un plus grand contenant de cristal liquide et courant, évoquaient l’image de la fraîcheur d’une façon plus délicieuse et plus irritante qu’elles n’eussent fait sur une table servie, en ne la montrant qu’en fuite dans cette allitération perpétuelle entre l’eau sans consistance où les mains ne pouvaient la capter et le verre sans fluidité où le palais ne pourrait en jouir.	I would amuse myself by watching the glass jars which the boys used to lower into the Vivonne, to catch minnows, and which, filled by the current of the stream, in which they themselves also were enclosed, at once 'containers' whose transparent sides were like solidified water and 'contents' plunged into a still larger container of liquid, flowing crystal, suggested an image of coolness more delicious and more provoking than the same water in the same jars would have done, standing upon a table laid for dinner, by shewing it as perpetually in flight between the impalpable water, in which my hands could not arrest it, and the insoluble glass, in which my palate could not enjoy it.
1170	1248	0.349	Je me promettais de venir là plus tard avec des lignes; j’obtenais qu’on tirât un peu de pain des provisions du goûter; j’en jetais dans la Vivonne des boulettes qui semblaient suffire pour y provoquer un phénomène de sursaturation, car l’eau se solidifiait aussitôt autour d’elles en grappes ovoïdes de têtards inanitiés qu’elle tenait sans doute jusque-là en dissolution, invisibles, tout près d’être en voie de cristallisation.	I decided that I would come there again with a line and catch fish; I begged for and obtained a morsel of bread from our luncheon basket; and threw into the Vivonne pellets which had the power, it seemed, to bring about a chemical precipitation, for the water at once grew solid round about them in oval clusters of emaciated tadpoles, which until then it had, no doubt, been holding in solution, invisible, but ready and alert to enter the stage of crystallisation.
1171	1249	0.470	Bientôt le cours de la Vivonne s’obstrue de plantes d’eau.	Presently the course of the Vivonne became choked with water-plants.
1172	1250	0.349	Il y en a d’abord d’isolées comme tel nénufar à qui le courant au travers duquel il était placé d’une façon malheureuse laissait si peu de repos que comme un bac actionné mécaniquement il n’abordait une rive que pour retourner à celle d’où il était venu, refaisant éternellement la double traversée.	At first they appeared singly, a lily, for instance, which the current, across whose path it had unfortunately grown, would never leave at rest for a moment, so that, like a ferry-boat mechanically propelled, it would drift over to one bank only to return to the other, eternally repeating its double journey.
1173	1251	0.314	Poussé vers la rive, son pédoncule se dépliait, s’allongeait, filait, atteignait l’extrême limite de sa tension jusqu’au bord où le courant le reprenait, le vert cordage se repliait sur lui-même et ramenait la pauvre plante à ce qu’on peut d’autant mieux appeler son point de départ qu’elle n’y restait pas une seconde sans en repartir par une répétition de la même manœuvre.	Thrust towards the bank, its stalk would be straightened out, lengthened, strained almost to breaking-point until the current again caught it, its green moorings swung back over their anchorage and brought the unhappy plant to what might fitly be called its starting-point, since it was fated not to rest there a moment before moving off once again.
1174	1252	0.360	Je la retrouvais de promenade en promenade, toujours dans la même situation, faisant penser à certains neurasthéniques au nombre desquels mon grand-père comptait ma tante Léonie, qui nous offrent sans changement au cours des années le spectacle des habitudes bizarres qu’ils se croient chaque fois à la veille de secouer et qu’ils gardent toujours; pris dans l’engrenage de leurs malaises et de leurs manies, les efforts dans lesquels ils se débattent inutilement pour en sortir ne font qu’assurer le fonctionnement et faire jouer le déclic de leur diététique étrange, inéluctable et funeste.	I would still find it there, on one walk after another, always in the same helpless state, suggesting certain victims of neurasthenia, among whom my grandfather would have included my aunt Léonie, who present without modification, year after year, the spectacle of their odd and unaccountable habits, which they always imagine themselves to be on the point of shaking off, but which they always retain to the end; caught in the treadmill of their own maladies and eccentricities, their futile endeavours to escape serve only to actuate its mechanism, to keep in motion the clockwork of their strange, ineluctable, fatal daily round.
1175	1253	0.376	Tel était ce nénufar, pareil aussi à quelqu’un de ces malheureux dont le tourment singulier, qui se répète indéfiniment durant l’éternité, excitait la curiosité de Dante et dont il se serait fait raconter plus longuement les particularités et la cause par le supplicié lui-même, si Virgile, s’éloignant à grands pas, ne l’avait forcé à le rattraper au plus vite, comme moi mes parents.	Such as these was the water-lily, and also like one of those wretches whose peculiar torments, repeated indefinitely throughout eternity, aroused the curiosity of Dante, who would have inquired of them at greater length and in fuller detail from the victims themselves, had not Virgil, striding on ahead, obliged him to hasten after him at full speed, as I must hasten after my parents.
1176	1254	0.394	Mais plus loin le courant se ralentit, il traverse une propriété dont l’accès était ouvert au public par celui à qui elle appartenait et qui s’y était complu à des travaux d’horticulture aquatique, faisant fleurir, dans les petits étangs que forme la Vivonne, de véritables jardins de nymphéas.	But farther on the current slackened, where the stream ran through a property thrown open to the public by its owner, who had made a hobby of aquatic gardening, so that the little ponds into which the Vivonne was here diverted were aflower with water-lilies.
1177	1255	0.469	Comme les rives étaient à cet endroit très boisées, les grandes ombres des arbres donnaient à l’eau un fond qui était habituellement d’un vert sombre mais que parfois, quand nous rentrions par certains soirs rassérénés d’après-midi orageux, j’ai vu d’un bleu clair et cru, tirant sur le violet, d’apparence cloisonnée et de goût japonais.	As the banks at this point were thickly wooded, the heavy shade of the trees gave the water a background which was ordinarily dark green, although sometimes, when we were coming home on a calm evening after a stormy afternoon, I have seen in its depths a clear, crude blue that was almost violet, suggesting a floor of Japanese cloisonné.
1178	1256	0.401	Çà et là, à la surface, rougissait comme une fraise une fleur de nymphéa au cœur écarlate, blanc sur les bords.	Here and there, on the surface, floated, blushing like a strawberry, the scarlet heart of a lily set in a ring of white petals.
1179	1257	0.322	Plus loin, les fleurs plus nombreuses étaient plus pâles, moins lisses, plus grenues, plus plissées, et disposées par le hasard en enroulements si gracieux qu’on croyait voir flotter à la dérive, comme après l’effeuillement mélancolique d’une fête galante, des roses mousseuses en guirlandes dénouées.	Beyond these the flowers were more frequent, but paler, less glossy, more thickly seeded, more tightly folded, and disposed, by accident, in festoons so graceful that I would fancy I saw floating upon the stream, as though after the dreary stripping of the decorations used in some Watteau festival, moss-roses in loosened garlands.
1180	1258	0.433	Ailleurs un coin semblait réservé aux espèces communes qui montraient le blanc et rose proprets de la julienne, lavés comme de la porcelaine avec un soin domestique, tandis qu’un peu plus loin, pressées les unes contre les autres en une véritable plate-bande flottante, on eût dit des pensées des jardins qui étaient venues poser comme des papillons leur ailes bleuâtres et glacées, sur l’obliquité transparente de ce parterre d’eau; de ce parterre céleste aussi: car il donnait aux fleurs un sol d’une couleur plus précieuse, plus émouvante que la couleur des fleurs elles-mêmes; et, soit que pendant l’après-midi il fît étinceler sous les nymphéas le kaléidoscope d’un bonheur attentif, silencieux et mobile, ou qu’il s’emplît vers le soir, comme quelque port lointain, du rose et de la rêverie du couchant, changeant sans cesse pour rester toujours en accord, autour des corolles de teintes plus fixes, avec ce qu’il y a de plus profond, de plus fugitif, de plus mystérieux, — avec ce qu’il y a d’infini, — dans l’heure, il semblait les avoir fait fleurir en plein ciel.	Elsewhere a corner seemed to be reserved for the commoner kinds of lily; of a neat pink or white like rocket-flowers, washed clean like porcelain, with housewifely care; while, a little farther again, were others, pressed close together in a floating garden-bed, as though pansies had flown out of a garden like butterflies and were hovering with blue and burnished wings over the transparent shadowiness of this watery border; this skiey border also, for it set beneath the flowers a soil of a colour more precious, more moving than their own; and both in the afternoon, when it sparkled beneath the lilies in the kaleidoscope of a happiness silent, restless, and alert, and towards evening, when it was filled like a distant heaven with the roseate dreams of the setting sun, incessantly changing and ever remaining in harmony, about the more permanent colour of the flowers themselves, with the utmost profundity, evanescence, and mystery — with a quiet suggestion of infinity; afternoon or evening, it seemed to have set them flowering in the heart of the sky.
1181	1259	0.470	Au sortir de ce parc, la Vivonne redevient courante.	After leaving this park the Vivonne began to flow again more swiftly.
1182	1260	0.610	Que de fois j’ai vu, j’ai désiré imiter quand je serais libre de vivre à ma guise, un rameur, qui, ayant lâché l’aviron, s’était couché à plat sur le dos, la tête en bas, au fond de sa barque, et la laissant flotter à la dérive, ne pouvant voir que le ciel qui filait lentement au-dessus de lui, portait sur son visage l’avant-goût du bonheur et de la paix.	How often have I watched, and longed to imitate, when I should be free to live as I chose, a rower who had shipped his oars and lay stretched out on his back, his head down, in the bottom of his boat, letting it drift with the current, seeing nothing but the sky which slipped quietly above him, shewing upon his features a foretaste of happiness and peace.
1183	1261	0.639	Nous nous asseyions entre les iris au bord de l’eau.	We would sit down among the irises at the water's edge.
1184	1262	0.471	Dans le ciel férié, flânait longuement un nuage oisif.	In the holiday sky a lazy cloud streamed out to its full length.
1185	1263	0.458	Par moments oppressée par l’ennui, une carpe se dressait hors de l’eau dans une aspiration anxieuse.	Now and then, crushed by the burden of idleness, a carp would heave up out of the water, with an anxious gasp.
1186	1264	0.471	C’était l’heure du goûter.	It was time for us to feed.
1187	1265	0.540	Avant de repartir nous restions longtemps à manger des fruits, du pain et du chocolat, sur l’herbe où parvenaient jusqu’à nous, horizontaux, affaiblis, mais denses et métalliques encore, des sons de la cloche de Saint-Hilaire qui ne s’étaient pas mélangés à l’air qu’ils traversaient depuis si longtemps, et côtelés par la palpitation successive de toutes leurs lignes sonores, vibraient en rasant les fleurs, à nos pieds.	Before starting homewards we would sit for a long time there, eating fruit and bread and chocolate, on the grass, over which came to our ears, horizontal, faint, but solid still and metallic, the sound of the bells of Saint-Hilaire, which had melted not at all in the atmosphere it was so well accustomed to traverse, but, broken piecemeal by the successive palpitation of all their sonorous strokes, throbbed as it brushed the flowers at our feet.
1188	1266	0.402	Parfois, au bord de l’eau entourée de bois, nous rencontrions une maison dite de plaisance, isolée, perdue, qui ne voyait rien, du monde, que la rivière qui baignait ses pieds.	Sometimes, at the water's edge and embedded in trees, we would come upon a house of the kind called 'pleasure houses,' isolated and lost, seeing nothing of the world, save the river which bathed its feet.
1189	1267	0.361	Une jeune femme dont le visage pensif et les voiles élégants n’étaient pas de ce pays et qui sans doute était venue, selon l’expression populaire «s’enterrer» là, goûter le plaisir amer de sentir que son nom, le nom surtout de celui dont elle n’avait pu garder le cœur, y était inconnu, s’encadrait dans la fenêtre qui ne lui laissait pas regarder plus loin que la barque amarrée près de la porte.	A young woman, whose pensive face and fashionable veils did not suggest a local origin, and who had doubtless come there, in the popular phrase, 'to bury herself,' to taste the bitter sweetness of feeling that her name, and still more the name of him whose heart she had once held, but had been unable to keep, were unknown there, stood framed in a window from which she had no outlook beyond the boat that was moored beside her door.
1190	1268	0.276	Elle levait distraitement les yeux en entendant derrière les arbres de la rive la voix des passants dont avant qu’elle eût aperçu leur visage, elle pouvait être certaine que jamais ils n’avaient connu, ni ne connaîtraient l’infidèle, que rien dans leur passé ne gardait sa marque, que rien dans leur avenir n’aurait l’occasion de la recevoir.	She raised her eyes with an air of distraction when she heard, through the trees that lined the bank, the voices of passers-by of whom, before they came in sight, she might be certain that never had they known, nor would they know, the faithless lover, that nothing in their past lives bore his imprint, which nothing in their future would have occasion to receive.
1191	1269	0.365	On sentait que, dans son renoncement, elle avait volontairement quitté des lieux où elle aurait pu du moins apercevoir celui qu’elle aimait, pour ceux-ci qui ne l’avaient jamais vu.	One felt that in her renunciation of life she had willingly abandoned those places in which she would at least have been able to see him whom she loved, for others where he had never trod.
1192	1270	0.414	Et je la regardais, revenant de quelque promenade sur un chemin où elle savait qu’il ne passerait pas, ôter de ses mains résignées de longs gants d’une grâce inutile.	And I watched her, as she returned from some walk along a road where she had known that he would not appear, drawing from her submissive fingers long gloves of a precious, useless charm.
1193	1271	0.404	Jamais dans la promenade du côté de Guermantes nous ne pûmes remonter jusqu’aux sources de la Vivonne, auxquelles j’avais souvent pensé et qui avaient pour moi une existence si abstraite, si idéale, que j’avais été aussi surpris quand on m’avait dit qu’elles se trouvaient dans le département, à une certaine distance kilométrique de Combray, que le jour où j’avais appris qu’il y avait un autre point précis de la terre où s’ouvrait, dans l’antiquité, l’entrée des Enfers.	Never, in the course of our walks along the 'Guermantes way,' might we penetrate as far as the source of the Vivonne, of which I had often thought, which had in my mind so abstract, so ideal an existence, that I had been as much surprised when some one told me that it was actually to be found in the same department, and at a given number of miles from Combray, as I had been on the day when I had learned that there was another fixed point somewhere on the earth's surface, where, according to the ancients, opened the jaws of Hell.
1194	1272	0.364	Jamais non plus nous ne pûmes pousser jusqu’au terme que j’eusse tant souhaité d’atteindre, jusqu’à Guermantes.	Nor could we ever reach that other goal, to which I longed so much to attain, Guermantes itself.
1195	1273	0.367	Je savais que là résidaient des châtelains, le duc et la duchesse de Guermantes, je savais qu’ils étaient des personnages réels et actuellement existants, mais chaque fois que je pensais à eux, je me les représentais tantôt en tapisserie, comme était la comtesse de Guermantes, dans le «Couronnement d’Esther» de notre église, tantôt de nuances changeantes comme était Gilbert le Mauvais dans le vitrail où il passait du vert chou au bleu prune selon que j’étais encore à prendre de l’eau bénite ou que j’arrivais à nos chaises, tantôt tout à fait impalpables comme l’image de Geneviève de Brabant, ancêtre de la famille de Guermantes, que la lanterne magique promenait sur les rideaux de ma chambre ou faisait monter au plafond, — enfin toujours enveloppés du mystère des temps mérovingiens et baignant comme dans un coucher de soleil dans la lumière orangée qui émane de cette syllabe: «antes».	I knew that it was the residence of its proprietors, the Duc and Duchesse de Guermantes, I knew that they were real personages who did actually exist, but whenever I thought about them I pictured them to myself either in tapestry, as was the 'Coronation of Esther' which hung in our church, or else in changing, rainbow colours, as was Gilbert the Bad in his window, where he passed from cabbage green, when I was dipping my fingers in the holy water stoup, to plum blue when I had reached our row of chairs, or again altogether impalpable, like the image of Geneviève de Brabant, ancestress of the Guermantes family, which the magic lantern sent wandering over the curtains of my room or flung aloft upon the ceiling — in short, always wrapped in the mystery of the Merovingian age, and bathed, as in a sunset, in the orange light which glowed from the resounding syllable 'antes.'
1196	1274	0.247	Mais si malgré cela ils étaient pour moi, en tant que duc et duchesse, des êtres réels, bien qu’étranges, en revanche leur personne ducale se distendait démesurément, s’immatérialisait, pour pouvoir contenir en elle ce Guermantes dont ils étaient duc et duchesse, tout ce «côté de Guermantes» ensoleillé, le cours de la Vivonne, ses nymphéas et ses grands arbres, et tant de beaux après-midi.	And if, in spite of that, they were for me, in their capacity as a duke and a duchess, real people, though of an unfamiliar kind, this ducal personality was in its turn enormously distended, immaterialised, so as to encircle and contain that Guermantes of which they were duke and duchess, all that sunlit 'Guermantes way' of our walks, the course of the Vivonne, its water-lilies and its overshadowing trees, and an endless series of hot summer afternoons.
1197-1198	1275	0.329	Et je savais qu’ils ne portaient pas seulement le titre de duc et de duchesse de Guermantes, mais que depuis le XIVe siècle où, après avoir inutilement essayé de vaincre leurs anciens seigneurs ils s’étaient alliés à eux par des mariages, ils étaient comtes de Combray, les premiers des citoyens de Combray par conséquent et pourtant les seuls qui n’y habitassent pas. Comtes de Combray, possédant Combray au milieu de leur nom, de leur personne, et sans doute ayant effectivement en eux cette étrange et pieuse tristesse qui était spéciale à Combray; propriétaires de la ville, mais non d’une maison particulière, demeurant sans doute dehors, dans la rue, entre ciel et terre, comme ce Gilbert de Guermantes, dont je ne voyais aux vitraux de l’abside de Saint-Hilaire que l’envers de laque noire, si je levais la tête quand j’allais chercher du sel chez Camus.	And I knew that they bore not only the titles of Duc and Duchesse de Guermantes, but that since the fourteenth century, when, after vain attempts to conquer its earlier lords in battle, they had allied themselves by marriage, and so became Counts of Combray, the first citizens, consequently, of the place, and yet the only ones among its citizens who did not reside in it — Comtes de Combray, possessing Combray, threading it on their string of names and titles, absorbing it in their personalities, and illustrating, no doubt, in themselves that strange and pious melancholy which was peculiar to Combray; proprietors of the town, though not of any particular house there; dwelling, presumably, out of doors, in the street, between heaven and earth, like that Gilbert de Guermantes, of whom I could see, in the stained glass of the apse of Saint-Hilaire, only the 'other side' in dull black lacquer, if I raised my eyes to look for him, when I was going to Camus's for a packet of salt.
1199	1276	0.444	Puis il arriva que sur le côté de Guermantes je passai parfois devant de petits enclos humides où montaient des grappes de fleurs sombres.	And then it happened that, going the 'Guermantes way,' I passed occasionally by a row of well-watered little gardens, over whose hedges rose clusters of dark blossom.
1200	1277	0.366	Je m’arrêtais, croyant acquérir une notion précieuse, car il me semblait avoir sous les yeux un fragment de cette région fluviatile, que je désirais tant connaître depuis que je l’avais vue décrite par un de mes écrivains préférés.	I would stop before them, hoping to gain some precious addition to my experience, for I seemed to have before my eyes a fragment of that riverside country which I had longed so much to see and know since coming upon a description of it by one of my favourite authors.
1201	1278	0.342	Et ce fut avec elle, avec son sol imaginaire traversé de cours d’eau bouillonnants, que Guermantes, changeant d’aspect dans ma pensée, s’identifia, quand j’eus entendu le docteur Percepied nous parler des fleurs et des belles eaux vives qu’il y avait dans le parc du château.	And it was with that story-book land, with its imagined soil intersected by a hundred bubbling watercourses, that Guermantes, changing its form in my mind, became identified, after I heard Dr. Percepied speak of the flowers and the charming rivulets and fountains that were to be seen there in the ducal park.
1202	1279	0.422	Je rêvais que Mme de Guermantes m’y faisait venir, éprise pour moi d’un soudain caprice; tout le jour elle y pêchait la truite avec moi.	I used to dream that Mme. de Guermantes, taking a sudden capricious fancy for myself, invited me there, that all day long she stood fishing for trout by my side.
1203	1280	0.527	Et le soir me tenant par la main, en passant devant les petits jardins de ses vassaux, elle me montrait le long des murs bas, les fleurs qui y appuient leurs quenouilles violettes et rouges et m’apprenait leurs noms.	And when evening came, holding my hand in her own, as we passed by the little gardens of her vassals, she would point out to me the flowers that leaned their red and purple spikes along the tops of the low walls, and would teach me all their names.
1204	1281	0.352	Elle me faisait lui dire le sujet des poèmes que j’avais l’intention de composer.	She would make me tell her, too, all about the poems that I meant to compose.
1205	1282	0.409	Et ces rêves m’avertissaient que puisque je voulais un jour être un écrivain, il était temps de savoir ce que je comptais écrire.	And these dreams reminded me that, since I wished, some day, to become a writer, it was high time to decide what sort of books I was going to write.
1206	1283	0.494	Mais dès que je me le demandais, tâchant de trouver un sujet où je pusse faire tenir une signification philosophique infinie, mon esprit s’arrêtait de fonctionner, je ne voyais plus que le vide en face de mon attention, je sentais que je n’avais pas de génie ou peut-être une maladie cérébrale l’empêchait de naître.	But as soon as I asked myself the question, and tried to discover some subjects to which I could impart a philosophical significance of infinite value, my mind would stop like a clock, I would see before me vacuity, nothing, would feel either that I was wholly devoid of talent, or that, perhaps, a malady of the brain was hindering its development.
1207	1284	0.412	Parfois je comptais sur mon père pour arranger cela.	Sometimes I would depend upon my father's arranging everything for me.
1208	1285-1287	0.421	Il était si puissant, si en faveur auprès des gens en place qu’il arrivait à nous faire transgresser les lois que Françoise m’avait appris à considérer comme plus inéluctables que celles de la vie et de la mort, à faire retarder d’un an pour notre maison, seule de tout le quartier, les travaux de «ravalement», à obtenir du ministre pour le fils de Mme Sazerat qui voulait aller aux eaux, l’autorisation qu’il passât le baccalauréat deux mois d’avance, dans la série des candidats dont le nom commençait par un A au lieu d’attendre le tour des S. Si j’étais tombé gravement malade, si j’avais été capturé par des brigands, persuadé que mon père avait trop d’intelligences avec les puissances suprêmes, de trop irrésistibles lettres de recommandation auprès du bon Dieu, pour que ma maladie ou ma captivité pussent être autre chose que de vains simulacres sans danger pour moi, j’aurais attendu avec calme l’heure inévitable du retour à la bonne réalité, l’heure de la délivrance ou de la guérison; peut-être cette absence de génie, ce trou noir qui se creusait dans mon esprit quand je cherchais le sujet de mes écrits futurs, n’était-il aussi qu’une illusion sans consistance, et cesserait-elle par l’intervention de mon père qui avait dû convenir avec le Gouvernement et avec la Providence que je serais le premier écrivain de l’époque.	He was so powerful, in such favour with the people who 'really counted,' that he made it possible for us to transgress laws which Françoise had taught me to regard as more ineluctable than the laws of life and death, as when we were allowed to postpone for a year the compulsory repainting of the walls of our house, alone among all the houses in that part of Paris, or when he obtained permission from the Minister for Mme. Sazerat's son, who had been ordered to some watering-place, to take his degree two months before the proper time, among the candidates whose surnames began with 'A,' instead of having to wait his turn as an 'S.' If I had fallen seriously ill, if I had been captured by brigands, convinced that my father's understanding with the supreme powers was too complete, that his letters of introduction to the Almighty were too irresistible for my illness or captivity to turn out anything but vain illusions, in which there was no danger actually threatening me, I should have awaited with perfect composure the inevitable hour of my return to comfortable realities, of my deliverance from bondage or restoration to health. Perhaps this want of talent, this black cavity which gaped in my mind when I ransacked it for the theme of my future writings, was itself no more, either, than an unsubstantial illusion, and would be brought to an end by the intervention of my father, who would arrange with the Government and with Providence that I should be the first writer of my day.
1209	1288	0.407	Mais d’autres fois tandis que mes parents s’impatientaient de me voir rester en arrière et ne pas les suivre, ma vie actuelle au lieu de me sembler une création artificielle de mon père et qu’il pouvait modifier à son gré, m’apparaissait au contraire comme comprise dans une réalité qui n’était pas faite pour moi, contre laquelle il n’y avait pas de recours, au cœur de laquelle je n’avais pas d’allié, qui ne cachait rien au delà d’elle-même.	But at other times, while my parents were growing impatient at seeing me loiter behind instead of following them, my actual life, instead of seeming an artificial creation by my father, and one which he could modify as he chose, appeared, on the contrary, to be comprised in a larger reality which had not been created for my benefit, from whose judgments there was no appeal, in the heart of which I was bound, helpless, without friend or ally, and beyond which no further possibilities lay concealed.
1210	1289	0.449	Il me semblait alors que j’existais de la même façon que les autres hommes, que je vieillirais, que je mourrais comme eux, et que parmi eux j’étais seulement du nombre de ceux qui n’ont pas de dispositions pour écrire.	It was evident to me then that I existed in the same manner as all other men, that I must grow old, that I must die like them, and that among them I was to be distinguished merely as one of those who have no aptitude for writing.
1211	1290	0.583	Aussi, découragé, je renonçais à jamais à la littérature, malgré les encouragements que m’avait donnés Bloch.	And so, utterly despondent, I renounced literature for ever, despite the encouragements that had been given me by Bloch.
1212	1291	0.548	Ce sentiment intime, immédiat, que j’avais du néant de ma pensée, prévalait contre toutes les paroles flatteuses qu’on pouvait me prodiguer, comme chez un méchant dont chacun vante les bonnes actions, les remords de sa conscience.	This intimate, spontaneous feeling, this sense of the nullity of my intellect, prevailed against all the flattering speeches that might be lavished upon me, as a wicked man, when everyone is loud in the praise of his good deeds, is gnawed by the secret remorse of conscience.
1213	1292-1293	0.614	Un jour ma mère me dit: «Puisque tu parles toujours de Mme de Guermantes, comme le docteur Percepied l’a très bien soignée il y a quatre ans, elle doit venir à Combray pour assister au mariage de sa fille.	"One day my mother said: ""You are always talking about Mme. de Guermantes. Well, Dr. Percepied did a great deal for her when she was ill, four years ago, and so she is coming to Combray for his daughter's wedding."
1214	1294	0.508	Tu pourras l’apercevoir à la cérémonie.»	"You will be able to see her in church."""
1215	1295	0.540	C’était du reste par le docteur Percepied que j’avais le plus entendu parler de Mme de Guermantes, et il nous avait même montré le numéro d’une revue illustrée où elle était représentée dans le costume qu’elle portait à un bal travesti chez la princesse de Léon.	It was from Dr. Percepied, as it happened, that I had heard most about Mme. de Guermantes, and he had even shewn us the number of an illustrated paper in which she was depicted in the costume which she had worn at a fancy dress ball given by the Princesse de Léon.
1216	1296	0.376	Tout d’un coup pendant la messe de mariage, un mouvement que fit le suisse en se déplaçant me permit de voir assise dans une chapelle une dame blonde avec un grand nez, des yeux bleus et perçants, une cravate bouffante en soie mauve, lisse, neuve et brillante, et un petit bouton au coin du nez.	Suddenly, during the nuptial mass, the beadle, by moving to one side, enabled me to see, sitting in a chapel, a lady with fair hair and a large nose, piercing blue eyes, a billowy scarf of mauve silk, glossy and new and brilliant, and a little spot at the corner of her nose.
1217	1297-1298	0.515	Et parce que dans la surface de son visage rouge, comme si elle eût eu très chaud, je distinguais, diluées et à peine perceptibles, des parcelles d’analogie avec le portrait qu’on m’avait montré, parce que surtout les traits particuliers que je relevais en elle, si j’essayais de les énoncer, se formulaient précisément dans les mêmes termes: un grand nez, des yeux bleus, dont s’était servi le docteur Percepied quand il avait décrit devant moi la duchesse de Guermantes, je me dis: cette dame ressemble à Mme de Guermantes; or la chapelle où elle suivait la messe était celle de Gilbert le Mauvais, sous les plates tombes de laquelle, dorées et distendues comme des alvéoles de miel, reposaient les anciens comtes de Brabant, et que je me rappelais être à ce qu’on m’avait dit réservée à la famille de Guermantes quand quelqu’un de ses membres venait pour une cérémonie à Combray; il ne pouvait vraisemblablement y avoir qu’une seule femme ressemblant au portrait de Mme de Guermantes, qui fût ce jour-là, jour où elle devait justement venir, dans cette chapelle: c’était elle!	"And because on the surface of her face, which was red, as though she had been very warm, I could make out, diluted and barely perceptible, details which resembled the portrait that had been shewn to me; because, more especially, the particular features which I remarked in this lady, if I attempted to catalogue them, formulated themselves in precisely the same terms: — _a large nose, blue eyes_, as Dr. Percepied had used when describing in my presence the Duchesse de Guermantes, I said to myself: ""This lady is like the Duchesse de Guermantes."" Now the chapel from which she was following the service was that of Gilbert the Bad; beneath its flat tombstones, yellowed and bulging like cells of honey in a comb, rested the bones of the old Counts of Brabant; and I remembered having heard it said that this chapel was reserved for the Guermantes family, whenever any of its members came to attend a ceremony at Combray; there was, indeed, but one woman resembling the portrait of Mme. de Guermantes who on that day, the very day on which she was expected to come there, could be sitting in that chapel: it was she!"
1218	1299	0.687	Ma déception était grande.	My disappointment was immense.
1219	1300	0.462	Elle provenait de ce que je n’avais jamais pris garde quand je pensais à Mme de Guermantes, que je me la représentais avec les couleurs d’une tapisserie ou d’un vitrail, dans un autre siècle, d’une autre matière que le reste des personnes vivantes.	It arose from my not having borne in mind, when I thought of Mme. de Guermantes, that I was picturing her to myself in the colours of a tapestry or a painted window, as living in another century, as being of another substance than the rest of the human race.
1220	1301	0.281	Jamais je ne m’étais avisé qu’elle pouvait avoir une figure rouge, une cravate mauve comme Mme Sazerat, et l’ovale de ses joues me fit tellement souvenir de personnes que j’avais vues à la maison que le soupçon m’effleura, pour se dissiper d’ailleurs aussitôt après, que cette dame en son principe générateur, en toutes ses molécules, n’était peut-être pas substantiellement la duchesse de Guermantes, mais que son corps, ignorant du nom qu’on lui appliquait, appartenait à un certain type féminin, qui comprenait aussi des femmes de médecins et de commerçants.	Never had I taken into account that she might have a red face, a mauve scarf like Mme. Sazerat; and the oval curve of her cheeks reminded me so strongly of people whom I had seen at home that the suspicion brushed against my mind (though it was immediately banished) that this lady in her creative principle, in the molecules of her physical composition, was perhaps not substantially the Duchesse de Guermantes, but that her body, in ignorance of the name that people had given it, belonged to a certain type of femininity which included, also, the wives of doctors and tradesmen.
1221	1302	0.218	«C’est cela, ce n’est que cela, Mme de Guermantes!» disait la mine attentive et étonnée avec laquelle je contemplais cette image qui naturellement n’avait aucun rapport avec celles qui sous le même nom de Mme de Guermantes étaient apparues tant de fois dans mes songes, puisque, elle, elle n’avait pas été comme les autres arbitrairement formée par moi, mais qu’elle m’avait sauté aux yeux pour la première fois il y a un moment seulement, dans l’église; qui n’était pas de la même nature, n’était pas colorable à volonté comme elles qui se laissaient imbiber de la teinte orangée d’une syllabe, mais était si réelle que tout, jusqu’à ce petit bouton qui s’enflammait au coin du nez, certifiait son assujettissement aux lois de la vie, comme dans une apothéose de théâtre, un plissement de la robe de la fée, un tremblement de son petit doigt, dénoncent la présence matérielle d’une actrice vivante, là où nous étions incertains si nous n’avions pas devant les yeux une simple projection lumineuse.	"""It is, it must be Mme. de Guermantes, and no one else!"" were the words underlying the attentive and astonished expression with which I was gazing upon this image, which, naturally enough, bore no resemblance to those that had so often, under the same title of 'Mme. de Guermantes,' appeared to me in dreams, since this one had not been, like the others, formed arbitrarily by myself, but had sprung into sight for the first time, only a moment ago, here in church; an image which was not of the same nature, was not colourable at will, like those others that allowed themselves to imbibe the orange tint of a sonorous syllable, but which was so real that everything, even to the fiery little spot at the corner of her nose, gave an assurance of her subjection to the laws of life, as in a transformation scene on the stage a crease in the dress of a fairy, a quivering of her tiny finger, indicate the material presence of a living actress before our eyes, whereas we were uncertain, till then, whether we were not looking merely at a projection of limelight from a lantern."
1222	1303	0.252	Mais en même temps, sur cette image que le nez proéminent, les yeux perçants, épinglaient dans ma vision (peut-être parce que c’était eux qui l’avaient d’abord atteinte, qui y avaient fait la première encoche, au moment où je n’avais pas encore le temps de songer que la femme qui apparaissait devant moi pouvait être Mme de Guermantes), sur cette image toute récente, inchangeable, j’essayais d’appliquer l’idée: «C’est Mme de Guermantes» sans parvenir qu’à la faire manœuvrer en face de l’image, comme deux disques séparés par un intervalle.	"Meanwhile I was endeavouring to apply to this image, which the prominent nose, the piercing eyes pinned down and fixed in my field of vision (perhaps because it was they that had first struck it, that had made the first impression on its surface, before I had had time to wonder whether the woman who thus appeared before me might possibly be Mme. de Guermantes), to this fresh and unchanging image the idea: ""It is Mme. de Guermantes""; but I succeeded only in making the idea pass between me and the image, as though they were two discs moving in separate planes, with a space between."
1223	1304	0.467	Mais cette Mme de Guermantes à laquelle j’avais si souvent rêvé, maintenant que je voyais qu’elle existait effectivement en dehors de moi, en prit plus de puissance encore sur mon imagination qui, un moment paralysée au contact d’une réalité si différente de ce qu’elle attendait, se mit à réagir et à me dire: «Glorieux dès avant Charlemagne, les Guermantes avaient le droit de vie et de mort sur leurs vassaux; la duchesse de Guermantes descend de Geneviève de Brabant.	"But this Mme. de Guermantes of whom I had so often dreamed, now that I could see that she had a real existence independent of myself, acquired a fresh increase of power over my imagination, which, paralysed for a moment by contact with a reality so different from anything that it had expected, began to react and to say within me: ""Great and glorious before the days of Charlemagne, the Guermantes had the right of life and death over their vassals; the Duchesse de Guermantes descends from Geneviève de Brabant."
1224	1305	0.544	Elle ne connaît, ni ne consentirait à connaître aucune des personnes qui sont ici.»	"She does not know, nor would she consent to know, any of the people who are here to-day."""
1225	1306	0.458	Et — ô merveilleuse indépendance des regards humains, retenus au visage par une corde si lâche, si longue, si extensible qu’ils peuvent se promener seuls loin de lui — pendant que Mme de Guermantes était assise dans la chapelle au-dessus des tombes de ses morts, ses regards flânaient çà et là, montaient le long des piliers, s’arrêtaient même sur moi comme un rayon de soleil errant dans la nef, mais un rayon de soleil qui, au moment où je reçus sa caresse, me sembla conscient.	And then — oh, marvellous independence of the human gaze, tied to the human face by a cord so loose, so long, so elastic that it can stray, alone, as far as it may choose — while Mme. de Guermantes sat in the chapel above the tombs of her dead ancestors, her gaze lingered here and wandered there, rose to the capitals of the pillars, and even rested upon myself, like a ray of sunlight straying down the nave, but a ray of sunlight which, at the moment when I received its caress, appeared conscious of where it fell.
1226	1307	0.346	Quant à Mme de Guermantes elle-même, comme elle restait immobile, assise comme une mère qui semble ne pas voir les audaces espiègles et les entreprises indiscrètes de ses enfants qui jouent et interpellent des personnes qu’elle ne connaît pas, il me fût impossible de savoir si elle approuvait ou blâmait dans le désœuvrement de son âme, le vagabondage de ses regards.	As for Mme. de Guermantes herself, since she remained there motionless, sitting like a mother who affects not to notice the rude or awkward conduct of her children who, in the course of their play, are speaking to people whom she does not know, it was impossible for me to determine whether she approved or condemned the vagrancy of her eyes in the careless detachment of her heart.
1227	1308	0.361	Je trouvais important qu’elle ne partît pas avant que j’eusse pu la regarder suffisamment, car je me rappelais que depuis des années je considérais sa vue comme éminemment désirable, et je ne détachais pas mes yeux d’elle, comme si chacun de mes regards eût pu matériellement emporter et mettre en réserve en moi le souvenir du nez proéminent, des joues rouges, de toutes ces particularités qui me semblaient autant de renseignements précieux, authentiques et singuliers sur son visage.	I felt it to be important that she should not leave the church before I had been able to look long enough upon her, reminding myself that for years past I had regarded the sight of her as a thing eminently to be desired, and I kept my eyes fixed on her, as though by gazing at her I should be able to carry away and incorporate, to store up, for later reference, in myself the memory of that prominent nose, those red cheeks, of all those details which struck me as so much precious, authentic, unparalleled information with regard to her face.
1228	1309	0.250	Maintenant que me le faisaient trouver beau toutes les pensées que j’y rapportais — et peut-être surtout, forme de l’instinct de conservation des meilleures parties de nous-mêmes, ce désir qu’on a toujours de ne pas avoir été déçu, — la replaçant (puisque c’était une seule personne qu’elle et cette duchesse de Guermantes que j’avais évoquée jusque-là) hors du reste de l’humanité dans laquelle la vue pure et simple de son corps me l’avait fait un instant confondre, je m’irritais en entendant dire autour de moi: «Elle est mieux que Mme Sazerat, que Mlle Vinteuil», comme si elle leur eût été comparable.	"And now that, whenever I brought my mind to bear upon that face — and especially, perhaps, in my determination, that form of the instinct of self-preservation with which we guard everything that is best in ourselves, not to admit that I had been in any way deceived — I found only beauty there; setting her once again (since they were one and the same person, this lady who sat before me and that Duchesse de Guermantes whom, until then, I had been used to conjure into an imagined shape) apart from and above that common run of humanity with which the sight, pure and simple, of her in the flesh had made me for a moment confound her, I grew indignant when I heard people saying, in the congregation round me: ""She is better looking than Mme. Sazerat"" or ""than Mlle. Vinteuil,"" as though she had been in any way comparable with them."
1229	1310	0.462	Et mes regards s’arrêtant à ses cheveux blonds, à ses yeux bleus, à l’attache de son cou et omettant les traits qui eussent pu me rappeler d’autres visages, je m’écriais devant ce croquis volontairement incomplet: «Qu’elle est belle!	"And my gaze resting upon her fair hair, her blue eyes, the lines of her neck, and overlooking the features which might have reminded me of the faces of other women, I cried out within myself, as I admired this deliberately unfinished sketch: ""How lovely she is!"
1230-1231	1311	0.514	Quelle noblesse! Comme c’est bien une fière Guermantes, la descendante de Geneviève de Brabant, que j’ai devant moi!»	"What true nobility! it is indeed a proud Guermantes, the descendant of Geneviève de Brabant, that I have before me!"""
1232	1312	0.400	Et l’attention avec laquelle j’éclairais son visage l’isolait tellement, qu’aujourd’hui si je repense à cette cérémonie, il m’est impossible de revoir une seule des personnes qui y assistaient sauf elle et le suisse qui répondit affirmativement quand je lui demandai si cette dame était bien Mme de Guermantes.	And the care which I took to focus all my attention upon her face succeeded in isolating it so completely that to-day, when I call that marriage ceremony to mind, I find it impossible to visualise any single person who was present except her, and the beadle who answered me in the affirmative when I inquired whether the lady was, indeed, Mme. de Guermantes.
1233	1313	0.313	Mais elle, je la revois, surtout au moment du défilé dans la sacristie qu’éclairait le soleil intermittent et chaud d’un jour de vent et d’orage, et dans laquelle Mme de Guermantes se trouvait au milieu de tous ces gens de Combray dont elle ne savait même pas les noms, mais dont l’infériorité proclamait trop sa suprématie pour qu’elle ne ressentît pas pour eux une sincère bienveillance et auxquels du reste elle espérait imposer davantage encore à force de bonne grâce et de simplicité.	But her, I can see her still quite clearly, especially at the moment when the procession filed into the sacristy, lighted by the intermittent, hot sunshine of a windy and rainy day, where Mme. de Guermantes found herself in the midst of all those Combray people whose names, even, she did not know, but whose inferiority proclaimed her own supremacy so loud that she must, in return, feel for them a genuine, pitying sympathy, and whom she might count on impressing even more forcibly by virtue of her simplicity and natural charm.
1234	1314	0.283	Aussi, ne pouvant émettre ces regards volontaires, chargés d’une signification précise, qu’on adresse à quelqu’un qu’on connaît, mais seulement laisser ses pensées distraites s’échapper incessamment devant elle en un flot de lumière bleue qu’elle ne pouvait contenir, elle ne voulait pas qu’il pût gêner, paraître dédaigner ces petites gens qu’il rencontrait au passage, qu’il atteignait à tous moments.	And then, too, since she could not bring into play the deliberate glances, charged with a definite meaning, which one directs, in a crowd, towards people whom one knows, but must allow her vague thoughts to escape continually from her eyes in a flood of blue light which she was powerless to control, she was anxious not to distress in any way, not to seem to be despising those humbler mortals over whom that current flowed, by whom it was everywhere arrested.
1235	1315	0.423	Je revois encore, au-dessus de sa cravate mauve, soyeuse et gonflée, le doux étonnement de ses yeux auxquels elle avait ajouté sans oser le destiner à personne mais pour que tous pussent en prendre leur part un sourire un peu timide de suzeraine qui a l’air de s’excuser auprès de ses vassaux et de les aimer.	I can see again to-day, above her mauve scarf, silky and buoyant, the gentle astonishment in her eyes, to which she had added, without daring to address it to anyone in particular, but so that everyone might enjoy his share of it, the almost timid smile of a sovereign lady who seems to be making an apology for her presence among the vassals whom she loves.
1236	1316	0.390	Ce sourire tomba sur moi qui ne la quittais pas des yeux.	This smile rested upon myself, who had never ceased to follow her with my eyes.
1237	1317	0.390	Alors me rappelant ce regard qu’elle avait laissé s’arrêter sur moi, pendant la messe, bleu comme un rayon de soleil qui aurait traversé le vitrail de Gilbert le Mauvais, je me dis: «Mais sans doute elle fait attention à moi.»	"And I, remembering the glance which she had let fall upon me during the service, blue as a ray of sunlight that had penetrated the window of Gilbert the Bad, said to myself, ""Of course, she is thinking about me."""
1238	1318	0.282	Je crus que je lui plaisais, qu’elle penserait encore à moi quand elle aurait quitté l’église, qu’à cause de moi elle serait peut-être triste le soir à Guermantes.	I fancied that I had found favour in her sight, that she would continue to think of me after she had left the church, and would, perhaps, grow pensive again, that evening, at Guermantes, on my account.
1239	1319	0.403	Et aussitôt je l’aimai, car s’il peut quelquefois suffire pour que nous aimions une femme qu’elle nous regarde avec mépris comme j’avais cru qu’avait fait Mlle Swann et que nous pensions qu’elle ne pourra jamais nous appartenir, quelquefois aussi il peut suffire qu’elle nous regarde avec bonté comme faisait Mme de Guermantes et que nous pensions qu’elle pourra nous appartenir.	And at once I fell in love with her, for if it is sometimes enough to make us love a woman that she looks on us with contempt, as I supposed Mlle. Swann to have done, while we imagine that she cannot ever be ours, it is enough, also, sometimes that she looks on us kindly, as Mme. de Guermantes did then, while we think of her as almost ours already.
1240	1320	0.308	Ses yeux bleuissaient comme une pervenche impossible à cueillir et que pourtant elle m’eût dédiée; et le soleil menacé par un nuage, mais dardant encore de toute sa force sur la place et dans la sacristie, donnait une carnation de géranium aux tapis rouges qu’on y avait étendus par terre pour la solennité et sur lesquels s’avançait en souriant Mme de Guermantes, et ajoutait à leur lainage un velouté rose, un épiderme de lumière, cette sorte de tendresse, de sérieuse douceur dans la pompe et dans la joie qui caractérisent certaines pages de Lohengrin, certaines peintures de Carpaccio, et qui font comprendre que Baudelaire ait pu appliquer au son de la trompette l’épithète de délicieux.	Her eyes waxed blue as a periwinkle flower, wholly beyond my reach, yet dedicated by her to me; and the sun, bursting out again from behind a threatening cloud and darting the full force of its rays on to the Square and into the sacristy, shed a geranium glow over the red carpet laid down for the wedding, along which Mme. de Guermantes smilingly advanced, and covered its woollen texture with a nap of rosy velvet, a bloom of light, giving it that sort of tenderness, of solemn sweetness in the pomp of a joyful celebration, which characterises certain pages of _Lohengrin_, certain paintings by Carpaccio, and makes us understand how Baudelaire was able to apply to the sound of the trumpet the epithet 'delicious.'
1241	1321	0.331	Combien depuis ce jour, dans mes promenades du côté de Guermantes, il me parut plus affligeant encore qu’auparavant de n’avoir pas de dispositions pour les lettres, et de devoir renoncer à être jamais un écrivain célèbre.	How often, after that day, in the course of my walks along the 'Guermantes way,' and with what an intensified melancholy did I reflect on my lack of qualification for a literary career, and that I must abandon all hope of ever becoming a famous author.
1242	1322	0.337	Les regrets que j’en éprouvais, tandis que je restais seul à rêver un peu à l’écart, me faisaient tant souffrir, que pour ne plus les ressentir, de lui-même par une sorte d’inhibition devant la douleur, mon esprit s’arrêtait entièrement de penser aux vers, aux romans, à un avenir poétique sur lequel mon manque de talent m’interdisait de compter.	The regret that I felt for this, while I lingered alone to dream for a little by myself, made me suffer so acutely that, in order not to feel it, my mind of its own accord, by a sort of inhibition in the instant of pain, ceased entirely to think of verse-making, of fiction, of the poetic future on which my want of talent precluded me from counting.
1243	1323	0.371	Alors, bien en dehors de toutes ces préoccupations littéraires et ne s’y rattachant en rien, tout d’un coup un toit, un reflet de soleil sur une pierre, l’odeur d’un chemin me faisaient arrêter par un plaisir particulier qu’ils me donnaient, et aussi parce qu’ils avaient l’air de cacher au delà de ce que je voyais, quelque chose qu’ils invitaient à venir prendre et que malgré mes efforts je n’arrivais pas à découvrir.	Then, quite apart from all those literary preoccupations, and without definite attachment to anything, suddenly a roof, a gleam of sunlight reflected from a stone, the smell of a road would make me stop still, to enjoy the special pleasure that each of them gave me, and also because they appeared to be concealing, beneath what my eyes could see, something which they invited me to approach and seize from them, but which, despite all my efforts, I never managed to discover.
1244	1324	0.287	Comme je sentais que cela se trouvait en eux, je restais là, immobile, à regarder, à respirer, à tâcher d’aller avec ma pensée au delà de l’image ou de l’odeur.	As I felt that the mysterious object was to be found in them, I would stand there in front of them, motionless, gazing, breathing, endeavouring to penetrate with my mind beyond the thing seen or smelt.
1245	1325	0.370	Et s’il me fallait rattraper mon grand-père, poursuivre ma route, je cherchais à les retrouver, en fermant les yeux; je m’attachais à me rappeler exactement la ligne du toit, la nuance de la pierre qui, sans que je pusse comprendre pourquoi, m’avaient semblé pleines, prêtes à s’entr’ouvrir, à me livrer ce dont elles n’étaient qu’un couvercle.	And if I had then to hasten after my grandfather, to proceed on my way, I would still seek to recover my sense of them by closing my eyes; I would concentrate upon recalling exactly the line of the roof, the colour of the stone, which, without my being able to understand why, had seemed to me to be teeming, ready to open, to yield up to me the secret treasure of which they were themselves no more than the outer coverings.
1246	1326	0.337	Certes ce n’était pas des impressions de ce genre qui pouvaient me rendre l’espérance que j’avais perdue de pouvoir être un jour écrivain et poète, car elles étaient toujours liées à un objet particulier dépourvu de valeur intellectuelle et ne se rapportant à aucune vérité abstraite.	It was certainly not any impression of this kind that could or would restore the hope I had lost of succeeding one day in becoming an author and poet, for each of them was associated with some material object devoid of any intellectual value, and suggesting no abstract truth.
1247	1327	0.277	Mais du moins elles me donnaient un plaisir irraisonné, l’illusion d’une sorte de fécondité et par là me distrayaient de l’ennui, du sentiment de mon impuissance que j’avais éprouvés chaque fois que j’avais cherché un sujet philosophique pour une grande œuvre littéraire.	But at least they gave me an unreasoning pleasure, the illusion of a sort of fecundity of mind; and in that way distracted me from the tedium, from the sense of my own impotence which I had felt whenever I had sought a philosophic theme for some great literary work.
1248	1328	0.335	Mais le devoir de conscience était si ardu que m’imposaient ces impressions de forme, de parfum ou de couleur — de tâcher d’apercevoir ce qui se cachait derrière elles, que je ne tardais pas à me chercher à moi-même des excuses qui me permissent de me dérober à ces efforts et de m’épargner cette fatigue.	So urgent was the task imposed on my conscience by these impressions of form or perfume or colour — to strive for a perception of what lay hidden beneath them, that I was never long in seeking an excuse which would allow me to relax so strenuous an effort and to spare myself the fatigue that it involved.
1249	1329	0.351	Par bonheur mes parents m’appelaient, je sentais que je n’avais pas présentement la tranquillité nécessaire pour poursuivre utilement ma recherche, et qu’il valait mieux n’y plus penser jusqu’à ce que je fusse rentré, et ne pas me fatiguer d’avance sans résultat.	As good luck would have it, my parents called me; I felt that I had not, for the moment, the calm environment necessary for a successful pursuit of my researches, and that it would be better to think no more of the matter until I reached home, and not to exhaust myself in the meantime to no purpose.
1250	1330	0.363	Alors je ne m’occupais plus de cette chose inconnue qui s’enveloppait d’une forme ou d’un parfum, bien tranquille puisque je la ramenais à la maison, protégée par le revêtement d’images sous lesquelles je la trouverais vivante, comme les poissons que les jours où on m’avait laissé aller à la pêche, je rapportais dans mon panier couverts par une couche d’herbe qui préservait leur fraîcheur.	And so I concerned myself no longer with the mystery that lay hidden in a form or a perfume, quite at ease in my mind, since I was taking it home with me, protected by its visible and tangible covering, beneath which I should find it still alive, like the fish which, on days when I had been allowed to go out fishing, I used to carry back in my basket, buried in a couch of grass which kept them cool and fresh.
1251	1331	0.336	Une fois à la maison je songeais à autre chose et ainsi s’entassaient dans mon esprit (comme dans ma chambre les fleurs que j’avais cueillies dans mes promenades ou les objets qu’on m’avait donnés), une pierre où jouait un reflet, un toit, un son de cloche, une odeur de feuilles, bien des images différentes sous lesquelles il y a longtemps qu’est morte la réalité pressentie que je n’ai pas eu assez de volonté pour arriver à découvrir.	Once in the house again I would begin to think of something else, and so my mind would become littered (as my room was with the flowers that I had gathered on my walks, or the odds and ends that people had given me) with a stone from the surface of which the sunlight was reflected, a roof, the sound of a bell, the smell of fallen leaves, a confused mass of different images, under which must have perished long ago the reality of which I used to have some foreboding, but which I never had the energy to discover and bring to light.
1252	1332	0.416	Une fois pourtant, — où notre promenade s’étant prolongée fort au delà de sa durée habituelle, nous avions été bien heureux de rencontrer à mi-chemin du retour, comme l’après-midi finissait, le docteur Percepied qui passait en voiture à bride abattue, nous avait reconnus et fait monter avec lui, — j’eus une impression de ce genre et ne l’abandonnai pas sans un peu l’approfondir.	Once, however, when we had prolonged our walk far beyond its ordinary limits, and so had been very glad to encounter, half way home, as afternoon darkened into evening, Dr. Percepied, who drove past us at full speed in his carriage, saw and recognised us, stopped, and made us jump in beside him, I received an impression of this sort which I did not abandon without having first subjected it to an examination a little more thorough.
1253	1333	0.403	On m’avait fait monter près du cocher, nous allions comme le vent parce que le docteur avait encore avant de rentrer à Combray à s’arrêter à Martinville-le-Sec chez un malade à la porte duquel il avait été convenu que nous l’attendrions.	I had been set on the box beside the coachman, we were going like the wind because the Doctor had still, before returning to Combray, to call at Martinville-le-Sec, at the house of a patient, at whose door he asked us to wait for him.
1254	1334	0.358	Au tournant d’un chemin j’éprouvai tout à coup ce plaisir spécial qui ne ressemblait à aucun autre, à apercevoir les deux clochers de Martinville, sur lesquels donnait le soleil couchant et que le mouvement de notre voiture et les lacets du chemin avaient l’air de faire changer de place, puis celui de Vieuxvicq qui, séparé d’eux par une colline et une vallée, et situé sur un plateau plus élevé dans le lointain, semblait pourtant tout voisin d’eux.	At a bend in the road I experienced, suddenly, that special pleasure, which bore no resemblance to any other, when I caught sight of the twin steeples of Martinville, on which the setting sun was playing, while the movement of the carriage and the windings of the road seemed to keep them continually changing their position; and then of a third steeple, that of Vieuxvicq, which, although separated from them by a hill and a valley, and rising from rather higher ground in the distance, appeared none the less to be standing by their side.
1255	1335	0.355	En constatant, en notant la forme de leur flèche, le déplacement de leurs lignes, l’ensoleillement de leur surface, je sentais que je n’allais pas au bout de mon impression, que quelque chose était derrière ce mouvement, derrière cette clarté, quelque chose qu’ils semblaient contenir et dérober à la fois.	In ascertaining and noting the shape of their spires, the changes of aspect, the sunny warmth of their surfaces, I felt that I was not penetrating to the full depth of my impression, that something more lay behind that mobility, that luminosity, something which they seemed at once to contain and to conceal.
1256	1336	0.475	Les clochers paraissaient si éloignés et nous avions l’air de si peu nous rapprocher d’eux, que je fus étonné quand, quelques instants après, nous nous arrêtâmes devant l’église de Martinville.	The steeples appeared so distant, and we ourselves seemed to come so little nearer them, that I was astonished when, a few minutes later, we drew up outside the church of Martinville.
1257	1337	0.432	Je ne savais pas la raison du plaisir que j’avais eu à les apercevoir à l’horizon et l’obligation de chercher à découvrir cette raison me semblait bien pénible; j’avais envie de garder en réserve dans ma tête ces lignes remuantes au soleil et de n’y plus penser maintenant.	I did not know the reason for the pleasure which I had found in seeing them upon the horizon, and the business of trying to find out what that reason was seemed to me irksome; I wished only to keep in reserve in my brain those converging lines, moving in the sunshine, and, for the time being, to think of them no more.
1258	1338	0.565	Et il est probable que si je l’avais fait, les deux clochers seraient allés à jamais rejoindre tant d’arbres, de toits, de parfums, de sons, que j’avais distingués des autres à cause de ce plaisir obscur qu’ils m’avaient procuré et que je n’ai jamais approfondi.	And it is probable that, had I done so, those two steeples would have vanished for ever, in a great medley of trees and roofs and scents and sounds which I had noticed and set apart on account of the obscure sense of pleasure which they gave me, but without ever exploring them more fully.
1259	1339	0.352	Je descendis causer avec mes parents en attendant le docteur.	I got down from the box to talk to my parents while we were waiting for the Doctor to reappear.
1260	1340	0.421	Puis nous repartîmes, je repris ma place sur le siège, je tournai la tête pour voir encore les clochers qu’un peu plus tard, j’aperçus une dernière fois au tournant d’un chemin.	Then it was time to start; I climbed up again to my place, turning my head to look back, once more, at my steeples, of which, a little later, I caught a farewell glimpse at a turn in the road.
1261	1341	0.338	Le cocher, qui ne semblait pas disposé à causer, ayant à peine répondu à mes propos, force me fut, faute d’autre compagnie, de me rabattre sur celle de moi-même et d’essayer de me rappeler mes clochers.	The coachman, who seemed little inclined for conversation, having barely acknowledged my remarks, I was obliged, in default of other society, to fall back on my own, and to attempt to recapture the vision of my steeples.
1262	1342	0.423	Bientôt leurs lignes et leurs surfaces ensoleillées, comme si elles avaient été une sorte d’écorce, se déchirèrent, un peu de ce qui m’était caché en elles m’apparut, j’eus une pensée qui n’existait pas pour moi l’instant avant, qui se formula en mots dans ma tête, et le plaisir que m’avait fait tout à l’heure éprouver leur vue s’en trouva tellement accru que, pris d’une sorte d’ivresse, je ne pus plus penser à autre chose.	And presently their outlines and their sunlit surface, as though they had been a sort of rind, were stripped apart; a little of what they had concealed from me became apparent; an idea came into my mind which had not existed for me a moment earlier, framed itself in words in my head; and the pleasure with which the first sight of them, just now, had filled me was so much enhanced that, overpowered by a sort of intoxication, I could no longer think of anything but them.
1263	1343	0.492	A ce moment et comme nous étions déjà loin de Martinville en tournant la tête je les aperçus de nouveau, tout noirs cette fois, car le soleil était déjà couché.	At this point, although we had now travelled a long way from Martinville, I turned my head and caught sight of them again, quite black this time, for the sun had meanwhile set.
1264	1344	0.381	Par moments les tournants du chemin me les dérobaient, puis ils se montrèrent une dernière fois et enfin je ne les vis plus.	Every few minutes a turn in the road would sweep them out of sight; then they shewed themselves for the last time, and so I saw them no more.
1265	1345	0.562	Sans me dire que ce qui était caché derrière les clochers de Martinville devait être quelque chose d’analogue à une jolie phrase, puisque c’était sous la forme de mots qui me faisaient plaisir, que cela m’était apparu, demandant un crayon et du papier au docteur, je composai malgré les cahots de la voiture, pour soulager ma conscience et obéir à mon enthousiasme, le petit morceau suivant que j’ai retrouvé depuis et auquel je n’ai eu à faire subir que peu de changements:	Without admitting to myself that what lay buried within the steeples of Martinville must be something analogous to a charming phrase, since it was in the form of words which gave me pleasure that it had appeared to me, I borrowed a pencil and some paper from the Doctor, and composed, in spite of the jolting of the carriage, to appease my conscience and to satisfy my enthusiasm, the following little fragment, which I have since discovered, and now reproduce, with only a slight revision here and there.
1266	1346	0.497	«Seuls, s’élevant du niveau de la plaine et comme perdus en rase campagne, montaient vers le ciel les deux clochers de Martinville.	Alone, rising from the level of the plain, and seemingly lost in that expanse of open country, climbed to the sky the twin steeples of Martinville.
1267	1347	0.462	Bientôt nous en vîmes trois: venant se placer en face d’eux par une volte hardie, un clocher retardataire, celui de Vieuxvicq, les avait rejoints.	Presently we saw three: springing into position confronting them by a daring volt, a third, a dilatory steeple, that of Vieuxvicq, was come to join them.
1268	1348	0.444	Les minutes passaient, nous allions vite et pourtant les trois clochers étaient toujours au loin devant nous, comme trois oiseaux posés sur la plaine, immobiles et qu’on distingue au soleil.	The minutes passed, we were moving rapidly, and yet the three steeples were always a long way ahead of us, like three birds perched upon the plain, motionless and conspicuous in the sunlight.
1269	1349	0.488	Puis le clocher de Vieuxvicq s’écarta, prit ses distances, et les clochers de Martinville restèrent seuls, éclairés par la lumière du couchant que même à cette distance, sur leurs pentes, je voyais jouer et sourire.	Then the steeple of Vieuxvicq withdrew, took its proper distance, and the steeples of Martinville remained alone, gilded by the light of the setting sun, which, even at that distance, I could see playing and smiling upon their sloped sides.
1270	1350	0.447	Nous avions été si longs à nous rapprocher d’eux, que je pensais au temps qu’il faudrait encore pour les atteindre quand, tout d’un coup, la voiture ayant tourné, elle nous déposa à leurs pieds; et ils s’étaient jetés si rudement au-devant d’elle, qu’on n’eut que le temps d’arrêter pour ne pas se heurter au porche.	We had been so long in approaching them that I was thinking of the time that must still elapse before we could reach them when, of a sudden, the carriage, having turned a corner, set us down at their feet; and they had flung themselves so abruptly in our path that we had barely time to stop before being dashed against the porch of the church.
1271	1351	0.405	Nous poursuivîmes notre route; nous avions déjà quitté Martinville depuis un peu de temps et le village après nous avoir accompagnés quelques secondes avait disparu, que restés seuls à l’horizon à nous regarder fuir, ses clochers et celui de Vieuxvicq agitaient encore en signe d’adieu leurs cimes ensoleillées.	We resumed our course; we had left Martinville some little time, and the village, after accompanying us for a few seconds, had already disappeared, when, lingering alone on the horizon to watch our flight, its steeples and that of Vieuxvicq waved once again, in token of farewell, their sun-bathed pinnacles.
1272	1352	0.397	Parfois l’un s’effaçait pour que les deux autres pussent nous apercevoir un instant encore; mais la route changea de direction, ils virèrent dans la lumière comme trois pivots d’or et disparurent à mes yeux.	Sometimes one would withdraw, so that the other two might watch us for a moment still; then the road changed direction, they veered in the light like three golden pivots, and vanished from my gaze.
1273	1353	0.389	Mais, un peu plus tard, comme nous étions déjà près de Combray, le soleil étant maintenant couché, je les aperçus une dernière fois de très loin qui n’étaient plus que comme trois fleurs peintes sur le ciel au-dessus de la ligne basse des champs.	But, a little later, when we were already close to Combray, the sun having set meanwhile, I caught sight of them for the last time, far away, and seeming no more now than three flowers painted upon the sky above the low line of fields.
1274	1354	0.388	Ils me faisaient penser aussi aux trois jeunes filles d’une légende, abandonnées dans une solitude où tombait déjà l’obscurité; et tandis que nous nous éloignions au galop, je les vis timidement chercher leur chemin et après quelques gauches trébuchements de leurs nobles silhouettes, se serrer les uns contre les autres, glisser l’un derrière l’autre, ne plus faire sur le ciel encore rose qu’une seule forme noire, charmante et résignée, et s’effacer dans la nuit.»	They made me think, too, of three maidens in a legend, abandoned in a solitary place over which night had begun to fall; and while we drew away from them at a gallop, I could see them timidly seeking their way, and, after some awkward, stumbling movements of their noble silhouettes, drawing close to one another, slipping one behind another, shewing nothing more, now, against the still rosy sky than a single dusky form, charming and resigned, and so vanishing in the night.
1275	1355	0.415	Je ne repensai jamais à cette page, mais à ce moment-là, quand, au coin du siège où le cocher du docteur plaçait habituellement dans un panier les volailles qu’il avait achetées au marché de Martinville, j’eus fini de l’écrire, je me trouvai si heureux, je sentais qu’elle m’avait si parfaitement débarrassé de ces clochers et de ce qu’ils cachaient derrière eux, que, comme si j’avais été moi-même une poule et si je venais de pondre un œuf, je me mis à chanter à tue-tête.	I never thought again of this page, but at the moment when, on my corner of the box-seat, where the Doctor's coachman was in the habit of placing, in a hamper, the fowls which he had bought at Martinville market, I had finished writing it, I found such a sense of happiness, felt that it had so entirely relieved my mind of the obsession of the steeples, and of the mystery which they concealed, that, as though I myself were a hen and had just laid an egg, I began to sing at the top of my voice.
1276	1356	0.398	Pendant toute la journée, dans ces promenades, j’avais pu rêver au plaisir que ce serait d’être l’ami de la duchesse de Guermantes, de pêcher la truite, de me promener en barque sur la Vivonne, et, avide de bonheur, ne demander en ces moments-là rien d’autre à la vie que de se composer toujours d’une suite d’heureux après-midi.	All day long, during these walks, I had been able to muse upon the pleasure that there would be in the friendship of the Duchesse de Guermantes, in fishing for trout, in drifting by myself in a boat on the Vivonne; and, greedy for happiness, I asked nothing more from life, in such moments, than that it should consist always of a series of joyous afternoons.
1277	1357	0.373	Mais quand sur le chemin du retour j’avais aperçu sur la gauche une ferme, assez distante de deux autres qui étaient au contraire très rapprochées, et à partir de laquelle pour entrer dans Combray il n’y avait plus qu’à prendre une allée de chênes bordée d’un côté de prés appartenant chacun à un petit clos et plantés à intervalles égaux de pommiers qui y portaient, quand ils étaient éclairés par le soleil couchant, le dessin japonais de leurs ombres, brusquement mon cœur se mettait à battre, je savais qu’avant une demi-heure nous serions rentrés, et que, comme c’était de règle les jours où nous étions allés du côté de Guermantes et où le dîner était servi plus tard, on m’enverrait me coucher sitôt ma soupe prise, de sorte que ma mère, retenue à table comme s’il y avait du monde à dîner, ne monterait pas me dire bonsoir dans mon lit.	But when, on our way home, I had caught sight of a farm, on the left of the road, at some distance from two other farms which were themselves close together, and from which, to return to Combray, we need only turn down an avenue of oaks, bordered on one side by a series of orchard-closes, each one planted at regular intervals with apple-trees which cast upon the ground, when they were lighted by the setting sun, the Japanese stencil of their shadows; then, sharply, my heart would begin to beat, I would know that in half an hour we should be at home, and that there, as was the rule on days when we had taken the 'Guermantes way' and dinner was, in consequence, served later than usual, I should be sent to bed as soon as I had swallowed my soup, so that my mother, kept at table, just as though there had been company to dinner, would not come upstairs to say good night to me in bed.
1278	1358	0.443	La zone de tristesse où je venais d’entrer était aussi distincte de la zone, où je m’élançais avec joie il y avait un moment encore que dans certains ciels une bande rose est séparée comme par une ligne d’une bande verte ou d’une bande noire.	The zone of melancholy which I then entered was totally distinct from that other zone, in which I had been bounding for joy a moment earlier, just as sometimes in the sky a band of pink is separated, as though by a line invisibly ruled, from a band of green or black.
1279	1359	0.469	On voit un oiseau voler dans le rose, il va en atteindre la fin, il touche presque au noir, puis il y est entré.	You may see a bird flying across the pink; it draws near the border-line, touches it, enters and is lost upon the black.
1280	1360	0.581	Les désirs qui tout à l’heure m’entouraient, d’aller à Guermantes, de voyager, d’être heureux, j’étais maintenant tellement en dehors d’eux que leur accomplissement ne m’eût fait aucun plaisir.	The longings by which I had just now been absorbed, to go to Guermantes, to travel, to live a life of happiness — I was now so remote from them that their fulfilment would have afforded me no pleasure.
1281	1361	0.376	Comme j’aurais donné tout cela pour pouvoir pleurer toute la nuit dans les bras de maman!	How readily would I have sacrificed them all, just to be able to cry, all night long, in the arms of Mamma!
1282	1362	0.318	Je frissonnais, je ne détachais pas mes yeux angoissés du visage de ma mère, qui n’apparaîtrait pas ce soir dans la chambre où je me voyais déjà par la pensée, j’aurais voulu mourir.	Shuddering with emotion, I could not take my agonised eyes from my mother's face, which was not to appear that evening in the bedroom where I could see myself already lying, in imagination; and wished only that I were lying dead.
1283	1363	0.390	Et cet état durerait jusqu’au lendemain, quand les rayons du matin, appuyant, comme le jardinier, leurs barreaux au mur revêtu de capucines qui grimpaient jusqu’à ma fenêtre, je sauterais à bas du lit pour descendre vite au jardin, sans plus me rappeler que le soir ramènerait jamais l’heure de quitter ma mère.	And this state would persist until the morrow, when, the rays of morning leaning their bars of light, as the gardener might lean his ladder, against the wall overgrown with nasturtiums, which clambered up it as far as my window-sill, I would leap out of bed to run down at once into the garden, with no thought of the fact that evening must return, and with it the hour when I must leave my mother.
1284	1364	0.491	Et de la sorte c’est du côté de Guermantes que j’ai appris à distinguer ces états qui se succèdent en moi, pendant certaines périodes, et vont jusqu’à se partager chaque journée, l’un revenant chasser l’autre, avec la ponctualité de la fièvre; contigus, mais si extérieurs l’un à l’autre, si dépourvus de moyens de communication entre eux, que je ne puis plus comprendre, plus même me représenter dans l’un, ce que j’ai désiré, ou redouté, ou accompli dans l’autre.	And so it was from the 'Guermantes way' that I learned to distinguish between these states which reigned alternately in my mind, during certain periods, going so far as to divide every day between them, each one returning to dispossess the other with the regularity of a fever and ague: contiguous, and yet so foreign to one another, so devoid of means of communication, that I could no longer understand, or even picture to myself, in one state what I had desired or dreaded or even done in the other.
1285	1365	0.397	Aussi le côté de Méséglise et le côté de Guermantes restent-ils pour moi liés à bien des petits événements de celle de toutes les diverses vies que nous menons parallèlement, qui est la plus pleine de péripéties, la plus riche en épisodes, je veux dire la vie intellectuelle.	So the 'Méséglise way' and the 'Guermantes way' remain for me linked with many of the little incidents of that one of all the divers lives along whose parallel lines we are moved, which is the most abundant in sudden reverses of fortune, the richest in episodes; I mean the life of the mind.
1286	1366	0.468	Sans doute elle progresse en nous insensiblement et les vérités qui en ont changé pour nous le sens et l’aspect, qui nous ont ouvert de nouveaux chemins, nous en préparions depuis longtemps la découverte; mais c’était sans le savoir; et elles ne datent pour nous que du jour, de la minute où elles nous sont devenues visibles.	Doubtless it makes in us an imperceptible progress, and the truths which have changed for us its meaning and its aspect, which have opened new paths before our feet, we had for long been preparing for their discovery; but that preparation was unconscious; and for us those truths date only from the day, from the minute when they became apparent.
1287	1367	0.364	Les fleurs qui jouaient alors sur l’herbe, l’eau qui passait au soleil, tout le paysage qui environna leur apparition continue à accompagner leur souvenir de son visage inconscient ou distrait; et certes quand ils étaient longuement contemplés par cet humble passant, par cet enfant qui rêvait, — comme l’est un roi, par un mémorialiste perdu dans la foule, — ce coin de nature, ce bout de jardin n’eussent pu penser que ce serait grâce à lui qu’ils seraient appelés à survivre en leurs particularités les plus éphémères; et pourtant ce parfum d’aubépine qui butine le long de la haie où les églantiers le remplaceront bientôt, un bruit de pas sans écho sur le gravier d’une allée, une bulle formée contre une plante aquatique par l’eau de la rivière et qui crève aussitôt, mon exaltation les a portés et a réussi à leur faire traverser tant d’années successives, tandis qu’alentour les chemins se sont effacés et que sont morts ceux qui les foulèrent et le souvenir de ceux qui les foulèrent.	The flowers which played then among the grass, the water which rippled past in the sunshine, the whole landscape which served as environment to their apparition lingers around the memory of them still with its unconscious or unheeding air; and, certainly, when they were slowly scrutinised by this humble passer-by, by this dreaming child — as the face of a king is scrutinised by a petitioner lost in the crowd — that scrap of nature, that corner of a garden could never suppose that it would be thanks to him that they would be elected to survive in all their most ephemeral details; and yet the scent of hawthorn which strays plundering along the hedge from which, in a little while, the dog-roses will have banished it, a sound of footsteps followed by no echo, upon a gravel path, a bubble formed at the side of a waterplant by the current, and formed only to burst — my exaltation of mind has borne them with it, and has succeeded in making them traverse all these successive years, while all around them the one-trodden ways have vanished, while those who thronged those ways, and even the memory of those who thronged those trodden ways, are dead.
1288	1368	0.411	Parfois ce morceau de paysage amené ainsi jusqu’à aujourd’hui se détache si isolé de tout, qu’il flotte incertain dans ma pensée comme une Délos fleurie, sans que je puisse dire de quel pays, de quel temps — peut-être tout simplement de quel rêve — il vient.	Sometimes the fragment of landscape thus transported into the present will detach itself in such isolation from all associations that it floats uncertainly upon my mind, like a flowering isle of Delos, and I am unable to say from what place, from what time — perhaps, quite simply, from which of my dreams — it comes.
1289	1369	0.365	Mais c’est surtout comme à des gisements profonds de mon sol mental, comme aux terrains résistants sur lesquels je m’appuie encore, que je dois penser au côté de Méséglise et au côté de Guermantes.	But it is pre-eminently as the deepest layer of my mental soil, as firm sites on which I still may build, that I regard the Méséglise and Guermantes 'ways.'
1290	1370	0.391	C’est parce que je croyais aux choses, aux êtres, tandis que je les parcourais, que les choses, les êtres qu’ils m’ont fait connaître, sont les seuls que je prenne encore au sérieux et qui me donnent encore de la joie.	It is because I used to think of certain things, of certain people, while I was roaming along them, that the things, the people which they taught me to know, and these alone, I still take seriously, still give me joy.
1291	1371	0.486	Soit que la foi qui crée soit tarie en moi, soit que la réalité ne se forme que dans la mémoire, les fleurs qu’on me montre aujourd’hui pour la première fois ne me semblent pas de vraies fleurs.	Whether it be that the faith which creates has ceased to exist in me, or that reality will take shape in the memory alone, the flowers that people shew me nowadays for the first time never seem to me to be true flowers.
1292	1372	0.319	Le côté de Méséglise avec ses lilas, ses aubépines, ses bluets, ses coquelicots, ses pommiers, le côté de Guermantes avec sa rivière à têtards, ses nymphéas et ses boutons d’or, ont constitué à tout jamais pour moi la figure des pays où j’aimerais vivre, où j’exige avant tout qu’on puisse aller à la pêche, se promener en canot, voir des ruines de fortifications gothiques et trouver au milieu des blés, ainsi qu’était Saint-André-des-Champs, une église monumentale, rustique et dorée comme une meule; et les bluets, les aubépines, les pommiers qu’il m’arrive quand je voyage de rencontrer encore dans les champs, parce qu’ils sont situés à la même profondeur, au niveau de mon passé, sont immédiatement en communication avec mon cœur.	The 'Méséglise way' with its lilacs, its hawthorns, its cornflowers, its poppies, its apple-trees, the 'Guermantes way' with its river full of tadpoles, its water-lilies, and its buttercups have constituted for me for all time the picture of the land in which I fain would pass my life, in which my only requirements are that I may go out fishing, drift idly in a boat, see the ruins of a gothic fortress in the grass, and find hidden among the cornfields — as Saint-André-des-Champs lay hidden — an old church, monumental, rustic, and yellow like a mill-stone; and the cornflowers, the hawthorns, the apple-trees which I may happen, when I go walking, to encounter in the fields, because they are situated at the same depth, on the level of my past life, at once establish contact with my heart.
1293	1373	0.242	Et pourtant, parce qu’il y a quelque chose d’individuel dans les lieux, quand me saisit le désir de revoir le côté de Guermantes, on ne le satisferait pas en me menant au bord d’une rivière où il y aurait d’aussi beaux, de plus beaux nymphéas que dans la Vivonne, pas plus que le soir en rentrant, — à l’heure où s’éveillait en moi cette angoisse qui plus tard émigre dans l’amour, et peut devenir à jamais inséparable de lui — , je n’aurais souhaité que vînt me dire bonsoir une mère plus belle et plus intelligente que la mienne.	And yet, because there is an element of individuality in places, when I am seized with a desire to see again the 'Guermantes way,' it would not be satisfied were I led to the banks of a river in which were lilies as fair, or even fairer than those in the Vivonne, any more than on my return home in the evening, at the hour when there awakened in me that anguish which, later on in life, transfers itself to the passion of love, and may even become its inseparable companion, I should have wished for any strange mother to come in and say good night to me, though she were far more beautiful and more intelligent than my own.
1294	1374	0.280	Non; de même que ce qu’il me fallait pour que je pusse m’endormir heureux, avec cette paix sans trouble qu’aucune maîtresse n’a pu me donner depuis puisqu’on doute d’elles encore au moment où on croit en elles, et qu’on ne possède jamais leur cœur comme je recevais dans un baiser celui de ma mère, tout entier, sans la réserve d’une arrière-pensée, sans le reliquat d’une intention qui ne fut pas pour moi, — c’est que ce fût elle, c’est qu’elle inclinât vers moi ce visage où il y avait au-dessous de l’œil quelque chose qui était, paraît-il, un défaut, et que j’aimais à l’égal du reste, de même ce que je veux revoir, c’est le côté de Guermantes que j’ai connu, avec la ferme qui est peu éloignée des deux suivantes serrées l’une contre l’autre, à l’entrée de l’allée des chênes; ce sont ces prairies où, quand le soleil les rend réfléchissantes comme une mare, se dessinent les feuilles des pommiers, c’est ce paysage dont parfois, la nuit dans mes rêves, l’individualité m’étreint avec une puissance presque fantastique et que je ne peux plus retrouver au réveil.	No: just as the one thing necessary to send me to sleep contented (in that untroubled peace which no mistress, in later years, has ever been able to give me, since one has doubts of them at the moment when one believes in them, and never can possess their hearts as I used to receive, in her kiss, the heart of my mother, complete, without scruple or reservation, unburdened by any liability save to myself) was that it should be my mother who came, that she should incline towards me that face on which there was, beneath her eye, something that was, it appears, a blemish, and which I loved as much as all the rest — so what I want to see again is the 'Guermantes way' as I knew it, with the farm that stood a little apart from the two neighbouring farms, pressed so close together, at the entrance to the oak avenue; those meadows upon whose surface, when it is polished by the sun to the mirroring radiance of a lake, are outlined the leaves of the apple-trees; that whole landscape whose individuality sometimes, at night, in my dreams, binds me with a power that is almost fantastic, of which I can discover no trace when I awake.
1295	1375	0.380	Sans doute pour avoir à jamais indissolublement uni en moi des impressions différentes rien que parce qu’ils me les avaient fait éprouver en même temps, le côté de Méséglise ou le côté de Guermantes m’ont exposé, pour l’avenir, à bien des déceptions et même à bien des fautes.	No doubt, by virtue of having permanently and indissolubly combined in me groups of different impressions, for no reason save that they had made me feel several separate things at the same time, the Méséglise and Guermantes 'ways' left me exposed, in later life, to much disillusionment, and even to many mistakes.
1296	1376	0.407	Car souvent j’ai voulu revoir une personne sans discerner que c’était simplement parce qu’elle me rappelait une haie d’aubépines, et j’ai été induit à croire, à faire croire à un regain d’affection, par un simple désir de voyage.	For often I have wished to see a person again without realising that it was simply because that person recalled to me a hedge of hawthorns in blossom; and I have been led to believe, and to make some one else believe in an aftermath of affection, by what was no more than an inclination to travel.
1297	1377	0.357	Mais par là même aussi, et en restant présents en celles de mes impressions d’aujourd’hui auxquelles ils peuvent se relier, ils leur donnent des assises, de la profondeur, une dimension de plus qu’aux autres.	But by the same qualities, and by their persistence in those of my impressions, to-day, to which they can find an attachment, the two 'ways' give to those impressions a foundation, depth, a dimension lacking from the rest.
1298	1378	0.423	Ils leur ajoutent aussi un charme, une signification qui n’est que pour moi.	They invest them, too, with a charm, a significance which is for me alone.
1299	1379	0.580	Quand par les soirs d’été le ciel harmonieux gronde comme une bête fauve et que chacun boude l’orage, c’est au côté de Méséglise que je dois de rester seul en extase à respirer, à travers le bruit de la pluie qui tombe, l’odeur d’invisibles et persistants lilas.	When, on a summer evening, the resounding sky growls like a tawny lion, and everyone is complaining of the storm, it is along the 'Méséglise way' that my fancy strays alone in ecstasy, inhaling, through the noise of falling rain, the odour of invisible and persistent lilac-trees.
1300	1380	0.274	C’est ainsi que je restais souvent jusqu’au matin à songer au temps de Combray, à mes tristes soirées sans sommeil, à tant de jours aussi dont l’image m’avait été plus récemment rendue par la saveur — ce qu’on aurait appelé à Combray le «parfum» — d’une tasse de thé, et par association de souvenirs à ce que, bien des années après avoir quitté cette petite ville, j’avais appris, au sujet d’un amour que Swann avait eu avant ma naissance, avec cette précision dans les détails plus facile à obtenir quelquefois pour la vie de personnes mortes il y a des siècles que pour celle de nos meilleurs amis, et qui semble impossible comme semblait impossible de causer d’une ville à une autre — tant qu’on ignore le biais par lequel cette impossibilité a été tournée.	And so I would often lie until morning, dreaming of the old days at Combray, of my melancholy and wakeful evenings there; of other days besides, the memory of which had been more lately restored to me by the taste — by what would have been called at Combray the 'perfume' — -of a cup of tea; and, by an association of memories, of a story which, many years after I had left the little place, had been told me of a love affair in which Swann had been involved before I was born; with that accuracy of detail which it is easier, often, to obtain when we are studying the lives of people who have been dead for centuries than when we are trying to chronicle those of our own most intimate friends, an accuracy which it seems as impossible to attain as it seemed impossible to speak from one town to another, before we learned of the contrivance by which that impossibility has been overcome.
1301	1381	0.374	Tous ces souvenirs ajoutés les uns aux autres ne formaient plus qu’une masse, mais non sans qu’on ne pût distinguer entre eux, — entre les plus anciens, et ceux plus récents, nés d’un parfum, puis ceux qui n’étaient que les souvenirs d’une autre personne de qui je les avais appris — sinon des fissures, des failles véritables, du moins ces veinures, ces bigarrures de coloration, qui dans certaines roches, dans certains marbres, révèlent des différences d’origine, d’âge, de «formation».	All these memories, following one after another, were condensed into a single substance, but had not so far coalesced that I could not discern between the three strata, between my oldest, my instinctive memories, those others, inspired more recently by a taste or 'perfume,' and those which were actually the memories of another, from whom I had acquired them at second hand — no fissures, indeed, no geological faults, but at least those veins, those streaks of colour which in certain rocks, in certain marbles, point to differences of origin, age, and formation.
1302-1303	1382	0.230	Certes quand approchait le matin, il y avait bien longtemps qu’était dissipée la brève incertitude de mon réveil. Je savais dans quelle chambre je me trouvais effectivement, je l’avais reconstruite autour de moi dans l’obscurité, et, — soit en m’orientant par la seule mémoire, soit en m’aidant, comme indication, d’une faible lueur aperçue, au pied de laquelle je plaçais les rideaux de la croisée — , je l’avais reconstruite tout entière et meublée comme un architecte et un tapissier qui gardent leur ouverture primitive aux fenêtres et aux portes, j’avais reposé les glaces et remis la commode à sa place habituelle.	It is true that, when morning drew near, I would long have settled the brief uncertainty of my waking dream, I would know in what room I was actually lying, would have reconstructed it round about me in the darkness, and — fixing my orientation by memory alone, or with the assistance of a feeble glimmer of light at the foot of which I placed the curtains and the window — would have reconstructed it complete and with its furniture, as an architect and an upholsterer might do, working upon an original, discarded plan of the doors and windows; would have replaced the mirrors and set the chest-of-drawers on its accustomed site.
1304	1383	0.447	Mais à peine le jour — et non plus le reflet d’une dernière braise sur une tringle de cuivre que j’avais pris pour lui — traçait-il dans l’obscurité, et comme à la craie, sa première raie blanche et rectificative, que la fenêtre avec ses rideaux, quittait le cadre de la porte où je l’avais située par erreur, tandis que pour lui faire place, le bureau que ma mémoire avait maladroitement installé là se sauvait à toute vitesse, poussant devant lui la cheminée et écartant le mur mitoyen du couloir; une courette régnait à l’endroit où il y a un instant encore s’étendait le cabinet de toilette, et la demeure que j’avais rebâtie dans les ténèbres était allée rejoindre les demeures entrevues dans le tourbillon du réveil, mise en fuite par ce pâle signe qu’avait tracé au-dessus des rideaux le doigt levé du jour.	But scarcely had daylight itself — and no longer the gleam from a last, dying ember on a brass curtain-rod, which I had mistaken for daylight — traced across the darkness, as with a stroke of chalk across a blackboard, its first white correcting ray, when the window, with its curtains, would leave the frame of the doorway, in which I had erroneously placed it, while, to make room for it, the writing-table, which my memory had clumsily fixed where the window ought to be, would hurry off at full speed, thrusting before it the mantelpiece, and sweeping aside the wall of the passage; the well of the courtyard would be enthroned on the spot where, a moment earlier, my dressing-room had lain, and the dwelling-place which I had built up for myself in the darkness would have gone to join all those other dwellings of which I had caught glimpses from the whirlpool of awakening; put to flight by that pale sign traced above my window-curtains by the uplifted forefinger of day.
