src	tgt	score	src_text	tgt_text
0	0	0.528	Parmi les chambres dont j’évoquais le plus souvent l’image dans mes nuits d’insomnie, aucune ne ressemblait moins aux chambres de Combray, saupoudrées d’une atmosphère grenue, pollinisée, comestible et dévote, que celle du Grand-Hôtel de la Plage, à Balbec, dont les murs passés au ripolin contenaient comme les parois polies d’une piscine où l’eau bleuit, un air pur, azuré et salin.	Among the rooms which used most commonly to take shape in my mind during my long nights of sleeplessness, there was none that differed more utterly from the rooms at Combray, thickly powdered with the motes of an atmosphere granular, pollenous, edible and instinct with piety, than my room in the Grand Hôtel de la Plage, at Balbec, the walls of which, washed with ripolin, contained, like the polished sides of a basin in which the water glows with a blue, lurking fire, a finer air, pure, azure-tinted, saline.
1	1	0.315	Le tapissier bavarois qui avait été chargé de l’aménagement de cet hôtel avait varié la décoration des pièces et sur trois côtés, fait courir le long des murs, dans celle que je me trouvai habiter, des bibliothèques basses, à vitrines en glace, dans lesquelles selon la place qu’elles occupaient, et par un effet qu’il n’avait pas prévu, telle ou telle partie du tableau changeant de la mer se reflétait, déroulant une frise de claires marines, qu’interrompaient seuls les pleins de l’acajou.	The Bavarian upholsterer who had been entrusted with the furnishing of this hotel had varied his scheme of decoration in different rooms, and in that which I found myself occupying had set against the walls, on three sides of it, a series of low book-cases with glass fronts, in which, according to where they stood, by a law of nature which he had, perhaps, forgotten to take into account, was reflected this or that section of the ever-changing view of the sea, so that the walls were lined with a frieze of seascapes, interrupted only by the polished mahogany of the actual shelves.
2	2	0.271	Si bien que toute la pièce avait l’air d’un de ces dortoirs modèles qu’on présente dans les expositions «modern style» du mobilier où ils sont ornés d’œuvres d’art qu’on a supposées capables de réjouir les yeux de celui qui couchera là et auxquelles on a donné des sujets en rapport avec le genre de site où l’habitation doit se trouver.	And so effective was this that the whole room had the appearance of one of those model bedrooms which you see nowadays in Housing Exhibitions, decorated with works of art which are calculated by their designer to refresh the eyes of whoever may ultimately have to sleep in the rooms, the subjects being kept in some degree of harmony with the locality and surroundings of the houses for which the rooms are planned.
3	3	0.344	Mais rien ne ressemblait moins non plus à ce Balbec réel que celui dont j’avais souvent rêvé, les jours de tempête, quand le vent était si fort que Françoise en me menant aux Champs-Élysées me recommandait de ne pas marcher trop près des murs pour ne pas recevoir de tuiles sur la tête et parlait en gémissant des grands sinistres et naufrages annoncés par les journaux.	And yet nothing could have differed more utterly, either, from the real Balbec than that other Balbec of which I had often dreamed, on stormy days, when the wind was so strong that Françoise, as she took me to the Champs-Elysées, would warn me not to walk too near the side of the street, or I might have my head knocked off by a falling slate, and would recount to me, with many lamentations, the terrible disasters and shipwrecks that were reported in the newspaper.
4	4	0.295	Je n’avais pas de plus grand désir que de voir une tempête sur la mer, moins comme un beau spectacle que comme un moment dévoilé de la vie réelle de la nature; ou plutôt il n’y avait pour moi de beaux spectacles que ceux que je savais qui n’étaient pas artificiellement combinés pour mon plaisir, mais étaient nécessaires, inchangeables, — les beautés des paysages ou du grand art.	I longed for nothing more than to behold a storm at sea, less as a mighty spectacle than as a momentary revelation of the true life of nature; or rather there were for me no mighty spectacles save those which I knew to be not artificially composed for my entertainment, but necessary and unalterable, — the beauty of landscapes or of great works of art.
5	5	0.368	Je n’étais curieux, je n’étais avide de connaître que ce que je croyais plus vrai que moi-même, ce qui avait pour moi le prix de me montrer un peu de la pensée d’un grand génie, ou de la force ou de la grâce de la nature telle qu’elle se manifeste livrée à elle-même, sans l’intervention des hommes.	I was not curious, I did not thirst to know anything save what I believed to be more genuine than myself, what had for me the supreme merit of shewing me a fragment of the mind of a great genius, or of the force or the grace of nature as she appeared when left entirely to herself, without human interference.
6	6	0.438	De même que le beau son de sa voix, isolément reproduit par le phonographe, ne nous consolerait pas d’avoir perdu notre mère, de même une tempête mécaniquement imitée m’aurait laissé aussi indifférent que les fontaines lumineuses de l’Exposition.	Just as the lovely sound of her voice, reproduced, all by itself, upon the phonograph, could never console a man for the loss of his mother, so a mechanical imitation of a storm would have left me as cold as did the illuminated fountains at the Exhibition.
7	7	0.478	Je voulais aussi pour que la tempête fût absolument vraie, que le rivage lui-même fût un rivage naturel, non une digue récemment créée par une municipalité.	I required also, if the storm was to be absolutely genuine, that the shore from which I watched it should be a natural shore, not an embankment recently constructed by a municipality.
8	8	0.479	D’ailleurs la nature par tous les sentiments qu’elle éveillait en moi, me semblait ce qu’il y avait de plus opposé aux productions mécaniques des hommes.	Besides, nature, by all the feelings that she aroused in me, seemed to me the most opposite thing in the world to the mechanical inventions of mankind.
9	9	0.623	Moins elle portait leur empreinte et plus elle offrait d’espace à l’expansion de mon cœur.	The less she bore their imprint, the more room she offered for the expansion of my heart.
10	10	0.498	Or j’avais retenu le nom de Balbec que nous avait cité Legrandin, comme d’une plage toute proche de «ces côtes funèbres, fameuses par tant de naufrages qu’enveloppent six mois de l’année le linceul des brumes et l’écume des vagues».	"And, as it happened, I had preserved the name of Balbec, which Legrandin had cited to us, as that of a sea-side place in the very midst of ""that funereal coast, famed for the number of its wrecks, swathed, for six months in the year, in a shroud of fog and flying foam from the waves."
11	11	0.468	«On y sent encore sous ses pas, disait-il, bien plus qu’au Finistère lui-même (et quand bien même des hôtels s’y superposeraient maintenant sans pouvoir y modifier la plus antique ossature de la terre), on y sent la véritable fin de la terre française, européenne, de la Terre antique.	"""You feel, there, below your feet still,"" he had told me, ""far more even than at Finistère (and even though hotels are now being superimposed upon it, without power, however, to modify that oldest bone in the earth's skeleton) you feel there that you are actually at the land's end of France, of Europe, of the Old World."
12	12	0.501	Et c’est le dernier campement de pêcheurs, pareils à tous les pêcheurs qui ont vécu depuis le commencement du monde, en face du royaume éternel des brouillards de la mer et des ombres.»	"And it is the ultimate encampment of the fishermen, precisely like the fishermen who have lived since the world's beginning, facing the everlasting kingdom of the sea-fogs and shadows of the night."""
13	13	0.577	Un jour qu’à Combray j’avais parlé de cette plage de Balbec devant M. Swann afin d’apprendre de lui si c’était le point le mieux choisi pour voir les plus fortes tempêtes, il m’avait répondu: «Je crois bien que je connais Balbec!	"One day when, at Combray, I had spoken of this coast, this Balbec, before M. Swann, hoping to learn from him whether it was the best point to select for seeing the most violent storms, he had replied: ""I should think I did know Balbec!"
14	14	0.421	L’église de Balbec, du XIIe et XIIIe siècle, encore à moitié romane, est peut-être le plus curieux échantillon du gothique normand, et si singulière, on dirait de l’art persan.»	"The church at Balbec, built in the twelfth and thirteenth centuries, and still half romanesque, is perhaps the most curious example to be found of our Norman gothic, and so exceptional that one is tempted to describe it as Persian in its inspiration."""
15	15	0.385	Et ces lieux qui jusque-là ne m’avaient semblé que de la nature immémoriale, restée contemporaine des grands phénomènes géologiques, — et tout aussi en dehors de l’histoire humaine que l’Océan ou la grande Ourse, avec ces sauvages pêcheurs pour qui, pas plus que pour les baleines, il n’y eut de moyen âge — , ç’avait été un grand charme pour moi de les voir tout d’un coup entrés dans la série des siècles, ayant connu l’époque romane, et de savoir que le trèfle gothique était venu nervurer aussi ces rochers sauvages à l’heure voulue, comme ces plantes frêles mais vivaces qui, quand c’est le printemps, étoilent çà et là la neige des pôles.	And that region, which, until then, had seemed to me to be nothing else than a part of immemorial nature, that had remained contemporaneous with the great phenomena of geology — and as remote from human history as the Ocean itself, or the Great Bear, with its wild race of fishermen for whom, no more than for their whales, had there been any Middle Ages — it had been a great joy to me to see it suddenly take its place in the order of the centuries, with a stored consciousness of the romanesque epoch, and to know that the gothic trefoil had come to diversify those wild rocks also, at the appointed hour, like those frail but hardy plants which, in the Polar regions, when the spring returns, scatter their stars about the eternal snows.
16	16	0.523	Et si le gothique apportait à ces lieux et à ces hommes une détermination qui leur manquait, eux aussi lui en conféraient une en retour.	And if gothic art brought to those places and people a classification which, otherwise, they lacked, they too conferred one upon it in return.
17	17	0.480	J’essayais de me représenter comment ces pêcheurs avaient vécu, le timide et insoupçonné essai de rapports sociaux qu’ils avaient tenté là, pendant le moyen âge, ramassés sur un point des côtes d’Enfer, aux pieds des falaises de la mort; et le gothique me semblait plus vivant maintenant que, séparé des villes où je l’avais toujours imaginé jusque-là, je pouvais voir comment, dans un cas particulier, sur des rochers sauvages, il avait germé et fleuri en un fin clocher.	I tried to form a picture in my mind of how those fishermen had lived, the timid and unsuspected essay towards social intercourse which they had attempted there, clustered upon a promontory of the shores of Hell, at the foot of the cliffs of death; and gothic art seemed to me a more living thing now that, detaching it from the towns in which, until then, I had always imagined it, I could see how, in a particular instance, upon a reef of savage rocks, it had taken root and grown until it flowered in a tapering spire.
18	18	0.302	On me mena voir des reproductions des plus célèbres statues de Balbec — les apôtres moutonnants et camus, la Vierge du porche, et de joie ma respiration s’arrêtait dans ma poitrine quand je pensais que je pourrais les voir se modeler en relief sur le brouillard éternel et salé.	I was taken to see reproductions of the most famous of the statues at Balbec, — shaggy, blunt-faced Apostles, the Virgin from the porch, — and I could scarcely breathe for joy at the thought that I might myself, one day, see them take a solid form against their eternal background of salt fog.
19	19	0.385	Alors, par les soirs orageux et doux de février, le vent, — soufflant dans mon cœur, qu’il ne faisait pas trembler moins fort que la cheminée de ma chambre, le projet d’un voyage à Balbec — mêlait en moi le désir de l’architecture gothique avec celui d’une tempête sur la mer.	Thereafter, on dear, tempestuous February nights, the wind — breathing into my heart, which it shook no less violently than the chimney of my bedroom, the project of a visit to Balbec — blended in me the desire for gothic architecture with that for a storm upon the sea.
20	20	0.342	J’aurais voulu prendre dès le lendemain le beau train généreux d’une heure vingt-deux dont je ne pouvais jamais sans que mon cœur palpitât lire, dans les réclames des Compagnies de chemin de fer, dans les annonces de voyages circulaires, l’heure de départ: elle me semblait inciser à un point précis de l’après-midi une savoureuse entaille, une marque mystérieuse à partir de laquelle les heures déviées conduisaient bien encore au soir, au matin du lendemain, mais qu’on verrait, au lieu de Paris, dans l’une de ces villes par où le train passe et entre lesquelles il nous permettait de choisir; car il s’arrêtait à Bayeux, à Coutances, à Vitré, à Questambert, à Pontorson, à Balbec, à Lannion, à Lamballe, à Benodet, à Pont-Aven, à Quimperlé, et s’avançait magnifiquement surchargé de noms qu’il m’offrait et entre lesquels je ne savais lequel j’aurais préféré, par impossibilité d’en sacrifier aucun.	I should have liked to take, the very next day, the good, the generous train at one twenty-two, of which never without a palpitating heart could I read, in the railway company's bills or in advertisements of circular tours, the hour of departure: it seemed to me to cut, at a precise point in every afternoon, a most fascinating groove, a mysterious mark, from which the diverted hours still led one on, of course, towards evening, towards to-morrow morning, but to an evening and morning which one would behold, not in Paris but in one of those towns through which the train passed and among which it allowed one to choose; for it stopped at Bayeux, at Coutances, at Vitré, at Questambert, at Pontorson, at Balbec, at Lannion, at Lamballe, at Benodet, at Pont-Aven, at Quimperle, and progressed magnificently surcharged with names which it offered me, so that, among them all, I did not know which to choose, so impossible was it to sacrifice any.
21	21	0.298	Mais sans même l’attendre, j’aurais pu en m’habillant à la hâte partir le soir même, si mes parents me l’avaient permis, et arriver à Balbec quand le petit jour se lèverait sur la mer furieuse, contre les écumes envolées de laquelle j’irais me réfugier dans l’église de style persan.	But even without waiting for the train next day, I could, by rising and dressing myself with all speed, leave Paris that very evening, should my parents permit, and arrive at Balbec as dawn spread westward over the raging sea, from whose driven foam I would seek shelter in that church in the Persian manner.
22	22	0.357	Mais à l’approche des vacances de Pâques, quand mes parents m’eurent promis de me les faire passer une fois dans le nord de l’Italie, voilà qu’à ces rêves de tempête dont j’avais été rempli tout entier, ne souhaitant voir que des vagues accourant de partout, toujours plus haut, sur la côte la plus sauvage, près d’églises escarpées et rugueuses comme des falaises et dans les tours desquelles crieraient les oiseaux de mer, voilà que tout à coup les effaçant, leur ôtant tout charme, les excluant parce qu’ils lui étaient opposés et n’auraient pu que l’affaiblir, se substituaient en moi le rêve contraire du printemps le plus diapré, non pas le printemps de Combray qui piquait encore aigrement avec toutes les aiguilles du givre, mais celui qui couvrait déjà de lys et d’anémones les champs de Fiésole et éblouissait Florence de fonds d’or pareils à ceux de l’Angelico.	But at the approach of the Easter holidays, when my parents had promised to let me spend them, for once, in the North of Italy, lo! in place of those dreams of tempests, by which I had been entirely possessed, not wishing to see anything but waves dashing in from all sides, mounting always higher, upon the wildest of coasts, beside churches as rugged and precipitous as cliffs, in whose towers the sea-birds would be wailing; suddenly, effacing them, taking away all their charm, excluding them because they were its opposite and could only have weakened its effect, was substituted in me the converse dream of the most variegated of springs, not the spring of Combray, still pricking with all the needle-points of the winter's frost, but that which already covered with lilies and anemones the meadows of Fiesole, and gave Florence a dazzling golden background, like those in Fra Angelico's pictures.
23	23	0.390	Dès lors, seuls les rayons, les parfums, les couleurs me semblaient avoir du prix; car l’alternance des images avait amené en moi un changement de front du désir, et, — aussi brusque que ceux qu’il y a parfois en musique, un complet changement de ton dans ma sensibilité.	From that moment, only sunlight, perfumes, colours, seemed to me to have any value; for this alternation of images had effected a change of front in my desire, and — as abrupt as those that occur sometimes in music, — a complete change of tone in my sensibility.
24	24	0.440	Puis il arriva qu’une simple variation atmosphérique suffit à provoquer en moi cette modulation sans qu’il y eût besoin d’attendre le retour d’une saison.	Thus it came about that a mere atmospheric variation would be sufficient to provoke in me that modulation, without there being any need for me to await the return of a season.
25	25	0.455	Car souvent dans l’une, on trouve égaré un jour d’une autre, qui nous y fait vivre, en évoque aussitôt, en fait désirer les plaisirs particuliers et interrompt les rêves que nous étions en train de faire, en plaçant, plus tôt ou plus tard qu’à son tour, ce feuillet détaché d’un autre chapitre, dans le calendrier interpolé du Bonheur.	For often we find a day, in one, that has strayed from another season, and makes us live in that other, summons at once into our presence and makes us long for its peculiar pleasures, and interrupts the dreams that we were in process of weaving, by inserting, out of its turn, too early or too late, this leaf, torn from another chapter, in the interpolated calendar of Happiness.
26	26	0.461	Mais bientôt comme ces phénomènes naturels dont notre confort ou notre santé ne peuvent tirer qu’un bénéfice accidentel et assez mince jusqu’au jour où la science s’empare d’eux, et les produisant à volonté, remet en nos mains la possibilité de leur apparition, soustraite à la tutelle et dispensée de l’agrément du hasard, de même la production de ces rêves d’Atlantique et d’Italie cessa d’être soumise uniquement aux changements des saisons et du temps.	But soon it happened that, like those natural phenomena from which our comfort or our health can derive but an accidental and all too modest benefit, until the day when science takes control of them, and, producing them at will, places in our hands the power to order their appearance, withdrawn from the tutelage and independent of the consent of chance; similarly the production of these dreams of the Atlantic and of Italy ceased to depend entirely upon the changes of the seasons and of the weather.
27	27	0.400	Je n’eus besoin pour les faire renaître que de prononcer ces noms: Balbec, Venise, Florence, dans l’intérieur desquels avait fini par s’accumuler le désir que m’avaient inspiré les lieux qu’ils désignaient.	I need only, to make them reappear, pronounce the names: Balbec, Venice, Florence, within whose syllables had gradually accumulated all the longing inspired in me by the places for which they stood.
28	28	0.382	Même au printemps, trouver dans un livre le nom de Balbec suffisait à réveiller en moi le désir des tempêtes et du gothique normand; même par un jour de tempête le nom de Florence ou de Venise me donnait le désir du soleil, des lys, du palais des Doges et de Sainte-Marie-des-Fleurs.	Even in spring, to come in a book upon the name of Balbec sufficed to awaken in me the desire for storms at sea and for the Norman gothic; even on a stormy day the name of Florence or of Venice would awaken the desire for sunshine, for lilies, for the Palace of the Doges and for Santa Maria del Fiore.
29	29	0.410	Mais si ces noms absorbèrent à tout jamais l’image que j’avais de ces villes, ce ne fut qu’en la transformant, qu’en soumettant sa réapparition en moi à leurs lois propres; ils eurent ainsi pour conséquence de la rendre plus belle, mais aussi plus différente de ce que les villes de Normandie ou de Toscane pouvaient être en réalité, et, en accroissant les joies arbitraires de mon imagination, d’aggraver la déception future de mes voyages.	But if their names thus permanently absorbed the image that I had formed of these towns, it was only by transforming that image, by subordinating its reappearance in me to their own special laws; and in consequence of this they made it more beautiful, but at the same time more different from anything that the towns of Normandy or Tuscany could in reality be, and, by increasing the arbitrary delights of my imagination, aggravated the disenchantment that was in store for me when I set out upon my travels.
30	30	0.371	Ils exaltèrent l’idée que je me faisais de certains lieux de la terre, en les faisant plus particuliers, par conséquent plus réels.	They magnified the idea that I formed of certain points on the earth's surface, making them more special, and in consequence more real.
31	31	0.382	Je ne me représentais pas alors les villes, les paysages, les monuments, comme des tableaux plus ou moins agréables, découpés çà et là dans une même matière, mais chacun d’eux comme un inconnu, essentiellement différent des autres, dont mon âme avait soif et qu’elle aurait profit à connaître.	I did not then represent to myself towns, landscapes, historic buildings, as pictures more or less attractive, cut out here and there of a substance that was common to them all, but looked on each of them as on an unknown thing, different from all the rest, a thing for which my soul was athirst, by the knowledge of which it would benefit.
32	32	0.416	Combien ils prirent quelque chose de plus individuel encore, d’être désignés par des noms, des noms qui n’étaient que pour eux, des noms comme en ont les personnes.	How much more individual still was the character that they assumed from being designated by names, names that were only for themselves, proper names such as people have.
33	33	0.407	Les mots nous présentent des choses une petite image claire et usuelle comme celles que l’on suspend aux murs des écoles pour donner aux enfants l’exemple de ce qu’est un établi, un oiseau, une fourmilière, choses conçues comme pareilles à toutes celles de même sorte.	Words present to us little pictures of things, lucid and normal, like the pictures that are hung on the walls of schoolrooms to give children an illustration of what is meant by a carpenter's bench, a bird, an ant-hill; things chosen as typical of everything else of the same sort.
34	34	0.407	Mais les noms présentent des personnes — et des villes qu’ils nous habituent à croire individuelles, uniques comme des personnes — une image confuse qui tire d’eux, de leur sonorité éclatante ou sombre, la couleur dont elle est peinte uniformément comme une de ces affiches, entièrement bleues ou entièrement rouges, dans lesquelles, à cause des limites du procédé employé ou par un caprice du décorateur, sont bleus ou rouges, non seulement le ciel et la mer, mais les barques, l’église, les passants.	But names present to us — of persons and of towns which they accustom us to regard as individual, as unique, like persons — a confused picture, which draws from the names, from the brightness or darkness of their sound, the colour in which it is uniformly painted, like one of those posters, entirely blue or entirely red, in which, on account of the limitations imposed by the process used in their reproduction, or by a whim on the designer's part, are blue or red not only the sky and the sea, but the ships and the church and the people in the streets.
35	35	0.216	Le nom de Parme, une des villes où je désirais le plus aller, depuis que j’avais lu la Chartreuse, m’apparaissant compact, lisse, mauve et doux; si on me parlait d’une maison quelconque de Parme dans laquelle je serais reçu, on me causait le plaisir de penser que j’habiterais une demeure lisse, compacte, mauve et douce, qui n’avait de rapport avec les demeures d’aucune ville d’Italie puisque je l’imaginais seulement à l’aide de cette syllabe lourde du nom de Parme, où ne circule aucun air, et de tout ce que je lui avais fait absorber de douceur stendhalienne et du reflet des violettes.	The name of Parma, one of the towns that I most longed to visit, after reading the _Chartreuse_, seeming to me compact and glossy, violet-tinted, soft, if anyone were to speak of such or such a house in Parma, in which I should be lodged, he would give me the pleasure of thinking that I was to inhabit a dwelling that was compact and glossy, violet-tinted, soft, and that bore no relation to the houses in any other town in Italy, since I could imagine it only by the aid of that heavy syllable of the name of Parma, in which no breath of air stirred, and of all that I had made it assume of Stendhalian sweetness and the reflected hue of violets.
36	36	0.398	Et quand je pensais à Florence, c’était comme à une ville miraculeusement embaumée et semblable à une corolle, parce qu’elle s’appelait la cité des lys et sa cathédrale, Sainte-Marie-des-Fleurs.	And when I thought of Florence, it was of a town miraculously embalmed, and flower-like, since it was called the City of the Lilies, and its Cathedral, Our Lady of the Flower.
37	37	0.288	Quant à Balbec, c’était un de ces noms où comme sur une vieille poterie normande qui garde la couleur de la terre d’où elle fut tirée, on voit se peindre encore la représentation de quelque usage aboli, de quelque droit féodal, d’un état ancien de lieux, d’une manière désuète de prononcer qui en avait formé les syllabes hétéroclites et que je ne doutais pas de retrouver jusque chez l’aubergiste qui me servirait du café au lait à mon arrivée, me menant voir la mer déchaînée devant l’église et auquel je prêtais l’aspect disputeur, solennel et médiéval d’un personnage de fabliau.	As for Balbec, it was one of those names in which, as on an old piece of Norman pottery that still keeps the colour of the earth from which it was fashioned, one sees depicted still the representation of some long-abolished custom, of some feudal right, of the former condition of some place, of an obsolete way of pronouncing the language, which had shaped and wedded its incongruous syllables and which I never doubted that I should find spoken there at once, even by the inn-keeper who would pour me out coffee and milk on my arrival, taking me down to watch the turbulent sea, unchained, before the church; to whom I lent the aspect, disputatious, solemn and mediaeval, of some character in one of the old romances.
38	38	0.262	Si ma santé s’affermissait et que mes parents me permissent, sinon d’aller séjourner à Balbec, du moins de prendre une fois, pour faire connaissance avec l’architecture et les paysages de la Normandie ou de la Bretagne, ce train d’une heure vingt-deux dans lequel j’étais monté tant de fois en imagination, j’aurais voulu m’arrêter de préférence dans les villes les plus belles; mais j’avais beau les comparer, comment choisir plus qu’entre des êtres individuels, qui ne sont pas interchangeables, entre Bayeux si haute dans sa noble dentelle rougeâtre et dont le faîte était illuminé par le vieil or de sa dernière syllabe; Vitré dont l’accent aigu losangeait de bois noir le vitrage ancien; le doux Lamballe qui, dans son blanc, va du jaune coquille d’œuf au gris perle; Coutances, cathédrale normande, que sa diphtongue finale, grasse et jaunissante couronne par une tour de beurre; Lannion avec le bruit, dans son silence villageois, du coche suivi de la mouche; Questambert, Pontorson, risibles et naïfs, plumes blanches et becs jaunes éparpillés sur la route de ces lieux fluviatiles et poétiques; Benodet, nom à peine amarré que semble vouloir entraîner la rivière au milieu de ses algues, Pont-Aven, envolée blanche et rose de l’aile d’une coiffe légère qui se reflète en tremblant dans une eau verdie de canal; Quimperlé, lui, mieux attaché et, depuis le moyen âge, entre les ruisseaux dont il gazouille et s’emperle en une grisaille pareille à celle que dessinent, à travers les toiles d’araignées d’une verrière, les rayons de soleil changés en pointes émoussées d’argent bruni?	Had my health definitely improved, had my parents allowed me, if not actually to go down to stay at Balbec, at least to take, just once, so as to become acquainted with the architecture and landscapes of Normandy or of Brittany, that one twenty-two train into which I had so often clambered in imagination, I should have preferred to stop, and to alight from it, at the most beautiful of its towns; but in vain might I compare and contrast them; how was one to choose, any more than between individual people, who are not interchangeable, between Bayeux, so lofty in its noble coronet of rusty lace, whose highest point caught the light of the old gold of its second syllable; Vitré, whose acute accent barred its ancient glass with wooden lozenges; gentle Lamballe, whose whiteness ranged from egg-shell yellow to a pearly grey; Coutances, a Norman Cathedral, which its final consonants, rich and yellowing, crowned with a tower of butter; Lannion with the rumble and buzz, in the silence of its village street, of the fly on the wheel of the coach; Questambert, Pontorson, ridiculously silly and simple, white feathers and yellow beaks strewn along the road to those well-watered and poetic spots; Benodet, a name scarcely moored that seemed to be striving to draw the river down into the tangle of its seaweeds; Pont-Aven, the snowy, rosy flight of the wing of a lightly poised coif, tremulously reflected in the greenish waters of a canal; Quimperlé, more firmly attached, this, and since the Middle Ages, among the rivulets with which it babbled, threading their pearls upon a grey background, like the pattern made, through the cobwebs upon a window, by rays of sunlight changed into blunt points of tarnished silver?
39	39	0.271	Ces images étaient fausses pour une autre raison encore; c’est qu’elles étaient forcément très simplifiées; sans doute ce à quoi aspirait mon imagination et que mes sens ne percevaient qu’incomplètement et sans plaisir dans le présent, je l’avais enfermé dans le refuge des noms; sans doute, parce que j’y avais accumulé du rêve, ils aimantaient maintenant mes désirs; mais les noms ne sont pas très vastes; c’est tout au plus si je pouvais y faire entrer deux ou trois des «curiosités» principales de la ville et elles s’y juxtaposaient sans intermédiaires; dans le nom de Balbec, comme dans le verre grossissant de ces porte-plume qu’on achète aux bains de mer, j’apercevais des vagues soulevées autour d’une église de style persan.	These images were false for another reason also; namely, that they were necessarily much simplified; doubtless the object to which my imagination aspired, which my senses took in but incompletely and without any immediate pleasure, I had committed to the safe custody of names; doubtless because I had accumulated there a store of dreams, those names now magnetised my desires; but names themselves are not very comprehensive; the most that I could do was to include in each of them two or three of the principal curiosities of the town, which would lie there side by side, without interval or partition; in the name of Balbec, as in the magnifying glasses set in those penholders which one buys at sea-side places, I could distinguish waves surging round a church built in the Persian manner.
40	40	0.473	Peut-être même la simplification de ces images fut-elle une des causes de l’empire qu’elles prirent sur moi.	Perhaps, indeed, the enforced simplicity of these images was one of the reasons for the hold that they had over me.
41	41	0.470	Quand mon père eut décidé, une année, que nous irions passer les vacances de Pâques à Florence et à Venise, n’ayant pas la place de faire entrer dans le nom de Florence les éléments qui composent d’habitude les villes, je fus contraint à faire sortir une cité surnaturelle de la fécondation, par certains parfums printaniers, de ce que je croyais être, en son essence, le génie de Giotto.	When my father had decided, one year, that we should go for the Easter holidays to Florence and Venice, not finding room to introduce into the name of Florence the elements that ordinarily constitute a town, I was obliged to let a supernatural city emerge from the impregnation by certain vernal scenes of what I supposed to be, in its essentials, the genius of Giotto.
42	42	0.450	Tout au plus — et parce qu’on ne peut pas faire tenir dans un nom beaucoup plus de durée que d’espace — comme certains tableaux de Giotto eux-mêmes qui montrent à deux moments différents de l’action un même personnage, ici couché dans son lit, là s’apprêtant à monter à cheval, le nom de Florence était-il divisé en deux compartiments.	All the more — and because one cannot make a name extend much further in time than in space — like some of Giotto's paintings themselves which shew us at two separate moments the same person engaged in different actions, here lying on his bed, there just about to mount his horse, the name of Florence was divided into two compartments.
43	43	0.463	Dans l’un, sous un dais architectural, je contemplais une fresque à laquelle était partiellement superposé un rideau de soleil matinal, poudreux, oblique et progressif; dans l’autre (car ne pensant pas aux noms comme à un idéal inaccessible mais comme à une ambiance réelle dans laquelle j’irais me plonger, la vie non vécue encore, la vie intacte et pure que j’y enfermais donnait aux plaisirs les plus matériels, aux scènes les plus simples, cet attrait qu’ils ont dans les œuvres des primitifs), je traversais rapidement, — pour trouver plus vite le déjeuner qui m’attendait avec des fruits et du vin de Chianti — le Ponte-Vecchio encombré de jonquilles, de narcisses et d’anémones.	In one, beneath an architectural dais, I gazed upon a fresco over which was partly drawn a curtain of morning sunlight, dusty, aslant, and gradually spreading; in the other (for, since I thought of names not as an inaccessible ideal but as a real and enveloping substance into which I was about to plunge, the life not yet lived, the life intact and pure which I enclosed in them, gave to the most material pleasures, to the simplest scenes, the same attraction that they have in the works of the Primitives), I moved swiftly — so as to arrive, as soon as might be, at the table that was spread for me, with fruit and a flask of Chianti — across a Ponte Vecchio heaped with jonquils, narcissi and anemones.
44	44	0.473	Voilà (bien que je fusse à Paris) ce que je voyais et non ce qui était autour de moi.	That (for all that I was still in Paris) was what I saw, and not what was actually round about me.
45	45	0.484	Même à un simple point de vue réaliste, les pays que nous désirons tiennent à chaque moment beaucoup plus de place dans notre vie véritable, que le pays où nous nous trouvons effectivement.	Even from the simplest, the most realistic point of view, the countries for which we long occupy, at any given moment, a far larger place in our true life than the country in which we may happen to be.
46	46	0.396	Sans doute si alors j’avais fait moi-même plus attention à ce qu’il y avait dans ma pensée quand je prononçais les mots «aller à Florence, à Parme, à Pise, à Venise», je me serais rendu compte que ce que je voyais n’était nullement une ville, mais quelque chose d’aussi différent de tout ce que je connaissais, d’aussi délicieux, que pourrait être pour une humanité dont la vie se serait toujours écoulée dans des fins d’après-midi d’hiver, cette merveille inconnue: une matinée de printemps.	"Doubtless, if, at that time, I had paid more attention to what was in my mind when I pronounced the words ""going to Florence, to Parma, to Pisa, to Venice,"" I should have realised that what I saw was in no sense a town, but something as different from anything that I knew, something as delicious as might be for a human race whose whole existence had passed in a series of late winter afternoons, that inconceivable marvel, a morning in spring."
47	47	0.407	Ces images irréelles, fixes, toujours pareilles, remplissant mes nuits et mes jours, différencièrent cette époque de ma vie de celles qui l’avaient précédée (et qui auraient pu se confondre avec elle aux yeux d’un observateur qui ne voit les choses que du dehors, c’est-à-dire qui ne voit rien), comme dans un opéra un motif mélodique introduit une nouveauté qu’on ne pourrait pas soupçonner si on ne faisait que lire le livret, moins encore si on restait en dehors du théâtre à compter seulement les quarts d’heure qui s’écoulent.	These images, unreal, fixed, always alike, filling all my nights and days, differentiated this period in my life from those which had gone before it (and might easily have been confused with it by an observer who saw things only from without, that is to say, who saw nothing), as in an opera a fresh melody introduces a novel atmosphere which one could never have suspected if one had done no more than read the libretto, still less if one had remained outside the theatre, counting only the minutes as they passed.
48	48	0.521	Et encore, même à ce point de vue de simple quantité, dans notre vie les jours ne sont pas égaux.	And besides, even from the point of view of mere quantity, in our life the days are not all equal.
49	49	0.394	Pour parcourir les jours, les natures un peu nerveuses, comme était la mienne, disposent, comme les voitures automobiles, de «vitesses» différentes.	To reach the end of a day, natures that are slightly nervous, as mine was, make use, like motor-cars, of different 'speeds.'
50	50	0.505	Il y a des jours montueux et malaisés qu’on met un temps infini à gravir et des jours en pente qui se laissent descendre à fond de train en chantant.	There are mountainous, uncomfortable days, up which one takes an infinite time to pass, and days downward sloping, through which one can go at full tilt, singing as one goes.
51	51	0.476	Pendant ce mois — où je ressassai comme une mélodie, sans pouvoir m’en rassasier, ces images de Florence, de Venise et de Pise desquelles le désir qu’elles excitaient en moi gardait quelque chose d’aussi profondément individuel que si ç’avait été un amour, un amour pour une personne — je ne cessai pas de croire qu’elles correspondaient à une réalité indépendante de moi, et elles me firent connaître une aussi belle espérance que pouvait en nourrir un chrétien des premiers âges à la veille d’entrer dans le paradis.	During this month — in which I went laboriously over, as over a tune, though never to my satisfaction, these visions of Florence, Venice, Pisa, from which the desire that they excited in me drew and kept something as profoundly personal as if it had been love, love for another person — I never ceased to believe that they corresponded to a reality independent of myself, and they made me conscious of as glorious a hope as could have been cherished by a Christian in the primitive age of faith, on the eve of his entry into Paradise.
52	52	0.331	Aussi sans que je me souciasse de la contradiction qu’il y avait à vouloir regarder et toucher avec les organes des sens, ce qui avait été élaboré par la rêverie et non perçu par eux — et d’autant plus tentant pour eux, plus différent de ce qu’ils connaissaient — c’est ce qui me rappelait la réalité de ces images, qui enflammait le plus mon désir, parce que c’était comme une promesse qu’il serait contenté.	Moreover, without my paying any heed to the contradiction that there was in my wishing to look at and to touch with my organs of sense what had been elaborated by the spell of my dreams and not perceived by my senses at all — though all the more tempting to them, in consequence, more different from anything that they knew — it was that which recalled to me the reality of these visions, which inflamed my desire all the more by seeming to hint a promise that my desire should be satisfied.
53	53	0.378	Et, bien que mon exaltation eût pour motif un désir de jouissances artistiques, les guides l’entretenaient encore plus que les livres d’esthétiques et, plus que les guides, l’indicateur des chemins de fer.	And for all that the motive force of my exaltation was a longing for aesthetic enjoyments, the guide-books ministered even more to it than books on aesthetics, and, more again than the guide-books, the railway time-tables.
54	54	0.499	Ce qui m’émouvait c’était de penser que cette Florence que je voyais proche mais inaccessible dans mon imagination, si le trajet qui la séparait de moi, en moi-même, n’était pas viable, je pourrais l’atteindre par un biais, par un détour, en prenant la «voie de terre».	What moved me was the thought that this Florence which I could see, so near and yet inaccessible, in my imagination, if the tract which separated it from me, in myself, was not one that I might cross, could yet be reached by a circuit, by a digression, were I to take the plain, terrestrial path.
55	55	0.470	Certes, quand je me répétais, donnant ainsi tant de valeur à ce que j’allais voir, que Venise était «l’école de Giorgione, la demeure du Titien, le plus complet musée de l’architecture domestique au moyen âge», je me sentais heureux.	"When I repeated to myself, giving thus a special value to what I was going to see, that Venice was the ""School of Giorgione, the home of Titian, the most complete museum of the domestic architecture of the Middle Ages,"" I felt happy indeed."
56	56	0.335	Je l’étais pourtant davantage quand, sorti pour une course, marchant vite à cause du temps qui, après quelques jours de printemps précoce était redevenu un temps d’hiver (comme celui que nous trouvions d’habitude à Combray, la Semaine Sainte), — voyant sur les boulevards les marronniers qui, plongés dans un air glacial et liquide comme de l’eau, n’en commençaient pas moins, invités exacts, déjà en tenue, et qui ne se sont pas laissé décourager, à arrondir et à ciseler en leurs blocs congelés, l’irrésistible verdure dont la puissance abortive du froid contrariait mais ne parvenait pas à réfréner la progressive poussée — , je pensais que déjà le Ponte-Vecchio était jonché à foison de jacinthes et d’anémones et que le soleil du printemps teignait déjà les flots du Grand Canal d’un si sombre azur et de si nobles émeraudes qu’en venant se briser aux pieds des peintures du Titien, ils pouvaient rivaliser de riche coloris avec elles.	As I was even more when, on one of my walks, as I stepped out briskly on account of the weather, which, after several days of a precocious spring, had relapsed into winter (like the weather that we had invariably found awaiting us at Combray, in Holy Week), — seeing upon the boulevards that the chestnut-trees, though plunged in a glacial atmosphere that soaked through them like a stream of water, were none the less beginning, punctual guests, arrayed already for the party, and admitting no discouragement, to shape and chisel and curve in its frozen lumps the irrepressible verdure whose steady growth the abortive power of the cold might hinder but could not succeed in restraining — I reflected that already the Ponte Vecchio was heaped high with an abundance of hyacinths and anemones, and that the spring sunshine was already tinging the waves of the Grand Canal with so dusky an azure, with emeralds so splendid that when they washed and were broken against the foot of one of Titian's paintings they could vie with it in the richness of their colouring.
57	57	0.421	Je ne pus plus contenir ma joie quand mon père, tout en consultant le baromètre et en déplorant le froid, commença à chercher quels seraient les meilleurs trains, et quand je compris qu’en pénétrant après le déjeuner dans le laboratoire charbonneux, dans la chambre magique qui se chargeait d’opérer la transmutation tout autour d’elle, on pouvait s’éveiller le lendemain dans la cité de marbre et d’or «rehaussée de jaspe et pavée d’émeraudes».	"I could no longer contain my joy when my father, in the intervals of tapping the barometer and complaining of the cold, began to look out which were the best trains, and when I understood that by making one's way, after luncheon, into the coal-grimed laboratory, the wizard's cell that undertook to contrive a complete transmutation of its surroundings, one could awaken, next morning, in the city of marble and gold, in which ""the building of the wall was of jasper and the foundation of the wall an emerald."""
58	58	0.395	Ainsi elle et la Cité des lys n’étaient pas seulement des tableaux fictifs qu’on mettait à volonté devant son imagination, mais existaient à une certaine distance de Paris qu’il fallait absolument franchir si l’on voulait les voir, à une certaine place déterminée de la terre, et à aucune autre, en un mot étaient bien réelles.	So that it and the City of the Lilies were not just artificial scenes which I could set up at my pleasure in front of my imagination, but did actually exist at a certain distance from Paris which must inevitably be traversed if I wished to see them, at their appointed place on the earth's surface, and at no other; in a word they were entirely real.
59	59	0.344	Elles le devinrent encore plus pour moi, quand mon père en disant: «En somme, vous pourriez rester à Venise du 20 avril au 29 et arriver à Florence dès le matin de Pâques», les fit sortir toutes deux non plus seulement de l’Espace abstrait, mais de ce Temps imaginaire où nous situons non pas un seul voyage à la fois, mais d’autres, simultanés et sans trop d’émotion puisqu’ils ne sont que possibles, — ce Temps qui se refabrique si bien qu’on peut encore le passer dans une ville après qu’on l’a passé dans une autre — et leur consacra de ces jours particuliers qui sont le certificat d’authenticité des objets auxquels on les emploie, car ces jours uniques, ils se consument par l’usage, ils ne reviennent pas, on ne peut plus les vivre ici quand on les a vécus là; je sentis que c’était vers la semaine qui commençait le lundi où la blanchisseuse devait rapporter le gilet blanc que j’avais couvert d’encre, que se dirigeaient pour s’y absorber au sortir du temps idéal où elles n’existaient pas encore, les deux Cités Reines dont j’allais avoir, par la plus émouvante des géométries, à inscrire les dômes et les tours dans le plan de ma propre vie.	"They became even more real to me when my father, by saying: ""Well, you can stay in Venice from the 20th to the 29th, and reach Florence on Easter morning,"" made them both emerge, no longer only from the abstraction of Space, but from that imaginary Time in which we place not one, merely, but several of our travels at once, which do not greatly tax us since they are but possibilities, — that Time which reconstructs itself so effectively that one can spend it again in one town after one has already spent it in another — and consecrated to them some of those actual, calendar days which are certificates of the genuineness of what one does on them, for those unique days are consumed by being used, they do not return, one cannot live them again here when one has lived them elsewhere; I felt that it was towards the week that would begin with the Monday on which the laundress was to bring back the white waistcoat that I had stained with ink, that they were hastening to busy themselves with the duty of emerging from that ideal Time in which they did not, as yet, exist, those two Queen Cities of which I was soon to be able, by the most absorbing kind of geometry, to inscribe the domes and towers on a page of my own life."
60	60	0.246	Mais je n’étais encore qu’en chemin vers le dernier degré de l’allégresse; je l’atteignis enfin (ayant seulement alors la révélation que sur les rues clapotantes, rougies du reflet des fresques de Giorgione, ce n’était pas, comme j’avais, malgré tant d’avertissements, continué à l’imaginer, les hommes «majestueux et terribles comme la mer, portant leur armure aux reflets de bronze sous les plis de leur manteau sanglant» qui se promèneraient dans Venise la semaine prochaine, la veille de Pâques, mais que ce pourrait être moi le personnage minuscule que, dans une grande photographie de Saint-Marc qu’on m’avait prêtée, l’illustrateur avait représenté, en chapeau melon, devant les proches), quand j’entendis mon père me dire: «Il doit faire encore froid sur le Grand Canal, tu ferais bien de mettre à tout hasard dans ta malle ton pardessus d’hiver et ton gros veston.»	"But I was still on the way, only, to the supreme pinnacle of happiness; I reached it finally (for not until then did the revelation burst upon me that on the clattering streets, reddened by the light reflected from Giorgione's frescoes, it was not, as I had, despite so many promptings, continued to imagine, the men ""majestic and terrible as the sea, bearing armour that gleamed with bronze beneath the folds of their blood-red cloaks,"" who would be walking in Venice next week, on the Easter vigil; but that I myself might be the minute personage whom, in an enlarged photograph of St. Mark's that had been lent to me, the operator had portrayed, in a bowler hat, in front of the portico), when I heard my father say: ""It must be pretty cold, still, on the Grand Canal; whatever you do, don't forget to pack your winter greatcoat and your thick suit."""
61	61	0.325	A ces mots je m’élevai à une sorte d’extase; ce que j’avais cru jusque-là impossible, je me sentis vraiment pénétrer entre ces «rochers d’améthyste pareils à un récif de la mer des Indes»; par une gymnastique suprême et au-dessus de mes forces, me dévêtant comme d’une carapace sans objet de l’air de ma chambre qui m’entourait, je le remplaçai par des parties égales d’air vénitien, cette atmosphère marine, indicible et particulière comme celle des rêves que mon imagination avait enfermée dans le nom de Venise, je sentis s’opérer en moi une miraculeuse désincarnation; elle se doubla aussitôt de la vague envie de vomir qu’on éprouve quand on vient de prendre un gros mal de gorge, et on dut me mettre au lit avec une fièvre si tenace, que le docteur déclara qu’il fallait renoncer non seulement à me laisser partir maintenant à Florence et à Venise mais, même quand je serais entièrement rétabli, m’éviter d’ici au moins un an, tout projet de voyage et toute cause d’agitation.	"At these words I was raised to a sort of ecstasy; a thing that I had until then deemed impossible, I felt myself to be penetrating indeed between those ""rocks of amethyst, like a reef in the Indian Ocean""; by a supreme muscular effort, a long way in excess of my real strength, stripping myself, as of a shell that served no purpose, of the air in my own room which surrounded me, I replaced it by an equal quantity of Venetian air, that marine atmosphere, indescribable and peculiar as the atmosphere of the dreams which my imagination had secreted in the name of Venice; I could feel at work within me a miraculous disincarnation; it was at once accompanied by that vague desire to vomit which one feels when one has a very sore throat; and they had to put me to bed with a fever so persistent that the doctor not only assured my parents that a visit, that spring, to Florence and Venice was absolutely out of the question, but warned them that, even when I should have completely recovered, I must, for at least a year, give up all idea of travelling, and be kept from anything that was liable to excite me."
62	62	0.458	Et hélas, il défendit aussi d’une façon absolue qu’on me laissât aller au théâtre entendre la Berma; l’artiste sublime, à laquelle Bergotte trouvait du génie, m’aurait en me faisant connaître quelque chose qui était peut-être aussi important et aussi beau, consolé de n’avoir pas été à Florence et à Venise, de n’aller pas à Balbec.	And, alas, he forbade also, most categorically, my being allowed to go to the theatre, to hear Berma; the sublime artist, whose genius Bergotte had proclaimed, might, by introducing me to something else that was, perhaps, as important and as beautiful, have consoled me for not having been to Florence and Venice, for not going to Balbec.
63	63	0.442	On devait se contenter de m’envoyer chaque jour aux Champs-Élysées, sous la surveillance d’une personne qui m’empêcherait de me fatiguer et qui fut Françoise, entrée à notre service après la mort de ma tante Léonie.	My parents had to be content with sending me, every day, to the Champs-Elysées, in the custody of a person who would see that I did not tire myself; this person was none other than Françoise, who had entered our service after the death of my aunt Léonie.
64	64	0.561	Aller aux Champs-Élysées me fut insupportable.	Going to the Champs-Elysées I found unendurable.
65	65	0.548	Si seulement Bergotte les eût décrits dans un de ses livres, sans doute j’aurais désiré de les connaître, comme toutes les choses dont on avait commencé par mettre le «double» dans mon imagination.	If only Bergotte had described the place in one of his books, I should, no doubt, have longed to see and to know it, like so many things else of which a simulacrum had first found its way into my imagination.
66	66	0.514	Elle les réchauffait, les faisait vivre, leur donnait une personnalité, et je voulais les retrouver dans la réalité; mais dans ce jardin public rien ne se rattachait à mes rêves.	That kept things warm, made them live, gave them personality, and I sought then to find their counterpart in reality, but in this public garden there was nothing that attached itself to my dreams.
67	67	0.359	Un jour, comme je m’ennuyais à notre place familière, à côté des chevaux de bois, Françoise m’avait emmené en excursion — au delà de la frontière que gardent à intervalles égaux les petits bastions des marchandes de sucre d’orge — , dans ces régions voisines mais étrangères où les visages sont inconnus, où passe la voiture aux chèvres; puis elle était revenue prendre ses affaires sur sa chaise adossée à un massif de lauriers; en l’attendant je foulais la grande pelouse chétive et rase, jaunie par le soleil, au bout de laquelle le bassin est dominé par une statue quand, de l’allée, s’adressant à une fillette à cheveux roux qui jouait au volant devant la vasque, une autre, en train de mettre son manteau et de serrer sa raquette, lui cria, d’une voix brève: «Adieu, Gilberte, je rentre, n’oublie pas que nous venons ce soir chez toi après dîner.»	"One day, as I was weary of our usual place, beside the wooden horses, Françoise had taken me for an excursion — across the frontier guarded at regular intervals by the little bastions of the barley-sugar women — into those neighbouring but foreign regions, where the faces of the passers-by were strange, where the goat-carriage went past; then she had gone away to lay down her things on a chair that stood with its back to a shrubbery of laurels; while I waited for her I was pacing the broad lawn, of meagre close-cropped grass already faded by the sun, dominated, at its far end, by a statue rising from a fountain, in front of which a little girl with reddish hair was playing with a shuttlecock; when, from the path, another little girl, who was putting on her cloak and covering up her battledore, called out sharply: ""Good-bye, Gilberte, I'm going home now; don't forget, we're coming to you this evening, after dinner."""
68	68	0.426	Ce nom de Gilberte passa près de moi, évoquant d’autant plus l’existence de celle qu’il désignait qu’il ne la nommait pas seulement comme un absent dont on parle, mais l’interpellait; il passa ainsi près de moi, en action pour ainsi dire, avec une puissance qu’accroissait la courbe de son jet et l’approche de son but; — transportant à son bord, je le sentais, la connaissance, les notions qu’avait de celle à qui il était adressé, non pas moi, mais l’amie qui l’appelait, tout ce que, tandis qu’elle le prononçait, elle revoyait ou du moins, possédait en sa mémoire, de leur intimité quotidienne, des visites qu’elles se faisaient l’une chez l’autre, de tout cet inconnu encore plus inaccessible et plus douloureux pour moi d’être au contraire si familier et si maniable pour cette fille heureuse qui m’en frôlait sans que j’y puisse pénétrer et le jetait en plein air dans un cri; — laissant déjà flotter dans l’air l’émanation délicieuse qu’il avait fait se dégager, en les touchant avec précision, de quelques points invisibles de la vie de Mlle Swann, du soir qui allait venir, tel qu’il serait, après dîner, chez elle, — formant, passager céleste au milieu des enfants et des bonnes, un petit nuage d’une couleur précieuse, pareil à celui qui, bombé au-dessus d’un beau jardin du Poussin, reflète minutieusement comme un nuage d’opéra, plein de chevaux et de chars, quelque apparition de la vie des dieux; — jetant enfin, sur cette herbe pelée, à l’endroit où elle était un morceau à la fois de pelouse flétrie et un moment de l’après-midi de la blonde joueuse de volant (qui ne s’arrêta de le lancer et de le rattraper que quand une institutrice à plumet bleu l’eut appelée), une petite bande merveilleuse et couleur d’héliotrope impalpable comme un reflet et superposée comme un tapis sur lequel je ne pus me lasser de promener mes pas attardés, nostalgiques et profanateurs, tandis que Françoise me criait: «Allons, aboutonnez voir votre paletot et filons» et que je remarquais pour la première fois avec irritation qu’elle avait un langage vulgaire, et hélas, pas de plumet bleu à son chapeau.	"The name Gilberte passed close by me, evoking all the more forcibly her whom it labelled in that it did not merely refer to her, as one speaks of a man in his absence, but was directly addressed to her; it passed thus close by me, in action, so to speak, with a force that increased with the curve of its trajectory and as it drew near to its target; — carrying in its wake, I could feel, the knowledge, the impression of her to whom it was addressed that belonged not to me but to the friend who called to her, everything that, while she uttered the words, she more or less vividly reviewed, possessed in her memory, of their daily intimacy, of the visits that they paid to each other, of that unknown existence which was all the more inaccessible, all the more painful to me from being, conversely, so familiar, so tractable to this happy girl who let her message brush past me without my being able to penetrate its surface, who flung it on the air with a light-hearted cry: letting float in the atmosphere the delicious attar which that message had distilled, by touching them with precision, from certain invisible points in Mlle. Swann's life, from the evening to come, as it would be, after dinner, at her home, — forming, on its celestial passage through the midst of the children and their nursemaids, a little cloud, exquisitely coloured, like the cloud that, curling over one of Poussin's gardens, reflects minutely, like a cloud in the opera, teeming with chariots and horses, some apparition of the life of the gods; casting, finally, on that ragged grass, at the spot on which she stood (at once a scrap of withered lawn and a moment in the afternoon of the fair player, who continued to beat up and catch her shuttlecock until a governess, with a blue feather in her hat, had called her away) a marvellous little band of light, of the colour of heliotrope, spread over the lawn like a carpet on which I could not tire of treading to and fro with lingering feet, nostalgic and profane, while Françoise shouted: ""Come on, button up your coat, look, and let's get away!"" and I remarked for the first time how common her speech was, and that she had, alas, no blue feather in her hat."
69	69	0.499	Retournerait-elle seulement aux Champs-Élysées?	Only, would _she_ come again to the Champs-Elysées?
70	70	0.474	Le lendemain elle n’y était pas; mais je l’y vis les jours suivants; je tournais tout le temps autour de l’endroit où elle jouait avec ses amies, si bien qu’une fois où elles ne se trouvèrent pas en nombre pour leur partie de barres, elle me fit demander si je voulais compléter leur camp, et je jouai désormais avec elle chaque fois qu’elle était là.	Next day she was not there; but I saw her on the following days; I spent all my time revolving round the spot where she was at play with her friends, to such effect that once, when, they found, they were not enough to make up a prisoner's base, she sent one of them to ask me if I cared to complete their side, and from that day I played with her whenever she came.
71	71	0.466	Mais ce n’était pas tous les jours; il y en avait où elle était empêchée de venir par ses cours, le catéchisme, un goûter, toute cette vie séparée de la mienne que par deux fois, condensée dans le nom de Gilberte, j’avais senti passer si douloureusement près de moi, dans le raidillon de Combray et sur la pelouse des Champs-Élysées.	But this did not happen every day; there were days when she had been prevented from coming by her lessons, by her catechism, by a luncheon-party, by the whole of that life, separated from my own, which twice only, condensed into the name of Gilberte, I had felt pass so painfully close to me, in the hawthorn lane near Combray and on the grass of the Champs-Elysées.
72	72	0.508	Ces jours-là, elle annonçait d’avance qu’on ne la verrait pas; si c’était à cause de ses études, elle disait: «C’est rasant, je ne pourrai pas venir demain; vous allez tous vous amuser sans moi», d’un air chagrin qui me consolait un peu; mais en revanche quand elle était invitée à une matinée, et que, ne le sachant pas je lui demandais si elle viendrait jouer, elle me répondait: «J’espère bien que non!	"On such days she would have told us beforehand that we should not see her; if it were because of her lessons, she would say: ""It is too tiresome, I sha'n't be able to come to-morrow; you will all be enjoying yourselves here without me,"" with an air of regret which to some extent consoled me; if, on the other hand, she had been invited to a party, and I, not knowing this, asked her whether she was coming to play with us, she would reply: ""Indeed I hope not!"
73	73	0.485	J’espère bien que maman me laissera aller chez mon amie.»	"Indeed I hope Mamma will let me go to my friend's."""
74	74-75	0.430	Du moins ces jours-là, je savais que je ne la verrais pas, tandis que d’autres fois, c’était à l’improviste que sa mère l’emmenait faire des courses avec elle, et le lendemain elle disait: «Ah! oui, je suis sortie avec maman», comme une chose naturelle, et qui n’eût pas été pour quelqu’un le plus grand malheur possible.	"But on these days I did at least know that I should not see her, whereas on others, without any warning, her mother would take her for a drive, or some such thing, and next day she would say: ""Oh, yes! I went out with Mamma,"" as though it had been the most natural thing in the world, and not the greatest possible misfortune for some one else."
75	76	0.521	Il y avait aussi les jours de mauvais temps où son institutrice, qui pour elle-même craignait la pluie, ne voulait pas l’emmener aux Champs-Élysées.	There were also the days of bad weather on which her governess, afraid, on her own account, of the rain, would not bring Gilberte to the Champs-Elysées.
76	77	0.544	Aussi si le ciel était douteux, dès le matin je ne cessais de l’interroger et je tenais compte de tous les présages.	And so, if the heavens were doubtful, from early morning I would not cease to interrogate them, observing all the omens.
77	78-79	0.591	Si je voyais la dame d’en face qui, près de la fenêtre, mettait son chapeau, je me disais: «Cette dame va sortir; donc il fait un temps où l’on peut sortir: pourquoi Gilberte ne ferait-elle pas comme cette dame?»	"If I saw the lady opposite, just inside her window, putting on her hat, I would say to myself: ""That lady is going out; it must, therefore, be weather in which one can go out. Why should not Gilberte do the same as that lady?"""
78	80-81	0.551	Mais le temps s’assombrissait, ma mère disait qu’il pouvait se lever encore, qu’il suffirait pour cela d’un rayon de soleil, mais que plus probablement il pleuvrait; et s’il pleuvait à quoi bon aller aux Champs-Élysées?	But the day grew dark. My mother said that it might clear again, that one burst of sunshine would be enough, but that more probably it would rain; and if it rained, of what use would it be to go to the Champs-Elysées?
79	82	0.535	Aussi depuis le déjeuner mes regards anxieux ne quittaient plus le ciel incertain et nuageux.	And so, from breakfast-time, my anxious eyes never left the uncertain, clouded sky.
80	83	0.551	Il restait sombre.	It remained dark.
81	84	0.538	Devant la fenêtre, le balcon était gris.	Outside the window, the balcony was grey.
82	85	0.496	Tout d’un coup, sur sa pierre maussade je ne voyais pas une couleur moins terne, mais je sentais comme un effort vers une couleur moins terne, la pulsation d’un rayon hésitant qui voudrait libérer sa lumière.	Suddenly, on its sullen stone, I did not indeed see a less negative colour, but I felt as it were an effort towards a less negative colour, the pulsation of a hesitating ray that struggled to discharge its light.
83	86	0.385	Un instant après, le balcon était pâle et réfléchissant comme une eau matinale, et mille reflets de la ferronnerie de son treillage étaient venus s’y poser.	A moment later the balcony was as pale and luminous as a standing water at dawn, and a thousand shadows from the iron-work of its balustrade had come to rest on it.
84	87	0.347	Un souffle de vent les dispersait, la pierre s’était de nouveau assombrie, mais, comme apprivoisés, ils revenaient; elle recommençait imperceptiblement à blanchir et par un de ces crescendos continus comme ceux qui, en musique, à la fin d’une Ouverture, mènent une seule note jusqu’au fortissimo suprême en la faisant passer rapidement par tous les degrés intermédiaires, je la voyais atteindre à cet or inaltérable et fixe des beaux jours, sur lequel l’ombre découpée de l’appui ouvragé de la balustrade se détachait en noir comme une végétation capricieuse, avec une ténuité dans la délinéation des moindres détails qui semblait trahir une conscience appliquée, une satisfaction d’artiste, et avec un tel relief, un tel velours dans le repos de ses masses sombres et heureuses qu’en vérité ces reflets larges et feuillus qui reposaient sur ce lac de soleil semblaient savoir qu’ils étaient des gages de calme et de bonheur.	A breath of wind dispersed them; the stone grew dark again, but, like tamed creatures, they returned; they began, imperceptibly, to grow lighter, and by one of those continuous crescendos, such as, in music, at the end of an overture, carry a single note to the extreme fortissimo, making it pass rapidly through all the intermediate stages, I saw it attain to that fixed, unalterable gold of fine days, on which the sharply cut shadows of the wrought iron of the balustrade were outlined in black like a capricious vegetation, with a fineness in the delineation of their smallest details which seemed to indicate a deliberate application, an artist's satisfaction, and with so much relief, so velvety a bloom in the restfulness of their sombre and happy mass that in truth those large and leafy shadows which lay reflected on that lake of sunshine seemed aware that they were pledges of happiness and peace of mind.
85	88-90	0.252	Lierre instantané, flore pariétaire et fugitive! la plus incolore, la plus triste, au gré de beaucoup, de celles qui peuvent ramper sur le mur ou décorer la croisée; pour moi, de toutes la plus chère depuis le jour où elle était apparue sur notre balcon, comme l’ombre même de la présence de Gilberte qui était peut-être déjà aux Champs-Élysées, et dès que j’y arriverais, me dirait: «Commençons tout de suite à jouer aux barres, vous êtes dans mon camp»; fragile, emportée par un souffle, mais aussi en rapport non pas avec la saison, mais avec l’heure; promesse du bonheur immédiat que la journée refuse ou accomplira, et par là du bonheur immédiat par excellence, le bonheur de l’amour; plus douce, plus chaude sur la pierre que n’est la mousse même; vivace, à qui il suffit d’un rayon pour naître et faire éclore de la joie, même au cœur de l’hiver.	"Brief, fading ivy, climbing, fugitive flora, the most colourless, the most depressing, to many minds, of all that creep on walls or decorate windows; to me the dearest of them all, from the day when it appeared upon our balcony, like the very shadow of the presence of Gilberte, who was perhaps already in the Champs-Elysées, and as soon as I arrived there would greet me with: ""Let's begin at once. You are on my side."" Frail, swept away by a breath, but at the same time in harmony, not with the season, with the hour; a promise of that immediate pleasure which the day will deny or fulfil, and thereby of the one paramount immediate pleasure, the pleasure of loving and of being loved; more soft, more warm upon the stone than even moss is; alive, a ray of sunshine sufficing for its birth, and for the birth of joy, even in the heart of winter."
86	91-92	0.491	Et jusque dans ces jours où toute autre végétation a disparu, où le beau cuir vert qui enveloppe le tronc des vieux arbres est caché sous la neige, quand celle-ci cessait de tomber, mais que le temps restait trop couvert pour espérer que Gilberte sortît, alors tout d’un coup, faisant dire à ma mère: «Tiens voilà justement qu’il fait beau, vous pourriez peut-être essayer tout de même d’aller aux Champs-Élysées», sur le manteau de neige qui couvrait le balcon, le soleil apparu entrelaçait des fils d’or et brodait des reflets noirs.	"And on those days when all other vegetation had disappeared, when the fine jerkins of green leather which covered the trunks of the old trees were hidden beneath the snow; after the snow had ceased to fall, but when the sky was still too much overcast for me to hope that Gilberte would venture out, then suddenly — inspiring my mother to say: ""Look, it's quite fine now; I think you might perhaps try going to the Champs-Elysées after all."" — on the mantle of snow that swathed the balcony, the sun had appeared and was stitching seams of gold, with embroidered patches of dark shadow."
87	93	0.621	Ce jour-là nous ne trouvions personne ou une seule fillette prête à partir qui m’assurait que Gilberte ne viendrait pas.	That day we found no one there, or else a solitary girl, on the point of departure, who assured me that Gilberte was not coming.
88	94	0.580	Les chaises désertées par l’assemblée imposante mais frileuse des institutrices étaient vides.	The chairs, deserted by the imposing but uninspiring company of governesses, stood empty.
89	95	0.487	Seule, près de la pelouse, était assise une dame d’un certain âge qui venait par tous les temps, toujours hanachée d’une toilette identique, magnifique et sombre, et pour faire la connaissance de laquelle j’aurais à cette époque sacrifié, si l’échange m’avait été permis, tous les plus grands avantages futurs de ma vie.	Only, near the grass, was sitting a lady of uncertain age who came in all weathers, dressed always in an identical style, splendid and sombre, to make whose acquaintance I would have, at that period, sacrificed, had it lain in my power, all the greatest opportunities in my life to come.
90	96	0.452	Car Gilberte allait tous les jours la saluer; elle demandait à Gilberte des nouvelles de «son amour de mère»; et il me semblait que si je l’avais connue, j’avais été pour Gilberte quelqu’un de tout autre, quelqu’un qui connaissait les relations de ses parents.	"For Gilberte went up every day to speak to her; she used to ask Gilberte for news of her ""dearest mother"" and it struck me that, if I had known her, I should have been for Gilberte some one wholly different, some one who knew people in her parents' world."
91	97	0.414	Pendant que ses petits-enfants jouaient plus loin, elle lisait toujours les Débats qu’elle appelait «mes vieux Débats» et, par genre aristocratique, disait en parlant du sergent de ville ou de la loueuse de chaises: «Mon vieil ami le sergent de ville», «la loueuse de chaises et moi qui sommes de vieux amis».	"While her grandchildren played together at a little distance, she would sit and read the Débats, which she called ""My old _Débats_!"" as, with an aristocratic familiarity, she would say, speaking of the police-sergeant or the woman who let the chairs, ""My old friend the police-sergeant,"" or ""The chair-keeper and I, who are old friends."""
92	98	0.568	Françoise avait trop froid pour rester immobile, nous allâmes jusqu’au pont de la Concorde voir la Seine prise, dont chacun et même les enfants s’approchaient sans peur comme d’une immense baleine échouée, sans défense, et qu’on allait dépecer.	Françoise found it too cold to stand about, so we walked to the Pont de la Concorde to see the Seine frozen over, on to which everyone, even children, walked fearlessly, as though upon an enormous whale, stranded, defenceless, and about to be cut up.
93	99	0.560	Nous revenions aux Champs-Élysées; je languissais de douleur entre les chevaux de bois immobiles et la pelouse blanche prise dans le réseau noir des allées dont on avait enlevé la neige et sur laquelle la statue avait à la main un jet de glace ajouté qui semblait l’explication de son geste.	We returned to the Champs-Elysées; I was growing sick with misery between the motionless wooden horses and the white lawn, caught in a net of black paths from which the snow had been cleared, while the statue that surmounted it held in its hand a long pendent icicle which seemed to explain its gesture.
94	100	0.471	La vieille dame elle-même ayant plié ses Débats, demanda l’heure à une bonne d’enfants qui passait et qu’elle remercia en lui disant: «Comme vous êtes aimable!» puis, priant le cantonnier de dire à ses petits enfants de revenir, qu’elle avait froid, ajouta: «Vous serez mille fois bon.	"The old lady herself, having folded up her _Débats_, asked a passing nursemaid the time, thanking her with ""How very good of you!"" then begged the road-sweeper to tell her grandchildren to come, as she felt cold, adding ""A thousand thanks."
95	101	0.285	Vous savez que je suis confuse!»	"I am sorry to give you so much trouble!"""
96	102	0.517	Tout à coup l’air se déchira: entre le guignol et le cirque, à l’horizon embelli, sur le ciel entr’ouvert, je venais d’apercevoir, comme un signe fabuleux, le plumet bleu de Mademoiselle.	Suddenly the sky was rent in two: between the punch-and-judy and the horses, against the opening horizon, I had just seen, like a miraculous sign, Mademoiselle's blue feather.
97	103	0.508	Et déjà Gilberte courait à toute vitesse dans ma direction, étincelante et rouge sous un bonnet carré de fourrure, animée par le froid, le retard et le désir du jeu; un peu avant d’arriver à moi, elle se laissa glisser sur la glace et, soit pour mieux garder son équilibre, soit parce qu’elle trouvait cela plus gracieux, ou par affectation du maintien d’une patineuse, c’est les bras grands ouverts qu’elle avançait en souriant, comme si elle avait voulu m’y recevoir.	And now Gilberte was running at full speed towards me, sparkling and rosy beneath a cap trimmed with fur, enlivened by the cold, by being late, by her anxiety for a game; shortly before she reached me, she slipped on a piece of ice and, either to regain her balance, or because it appeared to her graceful, or else pretending that she was on skates, it was with outstretched arms that she smilingly advanced, as though to embrace me.
98-99	104	0.292	«Brava! Brava! ça c’est très bien, je dirais comme vous que c’est chic, que c’est crâne, si je n’étais pas d’un autre temps, du temps de l’ancien régime, s’écria la vieille dame prenant la parole au nom des Champs-Élysées silencieux pour remercier Gilberte d’être venue sans se laisser intimider par le temps.	"""Bravo! bravo! that's splendid; 'topping,' I should say, like you — 'sporting,' I suppose I ought to say, only I'm a hundred-and-one, a woman of the old school,"" exclaimed the lady, uttering, on behalf of the voiceless Champs-Elysées, their thanks to Gilberte for having come, without letting herself be frightened away by the weather."
100	105	0.482	Vous êtes comme moi, fidèle quand même à nos vieux Champs-Élysées; nous sommes deux intrépides.	"""You are like me, faithful at all costs to our old Champs-Elysées; we are two brave souls!"
101	106	0.280	Si je vous disais que je les aime, même ainsi.	You wouldn't believe me, I dare say, if I told you that I love them, even like this.
102	107	0.509	Cette neige, vous allez rire de moi, ça me fait penser à de l’hermine!»	"This snow (I know, you'll laugh at me), it makes me think of ermine!"""
103	108	0.541	Et la vieille dame se mit à rire.	And the old lady began to laugh herself.
104	109	0.459	Le premier de ces jours — auxquels la neige, image des puissances qui pouvaient me priver de voir Gilberte, donnait la tristesse d’un jour de séparation et jusqu’à l’aspect d’un jour de départ parce qu’il changeait la figure et empêchait presque l’usage du lieu habituel de nos seules entrevues maintenant changé, tout enveloppé de housses — , ce jour fit pourtant faire un progrès à mon amour, car il fut comme un premier chagrin qu’elle eût partagé avec moi.	The first of these days — to which the snow, a symbol of the powers that were able to deprive me of the sight of Gilberte, imparted the sadness of a day of separation, almost the aspect of a day of departure, because it changed the outward form and almost forbade the use of the customary scene of our only encounters, now altered, covered, as it were, in dust-sheets — that day, none the less, marked a stage in the progress of my love, for it was, in a sense, the first sorrow that she was to share with me.
105	110	0.405	Il n’y avait que nous deux de notre bande, et être ainsi le seul qui fût avec elle, c’était non seulement comme un commencement d’intimité, mais aussi de sa part, — comme si elle ne fût venue rien que pour moi par un temps pareil — cela me semblait aussi touchant que si un de ces jours où elle était invitée à une matinée, elle y avait renoncé pour venir me retrouver aux Champs-Élysées; je prenais plus de confiance en la vitalité et en l’avenir de notre amitié qui restait vivace au milieu de l’engourdissement, de la solitude et de la ruine des choses environnantes; et tandis qu’elle me mettait des boules de neige dans le cou, je souriais avec attendrissement à ce qui me semblait à la fois une prédilection qu’elle me marquait en me tolérant comme compagnon de voyage dans ce pays hivernal et nouveau, et une sorte de fidélité qu’elle me gardait au milieu du malheur.	There were only our two selves of our little company, and to be thus alone with her was not merely like a beginning of intimacy, but also on her part — as though she had come there solely to please me, and in such weather — it seemed to me as touching as if, on one of those days on which she had been invited to a party, she had given it up in order to come to me in the Champs-Elysées; I acquired more confidence in the vitality, in the future of a friendship which could remain so much alive amid the torpor, the solitude, the decay of our surroundings; and while she dropped pellets of snow down my neck, I smiled lovingly at what seemed to me at once a predilection that she shewed for me in thus tolerating me as her travelling companion in this new, this wintry land, and a sort of loyalty to me which she preserved through evil times.
106	111	0.454	Bientôt l’une après l’autre, comme des moineaux hésitants, ses amies arrivèrent toutes noires sur la neige.	Presently, one after another, like shyly hopping sparrows, her friends arrived, black against the snow.
107	112	0.558	Nous commençâmes à jouer et comme ce jour si tristement commencé devait finir dans la joie, comme je m’approchais, avant de jouer aux barres, de l’amie à la voix brève que j’avais entendue le premier jour crier le nom de Gilberte, elle me dit: «Non, non, on sait bien que vous aimez mieux être dans le camp de Gilberte, d’ailleurs vous voyez elle vous fait signe.»	"We got ready to play and, since this day which had begun so sadly was destined to end in joy, as I went up, before the game started, to the friend with the sharp voice whom I had heard, that first day, calling Gilberte by name, she said to me: ""No, no, I'm sure you'd much rather be in Gilberte's camp; besides, look, she's signalling to you."""
108	113	0.587	Elle m’appelait en effet pour que je vinsse sur la pelouse de neige, dans son camp, dont le soleil en lui donnant les reflets roses, l’usure métallique des brocarts anciens, faisait un camp du drap d’or.	She was in fact summoning me to cross the snowy lawn to her camp, to 'take the field,' which the sun, by casting over it a rosy gleam, the metallic lustre of old and worn brocades, had turned into a Field of the Cloth of Gold.
109	114	0.400	Ce jour que j’avais tant redouté fut au contraire un des seuls où je ne fus pas trop malheureux.	This day, which I had begun with so many misgivings, was, as it happened, one of the few on which I was not unduly wretched.
110	115	0.358	Car, moi qui ne pensais plus qu’à ne jamais rester un jour sans voir Gilberte (au point qu’une fois ma grand’mère n’étant pas rentrée pour l’heure du dîner, je ne pus m’empêcher de me dire tout de suite que si elle avait été écrasée par une voiture, je ne pourrais pas aller de quelque temps aux Champs-Élysées; on n’aime plus personne dès qu’on aime) pourtant ces moments où j’étais auprès d’elle et que depuis la veille j’avais si impatiemment attendus, pour lesquels j’avais tremblé, auxquels j’aurais sacrifié tout le reste, n’étaient nullement des moments heureux; et je le savais bien car c’était les seuls moments de ma vie sur lesquels je concentrasse une attention méticuleuse, acharnée, et elle ne découvrait pas en eux un atome de plaisir.	For, although I no longer thought, now, of anything save not to let a single day pass without seeing Gilberte (so much so that once, when my grandmother had not come home by dinner-time, I could not resist the instinctive reflection that, if she had been run over in the street and killed, I should not for some time be allowed to play in the Champs-Elysées; when one is in love one has no love left for anyone), yet those moments which I spent in her company, for which I had waited with so much impatience all night and morning, for which I had quivered with excitement, to which I would have sacrificed everything else in the world, were by no means happy moments; well did I know it, for they were the only moments in my life on which I concentrated a scrupulous, undistracted attention, and yet I could not discover in them one atom of pleasure.
111	116	0.397	Tout le temps que j’étais loin de Gilberte, j’avais besoin de la voir, parce que cherchant sans cesse à me représenter son image, je finissais par ne plus y réussir, et par ne plus savoir exactement à quoi correspondait mon amour.	All the time that I was away from Gilberte, I wanted to see her, because, having incessantly sought to form a mental picture of her, I was unable, in the end, to do so, and did not know exactly to what my love corresponded.
112	117	0.408	Puis, elle ne m’avait encore jamais dit qu’elle m’aimait.	Besides, she had never yet told me that she loved me.
113	118-119	0.445	Bien au contraire, elle avait souvent prétendu qu’elle avait des amis qu’elle me préférait, que j’étais un bon camarade avec qui elle jouait volontiers quoique trop distrait, pas assez au jeu; enfin elle m’avait donné souvent des marques apparentes de froideur qui auraient pu ébranler ma croyance que j’étais pour elle un être différent des autres, si cette croyance avait pris sa source dans un amour que Gilberte aurait eu pour moi, et non pas, comme cela était, dans l’amour que j’avais pour elle, ce qui la rendait autrement résistante, puisque cela la faisait dépendre de la manière même dont j’étais obligé, par une nécessité intérieure, de penser à Gilberte.	Far from it, she had often boasted that she knew other little boys whom she preferred to myself, that I was a good companion, with whom she was always willing to play, although I was too absent-minded, not attentive enough to the game. Moreover, she had often shewn signs of apparent coldness towards me, which might have shaken my faith that I was for her a creature different from the rest, had that faith been founded upon a love that Gilberte had felt for me, and not, as was the case, upon the love that I felt for her, which strengthened its resistance to the assaults of doubt by making it depend entirely upon the manner in which I was obliged, by an internal compulsion, to think of Gilberte.
114	120	0.347	Mais les sentiments que je ressentais pour elle, moi-même je ne les lui avais pas encore déclarés.	But my feelings with regard to her I had never yet ventured to express to her in words.
115	121	0.396	Certes, à toutes les pages de mes cahiers, j’écrivais indéfiniment son nom et son adresse, mais à la vue de ces vagues lignes que je traçais sans qu’elle pensât pour cela à moi, qui lui faisaient prendre autour de moi tant de place apparente sans qu’elle fût mêlée davantage à ma vie, je me sentais découragé parce qu’elles ne me parlaient pas de Gilberte qui ne les verrait même pas, mais de mon propre désir qu’elles semblaient me montrer comme quelque chose de purement personnel, d’irréel, de fastidieux et d’impuissant.	Of course, on every page of my exercise-books, I wrote out, in endless repetition, her name and address, but at the sight of those vague lines which I might trace, without her having to think, on that account, of me, I felt discouraged, because they spoke to me, not of Gilberte, who would never so much as see them, but of my own desire, which they seemed to shew me in its true colours, as something purely personal, unreal, tedious and ineffective.
116	122	0.443	Le plus pressé était que nous nous vissions Gilberte et moi, et que nous puissions nous faire l’aveu réciproque de notre amour, qui jusque-là n’aurait pour ainsi dire pas commencé.	The most important thing was that we should see each other, Gilberte and I, and should have an opportunity of making a mutual confession of our love which, until then, would not officially (so to speak) have begun.
117	123	0.578	Sans doute les diverses raisons qui me rendaient si impatient de la voir auraient été moins impérieuses pour un homme mûr.	Doubtless the various reasons which made me so impatient to see her would have appeared less urgent to a grown man.
118	124	0.449	Plus tard, il arrive que devenus habiles dans la culture de nos plaisirs, nous nous contentions de celui que nous avons à penser à une femme comme je pensais à Gilberte, sans être inquiets de savoir si cette image correspond à la réalité, et aussi de celui de l’aimer sans avoir besoin d’être certain qu’elle nous aime; ou encore que nous renoncions au plaisir de lui avouer notre inclination pour elle, afin d’entretenir plus vivace l’inclination qu’elle a pour nous, imitant ces jardiniers japonais qui pour obtenir une plus belle fleur, en sacrifient plusieurs autres.	As life goes on, we acquire such adroitness in the culture of our pleasures, that we content ourselves with that which we derive from thinking of a woman, as I was thinking of Gilberte, without troubling ourselves to ascertain whether the image corresponds to the reality, — and with the pleasure of loving her, without needing to be sure, also, that she loves us; or again that we renounce the pleasure of confessing our passion for her, so as to preserve and enhance the passion that she has for us, like those Japanese gardeners who, to obtain one perfect blossom, will sacrifice the rest.
119	125	0.149	Mais à l’époque où j’aimais Gilberte, je croyais encore que l’Amour existait réellement en dehors de nous; que, en permettant tout au plus que nous écartions les obstacles, il offrait ses bonheurs dans un ordre auquel on n’était pas libre de rien changer; il me semblait que si j’avais, de mon chef, substitué à la douceur de l’aveu la simulation de l’indifférence, je ne me serais pas seulement privé d’une des joies dont j’avais le plus rêvé mais que je me serais fabriqué à ma guise un amour factice et sans valeur, sans communication avec le vrai, dont j’aurais renoncé à suivre les chemins mystérieux et préexistants.	But at the period when I was in love with Gilberte, I still believed that Love did really exist, apart from ourselves; that, allowing us, at the most, to surmount the obstacles in our way, it offered us its blessings in an order in which we were not free to make the least alteration; it seemed to me that if I had, on my own initiative, substituted for the sweetness of a confession a pretence of indifference, I should not only have been depriving myself of one of the joys of which I had most often dreamed, I should have been fabricating, of my own free will, a love that was artificial and without value, that bore no relation to the truth, whose mysterious and foreordained ways I should thus have been declining to follow.
120	126	0.236	Mais quand j’arrivais aux Champs-Élysées, — et que d’abord j’allais pouvoir confronter mon amour pour lui faire subir les rectifications nécessaires à sa cause vivante, indépendante de moi — , dès que j’étais en présence de cette Gilberte Swann sur la vue de laquelle j’avais compté pour rafraîchir les images que ma mémoire fatiguée ne retrouvait plus, de cette Gilberte Swann avec qui j’avais joué hier, et que venait de me faire saluer et reconnaître un instinct aveugle comme celui qui dans la marche nous met un pied devant l’autre avant que nous ayons eu le temps de penser, aussitôt tout se passait comme si elle et la fillette qui était l’objet de mes rêves avaient été deux êtres différents.	But when I arrived at the Champs-Elysées, — and, as at first sight it appeared, was in a position to confront my love, so as to make it undergo the necessary modifications, with its living and independent cause — as soon as I was in the presence of that Gilberte Swann on the sight of whom I had counted to revive the images that my tired memory had lost and could not find again, of that Gilberte Swann with whom I had been playing the day before, and whom I had just been prompted to greet, and then to recognise, by a blind instinct like that which, when we are walking, sets one foot before the other, without giving us time to think what we are doing, then at once it became as though she and the little girl who had inspired my dreams had been two different people.
121	127	0.296	Par exemple si depuis la veille je portais dans ma mémoire deux yeux de feu dans des joues pleines et brillantes, la figure de Gilberte m’offrait maintenant avec insistance quelque chose que précisément je ne m’étais pas rappelé, un certain effilement aigu du nez qui, s’associant instantanément à d’autres traits, prenait l’importance de ces caractères qui en histoire naturelle définissent une espèce, et la transmuait en une fillette du genre de celles à museau pointu.	If, for instance, I had retained in my memory overnight two fiery eyes above plump and rosy cheeks, Gilberte's face would now offer me (and with emphasis) something that I distinctly had not remembered, a certain sharpening and prolongation of the nose which, instantaneously associating itself with certain others of her features, assumed the importance of those characteristics which, in natural history, are used to define a species, and transformed her into a little girl of the kind that have sharpened profiles.
122	128	0.447	Tandis que je m’apprêtais à profiter de cet instant désiré pour me livrer, sur l’image de Gilberte que j’avais préparée avant de venir et que je ne retrouvais plus dans ma tête, à la mise au point qui me permettrait dans les longues heures où j’étais seul d’être sûr que c’était bien elle que je me rappelais, que c’était bien mon amour pour elle que j’accroissais peu à peu comme un ouvrage qu’on compose, elle me passait une balle; et comme le philosophe idéaliste dont le corps tient compte du monde extérieur à la réalité duquel son intelligence ne croit pas, le même moi qui m’avait fait la saluer avant que je l’eusse identifiée, s’empressait de me faire saisir la balle qu’elle me tendait (comme si elle était une camarade avec qui j’étais venu jouer, et non une âme sœur que j’étais venu rejoindre), me faisait lui tenir par bienséance jusqu’à l’heure où elle s’en allait, mille propos aimables et insignifiants et m’empêchait ainsi, ou de garder le silence pendant lequel j’aurais pu enfin remettre la main sur l’image urgente et égarée, ou de lui dire les paroles qui pouvaient faire faire à notre amour les progrès décisifs sur lesquels j’étais chaque fois obligé de ne plus compter que pour l’après-midi suivante.	While I was making myself ready to take advantage of this long expected moment, and to surrender myself to the impression of Gilberte which I had prepared beforehand but could no longer find in my head, to an extent which would enable me, during the long hours which I must spend alone, to be certain that it was indeed herself whom I had in mind, that it was indeed my love for her that I was gradually making grow, as a book grows when one is writing it, she threw me a ball; and, like the idealist philosopher whose body takes account of the external world in the reality of which his intellect declines to believe, the same self which had made me salute her before I had identified her now urged me to catch the ball that she tossed to me (as though she had been a companion, with whom I had come to play, and not a sister-soul with whom my soul had come to be united), made me, out of politeness, until the time came when she had to I go, address a thousand polite and trivial remarks to her, and so prevented me both from keeping a silence in which I might at last have laid my hand upon the indispensable, escaped idea, and from uttering the words which might have made that definite progress in the course of our love on which I was always obliged to count only for the following afternoon.
123	129	0.198	Il en faisait pourtant quelques-uns.	There was, however, an occasional development.
124	130	0.519	Un jour que nous étions allés avec Gilberte jusqu’à la baraque de notre marchande qui était particulièrement aimable pour nous, — car c’était chez elle que M. Swann faisait acheter son pain d’épices, et par hygiène, il en consommait beaucoup, souffrant d’un eczéma ethnique et de la constipation des Prophètes, — Gilberte me montrait en riant deux petits garçons qui étaient comme le petit coloriste et le petit naturaliste des livres d’enfants.	One day, we had gone with Gilberte to the stall of our own special vendor, who was always particularly nice to us, since it was to her that M. Swann used to send for his gingerbread, of which, for reasons of health (he suffered from a racial eczema, and from the constipation of the prophets), he consumed a great quantity, — Gilberte pointed out to me with a laugh two little boys who were like the little artist and the little naturalist in the children's storybooks.
125	131	0.534	Car l’un ne voulait pas d’un sucre d’orge rouge parce qu’il préférait le violet et l’autre, les larmes aux yeux, refusait une prune que voulait lui acheter sa bonne, parce que, finit-il par dire d’une voix passionnée: «J’aime mieux l’autre prune, parce qu’elle a un ver!»	"For one of them would not have a red stick of rock because he preferred the purple, while the other, with tears in his eyes, refused a plum which his nurse was buying for him, because, as he finally explained in passionate tones: ""I want the other plum; it's got a worm in it!"""
126	132	0.514	J’achetai deux billes d’un sou.	I purchased two ha'penny marbles.
127	133	0.440	Je regardais avec admiration, lumineuses et captives dans une sébile isolée, les billes d’agate qui me semblaient précieuses parce qu’elles étaient souriantes et blondes comme des jeunes filles et parce qu’elles coûtaient cinquante centimes pièce.	With admiring eyes I saw, luminous and imprisoned in a bowl by themselves, the agate marbles which seemed precious to me because they were as fair and smiling as little girls, and because they cost five-pence each.
128	134	0.576	Gilberte à qui on donnait beaucoup plus d’argent qu’à moi me demanda laquelle je trouvais la plus belle.	Gilberte, who was given a great deal more pocket money than I ever had, asked me which I thought the prettiest.
129	135	0.445	Elles avaient la transparence et le fondu de la vie.	They were as transparent, as liquid-seeming as life itself.
130	136	0.470	Je n’aurais voulu lui en faire sacrifier aucune.	I would not have had her sacrifice a single one of them.
131	137	0.349	J’aurais aimé qu’elle pût les acheter, les délivrer toutes.	I should have liked her to be able to buy them, to liberate them all.
132	138	0.557	Pourtant je lui en désignai une qui avait la couleur de ses yeux.	Still, I pointed out one that had the same colour as her eyes.
133	139	0.575	Gilberte la prit, chercha son rayon doré, la caressa, paya sa rançon, mais aussitôt me remit sa captive en me disant: «Tenez, elle est à vous, je vous la donne, gardez-la comme souvenir.»	"Gilberte took it, turned it about until it shone with a ray of gold, fondled it, paid its ransom, but at once handed me her captive, saying: ""Take it; it is for you, I give it to you, keep it to remind yourself of me."""
134	140	0.514	Une autre fois, toujours préoccupé du désir d’entendre la Berma dans une pièce classique, je lui avais demandé si elle ne possédait pas une brochure où Bergotte parlait de Racine, et qui ne se trouvait plus dans le commerce.	Another time, being still obsessed by the desire to hear Berma in classic drama, I had asked her whether she had not a copy of a pamphlet in which Bergotte spoke of Racine, and which was now out of print.
135	141	0.428	Elle m’avait prié de lui en rappeler le titre exact, et le soir je lui avais adressé un petit télégramme en écrivant sur l’enveloppe ce nom de Gilberte Swann que j’avais tant de fois tracé sur mes cahiers.	She had told me to let her know the exact title of it, and that evening I had sent her a little telegram, writing on its envelope the name, Gilberte Swann, which I had so often traced in my exercise-books.
136	142	0.385	Le lendemain elle m’apporta dans un paquet noué de faveurs mauves et scellé de cire blanche, la brochure qu’elle avait fait chercher.	Next day she brought me in a parcel tied with pink bows and sealed with white wax, the pamphlet, a copy of which she had managed to find.
137	143	0.429	«Vous voyez que c’est bien ce que vous m’avez demandé, me dit-elle, tirant de son manchon le télégramme que je lui avais envoyé.»	"""You see, it is what you asked me for,"" she said, taking from her muff the telegram that I had sent her."
138	144	0.399	Mais dans l’adresse de ce pneumatique, — qui, hier encore n’était rien, n’était qu’un petit bleu que j’avais écrit, et qui depuis qu’un télégraphiste l’avait remis au concierge de Gilberte et qu’un domestique l’avait porté jusqu’à sa chambre, était devenu cette chose sans prix, un des petits bleus qu’elle avait reçus ce jour-là, — j’eus peine à reconnaître les lignes vaines et solitaires de mon écriture sous les cercles imprimés qu’y avait apposés la poste, sous les inscriptions qu’y avait ajoutées au crayon un des facteurs, signes de réalisation effective, cachets du monde extérieur, violettes ceintures symboliques de la vie, qui pour la première fois venaient épouser, maintenir, relever, réjouir mon rêve.	But in the address on the pneumatic message — which, only yesterday, was nothing, was merely a 'little blue' that I had written, and, after a messenger had delivered it to Gilberte's porter and a servant had taken it to her in her room, had become a thing without value or distinction, one of the 'little blues' that she had received in the course of the day — I had difficulty in recognising the futile, straggling lines of my own handwriting beneath the circles stamped on it at the post-office, the inscriptions added in pencil by a postman, signs of effectual realisation, seals of the external world, violet bands symbolical of life itself, which for the first time came to espouse, to maintain, to raise, to rejoice my dream.
139	145	0.583	Et il y eut un jour aussi où elle me dit: «Vous savez, vous pouvez m’appeler Gilberte, en tous cas moi, je vous appellerai par votre nom de baptême.	"And there was another day on which she said to me: ""You know, you may call me 'Gilberte'; in any case, I'm going to call you by your first name."
140	146	0.537	C’est trop gênant.»	"It's too silly not to."""
141	147	0.465	Pourtant elle continua encore un moment à se contenter de me dire «vous» et comme je le lui faisais remarquer, elle sourit, et composant, construisant une phrase comme celles qui dans les grammaires étrangères n’ont d’autre but que de nous faire employer un mot nouveau, elle la termina par mon petit nom.	Yet she continued for a while to address me by the more formal '_vous_,' and, when I drew her attention to this, smiled, and composing, constructing a phrase like those that are put into the grammar-books of foreign languages with no other object than to teach us to make use of a new word, ended it with my Christian name.
142	148	0.326	Et me souvenant plus tard de ce que j’avais senti alors, j’y ai démêlé l’impression d’avoir été tenu un instant dans sa bouche, moi-même, nu, sans plus aucune des modalités sociales qui appartenaient aussi, soit à ses autres camarades, soit, quand elle disait mon nom de famille, à mes parents, et dont ses lèvres — en l’effort qu’elle faisait, un peu comme son père, pour articuler les mots qu’elle voulait mettre en valeur — eurent l’air de me dépouiller, de me dévêtir, comme de sa peau un fruit dont on ne peut avaler que la pulpe, tandis que son regard, se mettant au même degré nouveau d’intimité que prenait sa parole, m’atteignait aussi plus directement, non sans témoigner la conscience, le plaisir et jusque la gratitude qu’il en avait, en se faisant accompagner d’un sourire.	And when I recalled, later, what I had felt at the time, I could distinguish the impression of having been held, for a moment, in her mouth, myself, naked, without, any longer, any of the social qualifications which belonged equally to her other companions and, when she used my surname, to my parents, accessories of which her lips — by the effort that she made, a little after her father's manner, to articulate the words to which she wished to give a special value — had the air of stripping, of divesting me, as one peels the skin from a fruit of which one is going to put only the pulp into one's mouth, while her glance, adapting itself to the same new degree of intimacy as her speech, fell on me also more directly, not without testifying to the consciousness, the pleasure, even the gratitude that it felt, accompanying itself with a smile.
143	149	0.515	Mais au moment même, je ne pouvais apprécier la valeur de ces plaisirs nouveaux.	But at that actual moment, I was not able to appreciate the worth of these new pleasures.
144	150	0.427	Ils n’étaient pas donnés par la fillette que j’aimais, au moi qui l’aimait, mais par l’autre, par celle avec qui je jouais, à cet autre moi qui ne possédait ni le souvenir de la vraie Gilberte, ni le cœur indisponible qui seul aurait pu savoir le prix d’un bonheur, parce que seul il l’avait désiré.	They were given, not by the little girl whom I loved, to me who loved her, but by the other, her with whom I used to play, to my other self, who possessed neither the memory of the true Gilberte, nor the fixed heart which alone could have known the value of a happiness for which it alone had longed.
145	151	0.284	Même après être rentré à la maison je ne les goûtais pas, car, chaque jour, la nécessité qui me faisait espérer que le lendemain j’aurais la contemplation exacte, calme, heureuse de Gilberte, qu’elle m’avouerait enfin son amour, en m’expliquant pour quelles raisons elle avait dû me le cacher jusqu’ici, cette même nécessité me forçait à tenir le passé pour rien, à ne jamais regarder que devant moi, à considérer les petits avantages qu’elle m’avait donnés non pas en eux-mêmes et comme s’ils se suffisaient, mais comme des échelons nouveaux où poser le pied, qui allaient me permettre de faire un pas de plus en avant et d’atteindre enfin le bonheur que je n’avais pas encore rencontré.	Even after I had returned home I did not taste them, since, every day, the necessity which made me hope that on the morrow I should arrive at the clear, calm, happy contemplation of Gilberte, that she would at last confess her love for me, explaining to me the reasons by which she had been obliged, hitherto, to conceal it, that same necessity forced me to regard the past as of no account, to look ahead of me only, to consider the little advantages that she had given me not in themselves and as if they were self-sufficient, but like fresh rungs of the ladder on which I might set my feet, which were going to allow me to advance a step further and finally to attain the happiness which I had not yet encountered.
146	152	0.420	Si elle me donnait parfois de ces marques d’amitié, elle me faisait aussi de la peine en ayant l’air de ne pas avoir de plaisir à me voir, et cela arrivait souvent les jours mêmes sur lesquels j’avais le plus compté pour réaliser mes espérances.	If, at times, she shewed me these marks of her affection, she troubled me also by seeming not to be pleased to see me, and this happened often on the very days on which I had most counted for the realisation of my hopes.
147	153	0.508	J’étais sûr que Gilberte viendrait aux Champs-Élysées et j’éprouvais une allégresse qui me paraissait seulement la vague anticipation d’un grand bonheur quand, — entrant dès le matin au salon pour embrasser maman déjà toute prête, la tour de ses cheveux noirs entièrement construite, et ses belles mains blanches et potelées sentant encore le savon, — j’avais appris, en voyant une colonne de poussière se tenir debout toute seule au-dessus du piano, et en entendant un orgue de Barbarie jouer sous la fenêtre: «En revenant de la revue», que l’hiver recevait jusqu’au soir la visite inopinée et radieuse d’une journée de printemps.	I was sure that Gilberte was coming to the Champs-Elysées, and I felt an elation which seemed merely the anticipation of a great happiness when — going into the drawing-room in the morning to kiss Mamma, who was already dressed to go out, the coils of her black hair elaborately built up, and her beautiful hands, plump and white, fragrant still with soap — I had been apprised, by seeing a column of dust standing by itself in the air above the piano, and by hearing a barrel-organ playing, beneath the window, _En revenant de la revue_, that the winter had received, until nightfall, an unexpected, radiant visit from a day of spring.
148	154	0.424	Pendant que nous déjeunions, en ouvrant sa croisée, la dame d’en face avait fait décamper en un clin d’œil, d’à côté de ma chaise, — rayant d’un seul bond toute la largeur de notre salle à manger — un rayon qui y avait commencé sa sieste et était déjà revenu la continuer l’instant d’après.	While we sat at luncheon, by opening her window, the lady opposite had sent packing, in the twinkling of an eye, from beside my chair — to sweep in a single stride over the whole width of our dining-room — a sunbeam which had lain down there for its midday rest and returned to continue it there a moment later.
149	155	0.513	Au collège, à la classe d’une heure, le soleil me faisait languir d’impatience et d’ennui en laissant traîner une lueur dorée jusque sur mon pupitre, comme une invitation à la fête où je ne pourrais arriver avant trois heures, jusqu’au moment où Françoise venait me chercher à la sortie, et où nous nous acheminions vers les Champs-Élysées par les rues décorées de lumière, encombrées par la foule, et où les balcons, descellés par le soleil et vaporeux, flottaient devant les maisons comme des nuages d’or.	At school, during the one o'clock lesson, the sun made me sick with impatience and boredom as it let fall a golden stream that crept to the edge of my desk, like an invitation to the feast at which I could not myself arrive before three o'clock, until the moment when Françoise came to fetch me at the school-gate, and we made our way towards the Champs-Elysées through streets decorated with sunlight, dense with people, over which the balconies, detached by the sun and made vaporous, seemed to float in front of the houses like clouds of gold.
150	156	0.487	Hélas! aux Champs-Élysées je ne trouvais pas Gilberte, elle n’était pas encore arrivée.	Alas! in the Champs-Elysées I found no Gilberte; she had not yet arrived.
151	157	0.504	Immobile sur la pelouse nourrie par le soleil invisible qui çà et là faisait flamboyer la pointe d’un brin d’herbe, et sur laquelle les pigeons qui s’y étaient posés avaient l’air de sculptures antiques que la pioche du jardinier a ramenées à la surface d’un sol auguste, je restais les yeux fixés sur l’horizon, je m’attendais à tout moment à voir apparaître l’image de Gilberte suivant son institutrice, derrière la statue qui semblait tendre l’enfant qu’elle portait et qui ruisselait de rayons, à la bénédiction du soleil.	Motionless, on the lawn nurtured by the invisible sun which, here and there, kindled to a flame the point of a blade of grass, while the pigeons that had alighted upon it had the appearance of ancient sculptures which the gardener's pick had heaved to the surface of a hallowed soil, I stood with my eyes fixed on the horizon, expecting at every moment to see appear the form of Gilberte following that of her governess, behind the statue that seemed to be holding out the child, which it had in its arms, and which glistened in the stream of light, to receive benediction from the sun.
152	158	0.375	La vieille lectrice des Débats était assise sur son fauteuil, toujours à la même place, elle interpellait un gardien à qui elle faisait un geste amical de la main en lui criant: «Quel joli temps!»	"The old lady who read the Débats was sitting on her chair, in her invariable place, and had just accosted a park-keeper, with a friendly wave of her hands towards him as she exclaimed ""What a lovely day!"""
153	159	0.252	Et la préposée s’étant approchée d’elle pour percevoir le prix du fauteuil, elle faisait mille minauderies en mettant dans l’ouverture de son gant le ticket de dix centimes comme si ç’avait été un bouquet, pour qui elle cherchait, par amabilité pour le donateur, la place la plus flatteuse possible.	And when the chair-woman came up to collect her penny, with an infinity of smirks and affectations she folded the ticket away inside her glove, as though it had been a posy of flowers, for which she had sought, in gratitude to the donor, the most becoming place upon her person.
154	160	0.470	Quand elle l’avait trouvée, elle faisait exécuter une évolution circulaire à son cou, redressait son boa, et plantait sur la chaisière, en lui montrant le bout de papier jaune qui dépassait sur son poignet, le beau sourire dont une femme, en indiquant son corsage à un jeune homme, lui dit: «Vous reconnaissez vos roses!»	"When she had found it, she performed a circular movement with her neck, straightened her boa, and fastened upon the collector, as she shewed her the end of yellow paper that stuck out over her bare wrist, the bewitching smile with which a woman says to a young man, pointing to her bosom: ""You see, I'm wearing your roses!"""
155	161	0.643	J’emmenais Françoise au-devant de Gilberte jusqu’à l’Arc-de-Triomphe, nous ne la rencontrions pas, et je revenais vers la pelouse persuadé qu’elle ne viendrait plus, quand, devant les chevaux de bois, la fillette à la voix brève se jetait sur moi: «Vite, vite, il y a déjà un quart d’heure que Gilberte est arrivée.	"I dragged Françoise, on the way towards Gilberte, as far as the Arc de Triomphe; we did not meet her, and I was returning towards the lawn convinced, now, that she was not coming, when, in front of the wooden horses, the little girl with the sharp voice flung herself upon me: ""Quick, quick, Gilberte's been here a quarter of an hour."
156	162	0.394	Elle va repartir bientôt.	She's just going.
157	163	0.492	On vous attend pour faire une partie de barres.»	"We've been waiting for you, to make up a prisoner's base."""
158	164	0.660	Pendant que je montais l’avenue des Champs-Élysées, Gilberte était venue par la rue Boissy-d’Anglas, Mademoiselle ayant profité du beau temps pour faire des courses pour elle; et M. Swann allait venir chercher sa fille.	While I had been going up the Avenue des Champs-Elysées, Gilberte had arrived by the Rue Boissy-d'Anglas, Mademoiselle having taken advantage of the fine weather to go on some errand of her own; and M. Swann was coming to fetch his daughter.
159	165	0.373	Aussi c’était ma faute; je n’aurais pas dû m’éloigner de la pelouse; car on ne savait jamais sûrement par quel côté Gilberte viendrait, si ce serait plus ou moins tard, et cette attente finissait par me rendre plus émouvants, non seulement les Champs-Élysées entiers et toute la durée de l’après-midi, comme une immense étendue d’espace et de temps sur chacun des points et à chacun des moments de laquelle il était possible qu’apparût l’image de Gilberte, mais encore cette image, elle-même, parce que derrière cette image je sentais se cacher la raison pour laquelle elle m’était décochée en plein cœur, à quatre heures au lieu de deux heures et demie, surmontée d’un chapeau de visite à la place d’un béret de jeu, devant les «Ambassadeurs» et non entre les deux guignols, je devinais quelqu’une de ces occupations où je ne pouvais suivre Gilberte et qui la forçaient à sortir ou à rester à la maison, j’étais en contact avec le mystère de sa vie inconnue.	And so it was my fault; I ought not to have strayed from the lawn; for one never knew for certain from what direction Gilberte would appear, whether she would be early or late, and this perpetual tension succeeded in making more impressive not only the Champs-Elysées in their entirety, and the whole span of the afternoon, like a vast expanse of space and time, on every point and at every moment of which it was possible that the form of Gilberte might appear, but also that form itself, since behind its appearance I felt that there lay concealed the reason for which it had shot its arrow into my heart at four o'clock instead of at half-past two; crowned with a smart hat, for paying calls, instead of the plain cap, for games; in front of the Ambassadeurs and not between the two puppet-shows; I divined one of those occupations in which I might not follow Gilberte, occupations that forced her to go out or to stay at home, I was in contact with the mystery of her unknown life.
160	166-167	0.369	C’était ce mystère aussi qui me troublait quand, courant sur l’ordre de la fillette à la voix brève pour commencer tout de suite notre partie de barres, j’apercevais Gilberte, si vive et brusque avec nous, faisant une révérence à la dame aux Débats (qui lui disait: «Quel beau soleil, on dirait du feu»), lui parlant avec un sourire timide, d’un air compassé qui m’évoquait la jeune fille différente que Gilberte devait être chez ses parents, avec les amis de ses parents, en visite, dans toute son autre existence qui m’échappait.	"It was this mystery, too, which troubled me when, running at the sharp-voiced girl's bidding, so as to begin our game without more delay, I saw Gilberte, so quick and informal with us, make a ceremonious bow to the old lady with the _Débats_ (who acknowledged it with ""What a lovely sun! You'd think there was a fire burning."") speaking to her with a shy smile, with an air of constraint which called to my mind the other little girl that Gilberte must be when at home with her parents, or with friends of her parents, paying visits, in all the rest, that escaped me, of her existence."
161	168	0.501	Mais de cette existence personne ne me donnait l’impression comme M. Swann qui venait un peu après pour retrouver sa fille.	But of that existence no one gave me so strong an impression as did M. Swann, who came a little later to fetch his daughter.
162	169	0.369	C’est que lui et Mme Swann, — parce que leur fille habitait chez eux, parce que ses études, ses jeux, ses amitiés dépendaient d’eux — contenaient pour moi, comme Gilberte, peut-être même plus que Gilberte, comme il convenait à des lieux tout-puissants sur elle en qui il aurait eu sa source, un inconnu inaccessible, un charme douloureux.	That was because he and Mme. Swann — inasmuch as their daughter lived with them, as her lessons, her games, her friendships depended upon them — contained for me, like Gilberte, perhaps even more than Gilberte, as befitted subjects that had an all-powerful control over her in whom it must have had its source, an undefined, an inaccessible quality of melancholy charm.
163	170	0.328	Tout ce qui les concernait était de ma part l’objet d’une préoccupation si constante que les jours où, comme ceux-là, M. Swann (que j’avais vu si souvent autrefois sans qu’il excitât ma curiosité, quand il était lié avec mes parents) venait chercher Gilberte aux Champs-Élysées, une fois calmés les battements de cœur qu’avait excités en moi l’apparition de son chapeau gris et de son manteau à pèlerine, son aspect m’impressionnait encore comme celui d’un personnage historique sur lequel nous venons de lire une série d’ouvrages et dont les moindres particularités nous passionnent.	Everything that concerned them was on my part the object of so constant a preoccupation that the days on which, as on this day, M. Swann (whom I had seen so often, long ago, without his having aroused my curiosity, when he was still on good terms with my parents) came for Gilberte to the Champs-Elysées, once the pulsations to which my heart had been excited by the appearance of his grey hat and hooded cape had subsided, the sight of him still impressed me as might that of an historic personage, upon whom one had just been studying a series of books, and the smallest details of whose life one learned with enthusiasm.
164	171	0.420	Ses relations avec le comte de Paris qui, quand j’en entendais parler à Combray, me semblaient indifférentes, prenaient maintenant pour moi quelque chose de merveilleux, comme si personne d’autre n’eût jamais connu les Orléans; elles le faisaient se détacher vivement sur le fond vulgaire des promeneurs de différentes classes qui encombraient cette allée des Champs-Élysées, et au milieu desquels j’admirais qu’il consentît à figurer sans réclamer d’eux d’égards spéciaux, qu’aucun d’ailleurs ne songeait à lui rendre, tant était profond l’incognito dont il était enveloppé.	His relations with the Comte de Paris, which, when I heard them discussed at Combray, seemed to me unimportant, became now in my eyes something marvellous, as if no one else had ever known the House of Orleans; they set him in vivid detachment against the vulgar background of pedestrians of different classes, who encumbered that particular path in the Champs-Elysées, in the midst of whom I admired his condescending to figure without claiming any special deference, which as it happened none of them dreamed of paying him, so profound was the incognito in which he was wrapped.
165	172	0.424	Il répondait poliment aux saluts des camarades de Gilberte, même au mien quoiqu’il fût brouillé avec ma famille, mais sans avoir l’air de me connaître.	He responded politely to the salutations of Gilberte's companions, even to mine, for all that he was no longer on good terms with my family, but without appearing to know who I was.
166	173	0.424	(Cela me rappela qu’il m’avait pourtant vu bien souvent à la campagne; souvenir que j’avais gardé mais dans l’ombre, parce que depuis que j’avais revu Gilberte, pour moi Swann était surtout son père, et non plus le Swann de Combray; comme les idées sur lesquelles j’embranchais maintenant son nom étaient différentes des idées dans le réseau desquelles il était autrefois compris et que je n’utilisais plus jamais quand j’avais à penser à lui, il était devenu un personnage nouveau; je le rattachai pourtant par une ligne artificielle secondaire et transversale à notre invité d’autrefois; et comme rien n’avait plus pour moi de prix que dans la mesure où mon amour pouvait en profiter, ce fut avec un mouvement de honte et le regret de ne pouvoir les effacer que je retrouvai les années où, aux yeux de ce même Swann qui était en ce moment devant moi aux Champs-Élysées et à qui heureusement Gilberte n’avait peut-être pas dit mon nom, je m’étais si souvent le soir rendu ridicule en envoyant demander à maman de monter dans ma chambre me dire bonsoir, pendant qu’elle prenait le café avec lui, mon père et mes grands-parents à la table du jardin.)	(This reminded me that he had constantly seen me in the country; a memory which I had retained, but kept out of sight, because, since I had seen Gilberte again, Swann had become to me pre-eminently her father, and no longer the Combray Swann; as the ideas which, nowadays, I made his name connote were different from the ideas in the system of which it was formerly comprised, which I utilised not at all now when I had occasion to think of him, he had become a new, another person; still I attached him by an artificial thread, secondary and transversal, to our former guest; and as nothing had any longer any value for me save in the extent to which my love might profit by it, it was with a spasm of shame and of regret at not being able to erase them from my memory that I recaptured the years in which, in the eyes of this same Swann who was at this moment before me in the Champs-Elysées, and to whom, fortunately, Gilberte had perhaps not mentioned my name, I had so often, in the evenings, made myself ridiculous by sending to ask Mamma to come upstairs to my room to say good-night to me, while she was drinking coffee with him and my father and my grandparents at the table in the garden.)
167	174	0.498	Il disait à Gilberte qu’il lui permettait de faire une partie, qu’il pouvait attendre un quart d’heure, et s’asseyant comme tout le monde sur une chaise de fer payait son ticket de cette main que Philippe VII avait si souvent retenue dans la sienne, tandis que nous commencions à jouer sur la pelouse, faisant envoler les pigeons dont les beaux corps irisés qui ont la forme d’un cœur et sont comme les lilas du règne des oiseaux, venaient se réfugier comme en des lieux d’asile, tel sur le grand vase de pierre à qui son bec en y disparaissant faisait faire le geste et assignait la destination d’offrir en abondance les fruits ou les graines qu’il avait l’air d’y picorer, tel autre sur le front de la statue, qu’il semblait surmonter d’un de ces objets en émail desquels la polychromie varie dans certaines œuvres antiques la monotonie de la pierre et d’un attribut qui, quand la déesse le porte, lui vaut une épithète particulière et en fait, comme pour une mortelle un prénom différent, une divinité nouvelle.	He told Gilberte that she might play one game; he could wait for a quarter of an hour; and, sitting down, just like anyone else, on an iron chair, paid for his ticket with that hand which Philippe VII had so often held in his own, while we began our game upon the lawn, scattering the pigeons, whose beautiful, iridescent bodies (shaped like hearts and, surely, the lilacs of the feathered kingdom) took refuge as in so many sanctuaries, one on the great basin of stone, on which its beak, as it disappeared below the rim, conferred the part, assigned the purpose of offering to the bird in abundance the fruit or grain at which it appeared to be pecking, another on the head of the statue, which it seemed to crown with one of those enamelled objects whose polychrome varies in certain classical works the monotony of the stone, and with an attribute which, when the goddess bears it, entitles her to a particular epithet and makes of her, as a different Christian name makes of a mortal, a fresh divinity.
168	175	0.622	Un de ces jours de soleil qui n’avait pas réalisé mes espérances, je n’eus pas le courage de cacher ma déception à Gilberte.	On one of these sunny days which had not realised my hopes, I had not the courage to conceal my disappointment from Gilberte.
169-170	176	0.463	—J’avais justement beaucoup de choses à vous demander, lui dis-je. Je croyais que ce jour compterait beaucoup dans notre amitié.	"""I had ever so many things to ask you,"" I said to her; ""I thought that to-day was going to mean so much in our friendship."
171	177	0.483	Et aussitôt arrivée, vous allez partir!	And no sooner have you come than you go away!
172	178	0.378	Tâchez de venir demain de bonne heure, que je puisse enfin vous parler.	"Try to come early to-morrow, so that I can talk to you."""
173	179	0.236	Sa figure resplendit et ce fut en sautant de joie qu’elle me répondit:	"Her face lighted up and she jumped for joy as she answered: ""Tomorrow, you may make up your mind, my dear friend, I sha'n't come!"
174	180-181	0.442	—Demain, comptez-y, mon bel ami, mais je ne viendrai pas! j’ai un grand goûter; après-demain non plus, je vais chez une amie pour voir de ses fenêtres l’arrivée du roi Théodose, ce sera superbe, et le lendemain encore à Michel Strogoff et puis après, cela va être bientôt Noël et les vacances du jour de l’An.	"""First of all I've a big luncheon-party; then in the afternoon I am going to a friend's house to see King Theodosius arrive from her windows; won't that be splendid? — and then, next day, I'm going to _Michel Strogoff_, and after that it will soon be Christmas, and the New Year holidays!"
175	182	0.126	Peut-être on va m’emmener dans le midi.	Perhaps they'll take me south, to the Riviera; won't that be nice?
176	183	0.470	Ce que ce serait chic! quoique cela me fera manquer un arbre de Noël; en tous cas si je reste à Paris, je ne viendrai pas ici car j’irai faire des visites avec maman.	Though I should miss the Christmas-tree here; anyhow, if I do stay in Paris, I sha'n't be coming here, because I shall be out paying calls with Mamma.
177	184	0.538	Adieu, voilà papa qui m’appelle.	"Good-bye — there's Papa calling me."""
178	185	0.662	Je revins avec Françoise par les rues qui étaient encore pavoisées de soleil, comme au soir d’une fête qui est finie.	I returned home with Françoise through streets that were still gay with sunshine, as on the evening of a holiday when the merriment is over.
179	186	0.590	Je ne pouvais pas traîner mes jambes.	I could scarcely drag my legs along.
180	187	0.650	—Ça n’est pas étonnant, dit Françoise, ce n’est pas un temps de saison, il fait trop chaud.	"""I'm not surprised;"" said Françoise, ""it's not the right weather for the time of year; it's much too warm."
181	188	0.583	Hélas! mon Dieu, de partout il doit y avoir bien des pauvres malades, c’est à croire que là-haut aussi tout se détraque.	"Oh dear, oh dear, to think of all the poor sick people there must be everywhere; you would think that up there, too, everything's got out of order."""
182	189	0.546	Je me redisais en étouffant mes sanglots les mots où Gilberte avait laissé éclater sa joie de ne pas venir de longtemps aux Champs-Élysées.	I repeated to myself, stifling my sobs, the words in which Gilberte had given utterance to her joy at the prospect of not coming back, for a long time, to the Champs-Elysées.
183	190	0.426	Mais déjà le charme dont, par son simple fonctionnement, se remplissait mon esprit dès qu’il songeait à elle, la position particulière, unique, — fût elle affligeante, — où me plaçait inévitablement par rapport à Gilberte, la contrainte interne d’un pli mental, avaient commencé à ajouter, même à cette marque d’indifférence, quelque chose de romanesque, et au milieu de mes larmes se formait un sourire qui n’était que l’ébauche timide d’un baiser.	But already the charm with which, by the mere act of thinking, my mind was filled as soon as it thought of her, the privileged position, unique even if it were painful, in which I was inevitably placed in relation to Gilberte by the contraction of a scar in my mind, had begun to add to that very mark of her indifference something romantic, and in the midst of my tears my lips would shape themselves in a smile which was indeed the timid outline of a kiss.
184	191	0.384	Et quand vint l’heure du courrier, je me dis ce soir-là comme tous les autres: Je vais recevoir une lettre de Gilberte, elle va me dire enfin qu’elle n’a jamais cessé de m’aimer, et m’expliquera la raison mystérieuse pour laquelle elle a été forcée de me le cacher jusqu’ici, de faire semblant de pouvoir être heureuse sans me voir, la raison pour laquelle elle a pris l’apparence de la Gilberte simple camarade.	"And when the time came for the postman I said to myself, that evening as on every other: ""I am going to have a letter from Gilberte, she is going to tell me, at last, that she has never ceased to love me, and to explain to me the mysterious reason by which she has been forced to conceal her love from me until now, to put on the appearance of being able to be happy without seeing me; the reason for which she has assumed the form of the other Gilberte, who is simply a companion."""
185	192	0.426	Tous les soirs je me plaisais à imaginer cette lettre, je croyais la lire, je m’en récitais chaque phrase.	Every evening I would beguile myself into imagining this letter, believing that I was actually reading it, reciting each of its sentences in turn.
186	193	0.491	Tout d’un coup je m’arrêtais effrayé.	Suddenly I would stop, in alarm.
187	194	0.612	Je comprenais que si je devais recevoir une lettre de Gilberte, ce ne pourrait pas en tous cas être celle-là puisque c’était moi qui venais de la composer.	I had realised that, if I was to receive a letter from Gilberte, it could not, in any case, be this letter, since it was I myself who had just composed it.
188	195	0.350	Et dès lors, je m’efforçais de détourner ma pensée des mots que j’aurais aimé qu’elle m’écrivît, par peur en les énonçant, d’exclure justement ceux-là, — les plus chers, les plus désirés — , du champ des réalisations possibles.	And from that moment I would strive to keep my thoughts clear of the words which I should have liked her to write to me, from fear lest, by first selecting them myself, I should be excluding just those identical words, — the dearest, the most desired — from the field of possible events.
189	196	0.364	Même si par une invraisemblable coïncidence, c’eût été justement la lettre que j’avais inventée que de son côté m’eût adressée Gilberte, y reconnaissant mon œuvre je n’eusse pas eu l’impression de recevoir quelque chose qui ne vînt pas de moi, quelque chose de réel, de nouveau, un bonheur extérieur à mon esprit, indépendant de ma volonté, vraiment donné par l’amour.	Even if, by an almost impossible coincidence, it had been precisely the letter of my invention that Gilberte had addressed to me of her own accord, recognising my own work in it I should not have had the impression that I was receiving something that had not originated in myself, something real, something new, a happiness external to my mind, independent of my will, a gift indeed from love.
190	197	0.304	En attendant je relisais une page que ne m’avait pas écrite Gilberte, mais qui du moins me venait d’elle, cette page de Bergotte sur la beauté des vieux mythes dont s’est inspiré Racine, et que, à côté de la bille d’agathe, je gardais toujours auprès de moi.	While I waited I read over again a page which, although it had not been written to me by Gilberte, came to me, none the less, from her, that page by Bergotte upon the beauty of the old myths from which Racine drew his inspiration, which (with the agate marble) I always kept within reach.
191	198	0.323	J’étais attendri par la bonté de mon amie qui me l’avait fait rechercher; et comme chacun a besoin de trouver des raisons à sa passion, jusqu’à être heureux de reconnaître dans l’être qu’il aime des qualités que la littérature ou la conversation lui ont appris être de celles qui sont dignes d’exciter l’amour, jusqu’à les assimiler par imitation et en faire des raisons nouvelles de son amour, ces qualités fussent-elles les plus oppressées à celles que cet amour eût recherchées tant qu’il était spontané — comme Swann autrefois le caractère esthétique de la beauté d’Odette, — moi, qui avais d’abord aimé Gilberte, dès Combray, à cause de tout l’inconnu de sa vie, dans lequel j’aurais voulu me précipiter, m’incarner, en délaissant la mienne qui ne m’était plus rien, je pensais maintenant comme à un inestimable avantage, que de cette mienne vie trop connue, dédaignée, Gilberte pourrait devenir un jour l’humble servante, la commode et confortable collaboratrice, qui le soir m’aidant dans mes travaux, collationnerait pour moi des brochures.	I was touched by my friend's kindness in having procured the book for me; and as everyone is obliged to find some reason for his passion, so much so that he is glad to find in the creature whom he loves qualities which (he has learned by reading or in conversation) are worthy to excite a man's love, that he assimilates them by imitation and makes out of them fresh reasons for his love, even although these qualities be diametrically opposed to those for which his love would have sought, so long as it was spontaneous — as Swann, before my day, had sought to establish the aesthetic basis of Odette's beauty — I, who had at first loved Gilberte, in Combray days, on account of all the unknown element in her life into which I would fain have plunged headlong, have undergone reincarnation, discarding my own separate existence as a thing that no longer mattered, I thought now, as of an inestimable advantage, that of this, my own, my too familiar, my contemptible existence Gilberte might one day become the humble servant, the kindly, the comforting collaborator, who in the evenings, helping me in my work, would collate for me the texts of rare pamphlets.
192	199	0.460	Quant à Bergotte, ce vieillard infiniment sage et presque divin à cause de qui j’avais d’abord aimé Gilberte, avant même de l’avoir vue, maintenant c’était surtout à cause de Gilberte que je l’aimais.	As for Bergotte, that infinitely wise, almost divine old man, because of whom I had first, before I had even seen her, loved Gilberte, now it was for Gilberte's sake, chiefly, that I loved him.
193	200	0.518	Avec autant de plaisir que les pages qu’il avait écrites sur Racine, je regardais le papier fermé de grands cachets de cire blancs et noué d’un flot de rubans mauves dans lequel elle me les avait apportées.	With as much pleasure as the pages that he had written about Racine, I studied the wrapper, folded under great seals of white wax and tied with billows of pink ribbon, in which she had brought those pages to me.
194	201	0.401	Je baisais la bille d’agate qui était la meilleure part du cœur de mon amie, la part qui n’était pas frivole, mais fidèle, et qui bien que parée du charme mystérieux de la vie de Gilberte demeurait près de moi, habitait ma chambre, couchait dans mon lit.	I kissed the agate marble, which was the better part of my love's heart, the part that was not frivolous but faithful, and, for all that it was adorned with the mysterious charm of Gilberte's life, dwelt close beside me, inhabited my chamber, shared my bed.
195	202	0.331	Mais la beauté de cette pierre, et la beauté aussi de ces pages de Bergotte, que j’étais heureux d’associer à l’idée de mon amour pour Gilberte comme si dans les moments où celui-ci ne m’apparaissait plus que comme un néant, elles lui donnaient une sorte de consistance, je m’apercevais qu’elles étaient antérieures à cet amour, qu’elles ne lui ressemblaient pas, que leurs éléments avaient été fixés par le talent ou par les lois minéralogiques avant que Gilberte ne me connût, que rien dans le livre ni dans la pierre n’eût été autre si Gilberte ne m’avait pas aimé et que rien par conséquent ne m’autorisait à lire en eux un message de bonheur.	But the beauty of that stone, and the beauty also of those pages of Bergotte which I was glad to associate with the idea of my love for Gilberte, as if, in the moments when my love seemed no longer to have any existence, they gave it a kind of consistency, were, I perceived, anterior to that love, which they in no way resembled; their elements had been determined by the writer's talent, or by geological laws, before ever Gilberte had known me, nothing in book or stone would have been different if Gilberte had not loved me, and there was nothing, consequently, that authorised me to read in them a message of happiness.
196	203	0.255	Et tandis que mon amour attendant sans cesse du lendemain l’aveu de celui de Gilberte, annulait, défaisait chaque soir le travail mal fait de la journée, dans l’ombre de moi-même une ouvrière inconnue ne laissait pas au rebut les fils arrachés et les disposait, sans souci de me plaire et de travailler à mon bonheur, dans un ordre différent qu’elle donnait à tous ses ouvrages.	And while my love, incessantly waiting for the morrow to bring a confession of Gilberte's love for me, destroyed, unravelled every evening, the ill-done work of the day, in some shadowed part of my being was an unknown weaver who would not leave where they lay the severed threads, but collected and rearranged them, without any thought of pleasing me, or of toiling for my advantage, in the different order which she gave to all her handiwork.
197	204	0.493	Ne portant aucun intérêt particulier à mon amour, ne commençant pas par décider que j’étais aimé, elle recueillait les actions de Gilberte qui m’avaient semblé inexplicables et ses fautes que j’avais excusées.	Without any special interest in my love, not beginning by deciding that I was loved, she placed, side by side, those of Gilberte's actions that had seemed to me inexplicable and her faults which I had excused.
198	205	0.669	Alors les unes et les autres prenaient un sens.	Then, one with another, they took on a meaning.
199	206	0.565	Il semblait dire, cet ordre nouveau, qu’en voyant Gilberte, au lieu qu’elle vînt aux Champs-Élysées, aller à une matinée, faire des courses avec son institutrice et se préparer à une absence pour les vacances du jour de l’an, j’avais tort de penser, me dire: «c’est qu’elle est frivole ou docile.»	"It seemed to tell me, this new arrangement, that when I saw Gilberte, instead of coming to me in the Champs-Elysées, going to a party, or on errands with her governess, when I saw her prepared for an absence that would extend over the New Year holidays, I was wrong in thinking, in saying: ""It is because she is frivolous,"" or ""easily lead."""
200	207	0.418	Car elle eût cessé d’être l’un ou l’autre si elle m’avait aimé, et si elle avait été forcée d’obéir c’eût été avec le même désespoir que j’avais les jours où je ne la voyais pas.	For she would have ceased to be either if she had loved me, and if she had been forced to obey it would have been with the same despair in her heart that I felt on the days when I did not see her.
201	208	0.414	Il disait encore, cet ordre nouveau, que je devais pourtant savoir ce que c’était qu’aimer puisque j’aimais Gilberte; il me faisait remarquer le souci perpétuel que j’avais de me faire valoir à ses yeux, à cause duquel j’essayais de persuader à ma mère d’acheter à Françoise un caoutchouc et un chapeau avec un plumet bleu, ou plutôt de ne plus m’envoyer aux Champs-Élysées avec cette bonne dont je rougissais (à quoi ma mère répondait que j’étais injuste pour Françoise, que c’était une brave femme qui nous était dévouée), et aussi ce besoin unique de voir Gilberte qui faisait que des mois d’avance je ne pensais qu’à tâcher d’apprendre à quelle époque elle quitterait Paris et où elle irait, trouvant le pays le plus agréable un lieu d’exil si elle ne devait pas y être, et ne désirant que rester toujours à Paris tant que je pourrais la voir aux Champs-Élysées; et il n’avait pas de peine à me montrer que ce souci-là, ni ce besoin, je ne les trouverais sous les actions de Gilberte.	It shewed me further, this new arrangement, that I ought, after all, to know what it was to love, since I loved Gilberte; it drew my attention to the constant anxiety that I had to 'shew off' before her, by reason of which I tried to persuade my mother to get for Françoise a waterproof coat and a hat with a blue feather, or, better still, to stop sending with me to the Champs-Elysées an attendant with whom I blushed to be seen (to all of which my mother replied that I was not fair to Françoise, that she was an excellent woman and devoted to us all) and also that sole, exclusive need to see Gilberte, the result of which was that, months in advance, I could think of nothing but how to find out at what date she would be leaving Paris and where she was going, feeling that the most attractive country in the world would be but a place of exile if she were not to be there, and asking only to be allowed to stay for ever in Paris, so long as I might see her in the Champs-Elysées; and it had little difficulty in making me see that neither my anxiety nor my need could be justified by anything in Gilberte's conduct.
202	209	0.345	Elle au contraire appréciait son institutrice, sans s’inquiéter de ce que j’en pensais.	She, on the contrary, was genuinely fond of her governess, without troubling herself over what I might choose to think about it.
203	210	0.512	Elle trouvait naturel de ne pas venir aux Champs-Élysées, si c’était pour aller faire des emplettes avec Mademoiselle, agréable si c’était pour sortir avec sa mère.	It seemed quite natural to her not to come to the Champs-Elysées if she had to go shopping with Mademoiselle, delightful if she had to go out somewhere with her mother.
204	211	0.356	Et à supposer même qu’elle m’eût permis d’aller passer les vacances au même endroit qu’elle, du moins pour choisir cet endroit elle s’occupait du désir de ses parents, de mille amusements dont on lui avait parlé et nullement que ce fût celui où ma famille avait l’intention de m’envoyer.	And even supposing that she would ever have allowed me to spend my holidays in the same place as herself, when it came to choosing that place she considered her parents' wishes, a thousand different amusements of which she had been told, and not at all that it should be the place to which my family were proposing to send me.
205	212	0.276	Quand elle m’assurait parfois qu’elle m’aimait moins qu’un de ses amis, moins qu’elle ne m’aimait la veille parce que je lui avais fait perdre sa partie par une négligence, je lui demandais pardon, je lui demandais ce qu’il fallait faire pour qu’elle recommençât à m’aimer autant, pour qu’elle m’aimât plus que les autres; je voulais qu’elle me dît que c’était déjà fait, je l’en suppliais comme si elle avait pu modifier son affection pour moi à son gré, au mien, pour me faire plaisir, rien que par les mots qu’elle dirait, selon ma bonne ou ma mauvaise conduite.	When she assured me (as sometimes happened) that she liked me less than some other of her friends, less than she had liked me the day before, because by my clumsiness I had made her side lose a game, I would beg her pardon, I would beg her to tell me what I must do in order that she should begin again to like me as much as, or more than the rest; I hoped to hear her say that that was already my position; I besought her; as though she had been able to modify her affection for me as she or I chose, to give me pleasure, merely by the words that she would utter, as my good or bad conduct should deserve.
206	213	0.500	Ne savais-je donc pas que ce que j’éprouvais, moi, pour elle, ne dépendait ni de ses actions, ni de ma volonté?	Was I, then, not yet aware that what I felt, myself, for her, depended neither upon her actions nor upon my desires?
207	214	0.347	Il disait enfin, l’ordre nouveau dessiné par l’ouvrière invisible, que si nous pouvons désirer que les actions d’une personne qui nous a peinés jusqu’ici n’aient pas été sincères, il y a dans leur suite une clarté contre quoi notre désir ne peut rien et à laquelle, plutôt qu’à lui, nous devons demander quelles seront ses actions de demain.	It shewed me finally, the new arrangement planned by my unseen weaver, that, if we find ourselves hoping that the actions of a person who has hitherto caused us anxiety may prove not to have been sincere, they shed in their wake a light which our hopes are powerless to extinguish, a light to which, rather than to our hopes, we must put the question, what will be that person's actions on the morrow.
208	215	0.451	Ces paroles nouvelles, mon amour les entendait; elles le persuadaient que le lendemain ne serait pas différent de ce qu’avaient été tous les autres jours; que le sentiment de Gilberte pour moi, trop ancien déjà pour pouvoir changer, c’était l’indifférence; que dans mon amitié avec Gilberte, c’est moi seul qui aimais.	These new counsels, my love listened and heard them; they persuaded it that the morrow would not be different from all the days that had gone before; that Gilberte's feeling for me, too long established now to be capable of alteration, was indifference; that in my friendship with Gilberte, it was I alone who loved.
209	216-217	0.450	«C’est vrai, répondait mon amour, il n’y a plus rien à faire de cette amitié-là, elle ne changera pas.»	"""That is true,"" my love responded, ""there is nothing more to be made of that friendship. It will not alter now."""
210	218	0.561	Alors dès le lendemain (ou attendant une fête s’il y en avait une prochaine, un anniversaire, le nouvel an peut-être, un de ces jours qui ne sont pas pareils aux autres, où le temps recommence sur de nouveaux frais en rejetant l’héritage du passé, en n’acceptant pas le legs de ses tristesses) je demandais à Gilberte de renoncer à notre amitié ancienne et de jeter les bases d’une nouvelle amitié.	And so the very next day (unless I were to wait for a public holiday, if there was one approaching, some anniversary, the New Year, perhaps, one of those days which are not like other days, on which time starts afresh, casting aside the heritage of the past, declining its legacy of sorrows) I would appeal to Gilberte to terminate our old and to join me in laying the foundations of a new friendship.
211	219	0.561	J’avais toujours à portée de ma main un plan de Paris qui, parce qu’on pouvait y distinguer la rue où habitaient M. et Mme Swann, me semblait contenir un trésor.	I had always, within reach, a plan of Paris, which, because I could see drawn on it the street in which M. and Mme. Swann lived, seemed to me to contain a secret treasure.
212	220	0.374	Et par plaisir, par une sorte de fidélité chevaleresque aussi, à propos de n’importe quoi, je disais le nom de cette rue, si bien que mon père me demandait, n’étant pas comme ma mère et ma grand’mère au courant de mon amour:	"And to please myself, as well as by a sort of chivalrous loyalty, in any connection or with no relevance at all, I would repeat the name of that street until my father, not being, like my mother and grandmother, in the secret of my love, would ask: ""But why are you always talking about that street?"
213	221-222	0.317	—Mais pourquoi parles-tu tout le temps de cette rue, elle n’a rien d’extraordinaire, elle est très agréable à habiter parce qu’elle est à deux pas du Bois, mais il y en a dix autres dans le même cas.	"There's nothing wonderful about it. It is an admirable street to live in because it's only a few minutes' walk from the Bois, but there are a dozen other streets just the same."""
214	223	0.449	Je m’arrangeais à tout propos à faire prononcer à mes parents le nom de Swann: certes je me le répétais mentalement sans cesse: mais j’avais besoin aussi d’entendre sa sonorité délicieuse et de me faire jouer cette musique dont la lecture muette ne me suffisait pas.	I made every effort to introduce the name of Swann into my conversation with my parents; in my own mind, of course, I never ceased to murmur it; but I needed also to hear its exquisite sound, and to make myself play that chord, the voiceless rendering of which did not suffice me.
215	224	0.417	Ce nom de Swann d’ailleurs que je connaissais depuis si longtemps, était maintenant pour moi, ainsi qu’il arrive à certains aphasiques à l’égard des mots les plus usuels, un nom nouveau.	Moreover, that name of Swann, with which I had for so long been familiar, was to me now (as happens at times to people suffering from aphasia, in the case of the most ordinary words) the name of something new.
216	225	0.428	Il était toujours présent à ma pensée et pourtant elle ne pouvait pas s’habituer à lui.	It was for ever present in my mind, which could not, however, grow accustomed to it.
217	226	0.531	Je le décomposais, je l’épelais, son orthographe était pour moi une surprise.	I analysed it, I spelt it; its orthography came to me as a surprise.
218	227	0.416	Et en même temps que d’être familier, il avait cessé de me paraître innocent.	And with its familiarity it had simultaneously lost its innocence.
219	228	0.408	Les joies que je prenais à l’entendre, je les croyais si coupables, qu’il me semblait qu’on devinait ma pensée et qu’on changeait la conversation si je cherchais à l’y amener.	The pleasure that I derived from the sound of it I felt to be so guilty, that it seemed to me as though the others must read my thoughts, and would change the conversation if I endeavoured to guide it in that direction.
220	229	0.414	Je me rabattais sur les sujets qui touchaient encore à Gilberte, je rabâchais sans fin les mêmes paroles, et j’avais beau savoir que ce n’était que des paroles, — des paroles prononcées loin d’elle, qu’elle n’entendait pas, des paroles sans vertu qui répétaient ce qui était, mais ne le pouvaient modifier, — pourtant il me semblait qu’à force de manier, de brasser ainsi tout ce qui avoisinait Gilberte j’en ferais peut-être sortir quelque chose d’heureux.	I fell back upon subjects which still brought me into touch with Gilberte, I eternally repeated the same words, and it was no use my knowing that they were but words — words uttered in her absence, which she could not hear, words without virtue in themselves, repeating what were, indeed, facts, but powerless to modify them — for still it seemed to me that by dint of handling, of stirring in this way everything that had reference to Gilberte, I might perhaps make emerge from it something that would bring me happiness.
221	230	0.383	Je redisais à mes parents que Gilberte aimait bien son institutrice, comme si cette proposition énoncée pour la centième fois allait avoir enfin pour effet de faire brusquement entrer Gilberte venant à tout jamais vivre avec nous.	I told my parents again that Gilberte was very fond of her governess, as if the statement, when repeated for the hundredth time, would at last have the effect of making Gilberte suddenly burst into the room, come to live with us for ever.
222	231	0.481	Je reprenais l’éloge de la vieille dame qui lisait les Débats (j’avais insinué à mes parents que c’était une ambassadrice ou peut-être une altesse) et je continuais à célébrer sa beauté, sa magnificence, sa noblesse, jusqu’au jour où je dis que d’après le nom qu’avait prononcé Gilberte elle devait s’appeler Mme Blatin.	I had already sung the praises of the old lady who read the _Débats_ (I had hinted to my parents that she must at least be an Ambassador's widow, if not actually a Highness) and I continued to descant on her beauty, her splendour, her nobility, until the day on which I mentioned that, by what I had heard Gilberte call her, she appeared to be a Mme. Blatin.
223	232	0.539	—Oh! mais je vois ce que c’est, s’écria ma mère tandis que je me sentais rougir de honte.	"""Oh, now I know whom you mean,"" cried my mother, while I felt myself grow red all over with shame."
224	233	0.352	À la garde!	"""On guard! on guard!"
225	234	0.207	À la garde! comme aurait dit ton pauvre grand-père.	— as your grandfather says.
226	235	0.384	Et c’est elle que tu trouves belle!	And so it's she that you think so wonderful?
227	236	0.470	Mais elle est horrible et elle l’a toujours été.	Why, she's perfectly horrible, and always has been.
228	237	0.708	C’est la veuve d’un huissier.	She's the widow of a bailiff.
229	238	0.526	Tu ne te rappelles pas quand tu étais enfant les manèges que je faisais pour l’éviter à la leçon de gymnastique où, sans me connaître, elle voulait venir me parler sous prétexte de me dire que tu étais «trop beau pour un garçon».	You can't remember, when you were little, all the trouble I used to have to avoid her at your gymnastic lessons, where she was always trying to get hold of me — I didn't know the woman, of course — to tell me that you were 'much too nice-looking for a boy.'
230	239	0.436	Elle a toujours eu la rage de connaître du monde et il faut bien qu’elle soit une espèce de folle comme j’ai toujours pensé, si elle connaît vraiment Mme Swann.	She has always had an insane desire to get to know people, and she must be quite insane, as I have always thought, if she really does know Mme. Swann.
231	240	0.318	Car si elle était d’un milieu fort commun, au moins il n’y a jamais rien eu que je sache à dire sur elle.	For even if she does come of very common people, I have never heard anything said against her character.
232	241	0.331	Mais il fallait toujours qu’elle se fasse des relations.	But she must always be forcing herself upon strangers.
233	242	0.415	Elle est horrible, affreusement vulgaire, et avec cela faiseuse d’embarras.»	"She is, really, a horrible woman, frightfully vulgar, and besides, she is always creating awkward situations."""
234	243	0.693	Quant à Swann, pour tâcher de lui ressembler, je passais tout mon temps à table, à me tirer sur le nez et à me frotter les yeux.	As for Swann, in my attempts to resemble him, I spent the whole time, when I was at table, in drawing my finger along my nose and in rubbing my eyes.
235	244	0.489	Mon père disait: «cet enfant est idiot, il deviendra affreux.»	"My father would exclaim: ""The child's a perfect idiot, he's becoming quite impossible."""
236	245	0.542	J’aurais surtout voulu être aussi chauve que Swann.	More than all else I should have liked to be as bald as Swann.
237	246	0.434	Il me semblait un être si extraordinaire que je trouvais merveilleux que des personnes que je fréquentais le connussent aussi et que dans les hasards d’une journée quelconque on pût être amené à le rencontrer.	He appeared to me to be a creature so extraordinary that I found it impossible to believe that people whom I knew and often saw knew him also, and that in the course of the day anyone might run against him.
238	247	0.473	Et une fois, ma mère, en train de nous raconter comme chaque soir à dîner, les courses qu’elle avait faites dans l’après-midi, rien qu’en disant: «A ce propos, devinez qui j’ai rencontré aux Trois Quartiers, au rayon des parapluies: Swann», fit éclore au milieu de son récit, fort aride pour moi, une fleur mystérieuse.	"And once my mother, while she was telling us, as she did every evening at dinner, where she had been and what she had done that afternoon, merely by the words: ""By the way, guess whom I saw at the Trois Quartiers — at the umbrella counter — Swann!"" caused to burst open in the midst of her narrative (an arid desert to me) a mystic blossom."
239	248	0.541	Quelle mélancolique volupté, d’apprendre que cet après-midi-là, profilant dans la foule sa forme surnaturelle, Swann avait été acheter un parapluie.	What a melancholy satisfaction to learn that, that very afternoon, threading through the crowd his supernatural form, Swann had gone to buy an umbrella.
240	249	0.611	Au milieu des événements grands et minimes, également indifférents, celui-là éveillait en moi ces vibrations particulières dont était perpétuellement ému mon amour pour Gilberte.	Among the events of the day, great and small, but all equally unimportant, that one alone aroused in me those peculiar vibrations by which my love for Gilberte was invariably stirred.
241	250	0.571	Mon père disait que je ne m’intéressais à rien parce que je n’écoutais pas quand on parlait des conséquences politiques que pouvait avoir la visite du roi Théodose, en ce moment l’hôte de la France et, prétendait-on, son allié.	My father complained that I took no interest in anything, because I did not listen while he was speaking of the political developments that might follow the visit of King Theodosius, at that moment in France as the nation's guest and (it was hinted) ally.
242	251	0.627	Mais combien en revanche, j’avais envie de savoir si Swann avait son manteau à pèlerine!	And yet how intensely interested I was to know whether Swann had been wearing his hooded cape!
243	252-253	0.280	—Est-ce que vous vous êtes dit bonjour? demandai-je.	"""Did you speak to him?"" I asked."
244	254	0.554	—Mais naturellement, répondit ma mère qui avait toujours l’air de craindre que si elle eût avoué que nous étions en froid avec Swann, on eût cherché à les réconcilier plus qu’elle ne souhaitait, à cause de Mme Swann qu’elle ne voulait pas connaître.	"""Why, of course I did,"" answered my mother, who always seemed afraid lest, were she to admit that we were not on the warmest of terms with Swann, people would seek to reconcile us more than she cared for, in view of the existence of Mme. Swann, whom she did not wish to know."
245	255-256	0.451	«C’est lui qui est venu me saluer, je ne le voyais pas.	"""It was he who came up and spoke to me. I hadn't seen him."""
246	257-258	0.469	—Mais alors, vous n’êtes pas brouillés?	"""Then you haven't quarrelled?"" ""Quarrelled?"
247	259	0.434	—Brouillés? mais pourquoi veux-tu que nous soyons brouillés», répondit-elle vivement comme si j’avais attenté à la fiction de ses bons rapports avec Swann et essayé de travailler à un «rapprochement».	"What on earth made you think that we had quarrelled?"" she briskly parried, as though I had cast doubt on the fiction of her friendly relations with Swann, and was planning an attempt to 'bring them together.'"
248	260	0.314	—Il pourrait t’en vouloir de ne plus l’inviter.	"""He might be cross with you for never asking him here."""
249	261	0.261	—On n’est pas obligé d’inviter tout le monde; est-ce qu’il m’invite?	"""One isn't obliged to ask everyone to one's house, you know; has he ever asked me to his?"
250	262	0.455	Je ne connais pas sa femme.	"I don't know his wife."""
251	263	0.408	—Mais il venait bien à Combray.	"""But he used often to come, at Combray."""
252-253	264-265	0.260	—Eh bien oui! il venait à Combray, et puis à Paris il a autre chose à faire et moi aussi. Mais je t’assure que nous n’avions pas du tout l’air de deux personnes brouillées.	"""I should think he did! He used to come at Combray, and now, in Paris, he has something better to do, and so have I. But I can promise you, we didn't look in the least like people who had quarrelled."
254	266	0.445	Nous sommes restés un moment ensemble parce qu’on ne lui apportait pas son paquet.	We were kept waiting there for some time, while they brought him his parcel.
255	267	0.499	Il m’a demandé de tes nouvelles, il m’a dit que tu jouais avec sa fille, ajouta ma mère, m’émerveillant du prodige que j’existasse dans l’esprit de Swann, bien plus, que ce fût d’une façon assez complète, pour que, quand je tremblais d’amour devant lui aux Champs-Élysées, il sût mon nom, qui était ma mère, et pût amalgamer autour de ma qualité de camarade de sa fille quelques renseignements sur mes grands-parents, leur famille, l’endroit que nous habitions, certaines particularités de notre vie d’autrefois, peut-être même inconnues de moi.	"He asked after you; he told me you had been playing with his daughter — "" my mother went on, amazing me with the portentous revelation of my own existence in Swann's mind; far more than that, of my existence in so complete, so material a form that when I stood before him, trembling with love, in the Champs-Elysées, he had known my name, and who my mother was, and had been able to blend with my quality as his daughter's playmate certain facts with regard to my grandparents and their connections, the place in which we lived, certain details of our past life, all of which I myself perhaps did not know."
256	268	0.325	Mais ma mère ne paraissait pas avoir trouvé un charme particulier à ce rayon des Trois Quartiers où elle avait représenté pour Swann, au moment où il l’avait vue, une personne définie avec qui il avait des souvenirs communs qui avaient motivé chez lui le mouvement de s’approcher d’elle, le geste de la saluer.	But my mother did not seem to have noticed anything particularly attractive in that counter at the Trois Quartiers where she had represented to Swann, at the moment in which he caught sight of her, a definite person with whom he had sufficient memories in common to impel him to come up to her and to speak.
257	269	0.291	Ni elle d’ailleurs ni mon père ne semblaient non plus trouver à parler des grands-parents de Swann, du titre d’agent de change honoraire, un plaisir qui passât tous les autres.	Nor did either she or my father seem to find any occasion now to mention Swann's family, the grandparents of Gilberte, nor to use the title of stockbroker, topics as which nothing else gave me so keen a pleasure.
258	270	0.522	Mon imagination avait isolé et consacré dans le Paris social une certaine famille comme elle avait fait dans le Paris de pierre pour une certaine maison dont elle avait sculpté la porte cochère et rendu précieuses les fenêtres.	My imagination had isolated and consecrated in the social Paris a certain family, just as it had set apart in the structural Paris a certain house, on whose porch it had fashioned sculptures and made its windows precious.
259	271	0.582	Mais ces ornements, j’étais seul à les voir.	But these ornaments I alone had eyes to see.
260	272	0.623	De même que mon père et ma mère trouvaient la maison qu’habitait Swann pareille aux autres maisons construites en même temps dans le quartier du Bois, de même la famille de Swann leur semblait du même genre que beaucoup d’autres familles d’agents de change.	Just as my father and mother looked upon the house in which Swann lived as one that closely resembled the other houses built at the same period in the neighbourhood of the Bois, so Swann's family seemed to them to be in the same category as many other families of stockbrokers.
261	273	0.296	Ils la jugeaient plus ou moins favorablement selon le degré où elle avait participé à des mérites communs au reste de l’univers et ne lui trouvaient rien d’unique.	Their judgment was more or less favourable according to the extent to which the family in question shared in merits that were common to the rest of the universe, and there was about it nothing that they could call unique.
262	274	0.220	Ce qu’au contraire ils y appréciaient, ils le rencontraient à un degré égal, ou plus élevé, ailleurs.	What, on the other hand, they did appreciate in the Swanns they found in equal, if not in greater measure elsewhere.
263	275	0.466	Aussi après avoir trouvé la maison bien située, ils parlaient d’une autre qui l’était mieux, mais qui n’avait rien à voir avec Gilberte, ou de financiers d’un cran supérieur à son grand-père; et s’ils avaient eu l’air un moment d’être du même avis que moi, c’était par un malentendu qui ne tardait pas à se dissiper.	And so, after admitting that the house was in a good position, they would go on to speak of some other house that was in a better, but had nothing to do with Gilberte, or of financiers on a larger scale than her grandfather had been; and if they had appeared, for a moment, to be of my opinion, that was a mistake which was very soon corrected.
264	276	0.427	C’est que, pour percevoir dans tout ce qui entourait Gilberte, une qualité inconnue analogue dans le monde des émotions à ce que peut être dans celui des couleurs l’infra-rouge, mes parents étaient dépourvus de ce sens supplémentaire et momentané dont m’avait doté l’amour.	For in order to distinguish in all Gilberte's surroundings an indefinable quality analogous, in the scale of emotions, to what in the scale of colours is called infra-red, a supplementary sense of perception was required, with which love, for the time being, had endowed me; and this my parents lacked.
265	277	0.418	Les jours où Gilberte m’avait annoncé qu’elle ne devait pas venir aux Champs-Élysées, je tâchais de faire des promenades qui me rapprochassent un peu d’elle.	On the days when Gilberte had warned me that she would not be coming to the Champs-Elysées, I would try to arrange my walks so that I should be brought into some kind of contact with her.
266-267	278	0.567	Parfois j’emmenais Françoise en pèlerinage devant la maison qu’habitaient les Swann. Je lui faisais répéter sans fin ce que, par l’institutrice, elle avait appris relativement à Mme Swann.	Sometimes I would lead Françoise on a pilgrimage to the house in which the Swanns lived, making her repeat to me unendingly all that she had learned from the governess with regard to Mme. Swann.
268	279	0.547	«Il paraît qu’elle a bien confiance à des médailles.	"""It seems, she puts great faith in medals."
269	280	0.557	Jamais elle ne partira en voyage si elle a entendu la chouette, ou bien comme un tic-tac d’horloge dans le mur, ou si elle a vu un chat à minuit, ou si le bois d’un meuble, il a craqué.	She would never think of starting on a journey if she had heard an owl hoot, or the death-watch in the wall, or if she had seen a cat at midnight, or if the furniture had creaked.
270	281	0.507	Ah! c’est une personne très croyante!»	"Oh yes! she's a most religious lady, she is!"""
271	282	0.657	J’étais si amoureux de Gilberte que si sur le chemin j’apercevais leur vieux maître d’hôtel promenant un chien, l’émotion m’obligeait à m’arrêter, j’attachais sur ses favoris blancs des regards pleins de passion.	I was so madly in love with Gilberte that if, on our way, I caught sight of their old butler taking the dog out, my emotion would bring me to a standstill, I would fasten on his white whiskers eyes that melted with passion.
272-274	283	0.209	Françoise me disait: —Qu’est-ce que vous avez? Puis, nous poursuivions notre route jusque devant leur porte cochère où un concierge différent de tout concierge, et pénétré jusque dans les galons de sa livrée du même charme douloureux que j’avais ressenti dans le nom de Gilberte, avait l’air de savoir que j’étais de ceux à qui une indignité originelle interdirait toujours de pénétrer dans la vie mystérieuse qu’il était chargé de garder et sur laquelle les fenêtres de l’entre-sol paraissaient conscientes d’être refermées, ressemblant beaucoup moins entre la noble retombée de leurs rideaux de mousseline à n’importe quelles autres fenêtres, qu’aux regards de Gilberte.	"And Françoise would rouse me with: ""What's wrong with you now, child?"" and we would continue on our way until we reached their gate, where a porter, different from every other porter in the world, and saturated, even to the braid on his livery, with the same melancholy charm that I had felt to be latent in the name of Gilberte, looked at me as though he knew that I was one of those whose natural unworthiness would for ever prevent them from penetrating into the mysteries of the life inside, which it was his duty to guard, and over which the ground-floor windows appeared conscious of being protectingly closed, with far less resemblance, between the nobly sweeping arches of their muslin curtains, to any other windows in the world than to Gilberte's glancing eyes."
275	284	0.292	D’autres fois nous allions sur les boulevards et je me postais à l’entrée de la rue Duphot; on m’avait dit qu’on pouvait souvent y voir passer Swann se rendant chez son dentiste; et mon imagination différenciait tellement le père de Gilberte du reste de l’humanité, sa présence au milieu du monde réel y introduisait tant de merveilleux, que, avant même d’arriver à la Madeleine, j’étais ému à la pensée d’approcher d’une rue où pouvait se produire inopinément l’apparition surnaturelle.	On other days we would go along the boulevards, and I would post myself at the corner of the Rue Duphot; I had heard that Swann was often to be seen passing there, on his way to the dentist's; and my imagination so far differentiated Gilberte's father from the rest of humanity, his presence in the midst of a crowd of real people introduced among them so miraculous an element, that even before we reached the Madeleine I would be trembling with emotion at the thought that I was approaching a street from which that supernatural apparition might at any moment burst upon me unawares.
276	285	0.381	Mais le plus souvent, — quand je ne devais pas voir Gilberte — comme j’avais appris que Mme Swann se promenait presque chaque jour dans l’allée «des Acacias», autour du grand Lac, et dans l’allée de la «Reine Marguerite», je dirigeais Françoise du côté du bois de Boulogne.	But most often of all, on days when I was not to see Gilberte, as I had heard that Mme. Swann walked almost every day along the Allée des Acacias, round the big lake, and in the Allée de la Reine Marguerite, I would guide Françoise in the direction of the Bois de Boulogne.
277	286	0.366	Il était pour moi comme ces jardins zoologiques où l’on voit rassemblés des flores diverses et des paysages opposés; où, après une colline on trouve une grotte, un pré, des rochers, une rivière, une fosse, une colline, un marais, mais où l’on sait qu’ils ne sont là que pour fournir aux ébats de l’hippopotame, des zèbres, des crocodiles, des lapins russes, des ours et du héron, un milieu approprié ou un cadre pittoresque; lui, le Bois, complexe aussi, réunissant des petits mondes divers et clos, — faisant succéder quelque ferme plantée d’arbres rouges, de chênes d’Amérique, comme une exploitation agricole dans la Virginie, à une sapinière au bord du lac, ou à une futaie d’où surgit tout à coup dans sa souple fourrure, avec les beaux yeux d’une bête, quelque promeneuse rapide, — il était le Jardin des femmes; et, — comme l’allée de Myrtes de l’Enéide, — plantée pour elles d’arbres d’une seule essence, l’allée des Acacias était fréquentée par les Beautés célèbres.	It was to me like one of those zoological gardens in which one sees assembled together a variety of flora, and contrasted effects in landscape; where from a hill one passes to a grotto, a meadow, rocks, a stream, a trench, another hill, a marsh, but knows that they are there only to enable the hippopotamus, zebra, crocodile, rabbit, bear and heron to disport themselves in a natural or a picturesque setting; this, the Bois, equally complex, uniting a multitude of little worlds, distinct and separate — placing a stage set with red trees, American oaks, like an experimental forest in Virginia, next to a fir-wood by the edge of the lake, or to a forest grove from which would suddenly emerge, in her lissom covering of furs, with the large, appealing eyes of a dumb animal, a hastening walker — was the Garden of Woman; and like the myrtle-alley in the Aeneid, planted for their delight with trees of one kind only, the Allée des Acacias was thronged by the famous Beauties of the day.
278	287	0.311	Comme, de loin, la culmination du rocher d’où elle se jette dans l’eau, transporte de joie les enfants qui savent qu’ils vont voir l’otarie, bien avant d’arriver à l’allée des Acacias, leur parfum qui, irradiant alentour, faisait sentir de loin l’approche et la singularité d’une puissante et molle individualité végétale; puis, quand je me rapprochais, le faîte aperçu de leur frondaison légère et mièvre, d’une élégance facile, d’une coupe coquette et d’un mince tissu, sur laquelle des centaines de fleurs s’étaient abattues comme des colonies ailées et vibratiles de parasites précieux; enfin jusqu’à leur nom féminin, désœuvré et doux, me faisaient battre le cœur mais d’un désir mondain, comme ces valses qui ne nous évoquent plus que le nom des belles invitées que l’huissier annonce à l’entrée d’un bal.	As, from a long way off, the sight of the jutting crag from which it dives into the pool thrills with joy the children who know that they are going to behold the seal, long before I reached the acacia-alley, their fragrance, scattered abroad, would make me feel that I was approaching the incomparable presence of a vegetable personality, strong and tender; then, as I drew near, the sight of their topmost branches, their lightly tossing foliage, in its easy grace, its coquettish outline, its delicate fabric, over which hundreds of flowers were laid, like winged and throbbing colonies of precious insects; and finally their name itself, feminine, indolent and seductive, made my heart beat, but with a social longing, like those waltzes which remind us only of the names of the fair dancers, called aloud as they entered the ball-room.
279	288	0.431	On m’avait dit que je verrais dans l’allée certaines élégantes que, bien qu’elles n’eussent pas toutes été épousées, l’on citait habituellement à côté de Mme Swann, mais le plus souvent sous leur nom de guerre; leur nouveau nom, quand il y en avait un, n’était qu’une sorte d’incognito que ceux qui voulaient parler d’elles avaient soin de lever pour se faire comprendre.	I had been told that I should see in the alley certain women of fashion, who, in spite of their not all having husbands, were constantly mentioned in conjunction with Mme. Swann, but most often by their professional names; — their new names, when they had any, being but a sort of incognito, a veil which those who would speak of them were careful to draw aside, so as to make themselves understood.
280	289	0.427	Pensant que le Beau — dans l’ordre des élégances féminines — était régi par des lois occultes à la connaissance desquelles elles avaient été initiées, et qu’elles avaient le pouvoir de le réaliser, j’acceptais d’avance comme une révélation l’apparition de leur toilette, de leur attelage, de mille détails au sein desquels je mettais ma croyance comme une âme intérieure qui donnait la cohésion d’un chef-d’œuvre à cet ensemble éphémère et mouvant.	Thinking that Beauty — in the order of feminine elegance — was governed by occult laws into the knowledge of which they had been initiated, and that they had the power to realise it, I accepted before seeing them, like the truth of a coming revelation, the appearance of their clothes, of their carriages and horses, of a thousand details among which I placed my faith as in an inner soul which gave the cohesion of a work of art to that ephemeral and changing pageant.
281	290	0.285	Mais c’est Mme Swann que je voulais voir, et j’attendais qu’elle passât, ému comme si ç’avait été Gilberte, dont les parents, imprégnés comme tout ce qui l’entourait, de son charme, excitaient en moi autant d’amour qu’elle, même un trouble plus douloureux (parce que leur point de contact avec elle était cette partie intestine de sa vie qui m’était interdite), et enfin (car je sus bientôt, comme on le verra, qu’ils n’aimaient pas que je jouasse avec elle), ce sentiment de vénération que nous vouons toujours à ceux qui exercent sans frein la puissance de nous faire du mal.	But it was Mme. Swann whom I wished to see, and I waited for her to go past, as deeply moved as though she were Gilberte, whose parents, saturated, like everything in her environment, with her own special charm, excited in me as keen a passion as she did herself, indeed a still more painful disturbance (since their point of contact with her was that intimate, that internal part of her life which was hidden from me), and furthermore, for I very soon learned, as we shall see in due course, that they did not like my playing with her, that feeling of veneration which we always have for those who hold, and exercise without restraint, the power to do us an injury.
282	291	0.326	J’assignais la première place à la simplicité, dans l’ordre des mérites esthétiques et des grandeurs mondaines quand j’apercevais Mme Swann à pied, dans une polonaise de drap, sur la tête un petit toquet agrémenté d’une aile de lophophore, un bouquet de violettes au corsage, pressée, traversant l’allée des Acacias comme si ç’avait été seulement le chemin le plus court pour rentrer chez elle et répondant d’un clin d’œil aux messieurs en voiture qui, reconnaissant de loin sa silhouette, la saluaient et se disaient que personne n’avait autant de chic.	I assigned the first place, in the order of aesthetic merit and of social grandeur, to simplicity, when I saw Mme. Swann on foot, in a 'polonaise' of plain cloth, a little toque on her head trimmed with a pheasant's wing, a bunch of violets in her bosom, hastening along the Allée des Acacias as if it had been merely the shortest way back to her own house, and acknowledging with a rapid glance the courtesy of the gentlemen in carriages, who, recognising her figure at a distance, were raising their hats to her and saying to one another that there was never anyone so well turned out as she.
283	292	0.312	Mais au lieu de la simplicité, c’est le faste que je mettais au plus haut rang, si, après que j’avais forcé Françoise, qui n’en pouvait plus et disait que les jambes «lui rentraient», à faire les cent pas pendant une heure, je voyais enfin, débouchant de l’allée qui vient de la Porte Dauphine — image pour moi d’un prestige royal, d’une arrivée souveraine telle qu’aucune reine véritable n’a pu m’en donner l’impression dans la suite, parce que j’avais de leur pouvoir une notion moins vague et plus expérimentale, — emportée par le vol de deux chevaux ardents, minces et contournés comme on en voit dans les dessins de Constantin Guys, portant établi sur son siège un énorme cocher fourré comme un cosaque, à côté d’un petit groom rappelant le «tigre» de «feu Baudenord», je voyais — ou plutôt je sentais imprimer sa forme dans mon cœur par une nette et épuisante blessure — une incomparable victoria, à dessein un peu haute et laissant passer à travers son luxe «dernier cri» des allusions aux formes anciennes, au fond de laquelle reposait avec abandon Mme Swann, ses cheveux maintenant blonds avec une seule mèche grise ceints d’un mince bandeau de fleurs, le plus souvent des violettes, d’où descendaient de longs voiles, à la main une ombrelle mauve, aux lèvres un sourire ambigu où je ne voyais que la bienveillance d’une Majesté et où il y avait surtout la provocation de la cocotte, et qu’elle inclinait avec douceur sur les personnes qui la saluaient.	"But instead of simplicity it was to ostentation that I must assign the first place if, after I had compelled Françoise, who could hold out no longer, and complained that her legs were 'giving' beneath her, to stroll up and down with me for another hour, I saw at length, emerging from the Porte Dauphine, figuring for me a royal dignity, the passage of a sovereign, an impression such as no real Queen has ever since been able to give me, because my notion of their power has been less vague, and more founded upon experience — borne along by the flight of a pair of fiery horses, slender and shapely as one sees them in the drawings of Constantin Guys, carrying on its box an enormous coachman, furred like a cossack, and by his side a diminutive groom, like Toby, ""the late Beaudenord's tiger,"" I saw — or rather I felt its outlines engraved upon my heart by a clean and killing stab — a matchless victoria, built rather high, and hinting, through the extreme modernity of its appointments, at the forms of an earlier day, deep down in which lay negligently back Mme. Swann, her hair, now quite pale with one grey lock, girt with a narrow band of flowers, usually violets, from which floated down long veils, a lilac parasol in her hand, on her lips an ambiguous smile in which I read only the benign condescension of Majesty, though it was pre-eminently the enticing smile of the courtesan, which she graciously bestowed upon the men who bowed to her."
284	293-294	0.565	Ce sourire en réalité disait aux uns: «Je me rappelle très bien, c’était exquis!»; à d’autres: «Comme j’aurais aimé! ç’a été la mauvaise chance!»; à d’autres: «Mais si vous voulez!	"That smile was, in reality, saying to one: ""Oh yes, I do remember, quite well; it was wonderful!"" to another: ""How I should have loved to! We were unfortunate!"", to a third: ""Yes, if you like!"
285	295	0.512	Je vais suivre encore un moment la file et dès que je pourrai, je couperai.»	"I must just keep in the line for a minute, then as soon as I can I will break away."""
286	296	0.503	Quand passaient des inconnus, elle laissait cependant autour de ses lèvres un sourire oisif, comme tourné vers l’attente ou le souvenir d’un ami et qui faisait dire: «Comme elle est belle!»	"When strangers passed she still allowed to linger about her lips a lazy smile, as though she expected or remembered some friend, which made them say: ""What a lovely woman!""."
287	297	0.476	Et pour certains hommes seulement elle avait un sourire aigre, contraint, timide et froid et qui signifiait: «Oui, rosse, je sais que vous avez une langue de vipère, que vous ne pouvez pas vous tenir de parler!	"And for certain men only she had a sour, strained, shy, cold smile which meant: ""Yes, you old goat, I know that you've got a tongue like a viper, that you can't keep quiet for a moment."
288	298	0.359	Est-ce que je m’occupe de vous, moi!»	"But do you suppose that I care what you say?"""
289	299	0.668	Coquelin passait en discourant au milieu d’amis qui l’écoutaient et faisait avec la main à des personnes en voiture, un large bonjour de théâtre.	Coquelin passed, talking, in a group of listening friends, and with a sweeping wave of his hand bade a theatrical good day to the people in the carriages.
290	300	0.540	Mais je ne pensais qu’à Mme Swann et je faisais semblant de ne pas l’avoir vue, car je savais qu’arrivée à la hauteur du Tir aux pigeons elle dirait à son cocher de couper la file et de l’arrêter pour qu’elle pût descendre l’allée à pied.	But I thought only of Mme. Swann, and pretended to have not yet seen her, for I knew that, when she reached the pigeon-shooting ground, she would tell her coachman to 'break away' and to stop the carriage, so that she might come back on foot.
291-292	301	0.306	Et les jours où je me sentais le courage de passer à côté d’elle, j’entraînais Françoise dans cette direction. A un moment en effet, c’est dans l’allée des piétons, marchant vers nous que j’apercevais Mme Swann laissant s’étaler derrière elle la longue traîne de sa robe mauve, vêtue, comme le peuple imagine les reines, d’étoffes et de riches atours que les autres femmes ne portaient pas, abaissant parfois son regard sur le manche de son ombrelle, faisant peu attention aux personnes qui passaient, comme si sa grande affaire et son but avaient été de prendre de l’exercice, sans penser qu’elle était vue et que toutes les têtes étaient tournées vers elle.	And on days when I felt that I had the courage to pass close by her I would drag Françoise off in that direction; until the moment came when I saw Mme. Swann, letting trail behind her the long train of her lilac skirt, dressed, as the populace imagine queens to be dressed, in rich attire such as no other woman might wear, lowering her eyes now and then to study the handle of her parasol, paying scant attention to the passers-by, as though the important thing for her, her one object in being there, was to take exercise, without thinking that she was seen, and that every head was turned towards her.
293	302	0.468	Parfois pourtant quand elle s’était retournée pour appeler son lévrier, elle jetait imperceptiblement un regard circulaire autour d’elle.	Sometimes, however, when she had looked back to call her dog to her, she would cast, almost imperceptibly, a sweeping glance round about.
294	303	0.404	Ceux même qui ne la connaissaient pas étaient avertis par quelque chose de singulier et d’excessif — ou peut-être par une radiation télépathique comme celles qui déchaînaient des applaudissements dans la foule ignorante aux moments où la Berma était sublime, — que ce devait être quelque personne connue.	Those even who did not know her were warned by something exceptional, something beyond the normal in her — or perhaps by a telepathic suggestion such as would move an ignorant audience to a frenzy of applause when Berma was 'sublime' — that she must be some one well-known.
295	304	0.311	Ils se demandaient: «Qui est-ce?», interrogeaient quelquefois un passant, ou se promettaient de se rappeler la toilette comme un point de repère pour des amis plus instruits qui les renseigneraient aussitôt.	"They would ask one another, ""Who is she?"", or sometimes would interrogate a passing stranger, or would make a mental note of how she was dressed so as to fix her identity, later, in the mind of a friend better informed than themselves, who would at once enlighten them."
296	305	0.414	D’autres promeneurs, s’arrêtant à demi, disaient:	Another pair, half-stopping in their walk, would exchange:
297	306	0.661	—«Vous savez qui c’est?	"""You know who that is?"
298	307	0.683	Mme Swann!	Mme. Swann!
299	308	0.555	Cela ne vous dit rien?	That conveys nothing to you?
300-301	309-310	0.639	Odette de Crécy?» —«Odette de Crécy?	"Odette de Crécy, then?"" ""Odette de Crécy!"
302	311-312	0.368	Mais je me disais aussi, ces yeux tristes…	Why, I thought as much. Those great, sad eyes…
303	313	0.382	Mais savez-vous qu’elle ne doit plus être de la première jeunesse!	But I say, you know, she can't be as young as she was once, eh?
304	314	0.358	Je me rappelle que j’ai couché avec elle le jour de la démission de Mac-Mahon.»	"I remember, I had her on the day that MacMahon went."""
305	315	0.319	—«Je crois que vous ferez bien de ne pas le lui rappeler.	"""I shouldn't remind her of it, if I were you."
306	316	0.621	Elle est maintenant Mme Swann, la femme d’un monsieur du Jockey, ami du prince de Galles.	She is now Mme. Swann, the wife of a gentleman in the Jockey Club, a friend of the Prince of Wales.
307	317	0.387	Elle est du reste encore superbe.»	"Apart from that, though, she is wonderful still."""
308	318	0.327	—«Oui, mais si vous l’aviez connue à ce moment-là, ce qu’elle était jolie!	"""Oh, but you ought to have known her then; Gad, she was lovely!"
309	319	0.543	Elle habitait un petit hôtel très étrange avec des chinoiseries.	She lived in a very odd little house with a lot of Chinese stuff.
310	320	0.547	Je me rappelle que nous étions embêtés par le bruit des crieurs de journaux, elle a fini par me faire lever.»	"I remember, we were bothered all the time by the newsboys, shouting outside; in the end she made me get up and go."""
311	321	0.360	Sans entendre les réflexions, je percevais autour d’elle le murmure indistinct de la célébrité.	Without listening to these memories, I could feel all about her the indistinct murmur of fame.
312	322	0.491	Mon cœur battait d’impatience quand je pensais qu’il allait se passer un instant encore avant que tous ces gens, au milieu desquels je remarquais avec désolation que n’était pas un banquier mulâtre par lequel je me sentais méprisé, vissent le jeune homme inconnu auquel ils ne prêtaient aucune attention, saluer (sans la connaître, à vrai dire, mais je m’y croyais autorisé parce que mes parents connaissaient son mari et que j’étais le camarade de sa fille), cette femme dont la réputation de beauté, d’inconduite et d’élégance était universelle.	My heart leaped with impatience when I thought that a few seconds must still elapse before all these people, among whom I was dismayed not to find a certain mulatto banker who (or so I felt) had a contempt for me, were to see the unknown youth, to whom they had not, so far, been paying the slightest attention, salute (without knowing her, it was true, but I thought that I had sufficient authority since my parents knew her husband and I was her daughter's playmate) this woman whose reputation for beauty, for misconduct, and for elegance was universal.
313	323	0.462	Mais déjà j’étais tout près de Mme Swann, alors je lui tirais un si grand coup de chapeau, si étendu, si prolongé, qu’elle ne pouvait s’empêcher de sourire.	But I was now close to Mme. Swann; I pulled off my hat with so lavish, so prolonged a gesture that she could not repress a smile.
314	324	0.647	Des gens riaient.	People laughed.
315	325	0.508	Quant à elle, elle ne m’avait jamais vu avec Gilberte, elle ne savait pas mon nom, mais j’étais pour elle — comme un des gardes du Bois, ou le batelier ou les canards du lac à qui elle jetait du pain — un des personnages secondaires, familiers, anonymes, aussi dénués de caractères individuels qu’un «emploi de théâtre», de ses promenades au bois.	As for her, she had never seen me with Gilberte, she did not know my name, but I was for her — like one of the keepers in the Bois, like the boatman, or the ducks on the lake, to which she threw scraps of bread — one of the minor personages, familiar, nameless, as devoid of individual character as a stage-hand in a theatre, of her daily walks abroad.
316	326	0.391	Certains jours où je ne l’avais pas vue allée des Acacias, il m’arrivait de la rencontrer dans l’allée de la Reine-Marguerite où vont les femmes qui cherchent à être seules, ou à avoir l’air de chercher à l’être; elle ne le restait pas longtemps, bientôt rejointe par quelque ami, souvent coiffé d’un «tube» gris, que je ne connaissais pas et qui causait longuement avec elle, tandis que leurs deux voitures suivaient.	On certain days when I had missed her in the Allée des Acacias I would be so fortunate as to meet her in the Allée de la Reine Marguerite, where women went who wished to be alone, or to appear to be wishing to be alone; she would not be alone for long, being soon overtaken by some man or other, often in a grey 'tile' hat, whom I did not know, and who would talk to her for some time, while their two carriages crawled behind.
317	327	0.433	Cette complexité du bois de Boulogne qui en fait un lieu factice et, dans le sens zoologique ou mythologique du mot, un Jardin, je l’ai retrouvée cette année comme je le traversais pour aller à Trianon, un des premiers matins de ce mois de novembre où, à Paris, dans les maisons, la proximité et la privation du spectacle de l’automne qui s’achève si vite sans qu’on y assiste, donnent une nostalgie, une véritable fièvre des feuilles mortes qui peut aller jusqu’à empêcher de dormir.	That sense of the complexity of the Bois de Boulogne which made it an artificial place and, in the zoological or mythological sense of the word, a Garden, I captured again, this year, as I crossed it on my way to Trianon, on one of those mornings, early in November, when in Paris, if we stay indoors, being so near and yet prevented from witnessing the transformation scene of autumn, which is drawing so rapidly to a close without our assistance, we feel a regret for the fallen leaves that becomes a fever, and may even keep us awake at night.
318	328	0.347	Dans ma chambre fermée, elles s’interposaient depuis un mois, évoquées par mon désir de les voir, entre ma pensée et n’importe quel objet auquel je m’appliquais, et tourbillonnaient comme ces taches jaunes qui parfois, quoi que nous regardions, dansent devant nos yeux.	Into my closed room they had been drifting already for a month, summoned there by my desire to see them, slipping between my thoughts and the object, whatever it might be, upon which I was trying to concentrate them, whirling in front of me like those brown spots that sometimes, whatever we may be looking at, will seem to be dancing or swimming before our eyes.
319	329	0.516	Et ce matin-là, n’entendant plus la pluie tomber comme les jours précédents, voyant le beau temps sourire aux coins des rideaux fermés comme aux coins d’une bouche close qui laisse échapper le secret de son bonheur, j’avais senti que ces feuilles jaunes, je pourrais les regarder traversées par la lumière, dans leur suprême beauté; et ne pouvant pas davantage me tenir d’aller voir des arbres qu’autrefois, quand le vent soufflait trop fort dans ma cheminée, de partir pour le bord de la mer, j’étais sorti pour aller à Trianon, en passant par le bois de Boulogne.	And on that morning, not hearing the splash of the rain as on the previous days, seeing the smile of fine weather at the corners of my drawn curtains, as from the corners of closed lips may escape the secret of their happiness, I had felt that I could actually see those yellow leaves, with the light shining through them, in their supreme beauty; and being no more able to restrain myself from going to look at the trees than, in my childhood's days, when the wind howled in the chimney, I had been able to resist the longing to visit the sea, I had risen and left the house to go to Trianon, passing through the Bois de Boulogne.
320	330	0.539	C’était l’heure et c’était la saison où le Bois semble peut-être le plus multiple, non seulement parce qu’il est plus subdivisé, mais encore parce qu’il l’est autrement.	It was the hour and the season in which the Bois seems, perhaps, most multiform, not only because it is then most divided, but because it is divided in a different way.
321	331	0.403	Même dans les parties découvertes où l’on embrasse un grand espace, çà et là, en face des sombres masses lointaines des arbres qui n’avaient pas de feuilles ou qui avaient encore leurs feuilles de l’été, un double rang de marronniers orangés semblait, comme dans un tableau à peine commencé, avoir seul encore été peint par le décorateur qui n’aurait pas mis de couleur sur le reste, et tendait son allée en pleine lumière pour la promenade épisodique de personnages qui ne seraient ajoutés que plus tard.	Even in the unwooded parts, where the horizon is large, here and there against the background of a dark and distant mass of trees, now leafless or still keeping their summer foliage unchanged, a double row of orange-red chestnuts seemed, as in a picture just begun, to be the only thing painted, so far, by an artist who had not yet laid any colour on the rest, and to be offering their cloister, in full daylight, for the casual exercise of the human figures that would be added to the picture later on.
322	332	0.343	Plus loin, là où toutes leurs feuilles vertes couvraient les arbres, un seul, petit, trapu, étêté et têtu, secouait au vent une vilaine chevelure rouge.	Farther off, at a place where the trees were still all green, one alone, small, stunted, lopped, but stubborn in its resistance, was tossing in the breeze an ugly mane of red.
323	333	0.414	Ailleurs encore c’était le premier éveil de ce mois de mai des feuilles, et celles d’un empelopsis merveilleux et souriant, comme une épine rose de l’hiver, depuis le matin même étaient tout en fleur.	Elsewhere, again, might be seen the first awakening of this Maytime of the leaves, and those of an ampelopsis, a smiling miracle, like a red hawthorn flowering in winter, had that very morning all 'come out,' so to speak, in blossom.
324	334	0.443	Et le Bois avait l’aspect provisoire et factice d’une pépinière ou d’un parc, où soit dans un intérêt botanique, soit pour la préparation d’une fête, on vient d’installer, au milieu des arbres de sorte commune qui n’ont pas encore été déplantés, deux ou trois espèces précieuses aux feuillages fantastiques et qui semblent autour d’eux réserver du vide, donner de l’air, faire de la clarté.	And the Bois had the temporary, unfinished, artificial look of a nursery garden or a park in which, either for some botanic purpose or in preparation for a festival, there have been embedded among the trees of commoner growth, which have not yet been uprooted and transplanted elsewhere, a few rare specimens, with fantastic foliage, which seem to be clearing all round themselves an empty space, making room, giving air, diffusing light.
325	335	0.467	Ainsi c’était la saison où le Bois de Boulogne trahit le plus d’essences diverses et juxtapose le plus de parties distinctes en un assemblage composite.	Thus it was the time of year at which the Bois de Boulogne displays more separate characteristics, assembles more distinct elements in a composite whole than at any other.
326	336	0.489	Et c’était aussi l’heure.	It was also the time of day.
327	337	0.517	Dans les endroits où les arbres gardaient encore leurs feuilles, ils semblaient subir une altération de leur matière à partir du point où ils étaient touchés par la lumière du soleil, presque horizontale le matin comme elle le redeviendrait quelques heures plus tard au moment où dans le crépuscule commençant, elle s’allume comme une lampe, projette à distance sur le feuillage un reflet artificiel et chaud, et fait flamber les suprêmes feuilles d’un arbre qui reste le candélabre incombustible et terne de son faîte incendié.	In places where the trees still kept their leaves, they seemed to have undergone an alteration of their substance from the point at which they were touched by the sun's light, still, at this hour in the morning, almost horizontal, as it would be again, a few hours later, at the moment when, just as dusk began, it would flame up like a lamp, project afar over the leaves a warm and artificial glow, and set ablaze the few topmost boughs of a tree that would itself remain unchanged, a sombre incombustible candelabrum beneath its flaming crest.
328	338	0.285	Ici, elle épaississait comme des briques, et, comme une jaune maçonnerie persane à dessins bleus, cimentait grossièrement contre le ciel les feuilles des marronniers, là au contraire les détachait de lui, vers qui elles crispaient leurs doigts d’or.	At one spot the light grew solid as a brick wall, and like a piece of yellow Persian masonry, patterned in blue, daubed coarsely upon the sky the leaves of the chestnuts; at another, it cut them off from the sky towards which they stretched out their curling, golden fingers.
329	339	0.402	A mi-hauteur d’un arbre habillé de vigne vierge, elle greffait et faisait épanouir, impossible à discerner nettement dans l’éblouissement, un immense bouquet comme de fleurs rouges, peut-être une variété d’œillet.	Half-way up the trunk of a tree draped with wild vine, the light had grafted and brought to blossom, too dazzling to be clearly distinguished, an enormous posy, of red flowers apparently, perhaps of a new variety of carnation.
330	340	0.378	Les différentes parties du Bois, mieux confondues l’été dans l’épaisseur et la monotonie des verdures se trouvaient dégagées.	The different parts of the Bois, so easily confounded in summer in the density and monotony of their universal green, were now clearly divided.
331	341	0.419	Des espaces plus éclaircis laissaient voir l’entrée de presque toutes, ou bien un feuillage somptueux la désignait comme une oriflamme.	A patch of brightness indicated the approach to almost every one of them, or else a splendid mass of foliage stood out before it like an oriflamme.
332	342	0.580	On distinguait, comme sur une carte en couleur, Armenonville, le Pré Catelan, Madrid, le Champ de courses, les bords du Lac.	I could make out, as on a coloured map, Armenonville, the Pré Catalan, Madrid, the Race Course and the shore of the lake.
333	343	0.420	Par moments apparaissait quelque construction inutile, une fausse grotte, un moulin à qui les arbres en s’écartant faisaient place ou qu’une pelouse portait en avant sur sa moelleuse plateforme.	Here and there would appear some meaningless erection, a sham grotto, a mill, for which the trees made room by drawing away from it, or which was borne upon the soft green platform of a grassy lawn.
334	344	0.430	On sentait que le Bois n’était pas qu’un bois, qu’il répondait à une destination étrangère à la vie de ses arbres, l’exaltation que j’éprouvais n’était pas causée que par l’admiration de l’automne, mais par un désir.	I could feel that the Bois was not really a wood, that it existed for a purpose alien to the life of its trees; my sense of exaltation was due not only to admiration of the autumn tints but to a bodily desire.
335	345	0.463	Grande source d’une joie que l’âme ressent d’abord sans en reconnaître la cause, sans comprendre que rien au dehors ne la motive.	Ample source of a joy which the heart feels at first without being conscious of its cause, without understanding that it results from no external impulse!
336	346	0.505	Ainsi regardais-je les arbres avec une tendresse insatisfaite qui les dépassait et se portait à mon insu vers ce chef-d’œuvre des belles promeneuses qu’ils enferment chaque jour pendant quelques heures.	Thus I gazed at the trees with an unsatisfied longing which went beyond them and, without my knowledge, directed itself towards that masterpiece of beautiful strolling women which the trees enframed for a few hours every day.
337	347	0.520	J’allais vers l’allée des Acacias.	I walked towards the Allée des Acacias.
338	348	0.435	Je traversais des futaies où la lumière du matin qui leur imposait des divisions nouvelles, émondait les arbres, mariait ensemble les tiges diverses et composait des bouquets.	I passed through forest groves in which the morning light, breaking them into new sections, lopped and trimmed the trees, united different trunks in marriage, made nosegays of their branches.
339	349	0.417	Elle attirait adroitement à elle deux arbres; s’aidant du ciseau puissant du rayon et de l’ombre, elle retranchait à chacun une moitié de son tronc et de ses branches, et, tressant ensemble les deux moitiés qui restaient, en faisait soit un seul pilier d’ombre, que délimitait l’ensoleillement d’alentour, soit un seul fantôme de clarté dont un réseau d’ombre noire cernait le factice et tremblant contour.	It would skilfully draw towards it a pair of trees; making deft use of the sharp chisel of light and shade, it would cut away from each of them half of its trunk and branches, and, weaving together the two halves that remained, would make of them either a single pillar of shade, defined by the surrounding light, or a single luminous phantom whose artificial, quivering contour was encompassed in a network of inky shadows.
340	350	0.409	Quand un rayon de soleil dorait les plus hautes branches, elles semblaient, trempées d’une humidité étincelante, émerger seules de l’atmosphère liquide et couleur d’émeraude où la futaie tout entière était plongée comme sous la mer.	When a ray of sunshine gilded the highest branches, they seemed, soaked and still dripping with a sparkling moisture, to have emerged alone from the liquid, emerald-green atmosphere in which the whole grove was plunged as though beneath the sea.
341	351	0.303	Car les arbres continuaient à vivre de leur vie propre et quand ils n’avaient plus de feuilles, elle brillait mieux sur le fourreau de velours vert qui enveloppait leurs troncs ou dans l’émail blanc des sphères de gui qui étaient semées au faîte des peupliers, rondes comme le soleil et la lune dans la Création de Michel-Ange.	For the trees continued to live by their own vitality, and when they had no longer any leaves, that vitality gleamed more brightly still from the nap of green velvet that carpeted their trunks, or in the white enamel of the globes of mistletoe that were scattered all the way up to the topmost branches of the poplars, rounded as are the sun and moon in Michelangelo's 'Creation.'
342	352	0.277	Mais forcés depuis tant d’années par une sorte de greffe à vivre en commun avec la femme, ils m’évoquaient la dryade, la belle mondaine rapide et colorée qu’au passage ils couvrent de leurs branches et obligent à ressentir comme eux la puissance de la saison; ils me rappelaient le temps heureux de ma croyante jeunesse, quand je venais avidement aux lieux où des chefs-d’œuvre d’élégance féminine se réaliseraient pour quelques instants entre les feuillages inconscients et complices.	But, forced for so many years now, by a sort of grafting process, to share the life of feminine humanity, they called to my mind the figure of the dryad, the fair worldling, swiftly walking, brightly coloured, whom they sheltered with their branches as she passed beneath them, and obliged to acknowledge, as they themselves acknowledged, the power of the season; they recalled to me the happy days when I was young and had faith, when I would hasten eagerly to the spots where masterpieces of female elegance would be incarnate for a few moments beneath the unconscious, accommodating boughs.
343	353	0.534	Mais la beauté que faisaient désirer les sapins et les acacias du bois de Boulogne, plus troublants en cela que les marronniers et les lilas de Trianon que j’allais voir, n’était pas fixée en dehors de moi dans les souvenirs d’une époque historique, dans des œuvres d’art, dans un petit temple à l’amour au pied duquel s’amoncellent les feuilles palmées d’or.	But the beauty for which the firs and acacias of the Bois de Boulogne made me long, more disquieting in that respect than the chestnuts and lilacs of Trianon which I was going to see, was not fixed somewhere outside myself in the relics of an historical period, in works of art, in a little temple of love at whose door was piled an oblation of autumn leaves ribbed with gold.
344	354	0.564	Je rejoignis les bords du Lac, j’allai jusqu’au Tir aux pigeons.	I reached the shore of the lake; I walked on as far as the pigeon-shooting ground.
345	355	0.434	L’idée de perfection que je portais en moi, je l’avais prêtée alors à la hauteur d’une victoria, à la maigreur de ces chevaux furieux et légers comme des guêpes, les yeux injectés de sang comme les cruels chevaux de Diomède, et que maintenant, pris d’un désir de revoir ce que j’avais aimé, aussi ardent que celui qui me poussait bien des années auparavant dans ces mêmes chemins, je voulais avoir de nouveau sous les yeux au moment où l’énorme cocher de Mme Swann, surveillé par un petit groom gros comme le poing et aussi enfantin que saint Georges, essayait de maîtriser leurs ailes d’acier qui se débattaient effarouchées et palpitantes.	The idea of perfection which I had within me I had bestowed, in that other time, upon the height of a victoria, upon the raking thinness of those horses, frenzied and light as wasps upon the wing, with bloodshot eyes like the cruel steeds of Diomed, which now, smitten by a desire to see again what I had once loved, as ardent as the desire that had driven me, many years before, along the same paths, I wished to see renewed before my eyes at the moment when Mme. Swann's enormous coachman, supervised by a groom no bigger than his fist, and as infantile as Saint George in the picture, endeavoured to curb the ardour of the flying, steel-tipped pinions with which they thundered along the ground.
346	356	0.446	Hélas! il n’y avait plus que des automobiles conduites par des mécaniciens moustachus qu’accompagnaient de grands valets de pied.	Alas! there was nothing now but motor-cars driven each by a moustached mechanic, with a tall footman towering by his side.
347	357	0.533	Je voulais tenir sous les yeux de mon corps pour savoir s’ils étaient aussi charmants que les voyaient les yeux de ma mémoire, de petits chapeaux de femmes si bas qu’ils semblaient une simple couronne.	I wished to hold before my bodily eyes, that I might know whether they were indeed as charming as they appeared to the eyes of memory, little hats, so low-crowned as to seem no more than garlands about the brows of women.
348	358	0.483	Tous maintenant étaient immenses, couverts de fruits et de fleurs et d’oiseaux variés.	All the hats now were immense; covered with fruits and flowers and all manner of birds.
349	359	0.415	Au lieu des belles robes dans lesquelles Mme Swann avait l’air d’une reine, des tuniques gréco-saxonnes relevaient avec les plis des Tanagra, et quelquefois dans le style du Directoire, des chiffrons liberty semés de fleurs comme un papier peint.	In place of the lovely gowns in which Mme. Swann walked like a Queen, appeared Greco-Saxon tunics, with Tanagra folds, or sometimes, in the Directoire style, 'Liberty chiffons' sprinkled with flowers like sheets of wallpaper.
350	360	0.521	Sur la tête des messieurs qui auraient pu se promener avec Mme Swann dans l’allée de la Reine-Marguerite, je ne trouvais pas le chapeau gris d’autrefois, ni même un autre.	On the heads of the gentlemen who might have been eligible to stroll with Mme. Swann in the Allée de la Reine Marguerite, I found not the grey 'tile' hats of old, nor any other kind.
351	361	0.276	Ils sortaient nu-tête.	They walked the Bois bare-headed.
352	362	0.474	Et toutes ces parties nouvelles du spectacle, je n’avais plus de croyance à y introduire pour leur donner la consistance, l’unité, l’existence; elles passaient éparses devant moi, au hasard, sans vérité, ne contenant en elles aucune beauté que mes yeux eussent pu essayer comme autrefois de composer.	And seeing all these new elements of the spectacle, I had no longer the faith which, applied to them, would have given them consistency, unity, life; they passed in a scattered sequence before me, at random, without reality, containing in themselves no beauty that my eyes might have endeavoured as in the old days, to extract from them and to compose in a picture.
353	363	0.345	C’étaient des femmes quelconques, en l’élégance desquelles je n’avais aucune foi et dont les toilettes me semblaient sans importance.	They were just women, in whose elegance I had no belief, and whose clothes seemed to me unimportant.
354	364-365	0.584	Mais quand disparaît une croyance, il lui survit — et de plus en plus vivace pour masquer le manque de la puissance que nous avons perdue de donner de la réalité à des choses nouvelles — un attachement fétichiste aux anciennes qu’elle avait animées, comme si c’était en elles et non en nous que le divin résidait et si notre incrédulité actuelle avait une cause contingente, la mort des Dieux.	"But when a belief vanishes, there survives it — more and more ardently, so as to cloak the absence of the power, now lost to us, of imparting reality to new phenomena — an idolatrous attachment to the old things which our belief in them did once animate, as if it was in that belief and not in ourselves that the divine spark resided, and as if our present incredulity had a contingent cause — the death of the gods. ""Oh, horrible!"""
355	366-368	0.491	Quelle horreur! me disais-je: peut-on trouver ces automobiles élégantes comme étaient les anciens attelages? je suis sans doute déjà trop vieux — mais je ne suis pas fait pour un monde où les femmes s’entravent dans des robes qui ne sont pas même en étoffe.	"I exclaimed to myself: ""Does anyone really imagine that these motor-cars are as smart as the old carriage-and-pair? I dare say. I am too old now — but I was not intended for a world in which women shackle themselves in garments that are not even made of cloth."
356	369	0.425	A quoi bon venir sous ces arbres, si rien n’est plus de ce qui s’assemblait sous ces délicats feuillages rougissants, si la vulgarité et la folie ont remplacé ce qu’ils encadraient d’exquis.	To what purpose shall I walk among these trees if there is nothing left now of the assembly that used to meet beneath the delicate tracery of reddening leaves, if vulgarity and fatuity have supplanted the exquisite thing that once their branches framed?
357	370	0.582	Quelle horreur!	Oh, horrible!
358	371	0.599	Ma consolation c’est de penser aux femmes que j’ai connues, aujourd’hui qu’il n’y a plus d’élégance.	My consolation is to think of the women whom I have known, in the past, now that there is no standard left of elegance.
359	372	0.445	Mais comment des gens qui contemplent ces horribles créatures sous leurs chapeaux couverts d’une volière ou d’un potager, pourraient-ils même sentir ce qu’il y avait de charmant à voir Mme Swann coiffée d’une simple capote mauve ou d’un petit chapeau que dépassait une seule fleur d’iris toute droite.	"But how can the people who watch these dreadful creatures hobble by, beneath hats on which have been heaped the spoils of aviary or garden-bed, — how can they imagine the charm that there was in the sight of Mme. Swann, crowned with a close-fitting lilac bonnet, or with a tiny hat from which rose stiffly above her head a single iris?"""
360	373	0.427	Aurais-je même pu leur faire comprendre l’émotion que j’éprouvais par les matins d’hiver à rencontrer Mme Swann à pied, en paletot de loutre, coiffée d’un simple béret que dépassaient deux couteaux de plumes de perdrix, mais autour de laquelle la tiédeur factice de son appartement était évoquée, rien que par le bouquet de violettes qui s’écrasait à son corsage et dont le fleurissement vivant et bleu en face du ciel gris, de l’air glacé, des arbres aux branches nues, avait le même charme de ne prendre la saison et le temps que comme un cadre, et de vivre dans une atmosphère humaine, dans l’atmosphère de cette femme, qu’avaient dans les vases et les jardinières de son salon, près du feu allumé, devant le canapé de soie, les fleurs qui regardaient par la fenêtre close la neige tomber?	Could I ever have made them understand the emotion that I used to feel on winter mornings, when I met Mme. Swann on foot, in an otter-skin coat, with a woollen cap from which stuck out two blade-like partridge-feathers, but enveloped also in the deliberate, artificial warmth of her own house, which was suggested by nothing more than the bunch of violets crushed into her bosom, whose flowering, vivid and blue against the grey sky, the freezing air, the naked boughs, had the same charming effect of using the season and the weather merely as a setting, and of living actually in a human atmosphere, in the atmosphere of this woman, as had in the vases and beaupots of her drawing-room, beside the blazing fire, in front of the silk-covered sofa, the flowers that looked out through closed windows at the falling snow?
361	374	0.315	D’ailleurs il ne m’eût pas suffi que les toilettes fussent les mêmes qu’en ces années-là.	But it would not have sufficed me that the costumes alone should still have been the same as in those distant years.
362	375	0.307	A cause de la solidarité qu’ont entre elles les différentes parties d’un souvenir et que notre mémoire maintient équilibrées dans un assemblage où il ne nous est pas permis de rien distraire, ni refuser, j’aurais voulu pouvoir aller finir la journée chez une de ces femmes, devant une tasse de thé, dans un appartement aux murs peints de couleurs sombres, comme était encore celui de Mme Swann (l’année d’après celle où se termine la première partie de ce récit) et où luiraient les feux orangés, la rouge combustion, la flamme rose et blanche des chrysanthèmes dans le crépuscule de novembre pendant des instants pareils à ceux où (comme on le verra plus tard) je n’avais pas su découvrir les plaisirs que je désirais.	Because of the solidarity that binds together the different parts of a general impression, parts that our memory keeps in a balanced whole, of which we are not permitted to subtract or to decline any fraction, I should have liked to be able to pass the rest of the day with one of those women, over a cup of tea, in a little house with dark-painted walls (as Mme. Swann's were still in the year after that in which the first part of this story ends) against which would glow the orange flame, the red combustion, the pink and white flickering of her chrysanthemums in the twilight of a November evening, in moments similar to those in which (as we shall see) I had not managed to discover the pleasures for which I longed.
363	376	0.568	Mais maintenant, même ne me conduisant à rien, ces instants me semblaient avoir eu eux-mêmes assez de charme.	But now, albeit they had led to nothing, those moments struck me as having been charming enough in themselves.
364	377	0.501	Je voudrais les retrouver tels que je me les rappelais.	I sought to find them again as I remembered them.
365	378	0.552	Hélas! il n’y avait plus que des appartements Louis XVI tout blancs, émaillés d’hortensias bleus.	Alas! there was nothing now but flats decorated in the Louis XVI style, all white paint, with hortensias in blue enamel.
366	379	0.412	D’ailleurs, on ne revenait plus à Paris que très tard.	Moreover, people did not return to Paris, now, until much later.
367	380	0.431	Mme Swann m’eût répondu d’un château qu’elle ne rentrerait qu’en février, bien après le temps des chrysanthèmes, si je lui avais demandé de reconstituer pour moi les éléments de ce souvenir que je sentais attaché à une année lointaine, à un millésime vers lequel il ne m’était pas permis de remonter, les éléments de ce désir devenu lui-même inaccessible comme le plaisir qu’il avait jadis vainement poursuivi.	Mme. Swann would have written to me, from a country house, that she would not be in town before February, had I asked her to reconstruct for me the elements of that memory which I felt to belong to a distant era, to a date in time towards which it was forbidden me to ascend again the fatal slope, the elements of that longing which had become, itself, as inaccessible as the pleasure that it had once vainly pursued.
368	381	0.487	Et il m’eût fallu aussi que ce fussent les mêmes femmes, celles dont la toilette m’intéressait parce que, au temps où je croyais encore, mon imagination les avait individualisées et les avait pourvues d’une légende.	And I should have required also that they be the same women, those whose costume interested me because, at a time when I still had faith, my imagination had individualised them and had provided each of them with a legend.
369	382	0.396	Hélas! dans l’avenue des Acacias — l’allée de Myrtes — j’en revis quelques-unes, vieilles, et qui n’étaient plus que les ombres terribles de ce qu’elles avaient été, errant, cherchant désespérément on ne sait quoi dans les bosquets virgiliens.	Alas! in the acacia-avenue — the myrtle-alley — I did see some of them again, grown old, no more now than grim spectres of what once they had been, wandering to and fro, in desperate search of heaven knew what, through the Virgilian groves.
370	383	0.458	Elles avaient fui depuis longtemps que j’étais encore à interroger vainement les chemins désertés.	They had long fled, and still I stood vainly questioning the deserted paths.
371	384	0.604	Le soleil s’était caché.	The sun's face was hidden.
372	385	0.399	La nature recommençait à régner sur le Bois d’où s’était envolée l’idée qu’il était le Jardin élyséen de la Femme; au-dessus du moulin factice le vrai ciel était gris; le vent ridait le Grand Lac de petites vaguelettes, comme un lac; de gros oiseaux parcouraient rapidement le Bois, comme un bois, et poussant des cris aigus se posaient l’un après l’autre sur les grands chênes qui sous leur couronne druidique et avec une majesté dodonéenne semblaient proclamer le vide inhumain de la forêt désaffectée, et m’aidaient à mieux comprendre la contradiction que c’est de chercher dans la réalité les tableaux de la mémoire, auxquels manquerait toujours le charme qui leur vient de la mémoire même et de n’être pas perçus par les sens.	Nature began again to reign over the Bois, from which had vanished all trace of the idea that it was the Elysian Garden of Woman; above the gimcrack windmill the real sky was grey; the wind wrinkled the surface of the Grand Lac in little wavelets, like a real lake; large birds passed swiftly over the Bois, as over a real wood, and with shrill cries perched, one after another, on the great oaks which, beneath their Druidical crown, and with Dodonaic majesty, seemed to proclaim the unpeopled vacancy of this estranged forest, and helped me to understand how paradoxical it is to seek in reality for the pictures that are stored in one's memory, which must inevitably lose the charm that comes to them from memory itself and from their not being apprehended by the senses.
373	386	0.619	La réalité que j’avais connue n’existait plus.	The reality that I had known no longer existed.
374	387	0.522	Il suffisait que Mme Swann n’arrivât pas toute pareille au même moment, pour que l’Avenue fût autre.	It sufficed that Mme. Swann did not appear, in the same attire and at the same moment, for the whole avenue to be altered.
375	388	0.505	Les lieux que nous avons connus n’appartiennent pas qu’au monde de l’espace où nous les situons pour plus de facilité.	The places that we have known belong now only to the little world of space on which we map them for our own convenience.
376	389	0.642	Ils n’étaient qu’une mince tranche au milieu d’impressions contiguës qui formaient notre vie d’alors; le souvenir d’une certaine image n’est que le regret d’un certain instant; et les maisons, les routes, les avenues, sont fugitives, hélas, comme les années.	None of them was ever more than a thin slice, held between the contiguous impressions that composed our life at that time; remembrance of a particular form is but regret for a particular moment; and houses, roads, avenues are as fugitive, alas, as the years.
