src	tgt	score	src_text	tgt_text
0	0	0.701	J’étais arrivé à une presque complète indifférence à l’égard de Gilberte, quand deux ans plus tard je partis avec ma grand’mère pour Balbec.	I had arrived at a state almost of complete indifference to Gilberte when, two years later, I went with my grandmother to Balbec.
1	1	0.529	Quand je subissais le charme d’un visage nouveau, quand c’était à l’aide d’une autre jeune fille que j’espérais connaître les cathédrales gothiques, les palais et les jardins de l’Italie, je me disais tristement que notre amour, en tant qu’il est l’amour d’une certaine créature, n’est peut-être pas quelque chose de bien réel, puisque, si des associations de rêveries agréables ou douloureuses peuvent le lier pendant quelque temps à une femme jusqu’à nous faire penser qu’il a été inspiré par elle d’une façon nécessaire, en revanche si nous nous dégageons volontairement ou à notre insu de ces associations, cet amour comme s’il était au contraire spontané et venait de nous seuls, renaît pour se donner à une autre femme.	When I succumbed to the attraction of a strange face, when it was with the help of some other girl that I hoped to discover gothic cathedrals, the palaces and gardens of Italy, I said to myself sadly that this love of ours, in so far as it is love for one particular creature, is not perhaps a very real thing, since if the association of pleasant or unpleasant trains of thought can attach it for a time to a woman so as to make us believe that it has been inspired by her, in a necessary sequence of effect to cause, yet when we detach ourselves, deliberately or unconsciously, from those associations, this love, as though it were indeed a spontaneous thing and sprang from ourselves alone, will revive in order to bestow itself on another woman.
2	2	0.568	Pourtant au moment de ce départ pour Balbec, et pendant les premiers temps de mon séjour, mon indifférence n’était encore qu’intermittente.	At the time, however, of my departure for Balbec, and during the earlier part of my stay there, my indifference was still only intermittent.
3	3	0.498	Souvent (notre vie étant si peu chronologique, interférant tant d’anachronismes dans la suite des jours), je vivais dans ceux, plus anciens que la veille ou l’avant-veille, où j’aimais Gilberte.	Often, our life being so careless of chronology, interpolating so many anachronisms in the sequence of our days, I lived still among those — far older days than yesterday or last week — in which I loved Gilberte.
4	4	0.430	Alors ne plus la voir m’était soudain douloureux, comme c’eût été dans ce temps-là.	And at once not seeing her became as exquisite a torture to me as it had been then.
5	5	0.528	Le moi qui l’avait aimée, remplacé déjà presque entièrement par un autre, resurgissait, et il m’était rendu beaucoup plus fréquemment par une chose futile que par une chose importante.	The self that had loved her, which another self had already almost entirely supplanted, rose again in me, stimulated far more often by a trivial than by an important event.
6	6	0.608	Par exemple, pour anticiper sur mon séjour en Normandie, j’entendis à Balbec un inconnu que je croisai sur la digue dire: «La famille du directeur du ministère des Postes.»	"For instance, if I may anticipate for a moment my arrival in Normandy, I heard some one who passed me on the sea-front at Balbec refer to the ""Secretary to the Ministry of Posts and his family""."
7	7	0.374	Or (comme je ne savais pas alors l’influence que cette famille devait avoir sur ma vie), ce propos aurait dû me paraître oiseux, mais il me causa une vive souffrance, celle qu’éprouvait un moi, aboli pour une grande part depuis longtemps, à être séparé de Gilberte.	Now, seeing that as yet I knew nothing of the influence which that family was to exercise over my life, this remark ought to have passed unheeded; instead, it gave me at once an acute twinge, which a self that had for the most part long since been outgrown in me felt at being parted from Gilberte.
8	8	0.412	C’est que jamais je n’avais repensé à une conversation que Gilberte avait eue devant moi avec son père, relativement à la famille du «directeur du ministère des Postes».	Because I had never given another thought to a conversation which Gilberte had had with her father in my hearing, in which allusion was made to the Secretary to the Ministry of Posts and his family.
9	9	0.470	Or, les souvenirs d’amour ne font pas exception aux lois générales de la mémoire, elles-mêmes régies par les lois plus générales de l’habitude.	Now our love memories present no exception to the general rules of memory, which in turn are governed by the still more general rules of Habit.
10	10	0.346	Comme celle-ci affaiblit tout, ce qui nous rappelle le mieux un être, c’est justement ce que nous avions oublié (parce que c’était insignifiant et que nous lui avions ainsi laissé toute sa force).	And as Habit weakens every impression, what a person recalls to us most vividly is precisely what we had forgotten, because it was of no importance, and had therefore left in full possession of its strength.
11	11	0.474	C’est pourquoi la meilleure part de notre mémoire est hors de nous, dans un souffle pluvieux, dans l’odeur de renfermé d’une chambre ou dans l’odeur d’une première flambée, partout où nous retrouvons de nous-même ce que notre intelligence, n’en ayant pas l’emploi, avait dédaigné, la dernière réserve du passé, la meilleure, celle qui quand toutes nos larmes semblent taries, sait nous faire pleurer encore.	That is why the better part of our memory exists outside ourself, in a blatter of rain, in the smell of an unaired room or of the first crackling brushwood fire in a cold grate: wherever, in short, we happen upon what our mind, having no use for it, had rejected, the last treasure that the past has in store, the richest, that which when all our flow of tears seems to have dried at the source can make us weep again.
12-13	12	0.421	Hors de nous? En nous pour mieux dire, mais dérobée à nos propres regards, dans un oubli plus ou moins prolongé.	Outside ourself, did I say; rather within ourself, but hidden from our eyes in an oblivion more or less prolonged.
14	13	0.485	C’est grâce à cet oubli seul que nous pouvons de temps à autre retrouver l’être que nous fûmes, nous placer vis-à-vis des choses comme cet être l’était, souffrir à nouveau, parce que nous ne sommes plus nous, mais lui, et qu’il aimait ce qui nous est maintenant indifférent.	It is thanks to this oblivion alone that we can from time to time recover the creature that we were, range ourself face to face with past events as that creature had to face them, suffer afresh because we are no longer ourself but he, and because he loved what leaves us now indifferent.
15	14	0.479	Au grand jour de la mémoire habituelle, les images du passé pâlissent peu à peu, s’effacent, il ne reste plus rien d’elles, nous ne le retrouverions plus.	In the broad daylight of our ordinary memory the images of the past turn gradually pale and fade out of sight, nothing remains of them, we shall never find them again.
16	15	0.511	Ou plutôt nous ne le retrouverions plus, si quelques mots (comme «directeur au ministère des Postes») n’avaient été soigneusement enfermés dans l’oubli, de même qu’on dépose à la Bibliothèque Nationale un exemplaire d’un livre qui sans cela risquerait de devenir introuvable.	"Or rather we should never find them again had not a few words (such as this ""Secretary to the Ministry of Posts"") been carefully locked away in oblivion, just as an author deposits in the National Library a copy of a book which might otherwise become unobtainable."
17	16	0.553	Mais cette souffrance et ce regain d’amour pour Gilberte ne furent pas plus longs que ceux qu’on a en rêve, et cette fois, au contraire, parce qu’à Balbec l’Habitude ancienne n’était plus là pour les faire durer.	But this suffering and this recrudescence of my love for Gilberte lasted no longer than such things last in a dream, and this time, on the contrary, because at Balbec the old Habit was no longer there to keep them alive.
18	17	0.492	Et si ces effets de l’Habitude semblent contradictoires, c’est qu’elle obéit à des lois multiples.	And if these two effects of Habit appear to be incompatible, that is because Habit is bound by a diversity of laws.
19	18	0.597	A Paris j’étais devenu de plus en plus indifférent à Gilberte, grâce à l’Habitude.	In Paris I had grown more and more indifferent to Gilberte, thanks to Habit.
20	19	0.537	Le changement d’habitude, c’est-à-dire la cessation momentanée de l’Habitude paracheva l’œuvre de l’Habitude quand je partis pour Balbec.	The change of habit, that is to say the temporary cessation of Habit, completed Habit's task when I started for Balbec.
21	20	0.597	Elle affaiblit mais stabilise, elle amène la désagrégation mais la fait durer indéfiniment.	It weakens, but it stabilises; it leads to disintegration but it makes the scattered elements last indefinitely.
22	21	0.392	Chaque jour depuis des années je calquais tant bien que mal mon état d’âme sur celui de la veille.	Day after day, for years past, I had begun by modelling my state of mind, more or less effectively, upon that of the day before.
23	22	0.504	A Balbec un lit nouveau à côté duquel on m’apportait le matin un petit déjeuner différent de celui de Paris ne devait plus soutenir les pensées dont s’était nourri mon amour pour Gilberte: il y a des cas (assez rares, il est vrai) où la sédentarité immobilisant les jours, le meilleur moyen de gagner du temps, c’est de changer de place.	At Balbec, a strange bed, to the side of which a tray was brought in the morning that differed from my Paris breakfast tray, could not, obviously, sustain the fancies upon which my love for Gilberte had fed: there are cases (though not, I admit, commonly) in which, one's days being paralysed by a sedentary life, the best way to save time is to change one's place of residence.
24	23	0.441	Mon voyage à Balbec fut comme la première sortie d’un convalescent qui n’attendait plus qu’elle pour s’apercevoir qu’il est guéri.	My journey to Balbec was like the first outing of a convalescent who needed only that to convince him that he was cured.
25	24	0.401	Ce voyage, on le ferait sans doute aujourd’hui en automobile, croyant le rendre ainsi plus agréable.	The journey was one that would now be made, probably, in a motor-car, which would be supposed to render it more interesting.
26	25	0.490	On verra, qu’accompli de cette façon, il serait même en un sens plus vrai puisque on y suivrait de plus près, dans une intimité plus étroite, les diverses gradations selon lesquelles change la surface de la terre.	We shall see too that, accomplished in such a way, it would even be in a sense more genuine, since one would be following more nearly, in a closer intimacy, the various contours by which the surface of the earth is wrinkled.
27	26	0.386	Mais enfin le plaisir spécifique du voyage n’est pas de pouvoir descendre en route et s’arrêter quand on est fatigué, c’est de rendre la différence entre le départ et l’arrivée non pas aussi insensible, mais aussi profonde qu’on peut, de la ressentir dans sa totalité, intacte, telle quelle était dans notre pensée quand notre imagination nous portait du lieu où nous vivions jusqu’au cœur d’un lieu désiré, en un bond qui nous semblait moins miraculeux parce qu’il franchissait une distance que parce qu’il unissait deux individualités distinctes de la terre, qu’il nous menait d’un nom à un autre nom, et que schématise (mieux qu’une promenade où, comme on débarque où l’on veut, il n’y a guère plus d’arrivée) l’opération mystérieuse qui s’accomplissait dans ces lieux spéciaux, les gares, lesquels ne font pas partie pour ainsi dire de la ville mais contiennent l’essence de sa personnalité de même que sur un écriteau signalétique elles portent son nom.	But after all the special attraction of the journey lies not in our being able to alight at places on the way and to stop altogether as soon as we grow tired, but in its making the difference between departure and arrival not as imperceptible but as intense as possible, so that we are conscious of it in its totality, intact, as it existed in our mind when imagination bore us from the place in which we were living right to the very heart of a place we longed to see, in a single sweep which seemed miraculous to us not so much because it covered a certain distance as because it united two distinct individualities of the world, took us from one name to another name; and this difference is accentuated (more than in a form of locomotion in which, since one can stop and alight where one chooses, there can scarcely be said to be any point of arrival) by the mysterious operation that is performed in those peculiar places, railway stations, which do not constitute, so to speak, a part of the surrounding town but contain the essence of its personality just as upon their sign-boards they bear its painted name.
28	27	0.278	Mais en tout genre, notre temps a la manie de vouloir ne montrer les choses qu’avec ce qui les entoure dans la réalité, et par là de supprimer l’essentiel, l’acte de l’esprit, qui les isola d’elle.	But in this respect as in every other, our age is infected with a mania for shewing things only in the environment that properly belongs to them, thereby suppressing the essential thing, the act of the mind which isolated them from that environment.
29	28	0.416	On «présente» un tableau au milieu de meubles, de bibelots, de tentures de la même époque, fade décor qu’excelle à composer dans les hôtels d’aujourd’hui la maîtresse de maison la plus ignorante la veille, passant maintenant ses journées dans les archives et les bibliothèques et au milieu duquel le chef-d’œuvre qu’on regarde tout en dînant ne nous donne pas la même enivrante joie qu’on ne doit lui demander que dans une salle de musée, laquelle symbolise bien mieux par sa nudité et son dépouillement de toutes particularités, les espaces intérieurs où l’artiste s’est abstrait pour créer.	"A picture is nowadays ""presented"" in the midst of furniture, ornaments, hangings of the same period, a second-hand scheme of decoration in the composition of which in the houses of to-day excels that same hostess who but yesterday was so crassly ignorant, but now spends her time poring over records and in libraries; and among these the masterpiece at which we glance up from the table while we dine does not give us that exhilarating delight which we can expect from it only in a public gallery, which symbolises far better by its bareness, by the absence of all irritating detail, those innermost spaces into which the artist withdrew to create it."
30	29	0.349	Malheureusement ces lieux merveilleux que sont les gares, d’où l’on part pour une destination éloignée, sont aussi des lieux tragiques, car si le miracle s’y accomplit grâce auquel les pays qui n’avaient encore d’existence que dans notre pensée vont être ceux au milieu desquels nous vivrons, pour cette raison même il faut renoncer au sortir de la salle d’attente à retrouver tout à l’heure la chambre familière où l’on était il y a un instant encore.	Unhappily those marvellous places which are railway stations, from which one sets out for a remote destination, are tragic places also, for if in them the miracle is accomplished whereby scenes which hitherto have had no existence save in our minds are to become the scenes among which we shall be living, for that very reason we must, as we emerge from the waiting-room, abandon any thought of finding ourself once again within the familiar walls which, but a moment ago, were still enclosing us.
31	30	0.397	Il faut laisser toute espérance de rentrer coucher chez soi, une fois qu’on s’est décidé à pénétrer dans l’antre empesté par où l’on accède au mystère, dans un de ces grands ateliers vitrés, comme celui de Saint-Lazare où j’allai chercher le train de Balbec, et qui déployait au-dessus de la ville éventrée un de ces immenses ciels crus et gros de menaces amoncelées de drame, pareils à certains ciels, d’une modernité presque parisienne, de Mantegna ou de Véronèse, et sous lequel ne pouvait s’accomplir que quelque acte terrible et solennel comme un départ en chemin de fer ou l’érection de la Croix.	We must lay aside all hope of going home to sleep in our own bed, once we have made up our mind to penetrate into the pestiferous cavern through which we may have access to the mystery, into one of those vast, glass-roofed sheds, like that of Saint-Lazare into which I must go to find the train for Balbec, and which extended over the rent bowels of the city one of those bleak and boundless skies, heavy with an accumulation of dramatic menaces, like certain skies painted with an almost Parisian modernity by Mantegna or Veronese, beneath which could be accomplished only some solemn and tremendous act, such as a departure by train or the Elevation of the Cross.
32	31	0.477	Tant que je m’étais contenté d’apercevoir du fond de mon lit de Paris l’église persane de Balbec au milieu des flocons de la tempête, aucune objection à ce voyage n’avait été faite par mon corps.	So long as I had been content to look out from the warmth of my own bed in Paris at the Persian church of Balbec, shrouded in driving sleet, no sort of objection to this journey had been offered by my body.
33	32	0.295	Elles avaient commencé seulement quand il avait compris qu’il serait de la partie et que le soir de l’arrivée on me conduirait à «ma» chambre qui lui serait inconnue.	"Its objections began only when it had gathered that it would have itself to take part in the journey, and that on the evening of my arrival I should be shewn to ""my"" room which to my body would be unknown."
34	33	0.444	Sa révolte était d’autant plus profonde que la veille même du départ j’avais appris que ma mère ne nous accompagnerait pas, mon père, retenu au ministère jusqu’au moment où il partirait pour l’Espagne avec M. de Norpois, ayant préféré louer une maison dans les environs de Paris.	Its revolt was all the more deep-rooted in that on the very eve of my departure I learned that my mother would not be coming with us, my father, who would be kept busy at the Ministry until it was time for him to start for Spain with M. de Norpois, having preferred to take a house in the neighbourhood of Paris.
35	34	0.509	D’ailleurs la contemplation de Balbec ne me semblait pas moins désirable parce qu’il fallait l’acheter au prix d’un mal qui au contraire me semblait figurer et garantir la réalité de l’impression que j’allais chercher, impression que n’aurait remplacée aucun spectacle prétendu équivalent, aucun «panorama» que j’eusse pu aller voir sans être empêché par cela même de rentrer dormir dans mon lit.	"On the other hand, the spectacle of Balbec seemed to me none the less desirable because I must purchase it at the price of a discomfort which, on the contrary, I felt to indicate and to guarantee the reality of the impression which I was going there to seek, an impression the place of which no spectacle of professedly equal value, no ""panorama"" which I might have gone to see without being thereby precluded from returning home to sleep in my own bed, could possibly have filled."
36	35	0.541	Ce n’était pas la première fois que je sentais que ceux qui aiment et ceux qui ont du plaisir ne sont pas les mêmes.	It was not for the first time that I felt that those who love and those who find pleasure are not always the same.
37	36	0.576	Je croyais désirer aussi profondément Balbec que le docteur qui me soignait et qui me dit s’étonnant, le matin du départ, de mon air malheureux: «Je vous réponds que si je pouvais seulement trouver huit jours pour aller prendre le frais au bord de la mer, je ne me ferais pas prier.	"I believed myself to be longing fully as much for Balbec as the doctor who was treating me, when he said to me, surprised, on the morning of our departure, to see me look so unhappy; ""I don't mind telling you that if I could only manage a week to go down and get a blow by the sea, I shouldn't wait to be asked twice."
38	37	0.500	Vous allez avoir les courses, les régates, ce sera exquis.»	"You'll be having races, regattas; you don't know what all!"""
39	38	0.511	Pour moi j’avais déjà appris, et même bien avant d’aller entendre la Berma, que quelle que fût la chose que j’aimerais, elle ne serait jamais placée qu’au terme d’une poursuite douloureuse au cours de laquelle il me faudrait d’abord sacrifier mon plaisir à ce bien suprême, au lieu de l’y chercher.	But I had already learned the lesson — long before I was taken to hear Berma — that, whatever it might be that I loved, it would never be attained save at the end of a long and heart-rending pursuit, in the course of which I should have first to sacrifice my own pleasure to that paramount good instead of seeking it there.
40	39	0.404	Ma grand’mère concevait naturellement notre départ d’une façon un peu différente et toujours aussi désireuse qu’autrefois de donner aux présents qu’on me faisait un caractère artistique, avait voulu pour m’offrir de ce voyage une «épreuve» en partie ancienne, que nous refissions moitié en chemin de fer, moitié en voiture le trajet qu’avait suivi Mme de Sévigné quand elle était allée de Paris à «L’Orient» en passant par Chaulnes et par «le Pont-Audemer».	"My grandmother, naturally enough, looked upon our exodus from a somewhat different point of view, and (for she was still as anxious as ever that the presents which were made me should take some artistic form) had planned, so that she might be offering me, of this journey, a ""print"" that was, at least, in parts ""old"", that we should repeat, partly by rail and partly by road, the itinerary that Mme. de Sévigné followed when she went from Paris to ""L'Orient"" by way of Chaulnes and ""the Pont-Audemer""."
41	40	0.380	Mais ma grand’mère avait été obligée de renoncer à ce projet, sur la défense de mon père, qui savait, quand elle organisait un déplacement en vue de lui faire rendre tout le profit intellectuel qu’il pouvait comporter, combien on pouvait pronostiquer de trains manqués, de bagages perdus, de maux de gorge et de contraventions.	But my grandmother had been obliged to abandon this project, at the instance of my father who knew, whenever she organised any expedition with a view to extracting from it the utmost intellectual benefit that it was capable of yielding, what a tale there would be to tell of missed trains, lost luggage, sore throats and broken rules.
42	41	0.366	Elle se réjouissait du moins à la pensée que jamais au moment d’aller sur la plage, nous ne serions exposés à en être empêchés par la survenue de ce que sa chère Sévigné appelle une chienne de carrossée, puisque nous ne connaîtrions personne à Balbec, Legrandin ne nous ayant pas offert de lettre d’introduction pour sa sœur.	"She was free at least to rejoice in the thought that never, when the time came for us to sally forth to the beach, should we be exposed to the risk of being kept indoors by the sudden appearance of what her beloved Sévigné calls a ""beast of a coachload"", since we should know not a soul at Balbec, Legrandin having refrained from offering us a letter of introduction to his sister."
43	42	0.359	(Abstention qui n’avait pas été appréciée de même par mes tantes Céline et Victoire lesquelles ayant connu jeune fille celle qu’elles n’avaient appelée jusqu’ici, pour marquer cette intimité d’autrefois que «Renée de Cambremer», et possédant encore d’elle de ces cadeaux qui meublent une chambre et la conversation mais auxquels la réalité actuelle ne correspond pas, croyaient venger notre affront en ne prononçant plus jamais chez Mme Legrandin mère, le nom de sa fille, et se bornant à se congratuler une fois sorties par des phrases comme: «Je n’ai pas fait allusion à qui tu sais», «je crois qu’_on_ aura compris».)	"(This abstention had not been so well appreciated by my aunts Céline and Flora, who, having known as a child that lady, of whom they had always spoken until then, to commemorate this early intimacy, as ""Renée de Cambremer"", and having had from her and still possessing a number of those little presents which continue to ornament a room or a conversation but to which the feeling between the parties no longer corresponds, imagined that they were avenging the insult offered to us by never uttering again, when they called upon Mme. Legrandin, the name of her daughter, confining themselves to a mutual congratulation, once they were safely out of the house: ""I made no reference to you know whom!"""
44	43-44	0.376	Donc nous partirions simplement de Paris par ce train de une heure vingt-deux que je m’étais plu trop longtemps à chercher dans l’indicateur des chemins de fer, où il me donnait chaque fois l’émotion, presque la bienheureuse illusion du départ, pour ne pas me figurer que je le connaissais.	"""I think that went home!"") And so we were simply to leave Paris by that one twenty-two train which I had too often beguiled myself by looking out in the railway time-table, where its itinerary never failed to give me the emotion, almost the illusion of starting by it, not to feel that I already knew it."
45	45	0.291	Comme la détermination dans notre imagination des traits d’un bonheur tient plutôt à l’identité des désirs qu’il nous inspire, qu’à la précision des renseignements que nous avons sur lui, je croyais connaître celui-là dans ses détails, et je ne doutais pas que j’éprouverais dans le wagon un plaisir spécial quand la journée commencerait à fraîchir, que je contemplerais tel effet à l’approche d’une certaine station; si bien que ce train réveillant toujours en moi les images des mêmes villes que j’enveloppais dans la lumière de ces heures de l’après-midi qu’il traverse, me semblait différent de tous les autres trains; et j’avais fini comme on fait souvent pour un être qu’on n’a jamais vu mais dont on se plaît à s’imaginer qu’on a conquis l’amitié, par donner une physionomie particulière et immuable à ce voyageur artiste et blond qui m’aurait emmené sur sa route, et à qui j’aurais dit adieu au pied de la cathédrale de Saint-Lô, avant qu’il se fût éloigné vers le couchant.	As the delineation in our mind of the features of any form of happiness depends more on the nature of the longings that it inspires in us than the accuracy of the information which we have about it, I felt that I knew this train in all its details, nor did I doubt that I should feel, sitting in one of its compartments, a special delight as the day began to cool, should be contemplating this or that view as the train approached one or another station; so much so that this train, which always brought to my mind's eye the images of the same towns, which I bathed in the sunlight of those post-meridian hours through which it sped, seemed to me to be different from every other train; and I had ended — as we are apt to do with a person whom we have never seen but of whom we like to believe that we have won his friendship — by giving a distinct and unalterable cast of countenance to the traveller, artistic, golden-haired, who would thus have taken me with him upon his journey, and to whom I should bid farewell beneath the Cathedral of Saint-Lô, before he hastened to overtake the setting sun.
46	46	0.385	Comme ma grand’mère ne pouvait se résoudre à aller «tout bêtement» à Balbec, elle s’arrêterait vingt-quatre heures chez une de ses amies, de chez laquelle je repartirais le soir même pour ne pas déranger, et aussi de façon à voir dans la journée du lendemain l’église de Balbec, qui, avions-nous appris, était assez éloignée de Balbec-Plage, et où je ne pourrais peut-être pas aller ensuite au début de mon traitement de bains.	"As my grandmother could not bring herself to do anything so ""stupid"" as to go straight to Balbec, she was to break the journey half-way, staying the night with one of her friends, from whose house I was to proceed the same evening, so as not to be in the way there and also in order that I might arrive by daylight and see Balbec church, which, we had learned, was at some distance from Balbec-Plage, so that I might not have a chance to visit it later on, when I had begun my course of baths."
47	47	0.357	Et peut-être était-il moins pénible pour moi de sentir l’objet admirable de mon voyage placé avant la cruelle première nuit où j’entrerais dans une demeure nouvelle et accepterais d’y vivre.	And perhaps it was less painful for me to feel that the desirable goal of my journey stood between me and that cruel first night on which I should have to enter a new habitation, and consent to dwell there.
48	48	0.367	Mais il avait fallu d’abord quitter l’ancienne; ma mère avait arrangé de s’installer ce jour-là même à Saint-Cloud, et elle avait pris, ou feint de prendre, toutes ses dispositions pour y aller directement après nous avoir conduits à la gare, sans avoir à repasser par la maison où elle craignait que je ne voulusse, au lieu de partir pour Balbec, rentrer avec elle.	"But I had had first to leave the old; my mother had arranged to ""move in"", that afternoon, at Saint-Cloud, and had made, or pretended to make all the arrangements for going there directly after she had seen us off at the station, without needing to call again at our own house to which she was afraid that I might otherwise feel impelled at the last moment, instead of going to Balbec, to return with her."
49	49	0.360	Et même sous le prétexte d’avoir beaucoup à faire dans la maison qu’elle venait de louer et d’être à court de temps, en réalité pour m’éviter la cruauté de ce genre d’adieux, elle avait décidé de ne pas rester avec nous jusqu’à ce départ du train où, dissimulée auparavant dans des allées et venues et des préparatifs qui n’engagent pas définitivement, une séparation apparaît brusquement impossible à souffrir, alors qu’elle n’est déjà plus possible à éviter, concentrée tout entière dans un instant immense de lucidité impuissante et suprême.	In fact, on the pretext of having so much to see to in the house which she had just taken and of being pressed for time, but in reality so as to spare me the cruel ordeal of a long-drawn parting, she had decided not to wait with us until that moment of the signal to start at which, concealed hitherto among ineffective comings and goings and preparations that lead to nothing definite, separation is made suddenly manifest, impossible to endure when it is no longer possibly to be avoided, concentrated in its entirety in one enormous instant of impotent and supreme lucidity.
50	50	0.473	Pour la première fois je sentais qu’il était possible que ma mère vécût sans moi, autrement que pour moi, d’une autre vie.	For the first time I began to feel that it was possible that my mother might live without me, otherwise than for me, a separate life.
51	51	0.390	Elle allait habiter de son côté avec mon père à qui peut-être elle trouvait que ma mauvaise santé, ma nervosité, rendaient l’existence un peu compliquée et triste.	She was going to stay with my father, whose existence it may have seemed to her that my feeble health, my nervous excitability complicated somewhat and saddened.
52	52	0.329	Cette séparation me désolait davantage parce que je me disais qu’elle était probablement pour ma mère le terme des déceptions successives que je lui avais causées, qu’elle m’avait tues et après lesquelles elle avait compris la difficulté de vacances communes; et peut-être aussi le premier essai d’une existence à laquelle elle commençait à se résigner pour l’avenir, au fur et à mesure que les années viendraient pour mon père et pour elle, d’une existence où je la verrais moins, où, ce qui même dans mes cauchemars ne m’était jamais apparu, elle serait déjà pour moi un peu étrangère, une dame qu’on verrait rentrer seule dans une maison où je ne serais pas, demandant au concierge s’il n’y avait pas de lettres de moi.	This separation made me all the more wretched because I told myself that it probably marked for my mother an end of the successive disappointments which I had caused her, of which she had never said a word to me but which had made her realise the difficulty of our taking our holidays together; and perhaps also the first trial of a form of existence to which she was beginning, now, to resign herself for the future, as the years crept on for my father and herself, an existence in which I should see less of her, in which (a thing that not even in my nightmares had yet been revealed to me) she would already have become something of a stranger, a lady who might be seen going home by herself to a house in which I should not be, asking the porter whether there was not a letter for her from me.
53	53	0.525	Je pus à peine répondre à l’employé qui voulut me prendre ma valise.	I could scarcely answer the man in the station who offered to take my bag.
54	54	0.566	Ma mère essayait pour me consoler des moyens qui lui paraissaient les plus efficaces.	My mother, to comfort me, tried the methods which seemed to her most efficacious.
55	55	0.510	Elle croyait inutile d’avoir l’air de ne pas voir mon chagrin, elle le plaisantait doucement:	Thinking it to be useless to appear not to notice my unhappiness, she gently teased me about it:
56	56	0.512	—Eh bien, qu’est-ce que dirait l’église de Balbec si elle savait que c’est avec cet air malheureux qu’on s’apprête à aller la voir?	"""Well, and what would Balbec church say if it knew that people pulled long faces like that when they were going to see it?"
57	57	0.511	Est-ce cela le voyageur ravi dont parle Ruskin?	Surely this is not the enraptured tourist Ruskin speaks of.
58	58	0.619	D’ailleurs, je saurai si tu as été à la hauteur des circonstances, même loin je serai encore avec mon petit loup.	Besides, I shall know if you rise to the occasion, even when we are miles apart I shall still be with my little man.
59	59	0.527	Tu auras demain une lettre de ta maman.	"You shall have a letter to-morrow from Mamma."""
60	60	0.467	—Ma fille, dit ma grand’mère, je te vois comme Mme de Sévigné, une carte devant les yeux et ne nous quittant pas un instant.	"""My dear,"" said my grandmother, ""I picture you like Mme. de Sévigné, your eyes glued to the map, and never losing sight of us for an instant."""
61	61	0.429	Puis maman cherchait à me distraire, elle me demandait ce que je commanderais pour dîner, elle admirait Françoise, lui faisait compliment d’un chapeau et d’un manteau qu’elle ne reconnaissait pas, bien qu’ils eussent jadis excité son horreur quand elle les avait vus neufs sur ma grand’tante, l’un avec l’immense oiseau qui le surmontait, l’autre chargé de dessins affreux et de jais.	Then Mamma sought to distract my mind, asked me what I thought of having for dinner, drew my attention to Françoise, complimented her on a hat and cloak which she did not recognise, in spite of their having horrified her long ago when she first saw them, new, upon my great-aunt, one with an immense bird towering over it, the other decorated with a hideous pattern and jet beads.
62	62	0.364	Mais le manteau étant hors d’usage, Françoise l’avait fait retourner et exhibait un envers de drap uni d’un beau ton.	"But the cloak having grown too shabby to wear, Françoise had had it turned, exposing an ""inside"" of plain cloth and quite a good colour."
63	63	0.535	Quant à l’oiseau, il y avait longtemps que, cassé, il avait été mis au rancart.	As for the bird, it had long since come to grief and been thrown away.
64	64	0.544	Et, de même qu’il est quelquefois troublant de rencontrer les raffinements vers lesquels les artistes les plus conscients s’efforcent, dans une chanson populaire, à la façade de quelque maison de paysan qui fait épanouir au-dessus de la porte une rose blanche ou soufrée juste à la place qu’il fallait — de même le nœud de velours, la coque de ruban qui eussent ravi dans un portrait de Chardin ou de Whistler, Françoise les avait placés avec un goût infaillible et naïf sur le chapeau devenu charmant.	And just as it is disturbing, sometimes, to find the effects which the most conscious artists attain only by an effort occurring in a folk-song, on the wall of some peasant's cottage where above the door, at the precisely right spot in the composition, blooms a white or yellow rose — so the velvet band, the loop of ribbon which would have delighted one in a portrait by Chardin or Whistler, Françoise had set with a simple but unerring taste upon the hat, which was now charming.
65	65	0.418	Pour remonter à un temps plus ancien, la modestie et l’honnêteté qui donnaient souvent de la noblesse au visage de notre vieille servante ayant gagné les vêtements que, en femme réservée mais sans bassesse, qui sait «tenir son rang et garder sa place», elle avait revêtus pour le voyage afin d’être digne d’être vue avec nous sans avoir l’air de chercher à se faire voir, — Françoise dans le drap cerise mais passé de son manteau et les poils sans rudesse de son collet de fourrure, faisait penser à quelqu’une de ces images d’Anne de Bretagne peintes dans des livres d’Heures par un vieux maître, et dans lesquelles tout est si bien en place, le sentiment de l’ensemble s’est si également répandu dans toutes les parties que la riche et désuète singularité du costume exprime la même gravité pieuse que les yeux, les lèvres et les mains.	To take a parallel from an earlier age, the modesty and integrity which often gave an air of nobility to the face of our old servant having spread also to the garments which, as a woman reserved but not humbled, who knew how to hold her own and to keep her place, she had put on for the journey so as to be fit to be seen in our company without at the same time seeming or wishing to make herself conspicuous, — Françoise in the cherry-coloured cloth, now faded, of her cloak, and the discreet nap of her fur collar, brought to mind one of those miniatures of Anne of Brittany painted in Books of Hours by an old master, in which everything is so exactly in the right place, the sense of the whole is so evenly distributed throughout the parts that the rich and obsolete singularity of the costume expresses the same pious gravity as the eyes, lips and hands.
66	66	0.480	On n’aurait pu parler de pensée à propos de Françoise.	Of thought, in relation to Françoise, one could hardly speak.
67	67	0.584	Elle ne savait rien, dans ce sens total où ne rien savoir équivaut à ne rien comprendre, sauf les rares vérités que le cœur est capable d’atteindre directement.	She knew nothing, in that absolute sense in which to know nothing means to understand nothing, save the rare truths to which the heart is capable of directly attaining.
68	68	0.444	Le monde immense des idées n’existait pas pour elle.	The vast world of ideas existed not for her.
69	69	0.570	Mais devant la clarté de son regard, devant les lignes délicates de ce nez, de ces lèvres, devant tous ces témoignages absents de tant d’êtres cultivés chez qui ils eussent signifié la distinction suprême, le noble détachement d’un esprit d’élite, on était troublé comme devant le regard intelligent et bon d’un chien à qui on sait pourtant que sont étrangères toutes les conceptions des hommes, et on pouvait se demander s’il n’y a pas parmi ces autres humbles frères, les paysans, des êtres qui sont comme les hommes supérieurs du monde des simples d’esprit, ou plutôt qui, condamnés par une injuste destinée à vivre parmi les simples d’esprit, privés de lumière, mais qui pourtant plus naturellement, plus essentiellement apparentés aux natures d’élite que ne le sont la plupart des gens instruits, sont comme des membres dispersés, égarés, privés de raison, de la famille sainte, des parents, restés en enfance, des plus hautes intelligences, et auxquels — comme il apparaît dans la lueur impossible à méconnaître de leurs yeux où pourtant elle ne s’applique à rien — il n’a manqué, pour avoir du talent, que du savoir.	But when one studied the clearness of her gaze, the lines of nose and lips, all those signs lacking from so many people of culture in whom they would else have signified a supreme distinction, the noble detachment of a chosen spirit, one was disquieted, as one is by the frank, intelligent eyes of a dog, to which, nevertheless, one knows that all our human concepts must be alien, and was led to ask oneself whether there might not be, among those other humble brethren, our peasant countrymen, creatures who were, like the great ones of the earth, of simple mind, or rather, doomed by a harsh fate to live among the simple-minded, deprived of heavenly light, were yet more naturally, more instinctively akin to the chosen spirits than most educated people, were, so to speak, all members, though scattered, straying, robbed of their heritage of reason, of the celestial family, kinsfolk, that have been lost in infancy, of the loftiest minds to whom — as is apparent from the unmistakable light in their eyes, although they can concentrate that light on nothing — there has been lacking, to endow them with talent, knowledge only.
70	70	0.639	Ma mère voyant que j’avais peine à contenir mes larmes, me disait: «Régulus avait coutume dans les grandes circonstances…	"My mother, seeing that I had difficulty in keeping back my tears, said to me: ""'Regulus was in the habit, when things looked grave. . . .'"
71	71	0.437	Et puis ce n’est pas gentil pour ta maman.	Besides, it isn't nice for Mamma!
72-73	72-73	0.477	Citons Madame de Sévigné, comme ta grand’mère: «Je vais être obligée de me servir de tout le courage que tu n’as pas.» Et se rappelant que l’affection pour autrui détourne des douleurs égoïstes, elle tâchait de me faire plaisir en me disant qu’elle croyait que son trajet de Saint-Cloud s’effectuerait bien, qu’elle était contente du fiacre qu’elle avait gardé, que le cocher était poli, et la voiture confortable.	"What does Mme. de Sévigné say? Your grandmother will tell you: 'I shall be obliged to draw upon all the courage that you lack.'"" And remembering that affection for another distracts one's selfish griefs, she endeavoured to beguile me by telling me that she expected the removal to Saint-Cloud to go without a hitch, that she liked the cab, which she had kept waiting, that the driver seemed civil and the seats comfortable."
74	74	0.588	Je m’efforçais de sourire à ces détails et j’inclinais la tête d’un air d’acquiescement et de satisfaction.	I made an effort to smile at these trifles, and bowed my head with an air of acquiescence and satisfaction.
75	75	0.543	Mais ils ne m’aidaient qu’à me représenter avec plus de vérité le départ de Maman et c’est le cœur serré que je la regardais comme si elle était déjà séparée de moi, sous ce chapeau de paille rond qu’elle avait acheté pour la campagne, dans une robe légère qu’elle avait mise à cause de cette longue course par la pleine chaleur, et qui la faisaient autre, appartenant déjà à la villa de «Montretout» où je ne la verrais pas.	But they helped me only to depict to myself with more accuracy Mamma's imminent departure, and it was with an agonised heart that I gazed at her as though she were already torn from me, beneath that wide-brimmed straw hat which she had bought to wear in the country, in a flimsy dress which she had put on in view of the long drive through the sweltering midday heat; hat and dress making her some one else, some one who belonged already to the Villa Montretout, in which I should not see her.
76	76	0.511	Pour éviter les crises de suffocation que me donnerait le voyage, le médecin m’avait conseillé de prendre au moment du départ un peu trop de bière ou de cognac, afin d’être dans un état qu’il appelait «euphorie», où le système nerveux est momentanément moins vulnérable.	"To prevent the choking fits which the journey might otherwise give me the doctor had advised me to take, as we started, a good stiff dose of beer or brandy, so as to begin the journey in a state of what he called ""euphoria"", in which the nervous system is for a time less vulnerable."
77	77	0.443	J’étais encore incertain si je le ferais, mais je voulais au moins que ma grand’mère reconnût qu’au cas où je m’y déciderais, j’aurais pour moi le droit et la sagesse.	I had not yet made up my mind whether I should do this, but I wished at least that my grandmother should admit that, if I did so decide, I should have wisdom and authority on my side.
78	78	0.363	Aussi j’en parlais comme si mon hésitation ne portait que sur l’endroit où je boirais de l’alcool, buffet ou wagon-bar.	I spoke therefore as if my hesitation were concerned only with where I should go for my drink, to the bar on the platform or to the restaurant-car on the train.
79	79-81	0.288	Mais aussitôt à l’air de blâme que prit le visage de ma grand’mère et de ne pas même vouloir s’arrêter à cette idée: «Comment, m’écriai-je, me résolvant soudain à cette action d’aller boire, dont l’exécution devenait nécessaire à prouver ma liberté puisque son annonce verbale n’avait pu passer sans protestation, comment tu sais combien je suis malade, tu sais ce que le médecin m’a dit, et voilà le conseil que tu me donnes!»	"But immediately, at the air of reproach which my grandmothers face assumed, an air of not wishing even to entertain such an idea for a moment, ""What!"" I said to myself, suddenly determining upon this action of going out to drink, the performance of which became necessary as a proof of my independence since the verbal announcement of it had not succeeded in passing unchallenged, ""What! You know how ill I am, you know what the doctor ordered, and you treat me like this!"""
80	82	0.418	Quand j’eus expliqué mon malaise à ma grand’mère, elle eut un air si désolé, si bon, en répondant: «Mais alors, va vite chercher de la bière ou une liqueur, si cela doit te faire du bien» que je me jetai sur elle et la couvris de baisers.	"When I had explained to my grandmother how unwell I felt, her distress, her kindness were so apparent as she replied, ""Run along then, quickly; get yourself some beer or a liqueur if it will do you any good,"" that I flung myself upon her, almost smothering her in kisses."
81	83	0.321	Et si j’allai cependant boire beaucoup trop dans le bar du train, ce fut parce que je sentais que sans cela j’aurais un accès trop violent et que c’est encore ce qui la peinerait le plus.	And if after that I went and drank a great deal too much in the restaurant-car of the train, that was because I felt that otherwise I should have a more violent attack than usual, which was just what would vex her most.
82	84	0.479	Quand, à la première station, je remontai dans notre wagon, je dis à ma grand’mère combien j’étais heureux d’aller à Balbec, que je sentais que tout s’arrangerait bien, qu’au fond je m’habituerais vite à être loin de maman, que ce train était agréable, l’homme du bar et les employés si charmants que j’aurais voulu refaire souvent ce trajet pour avoir la possibilité de les revoir.	When at the first stop I clambered back into our compartment I told my grandmother how pleased I was to be going to Balbec, that I felt that everything would go off splendidly, that after all I should soon grow used to being without Mamma, that the train was most comfortable, the steward and attendants in the bar so friendly that I should like to make the journey often so as to have opportunities of seeing them again.
83	85	0.539	Ma grand’mère cependant ne paraissait pas éprouver la même joie que moi de toutes ces bonnes nouvelles.	My grandmother, however, did not appear to feel the same joy as myself at all these good tidings.
84	86	0.601	Elle me répondit en évitant de me regarder:	She answered, without looking me in the face:
85	87	0.587	—Tu devrais peut-être essayer de dormir un peu, et tourna les yeux vers la fenêtre dont nous avions baissé le rideau qui ne remplissait pas tout le cadre de la vitre, de sorte que le soleil pouvait glisser sur le chêne ciré de la portière et le drap de la banquette (comme une réclame beaucoup plus persuasive pour une vie mêlée à la nature que celles accrochées trop haut dans le wagon, par les soins de la Compagnie, et représentant des paysages dont je ne pouvais pas lire les noms) la même clarté tiède et dormante qui faisait la sieste dans les clairières.	"""Why don't you try to get a little sleep?"" and turned her gaze to the window, the blind of which, though we had drawn it, did not completely cover the glass, so that the sun could and did slip in over the polished oak of the door and the cloth of the seat (like an advertisement of a life shared with nature far more persuasive than those posted higher upon the walls of the compartment, by the railway company, representing places in the country the names of which I could not make out from where I sat) the same warm and slumberous light which lies along a forest glade."
86	88	0.524	Mais quand ma grand’mère croyait que j’avais les yeux fermés, je la voyais par moments sous son voile à gros pois jeter un regard sur moi puis le retirer, puis recommencer, comme quelqu’un qui cherche à s’efforcer, pour s’y habituer, à un exercice qui lui est pénible.	But when my grandmother thought that my eyes were shut I could see her, now and again, from among the large black spots on her veil, steal a glance at me, then withdraw it, and steal back again, like a person trying to make himself, so as to get into the habit, perform some exercise that hurts him.
87	89	0.633	Alors je lui parlais, mais cela ne semblait pas lui être agréable.	Thereupon I spoke to her, but that seemed not to please her either.
88	90	0.508	Et à moi pourtant ma propre voix me donnait du plaisir, et de même les mouvements les plus insensibles, les plus intérieurs de mon corps.	And yet to myself the sound of my own voice was pleasant, as were the most imperceptible, the most internal movements of my body.
89	91-92	0.498	Aussi je tâchais de les faire durer, je laissais chacune de mes inflexions s’attarder longtemps aux mots, je sentais chacun de mes regards se trouver bien là où il s’était posé et y rester au delà du temps habituel.	And so I endeavoured to prolong it. I allowed each of my inflexions to hang lazily upon its word, I felt each glance from my eyes arrive just at the spot to which it was directed and stay there beyond the normal period.
90	93	0.431	«Allons, repose-toi, me dit ma grand’mère.	"""Now, now, sit still and rest,"" said my grandmother."
91	94	0.638	Si tu ne peux pas dormir lis quelque chose.»	"""If you can't manage to sleep, read something."""
92-93	95	0.515	Et elle me passa un volume de Mme de Sévigné que j’ouvris, pendant qu’elle-même s’absorbait dans les Mémoires de Madame de Beausergent. Elle ne voyageait jamais sans un tome de l’une et de l’autre.	And she handed me a volume of Madame de Sévigné which I opened, while she buried herself in the _Mémoires de Madame de Beausergent._ She never travelled anywhere without a volume of each.
94	96	0.518	C’était ses deux auteurs de prédilection.	They were her two favourite authors.
95	97	0.443	Ne bougeant pas volontiers ma tête en ce moment et éprouvant un grand plaisir à garder une position une fois que je l’avais prise, je restai à tenir le volume de Mme de Sévigné sans l’ouvrir, et je n’abaissai pas sur lui mon regard qui n’avait devant lui que le store bleu de la fenêtre.	With no conscious movement of my head, feeling a keen pleasure in maintaining a posture after I had adopted it, I lay back holding in my hands the volume of Madame de Sévigné which I had allowed to close, without lowering my eyes to it, or indeed letting them see anything but the blue window-blind.
96	98	0.359	Mais contempler ce store me paraissait admirable et je n’eusse pas pris la peine de répondre à qui eût voulu me détourner de ma contemplation.	But the contemplation of this blind appeared to me an admirable thing, and I should not have troubled to answer anyone who might have sought to distract me from contemplating it.
97	99	0.563	La couleur bleue du store me semblait, non peut-être par sa beauté mais par sa vivacité intense, effacer à tel point toutes les couleurs qui avaient été devant mes yeux depuis le jour de ma naissance jusqu’au moment où j’avais fini d’avaler ma boisson et où elle avait commencé de faire son effet, qu’à côté de ce bleu du store, elles étaient pour moi aussi ternes, aussi nulles, que peut l’être rétrospectivement l’obscurité où ils ont vécu pour les aveugles-nés qu’on opère sur le tard et qui voient enfin les couleurs.	The blue colour of this blind seemed to me, not perhaps by its beauty but by its intense vivacity, to efface so completely all the colours that had passed before my eyes from the day of my birth up to the moment in which I had gulped down the last of my drink and it had begun to take effect, that when compared with this blue they were as drab, as void as must be retrospectively the darkness in which he has lived to a man born blind whom a subsequent operation has at length enabled to see and to distinguish colours.
98	100	0.570	Un vieil employé vint nous demander nos billets.	An old ticket-collector came to ask for our tickets.
99	101	0.535	Les reflets argentés qu’avaient les boutons en métal de sa tunique ne laissèrent pas de me charmer.	The silvery gleam that shone from the metal buttons of his jacket charmed me in spite of my absorption.
100	102	0.589	Je voulus lui demander de s’asseoir à côté de nous.	I wanted to ask him to sit down beside us.
101	103	0.624	Mais il passa dans un autre wagon, et je songeai avec nostalgie à la vie des cheminots, lesquels passant tout leur temps en chemin de fer, ne devaient guère manquer un seul jour de voir ce vieil employé.	But he passed on to the next carriage, and I thought with longing of the life led by railwaymen for whom, since they spent all their time on the line, hardly a day could pass without their seeing this old collector.
102	104	0.385	Le plaisir que j’éprouvais à regarder le store bleu et à sentir que ma bouche était à demi ouverte commença enfin à diminuer.	The pleasure that I found in staring at the blind, and in feeling that my mouth was half-open, began at length to diminish.
103	105	0.447	Je devins plus mobile; je remuai un peu; j’ouvris le volume que ma grand’mère m’avait tendu et je pus fixer mon attention sur les pages que je choisis çà et là.	I became more mobile; I even moved in my seat; I opened the book that my grandmother had given me and turned its pages casually, reading whatever caught my eye.
104	106	0.502	Tout en lisant je sentais grandir mon admiration pour Mme de Sévigné.	And as I read I felt my admiration for Madame de Sévigné grow.
105	107	0.377	Il ne faut pas se laisser tromper par des particularités purement formelles qui tiennent à l’époque, à la vie de salon et qui font que certaines personnes croient qu’elles ont fait leur Sévigné quand elles ont dit: «Mandez-moi ma bonne» ou «Ce comte me parut avoir bien de l’esprit», ou «faner est la plus jolie chose du monde».	"It is a mistake to let oneself be taken in by the purely formal details, idioms of the period or social conventions, the effect of which is that certain people believe that they have caught the Sévigné manner when they have said: ""Tell me, my dear,"" or ""That Count struck me as being a man of parts,"" or ""Haymaking is the sweetest thing in the world."""
106	108	0.538	Déjà Mme de Simiane s’imagine ressembler à sa grand’mère parce qu’elle écrit: «M. de la Boulie se porte à merveille, monsieur, et il est fort en état d’entendre des nouvelles de sa mort», ou «Oh! mon cher marquis, que votre lettre me plaît!	"Mme. de Simiane imagines already that she is being like her grandmother because she can write: ""M. de la Boulie is bearing wonderfully, Sir, and is in excellent condition to hear the news of his death,"" or ""Oh, my dear Marquis, how your letter enchanted me!"
107	109	0.385	Le moyen de ne pas y répondre», ou encore: «Il me semble, monsieur, que vous me devez une réponse et moi des tabatières de bergamote.	"What can I do but answer it?"" or ""Meseems, Sir, that you owe me a letter, and I owe you some boxes of bergamot."
108	110-111	0.609	Je m’en acquitte pour huit, il en viendra d’autres…; jamais la terre n’en avait tant porté.	I discharge my debt to the number of eight; others shall follow. . . . Never has the soil borne so many.
109	112	0.616	C’est apparemment pour vous plaire.»	"Apparently for your gratification."""
110	113	0.604	Et elle écrit dans ce même genre la lettre sur la saignée, sur les citrons, etc., qu’elle se figure être des lettres de Mme de Sévigné.	And she writes in this style also her letter on bleeding, on lemons and so forth, supposing it to be typical of the letters of Madame de Sévigné.
111	114	0.386	Mais ma grand’mère qui était venue à celle-ci par le dedans, par l’amour pour les siens, pour la nature, m’avait appris à en aimer les vraies beautés, qui sont tout autres.	But my grandmother who had approached that lady from within, attracted to her by her own love of kinsfolk and of nature, had taught me to enjoy the real beauties of her correspondence, which are altogether different.
112	115	0.386	Elles devaient bientôt me frapper d’autant plus que Mme de Sévigné est une grande artiste de la même famille qu’un peintre que j’allais rencontrer à Balbec et qui eut une influence si profonde sur ma vision des choses, Elstir.	They were presently to strike me all the more forcibly inasmuch as Madame de Sévigné is a great artist of the same school as a painter whom I was to meet at Balbec, where his influence on my way of seeing things was immense.
113	116	0.469	Je me rendis compte à Balbec que c’est de la même façon que lui, qu’elle nous présente les choses, dans l’ordre de nos perceptions, au lieu de les expliquer d’abord par leur cause.	I realised at Balbec that it was in the same way as he that she presented things to her readers, in the order of our perception of them, instead of first having to explain them in relation to their several causes.
114	117	0.432	Mais déjà cet après-midi-là, dans ce wagon, en relisant la lettre où apparaît le clair de lune: «Je ne pus résister à la tentation, je mets toutes mes coiffes et casques qui n’étaient pas nécessaires, je vais dans ce mail dont l’air est bon comme celui de ma chambre; je trouve mille coquecigrues, _des moines blancs et noirs, plusieurs religieuses grises et blanches, du linge jeté par-ci par-là, des hommes ensevelis tout droits contre des arbres_, etc.», je fus ravi par ce que j’eusse appelé un peu plus tard (ne peint-elle pas les paysages de la même façon que lui les caractères?) le côté Dostoïewski des _Lettres de Madame de Sévigné_.	"But already that afternoon in the railway carriage, as I read over again that letter in which the moonlight comes: ""I cannot resist the temptation: I put on all my bonnets and veils, though there is no need of them, I walk along this mall, where the air is as sweet as in my chamber; I find a thousand phantasms, monks white and black, sisters grey and white, linen cast here and there on the ground, men enshrouded upright against the tree-trunks,"" I was enraptured by what, a little later, I should have described (for does not she draw landscapes in the same way as he draws characters?) as the Dostoievsky side of Madame de Sévigné's Letters."
115	118	0.380	Quand le soir, après avoir conduit ma grand’mère et être resté quelques heures chez son amie, j’eus repris seul le train, du moins je ne trouvai pas pénible la nuit qui vint; c’est que je n’avais pas à la passer dans la prison d’une chambre dont l’ensommeillement me tiendrait éveillé; j’étais entouré par la calmante activité de tous ces mouvements du train qui me tenaient compagnie, s’offraient à causer avec moi si je ne trouvais pas le sommeil, me berçaient de leurs bruits que j’accouplais comme le son des cloches à Combray tantôt sur un rythme, tantôt sur un autre (entendant selon ma fantaisie d’abord quatre doubles croches égales, puis une double croche furieusement précipitée contre une noire); ils neutralisaient la force centrifuge de mon insomnie en exerçant sur elle des pressions contraires qui me maintenaient en équilibre et sur lesquelles mon immobilité et bientôt mon sommeil se sentirent portés avec la même impression rafraîchissante que m’aurait donnée le repos dû à la vigilance de forces puissantes au sein de la nature et de la vie, si j’avais pu pour un moment m’incarner en quelque poisson qui dort dans la mer, promené dans son assoupissement par les courants et la vague, ou en quelque aigle étendu sur le seul appui de la tempête.	When, that evening, after having accompanied my grandmother to her destination and spent some hours in her friend's house, I had returned by myself to the train, at any rate I found nothing to distress me in the night which followed; this was because I had not to spend it in a room the somnolence of which would have kept me awake; I was surrounded by the soothing activity of all those movements of the train which kept me company, offered to stay and converse with me if I could not sleep, lulled me with their sounds which I wedded — as I had often wedded the chime of the Combray bells — now to one rhythm now to another (hearing as the whim took me first four level and equivalent semi-quavers, then one semi-quaver furiously dashing against a crotchet); they neutralised the centrifugal force of my insomnia by exercising upon it a contrary pressure which kept me in equilibrium and on which my immobility and presently my drowsiness felt themselves to be borne with the same sense of refreshment that I should have had, had I been resting under the protecting vigilance of powerful forces, on the breast of nature and of life, had I been able for a moment to incarnate myself in a fish that sleeps in the sea, driven unheeding by the currents and the tides, or in an eagle outstretched upon the air, with no support but the storm.
116	119	0.447	Les levers de soleil sont un accompagnement des longs voyages en chemin de fer, comme les œufs durs, les journaux illustrés, les jeux de cartes, les rivières où des barques s’évertuent sans avancer.	Sunrise is a necessary concomitant of long railway journeys, just as are hard-boiled eggs, illustrated papers, packs of cards, rivers upon which boats strain but make no progress.
117	120	0.592	A un moment où je dénombrais les pensées qui avaient rempli mon esprit pendant les minutes précédentes, pour me rendre compte si je venais ou non de dormir (et où l’incertitude même qui me faisait me poser la question, était en train de me fournir une réponse affirmative), dans le carreau de la fenêtre, au-dessus d’un petit bois noir, je vis des nuages échancrés dont le doux duvet était d’un rose fixé, mort, qui ne changera plus, comme celui qui teint les plumes de l’aile qui l’a assimilé ou le pastel sur lequel l’a déposé la fantaisie du peintre.	At a certain moment, when I was counting over the thoughts that had filled my mind, in the preceding minutes, so as to discover whether I had just been asleep or not (and when the very uncertainty which made me ask myself the question was to furnish me with an affirmative answer), in the pale square of the window, over a small black wood I saw some ragged clouds whose fleecy edges were of a fixed, dead pink, not liable to change, like the colour that dyes the wing which has grown to wear it, or the sketch upon which the artists fancy has washed it.
118	121	0.631	Mais je sentais qu’au contraire cette couleur n’était ni inertie, ni caprice, mais nécessité et vie.	But I felt that, unlike them, this colour was due neither to inertia nor to caprice but to necessity and life.
119	122	0.497	Bientôt s’amoncelèrent derrière elle des réserves de lumière.	Presently there gathered behind it reserves of light.
120	123	0.545	Elle s’aviva, le ciel devint d’un incarnat que je tâchais, en collant mes yeux à la vitre, de mieux voir car je le sentais en rapport avec l’existence profonde de la nature, mais la ligne du chemin de fer ayant changé de direction, le train tourna, la scène matinale fut remplacée dans le cadre de la fenêtre par un village nocturne aux toits bleus de clair de lune, avec un lavoir encrassé de la nacre opaline de la nuit, sous un ciel encore semé de toutes ses étoiles, et je me désolais d’avoir perdu ma bande de ciel rose quand je l’aperçus de nouveau, mais rouge cette fois, dans la fenêtre d’en face qu’elle abandonna à un deuxième coude de la voie ferrée; si bien que je passais mon temps à courir d’une fenêtre à l’autre pour rapprocher, pour rentoiler les fragments intermittents et opposites de mon beau matin écarlate et versatile et en avoir une vue totale et un tableau continu.	It brightened; the sky turned to a crimson which I strove, glueing my eyes to the window, to see more clearly, for I felt that it was related somehow to the most intimate life of Nature, but, the course of the line altering, the train turned, the morning scene gave place in the frame of the window to a nocturnal village, its roofs still blue with moonlight, its pond encrusted with the opalescent nacre of night, beneath a firmament still powdered with all its stars, and I was lamenting the loss of my strip of pink sky when I caught sight of it afresh, but red this time, in the opposite window which it left at a second bend in the line, so that I spent my time running from one window to the other to reassemble, to collect on a single canvas the intermittent, antipodean fragments of my fine, scarlet, ever-changing morning, and to obtain a comprehensive view of it and a continuous picture.
121	124	0.571	Le paysage devint accidenté, abrupt, le train s’arrêta à une petite gare entre deux montagnes.	The scenery became broken, abrupt, the train stopped at a little station between two mountains.
122	125	0.412	On ne voyait au fond de la gorge, au bord du torrent, qu’une maison de garde enfoncée dans l’eau qui coulait au ras des fenêtres.	Far down the gorge, on the edge of a hurrying stream, one could see only a solitary watch-house, deep-planted in the water which ran past on a level with its windows.
123	126	0.547	Si un être peut être le produit d’un sol dont on goûte en lui le charme particulier, plus encore que la paysanne que j’avais tant désiré voir apparaître quand j’errais seul du côté de Méséglise, dans les bois de Roussainville, ce devait être la grande fille que je vis sortir de cette maison et, sur le sentier qu’illuminait obliquement le soleil levant, venir vers la gare en portant une jarre de lait.	If a person can be the product of a soil the peculiar charm of which one distinguishes in that person, more even than the peasant girl whom I had so desperately longed to see appear when I wandered by myself along the Méséglise way, in the woods of Roussainville, such a person must be the big girl whom I now saw emerge from the house and, climbing a path lighted by the first slanting rays of the sun, come towards the station carrying a jar of milk.
124	127	0.416	Dans la vallée à qui ces hauteurs cachaient le reste du monde, elle ne devait jamais voir personne que dans ces trains qui ne s’arrêtaient qu’un instant.	In her valley from which its congregated summits hid the rest of the world, she could never see anyone save in these trains which stopped for a moment only.
125	128	0.487	Elle longea les wagons, offrant du café au lait à quelques voyageurs réveillés.	She passed down the line of windows, offering coffee and milk to a few awakened passengers.
126	129	0.590	Empourpré des reflets du matin, son visage était plus rose que le ciel.	Purpled with the glow of morning, her face was rosier than the sky.
127	130	0.497	Je ressentis devant elle ce désir de vivre qui renaît en nous chaque fois que nous prenons de nouveau conscience de la beauté et du bonheur.	I felt in her presence that desire to live which is reborn in us whenever we become conscious anew of beauty and of happiness.
128	131	0.359	Nous oublions toujours qu’ils sont individuels et, leur substituant dans notre esprit un type de convention que nous formons en faisant une sorte de moyenne entre les différents visages qui nous ont plu, entre les plaisirs que nous avons connus, nous n’avons que des images abstraites qui sont languissantes et fades parce qu’il leur manque précisément ce caractère d’une chose nouvelle, différente de ce que nous avons connu, ce caractère qui est propre à la beauté et au bonheur.	We invariably forget that these are individual qualities, and, substituting for them in our mind a conventional type at which we arrive by striking a sort of mean amongst the different faces that have taken our fancy, the pleasures we have known, we are left with mere abstract images which are lifeless and dull because they are lacking in precisely that element of novelty, different from anything we have known, that element which is proper to beauty and to happiness.
129	132	0.368	Et nous portons sur la vie un jugement pessimiste et que nous supposons juste, car nous avons cru y faire entrer en ligne de compte le bonheur et la beauté quand nous les avons omis et remplacés par des synthèses où d’eux il n’y a pas un seul atome.	And we deliver on life a pessimistic judgment which we suppose to be fair, for we believed that we were taking into account when we formed it happiness and beauty, whereas in fact we left them out and replaced them by syntheses in which there is not a single atom of either.
130	133	0.441	C’est ainsi que bâille d’avance d’ennui un lettré à qui on parle d’un nouveau «beau livre», parce qu’il imagine une sorte de composé de tous les beaux livres qu’il a lus, tandis qu’un beau livre est particulier, imprévisible, et n’est pas fait de la somme de tous les chefs-d’œuvre précédents mais de quelque chose que s’être parfaitement assimilé cette somme ne suffit nullement à faire trouver, car c’est justement en dehors d’elle.	"So it is that a well-read man will at once begin to yawn with boredom when anyone speaks to him of a new ""good book"", because he imagines a sort of composite of all the good books that he has read and knows already, whereas a good book is something special, something incalculable, and is made up not of the sum of all previous masterpieces but of something which the most thorough assimilation of every one of them would not enable him to discover, since it exists not in their sum but beyond it."
131	134	0.444	Dès qu’il a eu connaissance de cette nouvelle œuvre, le lettré, tout à l’heure blasé, se sent de l’intérêt pour la réalité qu’elle dépeint.	Once he has become acquainted with this new work, the well-read man, till then apathetic, feels his interest awaken in the reality which it depicts.
132	135	0.608	Telle, étrangère aux modèles de beauté que dessinait ma pensée quand je me trouvais seul, la belle fille me donna aussitôt le goût d’un certain bonheur (seule forme, toujours particulière, sous laquelle nous puissions connaître le goût du bonheur), d’un bonheur qui se réaliserait en vivant auprès d’elle.	So, alien to the models of beauty which my fancy was wont to sketch when I was by myself, this strapping girl gave me at once the sensation of a certain happiness (the sole form, always different, in which we may learn the sensation of happiness), of a happiness that would be realised by my staying and living there by her side.
133	136	0.583	Mais ici encore la cessation momentanée de l’Habitude agissait pour une grande part.	But in this again the temporary cessation of Habit played a great part.
134	137	0.615	Je faisais bénéficier la marchande de lait de ce que c’était mon être complet, apte à goûter de vives jouissances, qui était en face d’elle.	I was giving the milk-girl the benefit of what was really my own entire being, ready to taste the keenest joys, which now confronted her.
135	138	0.547	C’est d’ordinaire avec notre être réduit au minimum que nous vivons, la plupart de nos facultés restent endormies parce qu’elles se reposent sur l’habitude qui sait ce qu’il y a à faire et n’a pas besoin d’elles.	As a rule it is with our being reduced to a minimum that we live, most of our faculties lie dormant because they can rely upon Habit, which knows what there is to be done and has no need of their services.
136	139	0.576	Mais par ce matin de voyage l’interruption de la routine de mon existence, le changement de lieu et d’heure avaient rendu leur présence indispensable.	But on this morning of travel, the interruption of the routine of my existence, the change of place and time had made their presence indispensable.
137	140	0.463	Mon habitude qui étaient sédentaire et n’était pas matinale, faisait défaut, et toutes mes facultés étaient accourues pour la remplacer, rivalisant entre elles de zèle — s’élevant toutes, comme des vagues à un même niveau inaccoutumé — de la plus basse, à la plus noble, de la respiration, de l’appétit, et de la circulation sanguine à la sensibilité et à l’imagination.	My habits, which were sedentary and not matutinal, played me false, and all my faculties came hurrying to take their place, viewing with one another in their zeal, rising, each of them, like waves in a storm, to the same unaccustomed level, from the basest to the most exalted, from breath, appetite, the circulation of my blood to receptivity and imagination.
138	141	0.458	Je ne sais si, en me faisant croire que cette fille n’était pas pareille aux autres femmes, le charme sauvage de ces lieux ajoutait au sien, mais elle le leur rendait.	I cannot say whether, so as to make me believe that this girl was unlike the rest of women, the rugged charm of these barren tracts had been added to her own, but if so she gave it back to them.
139	142	0.577	La vie m’aurait paru délicieuse si seulement j’avais pu, heure par heure, la passer avec elle, l’accompagner jusqu’au torrent, jusqu’à la vache, jusqu’au train, être toujours à ses côtés, me sentir connu d’elle, ayant ma place dans sa pensée.	Life would have seemed an exquisite thing to me if only I had been free to spend it, hour after hour, with her, to go with her to the stream, to the cow, to the train, to be always at her side, to feel that I was known to her, had my place in her thoughts.
140	143	0.505	Elle m’aurait initié aux charmes de la vie rustique et des premières heures du jour.	She would have initiated me into the delights of country life and of the first hours of the day.
141	144	0.422	Je lui fis signe qu’elle vînt me donner du café au lait.	I signalled to her to give me some of her coffee.
142	145	0.287	J’avais besoin d’être remarqué d’elle.	I felt that I must be noticed by her.
143	146	0.465	Elle ne me vit pas, je l’appelai.	She did not see me; I called to her.
144	147	0.358	Au-dessus de son corps très grand, le teint de sa figure était si doré et si rose qu’elle avait l’air d’être vue à travers un vitrail illuminé.	Above her body, which was of massive build, the complexion of her face was so burnished and so ruddy that she appeared almost as though I were looking at her through a lighted window.
145	148	0.374	Elle revint sur ses pas, je ne pouvais détacher mes yeux de son visage de plus en plus large, pareil à un soleil qu’on pourrait fixer et qui s’approcherait jusqu’à venir tout près de vous, se laissant regarder de près, vous éblouissant d’or et de rouge.	She had turned and was coming towards me; I could not take my eyes from her face which grew larger as she approached, like a sun which it was somehow possible to arrest in its course and draw towards one, letting itself be seen at close quarters, blinding the eyes with its blaze of red and gold.
146	149-150	0.457	Elle posa sur moi son regard perçant, mais comme les employés fermaient les portières, le train se mit en marche; je la vis quitter la gare et reprendre le sentier, il faisait grand jour maintenant: je m’éloignais de l’aurore.	She fastened on me her penetrating stare, but while the porters ran along the platform shutting doors the train had begun to move. I saw her leave the station and go down the hill to her home; it was broad daylight now; I was speeding away from the dawn.
147	151	0.490	Que mon exaltation eût été produite par cette fille, ou au contraire eût causé la plus grande partie du plaisir que j’avais eu à me trouver près d’elle, en tous cas elle était si mêlée à lui, que mon désir de la revoir était avant tout le désir moral de ne pas laisser cet état d’excitation périr entièrement, de ne pas être séparé à jamais de l’être qui y avait, même à son insu, participé.	Whether my exaltation had been produced by this girl or had on the other hand been responsible for most of the pleasure that I had found in the sight of her, in the sense of her presence, in either event she was so closely associated with it that my desire to see her again was really not so much a physical as a mental desire, not to allow this state of enthusiasm to perish utterly, not to be separated for ever from the person who, although quite unconsciously, had participated in it.
148	152	0.526	Ce n’est pas seulement que cet état fût agréable.	It was not only because this state was a pleasant one.
149	153	0.550	C’est surtout que (comme la tension plus grande d’une corde ou la vibration plus rapide d’un nerf produit une sonorité ou une couleur différente) il donnait une autre tonalité à ce que je voyais, il m’introduisait comme acteur dans un univers inconnu et infiniment plus intéressant; cette belle fille que j’apercevais encore, tandis que le train accélérait sa marche, c’était comme une partie d’une vie autre que celle que je connaissais, séparée d’elle par un liseré, et où les sensations qu’éveillaient les objets n’étaient plus les mêmes; et d’où sortir maintenant eût été comme mourir à moi-même.	It was principally because (just as increased tension upon a cord or accelerated vibration of a nerve produces a different sound or colour) it gave another tonality to all that I saw, introduced me as an actor upon the stage of an unknown and infinitely more interesting universe; that handsome girl whom I still could see, while the train gathered speed, was like part of a life other than the life that I knew, separated from it by a clear boundary, in which the sensations that things produced in me were no longer the same, from which to return now to my old life would be almost suicide.
150	154	0.368	Pour avoir la douceur de me sentir du moins attaché à cette vie il eût suffi que j’habitasse assez près de la petite station pour pouvoir venir tous les matins demander du café au lait à cette paysanne.	To procure myself the pleasure of feeling that I had at least an attachment to this new life, it would suffice that I should live near enough to the little station to be able to come to it every morning for a cup of coffee from the girl.
151	155	0.378	Mais, hélas! elle serait toujours absente de l’autre vie vers laquelle je m’en allais de plus en plus vite et que je ne me résignais à accepter qu’en combinant des plans qui me permettraient un jour de reprendre ce même train et de m’arrêter à cette même gare, projet qui avait aussi l’avantage de fournir un aliment à la disposition intéressée, active, pratique, machinale, paresseuse, centrifuge qui est celle de notre esprit car il se détourne volontiers de l’effort qu’il faut pour approfondir en soi-même, d’une façon générale et désintéressée, une impression agréable que nous avons eue.	But alas, she must be for ever absent from the other life towards which I was being borne with ever increasing swiftness, a life to the prospect of which I resigned myself only by weaving plans that would enable me to take the same train again some day and to stop at the same station, a project which would have the further advantage of providing with subject matter the selfish, active, practical, mechanical, indolent, centrifugal tendency which is that of the human mind; for our mind turns readily aside from the effort which is required if it is to analyse in itself, in a general and disinterested manner, a pleasant impression which we have received.
152	156	0.377	Et comme d’autre part nous voulons continuer à penser à elle, il préfère l’imaginer dans l’avenir, préparer habilement les circonstances qui pourront la faire renaître, ce qui ne nous apprend rien sur son essence, mais nous évite la fatigue de la recréer en nous-même et nous permet d’espérer la recevoir de nouveau du dehors.	And as, on the other hand, we wish to continue to think of that impression, the mind prefers to imagine it in the future tense, which while it gives us no clue as to the real nature of the thing, saves us the trouble of recreating it in our own consciousness and allows us to hope that we may receive it afresh from without.
153	157	0.588	Certains noms de villes, Vezelay ou Chartres, Bourges ou Beauvais servent à désigner, par abréviation, leur église principale.	Certain names of towns, Vezelay or Chartres, Bourges or Beauvais, serve to indicate, by abbreviation, the principal church in those towns.
154	158	0.460	Cette acception partielle où nous le prenons si souvent, finit — s’il s’agit de lieux que nous ne connaissons pas encore — par sculpter le nom tout entier qui dès lors quand nous voudrons y faire entrer l’idée de la ville — de la ville que nous n’avons jamais vue — lui imposera — comme un moule — les mêmes ciselures, et du même style, en fera une sorte de grande cathédrale.	This partial acceptation, in which we are so accustomed to take the word, comes at length — if the names in question are those of places that we do not yet know — to fashion for us a mould of the name as a solid whole, which from that time onwards, whenever we wish it to convey the idea of the town — of that town which we have never seen — will impose on it, as on a cast, the same carved outlines, in the same style of art, will make of the town a sort of vast cathedral.
155	159	0.430	Ce fut pourtant à une station de chemin de fer, au-dessus d’un buffet, en lettres blanches sur un avertisseur bleu, que je lus le nom, presque de style persan, de Balbec.	It was, nevertheless, in a railway station, above the door of a refreshment-room, that I read the name — almost Persian in style — of Balbec.
156	160	0.423	Je traversai vivement la gare et le boulevard qui y aboutissait, je demandai la grève pour ne voir que l’église et la mer; on n’avait pas l’air de comprendre ce que je voulais dire.	I strode buoyantly through the station and across the avenue that led past it, I asked my way to the beach so as to see nothing in the place but its church and the sea; people seemed not to understand what I meant.
157	161	0.496	Balbec-le-vieux, Balbec-en-terre, où je me trouvais, n’était ni une plage ni un port.	Old Balbec, Balbec-en-Terre, at which I had arrived, had neither beach nor harbour.
158	162	0.488	Certes, c’était bien dans la mer que les pêcheurs avaient trouvé, selon la légende, le Christ miraculeux dont un vitrail de cette église qui était à quelques mètres de moi racontait la découverte; c’était bien de falaises battues par les flots qu’avait été tirée la pierre de la nef et des tours.	It was, most certainly, in the sea that the fishermen had found, according to the legend, the miraculous Christ, of which a window in the church that stood a few yards from where I now was recorded the discovery; it was indeed from cliffs battered by the waves that had been quarried the stone of its nave and towers.
159	163	0.228	Mais cette mer, qu’à cause de cela j’avais imaginée venant mourir au pied du vitrail, était à plus de cinq lieues de distance, à Balbec-plage, et, à côté de sa coupole, ce clocher que, parce que j’avais lu qu’il était lui-même une âpre falaise normande où s’amassaient les grains, où tournoyaient les oiseaux, je m’étais toujours représenté comme recevant à sa base la dernière écume des vagues soulevées, il se dressait sur une place où était l’embranchement de deux lignes de tramways, en face d’un Café qui portait, écrit en lettres d’or, le mot «Billard»; il se détachait sur un fond de maisons aux toits desquelles ne se mêlait aucun mât.	"But this sea, which for those reasons I had imagined as flowing up to die at the foot of the window, was twelve miles away and more, at Balbec-Plage, and, rising beside its cupola, that steeple, which, because I had read that it was itself a rugged Norman cliff on which seeds were blown and sprouted, round which the sea-birds wheeled, I had always pictured to myself as receiving at its base the last drying foam of the uplifted waves, stood on a Square from which two lines of tramway diverged, opposite a Café which bore, written in letters of gold, the word ""Billiards""; it stood out against a background of houses with the roofs of which no upstanding mast was blended."
160	164	0.401	Et l’église — entrant dans mon attention avec le Café, avec le passant à qui il avait fallu demander mon chemin, avec la gare où j’allais retourner — faisait un avec tout le reste, semblait un accident, un produit de cette fin d’après-midi, dans laquelle la coupe moelleuse et gonflée sur le ciel était comme un fruit dont la même lumière qui baignait les cheminées des maisons mûrissait la peau rose, dorée et fondante.	And the church — entering my mind with the Café, with the passing stranger of whom I had had to ask my way, with the station to which presently I should have to return — made part of the general whole, seemed an accident, a by-product of this summer afternoon, in which its mellow and distended dome against the sky was like a fruit of which the same light that bathed the chimneys of the houses was ripening the skin, pink, glowing, melting-soft.
161	165	0.521	Mais je ne voulus plus penser qu’à la signification éternelle des sculptures, quand je reconnus les Apôtres dont j’avais vu les statues moulées au musée du Trocadéro et qui des deux côtés de la Vierge, devant la baie profonde du porche m’attendaient comme pour me faire honneur.	But I wished only to consider the eternal significance of the carvings when I recognised the Apostles, which I had seen in casts in the Trocadéro museum, and which on either side of the Virgin, before the deep bay of the porch, were awaiting me as though to do me reverence.
162	166	0.608	La figure bienveillante, camuse et douce, le dos voûté, ils semblaient s’avancer d’un air de bienvenue en chantant l’_Alleluia_ d’un beau jour.	With their benign, blunt, mild faces and bowed shoulders they seemed to be advancing upon me with an air of welcome, singing the Alleluia of a fine day.
163	167	0.454	Mais on s’apercevait que leur expression était immuable comme celle d’un mort et ne se modifiait que si on tournait autour d’eux.	But it was evident that their expression was unchanging as that on a dead man's face, and could be modified only by my turning about to look at them in different aspects.
164	168	0.497	Je me disais: c’est ici, c’est l’église de Balbec.	"I said to myself: ""Here I am: this is the Church of Balbec."
165	169	0.359	Cette place qui a l’air de savoir sa gloire est le seul lieu du monde qui possède l’église de Balbec.	This square, which looks as though it were conscious of its glory, is the only place in the world that possesses Balbec Church.
166	170	0.381	Ce que j’ai vu jusqu’ici c’était des photographies de cette église, et, de ces Apôtres, de cette Vierge du porche si célèbres, les moulages seulement.	All that I have seen so far have been photographs of this Church — and of these famous Apostles, this Virgin of the Porch, mere casts only.
167	171	0.458	Maintenant c’est l’église elle-même, c’est la statue elle-même, ce sont elles; elles, les uniques, c’est bien plus.	"Now it is the Church itself, the statue itself; these are they; they, the unique things — this is something far greater."""
168	172	0.509	C’était moins aussi peut-être.	It was something less, perhaps, also.
169	173	0.525	Comme un jeune homme un jour d’examen ou de duel, trouve le fait sur lequel on l’a interrogé, la balle qu’il a tirée, bien peu de chose, quand il pense aux réserves de science et de courage qu’il possède et dont il aurait voulu faire preuve, de même mon esprit qui avait dressé la Vierge du Porche hors des reproductions que j’en avais eues sous les yeux, inaccessible aux vicissitudes qui pouvaient menacer celles-ci, intacte si on les détruisait, idéale, ayant une valeur universelle, s’étonnait de voir la statue qu’il avait mille fois sculptée réduite maintenant à sa propre apparence de pierre, occupant par rapport à la portée de mon bras une place où elle avait pour rivales une affiche électorale et la pointe de ma canne, enchaînée à la Place, inséparable du débouché de la grand’rue, ne pouvant fuir les regards du café et du bureau d’omnibus, recevant sur son visage la moitié du rayon de soleil couchant — et bientôt, dans quelques heures de la clarté du réverbère — dont le bureau du Comptoir d’Escompte recevait l’autre moitié, gagnée en même temps que cette succursale d’un établissement de crédit, par le relent des cuisines du pâtissier, soumise à la tyrannie du Particulier au point que, si j’avais voulu tracer ma signature sur cette pierre, c’est elle, la Vierge illustre que jusque-là j’avais douée d’une existence générale et d’une intangible beauté, la Vierge de Balbec, l’unique (ce qui, hélas! voulait dire la seule), qui, sur son corps encrassé de la même suie que les maisons voisines, aurait, sans pouvoir s’en défaire, montré à tous les admirateurs venus là pour la contempler la trace de mon morceau de craie et les lettres de mon nom, et c’était elle enfin l’œuvre d’art immortelle et si longtemps désirée, que je trouvais, métamorphosée ainsi que l’église elle-même, en une petite vieille de pierre dont je pouvais mesurer la hauteur et compter les rides.	As a young man on the day of an examination or of a duel feels the question that he has been asked, the shot that he has fired, to be a very little thing when he thinks of the reserves of knowledge and of valour that he possesses and would like to have displayed, so my mind, which had exalted the Virgin of the Porch far above the reproductions that I had had before my eyes, inaccessible by the vicissitudes which had power to threaten them, intact although they were destroyed, ideal, endowed with universal value, was astonished to see the statue which it had carved a thousand times, reduced now to its own apparent form in stone, occupying, on the radius of my outstretched arm, a place in which it had for rivals an election placard and the point of my stick, fettered to the Square, inseparable from the head of the main street, powerless to hide from the gaze of the Café and of the omnibus office, receiving on its face half of that ray of the setting sun (half, presently, in few hours' time, of the light of the street lamp) of which the Bank building received the other half, tainted simultaneously with that branch office of a money-lending establishment by the smells from the pastry-cook's oven, subjected to the tyranny of the Individual to such a point that, if I had chosen to scribble my name upon that stone, it was she, the illustrious Virgin whom until then I had endowed with a general existence and an intangible beauty, the Virgin of Balbec, the unique (which meant, alas, the only one) who, on her body coated with the same soot as defiled the neighbouring houses, would have displayed — powerless to rid herself of them — to all the admiring strangers come there to gaze upon her, the marks of my piece of chalk and the letters of my name; it was she, indeed, the immortal work of art, so long desired, whom I found, transformed, as was the church itself, into a little old woman in stone whose height I could measure and count her wrinkles.
170	174	0.472	L’heure passait, il fallait retourner à la gare où je devais attendre ma grand’mère et Françoise pour gagner ensemble Balbec-Plage.	But time was passing; I must return to the station, where I was to wait for my grandmother and Françoise, so that we should all arrive at Balbec-Plage together.
171	175	0.530	Je me rappelais ce que j’avais lu sur Balbec, les paroles de Swann: «C’est délicieux, c’est aussi beau que Sienne.»	"I reminded myself of what I had read about Balbec, of Swann's saying: ""It is exquisite; as fine as Siena."""
172	176	0.386	Et n’accusant de ma déception que des contingences, la mauvaise disposition où j’étais, ma fatigue, mon incapacité de savoir regarder, j’essayais de me consoler en pensant qu’il restait d’autres villes encore intactes pour moi, que je pourrais prochainement peut-être pénétrer, comme au milieu d’une pluie de perles, dans le frais gazouillis des égouttements de Quimperlé, traverser le reflet verdissant et rose qui baignait Pont-Aven; mais pour Balbec dès que j’y étais entré ç’avait été comme si j’avais entr’ouvert un nom qu’il eût fallu tenir hermétiquement clos et où, profitant de l’issue que je leur avais imprudemment offerte en chassant toutes les images qui y vivaient jusque-là, un tramway, un café, les gens qui passaient sur la place, la succursale du Comptoir d’Escompte, irrésistiblement poussés par une pression externe et une force pneumatique, s’étaient engouffrés à l’intérieur des syllabes qui, refermées sur eux, les laissaient maintenant encadrer le porche de l’église persane et ne cesseraient plus de les contenir.	And casting the blame for my disappointment upon various accidental causes, such as the state of my health, my exhaustion after the journey, my incapacity for looking at things properly, I endeavoured to console myself with the thought that other towns remained still intact for me, that I might soon, perhaps, be making my way, as into a shower of pearls, into the cool pattering sound that dripped from Quimperlé, cross that green water lit by a rosy glow in which Pont-Aven was bathed; but as for Balbec, no sooner had I set foot in it than it was as though I had broken open a name which ought to have been kept hermetically closed, and into which, seizing at once the opportunity that I had imprudently given them when I expelled all the images that had been living in it until then, a tramway, a Café, people crossing the square, the local branch of a Bank, irresistibly propelled by some external pressure, by a pneumatic force, had come crowding into the interior of those two syllables which, closing over them, let them now serve as a border to the porch of the Persian church, and would never henceforward cease to contain them.
173	177	0.345	Dans le petit chemin de fer d’intérêt local qui devait nous conduire à Balbec-Plage, je retrouvai ma grand’mère mais l’y retrouvai seule — car elle avait imaginé de faire partir avant elle pour que tout fût préparé d’avance (mais lui ayant donné un renseignement faux n’avait réussi qu’à faire partir dans une mauvaise direction), Françoise qui en ce moment sans s’en douter filait à toute vitesse sur Nantes et se réveillerait peut-être à Bordeaux.	In the little train of the local railway company which was to take us to Balbec-Plage I found my grandmother, but found her alone — for, imagining that she was sending Françoise on ahead of her, so as to have everything ready before we arrived, but having mixed up her instructions, she had succeeded only in packing off Françoise in the wrong direction, who at that moment was being carried down all unsuspectingly, at full speed, to Nantes, and would probably wake up next morning at Bordeaux.
174	178	0.479	A peine fus-je assis dans le wagon rempli par la lumière fugitive du couchant et par la chaleur persistante de l’après-midi (la première, hélas! me permettant de voir en plein sur le visage de ma grand’mère combien la seconde l’avait fatiguée), elle me demanda: «Hé bien, Balbec?» avec un sourire si ardemment éclairé par l’espérance du grand plaisir qu’elle pensait que j’avais éprouvé, que je n’osai pas lui avouer tout d’un coup ma déception.	"No sooner had I taken my seat in the carriage, filled with the fleeting light of sunset and with the lingering heat of the afternoon (the former enabling me, alas, to see written clearly upon my grandmother's face how much the latter had tired her), than she began: ""Well, and Balbec?"" with a smile so brightly illuminated by her expectation of the great pleasure which she supposed me to have been enjoying that I dared not at once confess to her my disappointment."
175	179	0.530	D’ailleurs, l’impression que mon esprit avait recherchée m’occupait moins au fur et à mesure que se rapprochait le lieu auquel mon corps aurait à s’accoutumer.	Besides, the impression which my mind had been seeking occupied it steadily less as the place drew nearer to which my body would have to become accustomed.
176	180	0.569	Au terme, encore éloigné de plus d’une heure, de ce trajet, je cherchais à imaginer le directeur de l’hôtel de Balbec pour qui j’étais, en ce moment, inexistant, et j’aurais voulu me présenter à lui dans une compagnie plus prestigieuse que celle de ma grand’mère qui allait certainement lui demander des rabais.	At the end — still more than an hour away — of this journey I was trying to form a picture of the manager of the hotel at Balbec, to whom I, at that moment, did not exist, and I should have liked to be going to present myself to him in more impressive company than that of my grandmother, who would be certain to ask for a reduction of his terms.
177	181	0.158	Il m’apparaissait empreint d’une morgue certaine, mais très vague de contours.	The only thing positive about him was his haughty condescension; his lineaments were still vague.
178	182	0.586	A tout moment le petit chemin de fer nous arrêtait à l’une des stations qui précédaient Balbec-Plage et dont les noms mêmes (Incarville, Marcouville, Doville, Pont-à-Couleuvre, Arambouville, Saint-Mars-le-Vieux, Hermonville, Maineville) me semblaient étranges, alors que lus dans un livre ils auraient eu quelque rapport avec les noms de certaines localités qui étaient voisines de Combray.	Every few minutes the little train brought us to a standstill in one of the stations which came before Balbec-Plage, stations the mere names of which, (Incarville, Marcouville, Doville, Pont-à-Couleuvre, Arambouville, Saint-Mars-le-Vieux, Hermonville, Maineville) seemed to me outlandish, whereas if I had come upon them in a book I should at once have been struck by their affinity to the names of certain places in the neighbourhood of Combray.
179	183	0.452	Mais à l’oreille d’un musicien deux motifs, matériellement composés de plusieurs des mêmes notes, peuvent ne présenter aucune ressemblance, s’ils diffèrent par la couleur de l’harmonie et de l’orchestration.	But to the trained ear two musical airs, consisting each of so many notes, several of which are common to them both, will present no similarity whatever if they differ in the colour of their harmony and orchestration.
180	184	0.223	De même, rien moins que ces tristes noms faits de sable, d’espace trop aéré et vide, et de sel, au-dessus desquels le mot ville s’échappait comme vole dans pigeon-vole, ne me faisait penser à ces autres noms de Roussainville ou de Martinville, qui parce que je les avais entendu prononcer si souvent par ma grand’tante à table, dans la «salle», avaient acquis un certain charme sombre où s’étaient peut-être mélangés des extraits du goût des confitures, de l’odeur du feu de bois et du papier d’un livre de Bergotte, de la couleur de grès de la maison d’en face, et qui, aujourd’hui encore, quand ils remontent comme une bulle gazeuse, du fond de ma mémoire, conservent leur vertu spécifique à travers les couches superposées de milieux différents qu’ils ont à franchir avant d’atteindre jusqu’à la surface.	"So it was that nothing could have reminded me less than these dreary names, made up of sand, of space too airy and empty and of salt, out of which the termination ""ville"" always escaped, as the ""fly"" seems to spring out from the end of the word ""butterfly"" — nothing could have reminded me less of those other names, Roussainville or Martinville, which, because I had heard them pronounced so often by my great-aunt at table, in the dining-room, had acquired a certain sombre charm in which were blended perhaps extracts of the flavour of ""preserves"", the smell of the fire of logs and of the pages of one of Bergotte's books, the colour of the stony front of the house opposite, all of which things still to-day when they rise like a gaseous bubble from the depths of my memory preserve their own specific virtue through all the successive layers of rival interests which must be traversed before they reach the surface."
181	185	0.258	C’étaient, dominant la mer lointaine du haut de leur dune, ou s’accommodant déjà pour la nuit au pied de collines d’un vert cru et d’une forme désobligeante, comme celle du canapé d’une chambre d’hôtel où l’on vient d’arriver, composées de quelques villas que prolongeait un terrain de tennis et quelquefois un casino dont le drapeau claquait au vent fraîchissant, évidé et anxieux, de petites stations qui me montraient pour la première fois leurs hôtes habituels, mais me les montraient par leur dehors — des joueurs de tennis en casquettes blanches, le chef de gare vivant là, près de ses tamaris et de ses roses, une dame, coiffée d’un «canotier», qui, décrivant le tracé quotidien d’une vie que je ne connaîtrais jamais, rappelait son lévrier qui s’attardait et rentrait dans son chalet où la lampe était déjà allumée — et qui blessaient cruellement de ces images étrangement usuelles et dédaigneusement familières, mes regards inconnus et mon cœur dépaysé.	"These were — commanding the distant sea from the crests of their several dunes or folding themselves already for the night beneath hills of a crude green colour and uncomfortable shape, like that of the sofa in one's bedroom in an hotel at which one has just arrived, each composed of a cluster of villas whose line was extended to include a lawn-tennis court and now and then a casino, over which a flag would be snapping in the freshening breeze, like a hollow cough — a series of watering-places which now let me see for the first time their regular visitors, but let me see only the external features of those visitors — lawn-tennis players in white hats, the stationmaster spending all his life there on the spot among his tamarisks and roses, a lady in a straw ""boater"" who, following the everyday routine of an existence which I should never know, was calling to her dog which had stopped to examine something in the road before going in to her bungalow where the lamp was already lighted for her return — which with these strangely usual and slightingly familiar sights stung my ungreeted eyes and stabbed my exiled heart."
182	186	0.298	Mais combien ma souffrance s’aggrava quand nous eûmes débarqué dans le hall du grand hôtel de Balbec, en face de l’escalier monumental qui imitait le marbre, et pendant que ma grand’mère, sans souci d’accroître l’hostilité et le mépris des étrangers au milieu desquels nous allions vivre, discutait les «conditions» avec le directeur, sorte de poussah à la figure et à la voix pleines de cicatrices (qu’avait laissées l’extirpation sur l’une, de nombreux boutons, sur l’autre des divers accents dus à des origines lointaines et à une enfance cosmopolite), au smoking de mondain, au regard de psychologue, prenant généralement à l’arrivée de l’«omnibus», les grands seigneurs pour des râleux et les rats d’hôtel pour des grands seigneurs.	"But how much were my sufferings increased when we had finally landed in the hall of the Grand Hotel at Balbec, and I stood there in front of the monumental staircase that looked like marble, while my grandmother, regardless of the growing hostility of the strangers among whom we should have to live, discussed ""terms"" with the manager, a sort of nodding mandarin whose face and voice were alike covered with scars (left by the excision of countless pustules from one and from the other of the divers accents acquired from an alien ancestry and in a cosmopolitan upbringing) who stood there in a smart dinner jacket, with the air of an expert psychologist, classifying, whenever the ""omnibus"" discharged a fresh load, the ""nobility and gentry"" as ""geesers"" and the ""hotel crooks"" as nobility and gentry."
183	187	0.457	Oubliant sans doute que lui-même ne touchait pas cinq cent francs d’appointements mensuels, il méprisait profondément les personnes pour qui cinq cents francs ou plutôt comme il disait «vingt-cinq louis» est «une somme» et les considérait comme faisant partie d’une race de parias à qui n’était pas destiné le Grand Hôtel.	"Forgetting, probably, that he himself was not drawing five hundred francs a month, he had a profound contempt for people to whom five hundred francs — or, as he preferred to put it, ""twenty-five louis"" was ""a lot of money"", and regarded them as belonging to a race of pariahs for whom the Grand Hotel was certainly not intended."
184	188	0.429	Il est vrai que dans ce Palace même, il y avait des gens qui ne payaient pas très cher tout en étant estimés du directeur, à condition que celui-ci fût certain qu’ils regardaient à dépenser non pas par pauvreté mais par avarice.	It is true that even within its walls there were people who did not pay very much and yet had not forfeited the manager's esteem, provided that he was assured that they were watching their expenditure not from poverty so much as from avarice.
185	189	0.415	Elle ne saurait en effet rien ôter au prestige, puisqu’elle est un vice et peut par conséquent se rencontrer dans toutes les situations sociales.	For this could in no way lower their standing since it is a vice and may consequently be found at every grade of social position.
186	190	0.508	La situation sociale était la seule chose à laquelle le directeur fît attention, la situation sociale, ou plutôt les signes qui lui paraissaient impliquer qu’elle était élevée, comme de ne pas se découvrir en entrant dans le hall, de porter des knickerbockers, un paletot à taille, et de sortir un cigare ceint de pourpre et d’or d’un étui en maroquin écrasé (tous avantages, hélas! qui me faisaient défaut).	Social position was the one thing by which the manager was impressed, social position, or rather the signs which seemed to him to imply that it was exalted, such as not taking one's hat off when one came into the hall, wearing knickerbockers, or an overcoat with a waist, and taking a cigar with a band of purple and gold out of a crushed morocco case — to none of which advantages could I, alas, lay claim.
187	191	0.363	Il émaillait ses propos commerciaux d’expressions choisies, mais à contre-sens.	He would also adorn his business conversation with choice expressions, to which, as a rule, he gave a wrong meaning.
188	192	0.523	Tandis que j’entendais ma grand’mère, sans se froisser qu’il l’écoutât son chapeau sur la tête et tout en sifflotant, lui demander avec une intonation artificielle: «Et quels sont… vos prix?…	"While I heard my grandmother, who shewed no sign of annoyance at his listening to her with his hat on his head and whistling through his teeth at her, ask him in an artificial voice, ""And what are . . . your charges? . . ."
189	193	0.323	Oh! beaucoup trop élevés pour mon petit budget», attendant sur une banquette, je me réfugiais au plus profond de moi-même, je m’efforçais d’émigrer dans des pensées éternelles, de ne laisser rien de moi, rien de vivant, à la surface de mon corps — insensibilisée comme l’est celle des animaux qui par inhibition font les morts quand on les blesse — afin de ne pas trop souffrir dans ce lieu où mon manque total d’habitude m’était rendu plus sensible encore par la vue de celle que semblait en avoir au même moment une dame élégante à qui le directeur témoignait son respect en prenant des familiarités avec le petit chien dont elle était suivie, le jeune gandin qui, la plume au chapeau, rentrait en demandant «s’il avait des lettres», tous ces gens pour qui c’était regagner leur home que de gravir les degrés en faux marbre.	"Oh! far too high for my little budget,"" waiting upon a bench, I sought refuge in the innermost depths of my own consciousness, strove to migrate to a plane of eternal thoughts — to leave nothing of myself, nothing that lived and felt on the surface of my body, anaesthetised as are those of animals which by inhibition feign death when they are attacked — so as not to suffer too keenly in this place, with which my total unfamiliarity was made all the more evident to me when I saw the familiarity that seemed at the same moment to be enjoyed by a smartly dressed lady for whom the manager shewed his respect by taking liberties with the little dog that followed her across the hall, the young ""blood"" with a feather in his hat who asked, as he came in, ""Any letters?"" all these people to whom it was an act of home-coming to mount those stairs of imitation marble."
190-191	194	0.276	Et en même temps le regard de Minos, Eaque et Rhadamante (regard dans lequel je plongeai mon âme dépouillée, comme dans un inconnu où plus rien ne la protégeait), me fut jeté sévèrement par des messieurs qui, peu versés peut-être dans l’art de «recevoir», portaient le titre de «chefs de réception»; plus loin, derrière un vitrage clos, des gens étaient assis dans un salon de lecture pour la description duquel il m’aurait fallu choisir dans le Dante, tour à tour les couleurs qu’il prête au Paradis et à l’Enfer, selon que je pensais au bonheur des élus qui avaient le droit d’y lire en toute tranquillité, ou à la terreur que m’eût causée ma grand’mère si, dans son insouci de ce genre d’impressions, elle m’eût ordonné d’y pénétrer. Mon impression de solitude s’accrut encore un moment après.	"And at the same time the triple frown of Minos, Æacus and Rhadamanthus (beneath which I plunged my naked soul as into an unknown element where there was nothing now to protect it) was bent sternly upon me by a group of gentlemen who, though little versed perhaps in the art of receiving, yet bore the title ""Reception Clerks"", while beyond them again, through a closed wall of glass, were people sitting in a reading-room for the description of which I should have had to borrow from Dante alternately the colours in which he paints Paradise and Hell, according as I was thinking of the happiness of the elect who had the right to sit and read there undisturbed, or of the terror which my grandmother would have inspired in me if, in her insensibility to this sort of impression, she had asked me to go in there and wait for her by myself."
192	195	0.344	Comme j’avais avoué à ma grand’mère que je n’étais pas bien, que je croyais que nous allions être obligés de revenir à Paris, sans protester elle avait dit qu’elle sortait pour quelques emplettes, utiles aussi bien si nous partions que si nous restions (et que je sus ensuite m’être toutes destinées, Françoise ayant avec elle des affaires qui m’eussent manqué); en l’attendant j’étais allé faire les cent pas dans les rues encombrées d’une foule qui y maintenait une chaleur d’appartement et où était encore ouverts la boutique du coiffeur et le salon d’un pâtissier chez lequel des habitués prenaient des glaces, devant la statue de Duguay-Trouin.	My sense of loneliness was further increased a moment later: when I had confessed to my grandmother that I did not feel well, that I thought that we should be obliged to return to Paris, she had offered no protest, saying merely that she was going out to buy a few things which would be equally useful whether we left or stayed (and which, I afterwards learned, were all for my benefit, Françoise having gone off with certain articles which I might need); while I waited for her I had taken a turn through the streets, packed with a crowd of people who imparted to them a sort of indoor warmth, streets in which were still open the hairdresser's shop and the pastry-cook's, the latter filled with customers eating ices, opposite the statue of Duguay-Trouin.
193	196	0.482	Elle me causa à peu près autant de plaisir que son image au milieu d’un «illustré» peut en procurer au malade qui le feuillette dans le cabinet d’attente d’un chirurgien.	"This crowd gave me just about as much pleasure as a photograph of it in one of the ""illustrateds"" might give a patient who was turning its pages in the surgeon's waiting-room."
194	197	0.432	Je m’étonnais qu’il y eût des gens assez différents de moi pour que, cette promenade dans la ville, le directeur eût pu me la conseiller comme une distraction, et aussi pour que le lieu de supplice qu’est une demeure nouvelle pût paraître à certains «un séjour de délices» comme disait le prospectus de l’hôtel qui pouvait exagérer, mais pourtant s’adressait à toute une clientèle dont il flattait les goûts.	"I was astonished to find that there were people so different from myself that this stroll through the town had actually been recommended to me by the manager as a distraction, and also that the torture chamber which a new place of residence is could appear to some people a ""continuous amusement"", to quote the hotel prospectus, which might, it was true, exaggerate, but was, for all that, addressed to a whole army of clients to whose tastes it must appeal."
195	198	0.595	Il est vrai qu’il invoquait, pour la faire venir au Grand-Hôtel de Balbec, non seulement «la chère exquise» et le «coup d’œil féerique des jardins du Casino», mais encore les «arrêts de Sa Majesté la Mode, qu’on ne peut violer impunément sans passer pour un béotien, ce à quoi aucun homme bien élevé ne voudrait s’exposer».	"True, it invoked, to make them come to the Grand Hotel, Balbec, not only the ""exquisite fare"" and the ""fairy-like view across the Casino gardens,"" but also the ""ordinances of her Majesty Queen Fashion, which no one may break with impunity, or without being taken for a Bœotian, a charge that no well-bred man would willingly incur."""
196	199	0.475	Le besoin que j’avais de ma grand’mère était grandi par ma crainte de lui avoir causé une désillusion.	The need that I now had of my grandmother was enhanced by my fear that I had shattered another of her illusions.
197	200	0.503	Elle devait être découragée, sentir que si je ne supportais pas cette fatigue c’était à désespérer qu’aucun voyage pût me faire du bien.	She must be feeling discouraged, feeling that if I could not stand the fatigue of this journey there was no hope that any change of air could ever do me good.
198	201	0.583	Je me décidai à rentrer l’attendre; le directeur vint lui-même pousser un bouton: et un personnage encore inconnu de moi, qu’on appelait «lift» (et qui à ce point le plus haut de l’hôtel où serait le lanternon d’une église normande, était installé comme un photographe derrière son vitrage ou comme un organiste dans sa chambre), se mit à descendre vers moi avec l’agilité d’un écureuil domestique, industrieux et captif.	"I decided to return to the hotel and to wait for her there: the manager himself came forward and pressed a button, and a person whose acquaintance I had not yet made, labelled ""lift"" (who at that highest point in the building, which corresponded to the lantern in a Norman church, was installed like a photographer in his dark-room or an organist in his loft) came rushing down towards me with the agility of a squirrel, tamed, active, caged."
199	202	0.327	Puis en glissant de nouveau le long d’un pilier il m’entraîna à sa suite vers le dôme de la nef commerciale.	Then, sliding upwards again along a steel pillar, he bore me aloft in his train towards the dome of this temple of Mammon.
200	203	0.507	A chaque étage, des deux côtés de petits escaliers de communication, se dépliaient en éventails de sombres galeries, dans lesquelles, portant un traversin, passait une femme de chambre.	On each floor, on either side of a narrow communicating stair, opened out fanwise a range of shadowy galleries, along one of which, carrying a bolster, a chambermaid came past.
201	204	0.486	J’appliquais à son visage rendu indécis par le crépuscule le masque de mes rêves les plus passionnés, mais lisais dans son regard tourné vers moi l’horreur de mon néant.	I lent to her face, which the gathering dusk made featureless, the mask of my most impassioned dreams of beauty, but read in her eyes as they turned towards me the horror of my own nonentity.
202	205	0.429	Cependant pour dissiper, au cours de l’interminable ascension, l’angoisse mortelle que j’éprouvais à traverser en silence le mystère de ce clair-obscur sans poésie, éclairé d’une seule rangée verticale de verrières que faisait l’unique water-closet de chaque étage, j’adressai la parole au jeune organiste, artisan de mon voyage et compagnon de ma captivité, lequel continuait à tirer les registres de son instrument et à pousser les tuyaux.	Meanwhile, to dissipate, in the course of this interminable assent, the mortal anguish which I felt in penetrating thus in silence the mystery of this chiaroscuro so devoid of poetry, lighted by a single vertical line of little windows which were those of the solitary water-closet on each landing, I addressed a few words to the young organist, artificer of my journey and my partner in captivity, who continued to manipulate the registers of his instrument and to finger the stops.
203	206	0.456	Je m’excusai de tenir autant de place, de lui donner tellement de peine, et lui demandai si je ne le gênais pas dans l’exercice d’un art, à l’endroit duquel, pour flatter le virtuose, je fis plus que manifester de la curiosité, je confessai ma prédilection.	I apologised for taking up so much room, for giving him so much trouble, and asked whether I was not obstructing him in the practice of an art to which, so as to flatter the performer, I did more than display curiosity, I confessed my strong attachment.
204	207	0.486	Mais il ne me répondit pas, soit étonnement de mes paroles, attention à son travail, souci de l’étiquette, dureté de son ouïe, respect du lieu, crainte du danger, paresse d’intelligence ou consigne du directeur.	But he vouchsafed no answer, whether from astonishment at my words, preoccupation with what he was doing, regard for convention, hardness of hearing, respect for holy ground, fear of danger, slowness of understanding, or by the manager's orders.
205	208	0.544	Il n’est peut-être rien qui donne plus l’impression de la réalité de ce qui nous est extérieur, que le changement de la position, par rapport à nous, d’une personne même insignifiante, avant que nous l’ayons connue, et après.	There is perhaps nothing that gives us so strong an impression of the reality of the external world as the difference in the positions, relative to ourself, of even a quite unimportant person before we have met him and after.
206	209	0.603	J’étais le même homme qui avait pris à la fin de l’après-midi le petit chemin de fer de Balbec, je portais en moi la même âme.	I was the same man who had taken, that afternoon, the little train from Balbec to the coast, I carried in my body the same consciousness.
207	210	0.454	Mais dans cette âme, à l’endroit où, à six heures, il y avait avec l’impossibilité d’imaginer le directeur, le Palace, son personnel, une attente vague et craintive du moment où j’arriverais, se trouvaient maintenant les boutons extirpés dans la figure du directeur cosmopolite (en réalité naturalisé Monégasque, bien qu’il fût — comme il disait parce qu’il employait toujours des expressions qu’il croyait distinguées, sans s’apercevoir qu’elles étaient vicieuses — «d’originalité roumaine») — son geste pour sonner le lift, le lift lui-même, toute une frise de personnages de guignol sortis de cette boîte de Pandore qu’était le Grand-Hôtel, indéniables, inamovibles, et comme tout ce qui est réalisé, stérilisants.	"But on that consciousness, in the place where, at six o'clock, there had been, with the impossibility of forming any idea of the manager, the Grand Hotel or its occupants, a vague and timorous impatience for the moment at which I should reach my destination, were to be found now the pustules excised from the face of the cosmopolitan manager (he was, as a matter of fact, a naturalised Monegasque, although — as he himself put it, for he was always using expressions which he thought distinguished without noticing that they were incorrect — ""of Rumanian originality""), his action in ringing for the lift, the lift-boy himself, a whole frieze of puppet-show characters issuing from that Pandora's box which was the Grand Hotel, undeniable, irremovable, and, like everything that is realised, sterilising."
208	211	0.503	Mais du moins ce changement dans lequel je n’étais pas intervenu me prouvait qu’il s’était passé quelque chose d’extérieur à moi — si dénuée d’intérêt que cette chose fût en soi — et j’étais comme le voyageur qui, ayant eu le soleil devant lui en commençant une course, constate que les heures sont passées, quand il le voit derrière lui.	But at least this change, which I had done nothing to bring about, proved to me that something had happened which was external to myself — however devoid of interest that thing might be — and I was like a traveller who, having had the sun in his face when he started, concludes that he has been for so many hours on the road when he finds the sun behind him.
209	212	0.346	J’étais brisé par la fatigue, j’avais la fièvre, je me serais bien couché, mais je n’avais rien de ce qu’il eût fallu pour cela.	I was half dead with exhaustion, I was burning with fever; I would gladly have gone to bed, but I had no night-things.
210	213	0.466	J’aurais voulu au moins m’étendre un instant sur le lit, mais à quoi bon puisque je n’aurais pu y faire trouver de repos à cet ensemble de sensations qui est pour chacun de nous son corps conscient, sinon son corps matériel, et puisque les objets inconnus qui l’encerclaient, en le forçant à mettre ses perceptions sur le pied permanent d’une défensive vigilante, auraient maintenu mes regards, mon ouïe, tous mes sens, dans une position aussi réduite et incommode (même si j’avais allongé mes jambes) que celle du cardinal La Balue dans la cage où il ne pouvait ni se tenir debout ni s’asseoir.	I should have liked at least to lie down for a little while on the bed, but what good would that have done me, seeing that I should not have been able to find any rest there for that mass of sensations which is for each of us his sentient if not his material body, and that the unfamiliar objects which encircled that body, forcing it to set its perceptions on the permanent footing of a vigilant and defensive guard, would have kept my sight, my hearing, all my senses in a position as cramped and comfortless (even if I had stretched out my legs) as that of Cardinal La Balue in the cage in which he could neither stand nor sit.
211	214	0.449	C’est notre attention qui met des objets dans une chambre, et l’habitude qui les en retire, et nous y fait de la place.	It is our noticing them that puts things in a room, our growing used to them that takes them away again and clears a space for us.
212	215	0.445	De la place, il n’y en avait pas pour moi dans ma chambre de Balbec (mienne de nom seulement), elle était pleine de choses qui ne me connaissant pas, me rendirent le coup d’œil méfiant que je leur jetai et sans tenir aucun compte de mon existence, témoignèrent que je dérangeais le train-train de la leur.	Space there was none for me in my bedroom (mine in name only) at Balbec; it was full of things which did not know me, which flung back at me the distrustful look that I had cast at them, and, without taking any heed of my existence, shewed that I was interrupting the course of theirs.
213	216	0.517	La pendule — alors qu’à la maison je n’entendais la mienne que quelques secondes par semaine, seulement quand je sortais d’une profonde méditation — continua sans s’interrompre un instant à tenir dans une langue inconnue des propos qui devaient être désobligeants pour moi, car les grands rideaux violets l’écoutaient sans répondre, mais dans une attitude analogue à celle des gens qui haussent les épaules pour montrer que la vue d’un tiers les irrite.	The clock — whereas at home I heard my clock tick only a few seconds in a week, when I was coming out of some profound meditation — continued without a moment's interruption to utter, in an unknown tongue, a series of observations which must have been most uncomplimentary to myself, for the violet curtains listened to them without replying, but in an attitude such as people adopt who shrug their shoulders to indicate that the sight of a third person irritates them.
214	217-218	0.504	Ils donnaient à cette chambre si haute un caractère quasi-historique qui eût pu la rendre appropriée à l’assassinat du duc de Guise, et plus tard à une visite de touristes, conduits par un guide de l’agence Cook, mais nullement à mon sommeil.	They gave to this room with its lofty ceiling a semi-historical character which might have made it a suitable place for the assassination of the Duc de Guise, and afterwards for parties of tourists personally conducted by one of Messrs. Thomas Cook and Son's guides, but for me to sleep in — no.
215	219	0.457	J’étais tourmenté par la présence de petites bibliothèques à vitrines, qui couraient le long des murs, mais surtout par une grande glace à pieds, arrêtée en travers de la pièce et avant le départ de laquelle je sentais qu’il n’y aurait pas pour moi de détente possible.	I was tormented by the presence of some little bookcases with glass fronts which ran along the walls, but especially by a large mirror with feet which stood across one corner, for I felt that until it had left the room there would be no possibility of rest for me there.
216	220	0.296	Je levais à tout moment mes regards — que les objets de ma chambre de Paris ne gênaient pas plus que ne faisaient mes propres prunelles, car ils n’étaient plus que des annexes de mes organes, un agrandissement de moi-même — vers le plafond surélevé de ce belvédère situé au sommet de l’hôtel et que ma grand’mère avait choisi pour moi; et, jusque dans cette région plus intime que celle où nous voyons et où nous entendons, dans cette région où nous éprouvons la qualité des odeurs, c’était presque à l’intérieur de mon moi que celle du vétiver venait pousser dans mes derniers retranchements son offensive, à laquelle j’opposais non sans fatigue la riposte inutile et incessante d’un reniflement alarmé.	I kept raising my eyes — which the things in my room in Paris disturbed me no more than did my eyelids themselves, for they were merely extensions of my organs, an enlargement of myself — towards the fantastically high ceiling of this belvedere planted upon the summit of the hotel which my grandmother had chosen for me; and in that region more intimate than those in which we see and hear, that region in which we test the quality of odours, almost in the very heart of my inmost self, the smell of flowering grasses next launched its offensive against my last feeble line of trenches, where I stood up to it, not without tiring myself still further, with the futile incessant defence of an anxious sniffing.
217	221	0.470	N’ayant plus d’univers, plus de chambre, plus de corps que menacé par les ennemis qui m’entouraient, qu’envahi jusque dans les os par la fièvre, j’étais seul, j’avais envie de mourir.	Having no world, no room, no body now that was not menaced by the enemies thronging round me, invaded to the very bones by fever, I was utterly alone; I longed to die.
218	222	0.710	Alors ma grand’mère entra; et à l’expansion de mon cœur refoulé s’ouvrirent aussitôt des espaces infinis.	Then my grandmother came in, and to the expansion of my ebbing heart there opened at once an infinity of space.
219	223	0.547	Elle portait une robe de chambre de percale qu’elle revêtait à la maison chaque fois que l’un de nous était malade (parce qu’elle s’y sentait plus à l’aise, disait-elle, attribuant toujours à ce qu’elle faisait des mobiles égoïstes), et qui était pour nous soigner, pour nous veiller, sa blouse de servante et de garde, son habit de religieuse.	She was wearing a loose cambric gown which she put on at home whenever any of us was ill (because she felt more comfortable in it, she used to say, for she always ascribed to her actions a selfish motive), and which was, for tending us, for watching by our beds, her servant's livery, her nurse's uniform, her religious habit.
220	224	0.377	Mais tandis que les soins de celles-là, la bonté qu’elles ont, le mérite qu’on leur trouve et la reconnaissance qu’on leur doit augmentent encore l’impression qu’on a d’être, pour elles, un autre, de se sentir seul, gardant pour soi la charge de ses pensées, de son propre désir de vivre, je savais, quand j’étais avec ma grand’mère, si grand chagrin qu’il y eût en moi, qu’il serait reçu dans une pitié plus vaste encore; que tout ce qui était mien, mes soucis, mon vouloir, serait, en ma grand’mère, étayé sur un désir de conservation et d’accroissement de ma propre vie autrement fort que celui que j’avais de moi-même; et mes pensées se prolongeaient en elle sans subir de déviation parce qu’elles passaient de mon esprit dans le sien sans changer de milieu, de personne.	But whereas the trouble that servants, nurses, religious take, their kindness to us, the merits that we discover in them and the gratitude that we owe them all go to increase the impression that we have of being, in their eyes, some one different, of feeling that we are alone, keeping in our own hands the control over our thoughts, our will to live, I knew, when I was with my grandmother, that, however great the misery that there was in me, it would be received by her with a pity still more vast; that everything that was mine, my cares, my wishes, would be, in my grandmother, supported upon a desire to save and prolong my life stronger than was my own; and my thoughts were continued in her without having to undergo any deflection, since they passed from my mind into hers without change of atmosphere or of personality.
221	225	0.443	Et — comme quelqu’un qui veut nouer sa cravate devant une glace sans comprendre que le bout qu’il voit n’est pas placé par rapport à lui du côté où il dirige sa main, ou comme un chien qui poursuit à terre l’ombre dansante d’un insecte — trompé par l’apparence du corps comme on l’est dans ce monde où nous ne percevons pas directement les âmes, je me jetai dans les bras de ma grand’mère et je suspendis mes lèvres à sa figure comme si j’accédais ainsi à ce cœur immense qu’elle m’ouvrait.	And — like a man who tries to fasten his necktie in front of a glass and forgets that the end which he sees reflected is not on the side to which he raises his hand, or like a dog that chases along the ground the dancing shadow of an insect in the air — misled by her appearance in the body as we are apt to be in this world where we have no direct perception of people's souls, I threw myself into the arms of my grandmother and clung with my lips to her face as though I had access thus to that immense heart which she opened to me.
222	226	0.329	Quand j’avais ainsi ma bouche collée à ses joues, à son front, j’y puisais quelque chose de si bienfaisant, de si nourricier, que je gardais l’immobilité, le sérieux, la tranquille avidité d’un enfant qui tette.	And when I felt my mouth glued to her cheeks, to her brow, I drew from them something so beneficial, so nourishing that I lay in her arms as motionless, as solemn, as calmly gluttonous as a babe at the breast.
223	227	0.236	Je regardais ensuite sans me lasser son grand visage découpé comme un beau nuage ardent et calme, derrière lequel on sentait rayonner la tendresse.	At last I let go, and lay and gazed, and could not tire of gazing at her large face, as clear in its outline as a fine cloud, glowing and serene, behind which I could discern the radiance of her tender love.
224	228	0.423	Et tout ce qui recevait encore, si faiblement que ce fût, un peu de ses sensations, tout ce qui pouvait ainsi être dit encore à elle, en était aussitôt si spiritualisé, si sanctifié que de mes paumes je lissais ses beaux cheveux à peine gris avec autant de respect, de précaution et de douceur que si j’y avais caressé sa bonté.	And everything that received, in however slight a degree, any share of her sensations, everything that could be said to belong in any way to her was at once so spiritualised, so sanctified that with outstretched hands I smoothed her dear hair, still hardly grey, with as much respect, precaution, comfort as if I had actually been touching her goodness.
225	229	0.443	Elle trouvait un tel plaisir dans toute peine qui m’en épargnait une, et, dans un moment d’immobilité et de calme pour mes membres fatigués, quelque chose de si délicieux, que quand, ayant vu qu’elle voulait m’aider à me coucher et me déchausser, je fis le geste de l’en empêcher et de commencer à me déshabiller moi-même, elle arrêta d’un regard suppliant mes mains qui touchaient aux premiers boutons de ma veste et de mes bottines.	She found a similar pleasure in taking any trouble that saved me one, and in a moment of immobility and rest for my weary limbs something so delicious that when, having seen that she wished to help me with my undressing and to take my boots off, I made as though to stop her and began to undress myself, with an imploring gaze she arrested my hands as they fumbled with the top buttons of my coat and boots.
226	230	0.447	—Oh, je t’en prie, me dit-elle.	"""Oh, do let me!"" she begged."
227	231	0.498	C’est une telle joie pour ta grand’mère.	"""It is such a joy for your Granny."
228	232-233	0.505	Et surtout ne manque pas de frapper au mur si tu as besoin de quelque chose cette nuit, mon lit est adossé au tien, la cloison est très mince.	And be sure you knock on the wall if you want anything in the night. My bed is just on the other side, and the partition is quite thin.
229	234	0.334	D’ici un moment quand tu seras couché fais-le, pour voir si nous nous comprenons bien.	"Just give a knock now, as soon as you are ready, so that we shall know where we are."""
230	235	0.449	Et, en effet, ce soir-là, je frappai trois coups — que une semaine plus tard quand je fus souffrant je renouvelai pendant quelques jours tous les matins parce que ma grand’mère voulait me donner du lait de bonne heure.	And, sure enough, that evening I gave three knocks — a signal which, the week after, when I was ill, I repeated every morning for several days, because my grandmother wanted me to have some milk early.
231	236	0.288	Alors quand je croyais entendre qu’elle était réveillée — pour qu’elle n’attendît pas et pût, tout de suite après, se rendormir — je risquais trois petits coups, timidement, faiblement, distinctement malgré tout, car si je craignais d’interrompre son sommeil dans le cas où je me serais trompé et où elle eût dormi, je n’aurais pas voulu non plus qu’elle continuât d’épier un appel qu’elle n’aurait pas distingué d’abord et que je n’oserais pas renouveler.	Then, when I thought that I could hear her stirring, so that she should not be kept waiting but might, the moment she had brought me the milk, go to sleep again, I ventured on three little taps, timidly, faintly, but for all that distinctly, for if I was afraid of disturbing her, supposing that I had been mistaken and that she was still asleep, I should not have wished her either to lie awake listening for a summons which she had not at once caught and which I should not have the courage to repeat.
232	237	0.372	Et à peine j’avais frappé mes coups que j’en entendais trois autres, d’une intonation différente de ceux-là, empreints d’une calme autorité, répétés à deux reprises pour plus de clarté et qui disaient: «Ne t’agite pas, j’ai entendu, dans quelques instants je serai là»; et bientôt après ma grand’mère arrivait.	"And scarcely had I given my taps than I heard three others, in a different intonation from mine, stamped with a calm authority, repeated twice over so that there should be no mistake, and saying to me plainly: ""Don't get excited; I heard you; I shall be with you in a minute!"" and shortly afterwards my grandmother appeared."
233	238	0.399	Je lui disais que j’avais eu peur qu’elle ne m’entendît pas ou crût que c’était un voisin qui avait frappé; elle riait:	I explained to her that I had been afraid that she would not hear me, or might think that it was some one in the room beyond who was tapping; at which she smiled:
234	239-240	0.352	—Confondre les coups de mon pauvre chou avec d’autres, mais entre mille sa grand’mère les reconnaîtrait!	"""Mistake my poor chick's knocking for anyone else! Why, Granny could tell it among a thousand!"
235	241	0.549	Crois-tu donc qu’il y en ait d’autres au monde qui soient aussi bêtas, aussi fébriles, aussi partagés entre la crainte de me réveiller et de ne pas être compris.	Do you suppose there's anyone else in the world who's such a silly-billy, with such feverish little knuckles, so afraid of waking me up and of not making me understand?
236	242	0.365	Mais quand même elle se contenterait d’un grattement, on reconnaîtrait tout de suite sa petite souris, surtout quand elle est aussi unique et à plaindre que la mienne.	Even if he just gave the least scratch, Granny could tell her mouse's sound at once, especially such a poor miserable little mouse as mine is.
237	243	0.392	Je l’entendais déjà depuis un moment qui hésitait, qui se remuait dans le lit, qui faisait tous ses manèges.	"I could hear it just now, trying to make up its mind, and rustling the bedclothes, and going through all its tricks."""
238	244	0.475	Elle entr’ouvrait les persiennes; à l’annexe en saillie de l’hôtel, le soleil était déjà installé sur les toits comme un couvreur matinal qui commence tôt son ouvrage et l’accomplit en silence pour ne pas réveiller la ville qui dort encore et de laquelle l’immobilité le fait paraître plus agile.	She pushed open the shutters; where a wing of the hotel jutted out at right angles to my window, the sun was already installed upon the roof, like a slater who is up betimes, and starts early and works quietly so as not to rouse the sleeping town, whose stillness seems to enhance his activity.
239	245-246	0.458	Elle me disait l’heure, le temps qu’il ferait, que ce n’était pas la peine que j’allasse jusqu’à la fenêtre, qu’il y avait de la brume sur la mer, si la boulangerie était déjà ouverte, quelle était cette voiture qu’on entendait: tout cet insignifiant lever de rideau, ce négligeable introït du jour auquel personne n’assiste, petit morceau de vie qui n’était qu’à nous deux, que j’évoquerais volontiers dans la journée devant Françoise ou des étrangers en parlant du brouillard à couper au couteau qu’il y avait eu le matin à six heures, avec l’ostentation non d’un savoir acquis, mais d’une marque d’affection reçue par moi, seul; doux instant matinal qui s’ouvrait comme une symphonie par le dialogue rythmé de mes trois coups auquel la cloison pénétrée de tendresse et de joie, devenue harmonieuse, immatérielle, chantant comme les anges, répondait par trois autres coups, ardemment attendus, deux fois répétés, et où elle savait transporter l’âme de ma grand’mère tout entière et la promesse de sa venue, avec une allégresse d’annonciation et une fidélité musicale.	"She told me what o'clock, what sort of day it was; that it was not worth while my getting up and coming to the window, that there was a mist over the sea; if the baker's shop had opened yet; what the vehicle was that I could hear passing. All that brief, trivial curtain-raiser, that negligible _introit_ of a new day, performed without any spectator, a little scrap of life which was only for our two selves, which I should have no hesitation in repeating, later on, to Françoise or even to strangers, speaking of the fog ""which you could have cut with a knife"" at six o'clock that morning, with the ostentation of one who was boasting not of a piece of knowledge that he had acquired but of a mark of affection shewn to himself alone; dear morning moment, opened like a symphony by the rhythmical dialogue of my three taps, to which the thin wall of my bedroom, steeped in love and joy, grown melodious, immaterial, singing like the angelic choir, responded with three other taps, eagerly awaited, repeated once and again, in which it contrived to waft to me the soul of my grandmother, whole and perfect, and the promise of her coming, with a swiftness of annunciation and melodic accuracy."
240	247	0.477	Mais cette première nuit d’arrivée, quand ma grand’mère m’eut quitté, je recommençai à souffrir, comme j’avais déjà souffert à Paris au moment de quitter la maison.	But on this first night after our arrival, when my grandmother had left me, I began again to feel as I had felt, the day before, in Paris, at the moment of leaving home.
241	248	0.504	Peut-être cet effroi que j’avais — qu’ont tant d’autres — de coucher dans une chambre inconnue, peut-être cet effroi, n’est-il que la forme la plus humble, obscure, organique, presque inconsciente, de ce grand refus désespéré qu’opposent les choses qui constituent le meilleur de notre vie présente à ce que nous revêtions mentalement de notre acceptation la formule d’un avenir où elles ne figurent pas; refus qui était au fond de l’horreur que m’avait fait si souvent éprouver la pensée que mes parents mourraient un jour, que les nécessités de la vie pourraient m’obliger à vivre loin de Gilberte, ou simplement à me fixer définitivement dans un pays où je ne verrais plus jamais mes amis; refus qui était encore au fond de la difficulté que j’avais à penser à ma propre mort ou à une survie comme celle que Bergotte promettait aux hommes dans ses livres, dans laquelle je ne pourrais emporter mes souvenirs, mes défauts, mon caractère qui ne se résignaient pas à l’idée de ne plus être et ne voulaient pour moi ni du néant, ni d’une éternité où ils ne seraient plus.	Perhaps this fear that I had — and shared with so many of my fellow-men — of sleeping in a strange room, perhaps this fear is only the most humble, obscure, organic, almost unconscious form of that great and desperate resistance set up by the things that constitute the better part of our present life towards our mentally assuming, by accepting it as true, the formula of a future in which those things are to have no part; a resistance which was at the root of the horror that I had so often been made to feel by the thought that my parents must, one day, die, that the stern necessity of life might oblige me to live remote from Gilberte, or simply to settle permanently in a place where I should never see any of my old friends; a resistance which was also at the root of the difficulty that I found in imagining my own death, or a survival such as Bergotte used to promise to mankind in his books, a survival in which I should not be allowed to take with me my memories, my frailties, my character, which did not easily resign themselves to the idea of ceasing to be, and desired for me neither annihilation nor an eternity in which they would have no part.
242	249-250	0.472	Quand Swann m’avait dit à Paris, un jour que j’étais particulièrement souffrant: «Vous devriez partir pour ces délicieuses îles de l’Océanie, vous verrez que vous n’en reviendrez plus», j’aurais voulu lui répondre: «Mais alors je ne verrai plus votre fille, je vivrai au milieu de choses et de gens qu’elle n’a jamais vus.»	"When Swann had said to me, in Paris one day when I felt particularly unwell: ""You ought to go off to one of those glorious islands in the Pacific; you'd never come back again if you did."" I should have liked to answer: ""But then I shall not see your daughter any more; I shall be living among people and things she has never seen."""
243	251	0.438	Et pourtant ma raison me disait: «Qu’est-ce que cela peut faire, puisque tu n’en seras pas affligé?	"And yet my better judgment whispered: ""What difference can that make, since you are not going to be affected by it?"
244	252	0.678	Quand M. Swann te dit que tu ne reviendras pas, il entend par là que tu ne voudras pas revenir, et puisque tu ne le voudras pas, c’est que, là-bas, tu seras heureux.»	"When M. Swann tells you that you will not come back he means by that that you will not want to come back, and if you don't want to that is because you will be happier out there."""
245	253	0.469	Car ma raison savait que l’habitude — l’habitude qui allait assumer maintenant l’entreprise de me faire aimer ce logis inconnu, de changer de place la glace, la nuance des rideaux, d’arrêter la pendule — se charge aussi bien de nous rendre chers les compagnons qui nous avaient déplu d’abord, de donner une autre forme aux visages, de rendre sympathique le son d’une voix, de modifier l’inclination des cœurs.	For my judgment was aware that Habit — Habit which was even now setting to work to make me like this unfamiliar lodging, to change the position of the mirror, the shade of the curtains, to stop the clock — undertakes as well to make dear to us the companions whom at first we disliked, to give another appearance to their faces, to make attractive the sound of their voices, to modify the inclinations of their hearts.
246	254	0.404	Certes ces amitiés nouvelles pour des lieux et des gens ont pour trame l’oubli des anciennes; mais justement ma raison pensait que je pouvais envisager sans terreur la perspective d’une vie où je serais à jamais séparé d’êtres dont je perdrais le souvenir, et c’est comme une consolation qu’elle offrait à mon cœur une promesse d’oubli qui ne faisait au contraire qu’affoler son désespoir.	It is true that these new friendships for places and people are based upon forgetfulness of the old; but what my better judgment was thinking was simply that I could look without apprehension along the vista of a life in which I should be for ever separated from people all memory of whom I should lose, and it was by way of consolation that my mind was offering to my heart a promise of oblivion which succeeded only in sharpening the edge of its despair.
247	255	0.309	Ce n’est pas que notre cœur ne doive éprouver lui aussi, quand la séparation sera consommée, les effets analgésiques de l’habitude; mais jusque-là il continuera de souffrir.	Not that the heart also is not bound in time, when separation incomplete, to feel the anodyne effect of habit; but until then it will continue to suffer.
248	256	0.350	Et la crainte d’un avenir où nous serons enlevés la vue et l’entretien de ceux que nous aimons et d’où nous tirons aujourd’hui notre plus chère joie, cette crainte, loin de se dissiper, s’accroît, si à la douleur d’une telle privation nous pensons que s’ajoutera ce qui pour nous semble actuellement plus cruel encore: ne pas la ressentir comme une douleur, y rester indifférent; car alors notre moi serait changé, ce ne serait plus seulement le charme de nos parents, de notre maîtresse, de nos amis, qui ne serait plus autour de nous, mais notre affection pour eux; elle aurait été si parfaitement arrachée de notre cœur dont elle est aujourd’hui une notable part, que nous pourrions nous plaire à cette vie séparée d’eux dont la pensée nous fait horreur aujourd’hui; ce serait donc une vraie mort de nous-même, mort suivie, il est vrai, de résurrection, mais en un moi différent et jusqu’à l’amour duquel ne peuvent s’élever les parties de l’ancien moi condamnées à mourir.	And our dread of a future in which we must forego the sight of faces, the sound of voices that we love, friends from whom we derive to-day our keenest joys, this dread, far from being dissipated, is intensified, if to the grief of such a privation we reflect that there will be added what seems to us now in anticipation an even more cruel grief; not to feel it as a grief at all — to remain indifferent; for if that should occur, our ego would have changed, it would then be not merely the attractiveness of our family, our mistress, our friends that had ceased to environ us, but our affection for them; it would have been so completely eradicated from our heart, in which to-day it is a conspicuous element, that we should be able to enjoy that life apart from them the very thought of which to-day makes us recoil in horror; so that it would be in a real sense the death of ourself, a death followed, it is true, by resurrection but in a different ego, the life, the love of which are beyond the reach of those elements of the existing ego that are doomed to die.
249	257	0.294	Ce sont elles — même les plus chétives, comme les obscurs attachements aux dimensions, à l’atmosphère d’une chambre — qui s’effarent et refusent, en des rébellions où il faut voir un mode secret, partiel, tangible et vrai de la résistance à la mort, de la longue résistance désespérée et quotidienne à la mort fragmentaire et successive telle qu’elle s’insère dans toute la durée de notre vie, détachant de nous à chaque moment des lambeaux de nous-mêmes sur la mortification desquels des cellules nouvelles multiplieront.	It is they — even the meanest of them, such as our obscure attachments to the dimensions, to the atmosphere of a bedroom — that grow stubborn and refuse, in acts of rebellion which we must recognise to be a secret, partial, tangible and true aspect of our resistance to death, of the long resistance, desperate and daily renewed, to a fragmentary and gradual death such as interpolates itself throughout the whole course of our life, tearing away from us at every moment a shred of ourself, dead matter on which new cells will multiply, and grow.
250	258	0.341	Et pour une nature nerveuse comme était la mienne, c’est-à-dire chez qui les intermédiaires, les nerfs, remplissent mal leurs fonctions, n’arrêtent pas dans sa route vers la conscience, mais y laissent au contraire parvenir, distincte, épuisante, innombrable et douloureuse, la plainte des plus humbles éléments du moi qui vont disparaître, l’anxieuse alarme que j’éprouvais sous ce plafond inconnu et trop haut, n’était que la protestation d’une amitié qui survivait en moi, pour un plafond familier et bas.	And for a neurotic nature such as mine, one that is to say in which the intermediaries, the nerves, perform their functions badly — fail to arrest on its way to the consciousness, allow indeed to penetrate there, distinct, exhausting, innumerable, agonising, the plaint of those most humble elements of the personality which are about to disappear — the anxiety and alarm which I felt as I lay outstretched beneath that strange and too lofty ceiling were but the protest of an affection that survived in me for a ceiling that was familiar and low.
251	259	0.468	Sans doute cette amitié disparaîtrait, une autre ayant pris sa place (alors la mort, puis une nouvelle vie auraient, sous le nom d’Habitude, accompli leur œuvre double); mais jusqu’à son anéantissement, chaque soir elle souffrirait, et ce premier soir-là surtout, mise en présence d’un avenir déjà réalisé où il n’y avait plus de place pour elle, elle se révoltait, elle me torturait du cri de ses lamentations chaque fois que mes regards, ne pouvant se détourner de ce qui les blessait, essayaient de se poser au plafond inaccessible.	Doubtless this affection too would disappear, and another have taken its place (when death, and then another life, would, in the guise of Habit, have performed their double task); but until its annihilation, every night it would suffer afresh, and on this first night especially, confronted with a future already realised in which there would no longer be any place for it, it rose in revolt, it tortured me with the sharp sound of its lamentations whenever my straining eyes, powerless to turn from what was wounding them, endeavoured to fasten their gaze upon that inaccessible ceiling.
252	260	0.490	Mais le lendemain matin!	But next morning!
253	261	0.382	— après qu’un domestique fut venu m’éveiller et m’apporter de l’eau chaude, et pendant que je faisais ma toilette et essayais vainement de trouver les affaires dont j’avais besoin dans ma malle d’où je ne tirais, pêle-mêle, que celles qui ne pouvaient me servir à rien, quelle joie, pensant déjà au plaisir du déjeuner et de la promenade, de voir dans la fenêtre et dans toutes les vitrines des bibliothèques, comme dans les hublots d’une cabine de navire, la mer nue, sans ombrages et pourtant à l’ombre sur une moitié de son étendue que délimitait une ligne mince et mobile, et de suivre des yeux les flots qui s’élançaient l’un après l’autre comme des sauteurs sur un tremplin.	— after a servant had come to call me, and had brought me hot water, and while I was washing and dressing myself and trying in vain to find the things that I wanted in my trunk, from which I extracted, pell-mell, only a lot of things that were of no use whatever, what a joy it was to me, thinking already of the delights of luncheon and of a walk along the shore, to see in the window, and in all the glass fronts of the bookcases as in the portholes of a ship's cabin, the open sea, naked, unshadowed, and yet with half of its expanse in shadow, bounded by a thin and fluctuant line, and to follow with my eyes the waves that came leaping towards me, one behind another, like divers along a springboard.
254	262	0.291	A tous moments, tenant à la main la serviette raide et empesée où était écrit le nom de l’hôtel et avec laquelle je faisais d’inutiles efforts pour me sécher, je retournais près de la fenêtre jeter encore un regard sur ce vaste cirque éblouissant et montagneux et sur les sommets neigeux de ses vagues en pierre d’émeraude çà et là polie et translucide, lesquelles avec une placide violence et un froncement léonin laissaient s’accomplir et dévaler l’écoulement de leurs pentes auxquelles le soleil ajoutait un sourire sans visage.	Every other moment, holding in one hand the starched, unyielding towel, with the name of the hotel printed upon it, with which I was making futile efforts to dry myself, I returned to the window to gaze once more upon that vast amphitheatre, dazzling, mountainous, and upon the snowy crests of its emerald waves, here and there polished and translucent, which with a placid violence, a leonine bending of the brows, let their steep fronts, to which the sun now added a smile without face or features, run forward to their goal, totter and melt and be no more.
255	263	0.335	Fenêtre à laquelle je devais ensuite me mettre chaque matin comme au carreau d’une diligence dans laquelle on a dormi, pour voir si pendant la nuit s’est rapprochée ou éloignée une chaîne désirée — ici ces collines de la mer qui avant de revenir vers nous en dansant, peuvent reculer si loin que souvent ce n’était qu’après une longue plaine sablonneuse que j’apercevais à une grande distance leurs premières ondulations, dans un lointain transparent, vaporeux et bleuâtre comme ces glaciers qu’on voit au fond des tableaux des primitifs toscans.	Window in which I was, henceforward, to plant myself every morning, as at the pane of a mail coach in which one has slept, to see whether, in the night, a long sought mountain-chain has come nearer or withdrawn — only here it was those hills of the sea which, before they come dancing back towards us, are apt to retire so far that often it was only at the end of a long and sandy plain that I would distinguish, miles it seemed away, their first undulations upon a background transparent, vaporous, bluish, like the glaciers that one sees in the backgrounds of the Tuscan Primitives.
256	264	0.290	D’autres fois, c’était tout près de moi que le soleil riait sur ces flots d’un vert aussi tendre que celui que conserve aux prairies alpestres (dans les montagnes où le soleil s’étale çà et là comme un géant qui en descendrait gaiement, par bonds inégaux, les pentes) moins l’humidité du sol que la liquide mobilité de la lumière.	On other mornings it was quite close at hand that the sun was smiling upon those waters of a green as tender as that preserved in Alpine pastures (among mountains on which the sun spreads himself here and there like a lazy giant who may at any moment come leaping gaily down their craggy sides) less by the moisture of their soil than by the liquid mobility of their light.
257	265	0.349	Au reste, dans cette brèche que la plage et les flots pratiquent au milieu du monde pour du reste y faire passer, pour y accumuler la lumière, c’est elle surtout, selon la direction d’où elle vient et que suit notre œil, c’est elle qui déplace et situe les vallonnements de la mer.	Anyhow, in that breach which shore and water between them drive through all the rest of the world, for the passage, the accumulation there of light, it is light above all, according to the direction from which it comes and along which our eyes follow it, it is light that shifts and fixes the undulations of the sea.
258	266	0.448	La diversité de l’éclairage ne modifie pas moins l’orientation d’un lieu, ne dresse pas moins devant nous de nouveaux buts qu’il nous donne le désir d’atteindre, que ne ferait un trajet longuement et effectivement parcouru en voyage.	Difference of lighting modifies no less the orientation of a place, constructs no less before our eyes new goals which it inspires in us the yearning to attain, than would a distance in space actually traversed in the course of a long journey.
259	267	0.325	Quand le matin le soleil venait de derrière l’hôtel, découvrant devant moi les grèves illuminées jusqu’aux premiers contreforts de la mer, il semblait m’en montrer un autre versant et m’engager à poursuivre, sur la route tournante de ses rayons, un voyage immobile et varié à travers les plus beaux sites du paysage accidenté des heures.	When, in the morning, the sun came from behind the hotel, disclosing to me the sands bathed in light as far as the first bastions of the sea, it seemed to be shewing me another side of the picture, and to be engaging me on the pursuit, along the winding path of its rays, of a journey motionless but ever varied amid all the fairest scenes of the diversified landscape of the hours.
260	268	0.280	Et dès ce premier matin le soleil me désignait au loin d’un doigt souriant ces cimes bleues de la mer qui n’ont de nom sur aucune carte géographique, jusqu’à ce qu’étourdi de sa sublime promenade à la surface retentissante et chaotique de leurs crêtes et de leurs avalanches, il vînt se mettre à l’abri du vent dans ma chambre, se prélassant sur le lit défait et égrenant ses richesses sur le lavabo mouillé, dans la malle ouverte, où par sa splendeur même et son luxe déplacé, il ajoutait encore à l’impression du désordre.	And on this first morning the sun pointed out to me far off with a jovial finger those blue peaks of the sea, which bear no name upon any geographer's chart, until, dizzy with its sublime excursion over the thundering and chaotic surface of their crests and avalanches, it came back to take shelter from the wind in my bedroom, swaggering across the unmade bed and scattering its riches over the splashed surface of the basin-stand, and into my open trunk, where by its very splendour and ill-matched luxury it added still further to the general effect of disorder.
261	269	0.219	Hélas, le vent de mer, une heure plus tard, dans la grande salle à manger — tandis que nous déjeunions et que, de la gourde de cuir d’un citron, nous répandions quelques gouttes d’or sur deux soles qui bientôt laissèrent dans nos assiettes le panache de leurs arêtes, frisé comme une plume et sonore comme une cithare — il parut cruel à ma grand’mère de n’en pas sentir le souffle vivifiant à cause du châssis transparent mais clos qui, comme une vitrine, nous séparait de la plage tout en nous la laissant entièrement voir et dans lequel le ciel entrait si complètement que son azur avait l’air d’être la couleur des fenêtres et ses nuages blancs un défaut du verre.	Alas, that wind from the sea; an hour later, in the great dining-room — while we were having our luncheon, and from the leathern gourd of a lemon were sprinkling a few golden drops on to a pair of soles which presently left on our plates the plumes of their picked skeletons, curled like stiff feathers and resonant as citherns, — it seemed to my grandmother a cruel deprivation not to be able to feel its life-giving breath on her cheek, on account of the window, transparent but closed, which like the front of a glass case in a museum divided us from the beach while allowing us to look out upon its whole extent, and into which the sky entered so completely that its azure had the effect of being the colour of the windows and its white clouds only so many flaws in the glass.
262	270	0.368	Me persuadant que j’étais «assis sur le môle» ou au fond du «boudoir» dont parle Baudelaire, je me demandais si son «soleil rayonnant sur la mer» ce n’était pas — bien différent du rayon du soir, simple et superficiel comme un trait doré et tremblant — celui qui en ce moment brûlait la mer comme une topaze, la faisait fermenter, devenir blonde et laiteuse comme de la bière, écumante comme du lait, tandis que par moments s’y promenaient çà et là de grandes ombres bleues, que quelque Dieu semblait s’amuser à déplacer en bougeant un miroir dans le ciel.	"Imagining that I was ""seated upon the mole"" or at rest in the ""boudoir"" of which Baudelaire speaks I asked myself whether his ""Sun's rays upon the sea"" were not — a very different thing from the evening ray, simple and superficial as the wavering stroke of a golden pencil — just what at that moment was scorching the sea topaz-brown, fermenting it, turning it pale and milky like foaming beer, like milk, while now and then there hovered over it great blue shadows which some god seemed, for his pastime, to be shifting to and fro by moving a mirror in the sky."
263	271	0.450	Malheureusement ce n’était pas seulement par son aspect que différait de la «salle» de Combray donnant sur les maisons d’en face, cette salle à manger de Balbec, nue, emplie de soleil vert comme l’eau d’une piscine, et à quelques mètres de laquelle la marée pleine et le grand jour élevaient, comme devant la cité céleste, un rempart indestructible et mobile d’émeraude et d’or.	Unfortunately, it was not only in its outlook that it differed from our room at Combray, giving upon the houses over the way, this dining-room at Balbec, bare-walled, filled with a sunlight green as the water in a marble font, while a few feet away the full tide and broad daylight erected as though before the gates of the heavenly city an indestructible and moving rampart of emerald and gold.
264	272	0.502	A Combray, comme nous étions connus de tout le monde, je ne me souciais de personne.	At Combray, since we were known to everyone, I took heed of no one.
265	273	0.504	Dans la vie de bains de mer on ne connaît que ses voisins.	In life at the seaside one knows only one's own party.
266	274	0.493	Je n’étais pas encore assez âgé et j’étais resté trop sensible pour avoir renoncé au désir de plaire aux êtres et de les posséder.	I was not yet old enough, I was still too sensitive to have outgrown the desire to find favour in the sight of other people and to possess their hearts.
267	275	0.396	Je n’avais pas l’indifférence plus noble qu’aurait éprouvée un homme du monde à l’égard des personnes qui déjeunaient dans la salle à manger, ni des jeunes gens et des jeunes filles passant sur la digue, avec lesquels je souffrais de penser que je ne pourrais pas faire d’excursions, moins pourtant que si ma grand’mère, dédaigneuse des formes mondaines et ne s’occupant que de ma santé, leur avait adressé la demande, humiliante pour moi, de m’agréer comme compagnon de promenade.	Nor had I acquired the more noble indifference which a man of the world would have felt, with regard to the people who were eating their luncheon in the room, nor to the boys and girls who strolled past the window, with whom I was pained by the thought that I should never be allowed to go on expeditions, though not so much pained as if my grandmother, contemptuous of social formalities and concerned about nothing but my health, had gone to them with the request, humiliating for me to overhear, that they would consent to let me accompany them.
268	276	0.430	Soit qu’ils rentrassent vers quelque chalet inconnu, soit qu’ils en sortissent pour se rendre raquette en mains à un terrain de tennis, ou montassent sur des chevaux dont les sabots me piétinaient le cœur, je les regardais avec une curiosité passionnée, dans cet éclairage aveuglant de la plage où les proportions sociales sont changées, je suivais tous leurs mouvements à travers la transparence de cette grande baie vitrée qui laissait passer tant de lumière.	Whether they were returning to some villa beyond my ken, or had emerged from it, racquet in hand, on their way to some lawn-tennis court, or were mounted on horses whose hooves trampled and tore my heart, I gazed at them with a passionate curiosity, in that blinding light of the beach by which social distinctions are altered, I followed all their movements through the transparency of that great bay of glass which allowed so much light to flood the room.
269	277	0.496	Mais elle interceptait le vent et c’était un défaut à l’avis de ma grand’mère qui, ne pouvant supporter l’idée que je perdisse le bénéfice d’une heure d’air, ouvrit subrepticement un carreau et fit envoler du même coup avec les menus, les journaux, voiles et casquettes de toutes les personnes qui étaient en train de déjeuner; elle-même, soutenue par le souffle céleste, restait calme et souriante comme sainte Blandine, au milieu des invectives qui, augmentant mon impression d’isolement et de tristesse, réunissaient contre nous les touristes méprisants, dépeignés et furieux.	But it intercepted the wind, and this seemed wrong to my grandmother, who, unable to endure the thought that I was losing the benefit of an hour in the open air, surreptitiously unlatched a pane and at once set flying, with the bills of fare, the newspapers, veils and hats of all the people at the other tables; she herself, fortified by the breath of heaven, remained calm and smiling like Saint Blandina, amid the torrent of invective which, increasing my sense of isolation and misery, those scornful, dishevelled, furious visitors combined to pour on us.
270	278	0.470	Pour une certaine partie — ce qui, à Balbec, donnait à la population, d’ordinaire banalement riche et cosmopolite, de ces sortes d’hôtels de grand luxe, un caractère régional assez accentué — ils se composaient de personnalités éminentes des principaux départements de cette partie de la France, d’un premier président de Caen, d’un bâtonnier de Cherbourg, d’un grand notaire du Mans qui, à l’époque des vacances, partant des points sur lesquels toute l’année ils étaient disséminés en tirailleurs ou comme des pions au jeu de dames, venaient se concentrer dans cet hôtel.	"To a certain extent — and this, at Balbec, gave to the population, as a rule monotonously rich and cosmopolitan, of that sort of smart and ""exclusive"" hotel, a quite distinctive local character — they were composed of eminent persons from the departmental capitals of that region of France, a chief magistrate from Caen, a leader of the Cherbourg bar, a big solicitor from Le Mans, who annually, when the holidays came round, starting from the various points over which, throughout the working year, they were scattered like snipers in a battle or draughtsmen upon a board, concentrated their forces upon this hotel."
271	279	0.543	Ils y conservaient toujours les mêmes chambres, et, avec leurs femmes qui avaient des prétentions à l’aristocratie, formaient un petit groupe, auquel s’étaient adjoints un grand avocat et un grand médecin de Paris qui le jour du départ leur disaient:	They always reserved the same rooms, and with their wives, who had pretensions to aristocracy, formed a little group, which was joined by a leading barrister and a leading doctor from Paris, who on the day of their departure would say to the others:
272	280-281	0.416	—Ah! c’est vrai, vous ne prenez pas le même train que nous, vous êtes privilégiés, vous serez rendus pour le déjeuner.	"""Oh, yes, of course; you don't go by our train. You are fortunate, you will be home in time for luncheon."""
273	282	0.385	—Comment, privilégiés?	"""Fortunate, do you say?"
274	283	0.498	Vous qui habitez la capitale, Paris, la grand ville, tandis que j’habite un pauvre chef-lieu de cent mille âmes, il est vrai cent deux mille au dernier recensement; mais qu’est-ce à côté de vous qui en comptez deux millions cinq cent mille? et qui allez retrouver l’asphalte et tout l’éclat du monde parisien?	"You, who live in the Capital, in 'Paris, the great town', while I have to live in a wretched county town of a hundred thousand souls (it is true, we managed to muster a hundred and two thousand at the last census, but what is that compared to your two and a half millions?) going back, too, to asphalt streets and all the bustle and gaiety of Paris life."""
275	284	0.484	Ils le disaient avec un roulement d’r paysan, sans y mettre d’aigreur, car c’étaient des lumières de leur province qui auraient pu comme d’autres venir à Paris — on avait plusieurs fois offert au premier président de Caen un siège à la Cour de cassation — mais avaient préféré rester sur place, par amour de leur ville, ou de l’obscurité, ou de la gloire, ou parce qu’ils étaient réactionnaires, et pour l’agrément des relations de voisinage avec les châteaux.	They said this with a rustic burring of their 'r's, but without bitterness, for they were leading lights each in his own province, who could like other people have gone to Paris had they chosen — the chief magistrate of Caen had several times been offered a judgeship in the Court of Appeal — but had preferred to stay where they were, from love of their native towns or of obscurity or of fame, or because they were reactionaries, and enjoyed being on friendly terms with the country houses of the neighbourhood.
276	285	0.403	Plusieurs d’ailleurs ne regagnaient pas tout de suite leur chef-lieu.	Besides several of them were not going back at once to their county towns.
277	286	0.563	Car — comme la baie de Balbec était un petit univers à part au milieu du grand, une corbeille des saisons où étaient rassemblés en cercle les jours variés et les mois successifs, si bien que, non seulement les jours où on apercevait Rivebelle, ce qui était signe d’orage, on y distinguait du soleil sur les maisons pendant qu’il faisait noir à Balbec, mais encore que quand les froids avaient gagné Balbec, on était certain de trouver sur cette autre rive deux ou trois mois supplémentaires de chaleur — ceux de ces habitués du Grand-Hôtel dont les vacances commençaient tard ou duraient longtemps, faisaient, quand arrivaient les pluies et les brumes, à l’approche de l’automne, charger leurs malles sur une barque, et traversaient rejoindre l’été à Rivebelle ou à Costedor.	For — inasmuch as the Bay of Balbec was a little world apart in the midst of a great world, a basketful of the seasons in which were clustered in a ring good days and bad, and the months in their order, so that not only, on days when one could make out Rivebelle, which was in itself a sign of coming storms, could one see the sunlight on the houses there while Balbec was plunged in darkness, but later on, when the cold weather had reached Balbec, one could be certain of finding on that opposite shore two or three supplementary months of warmth — those of the regular visitors to the Grand Hotel whose holidays began late or lasted long, gave orders, when rain and fog came and Autumn was in the air, for their boxes to be packed and embarked, and set sail across the Bay to find summer again at Rivebelle or Costedor.
278	287	0.529	Ce petit groupe de l’hôtel de Balbec regardait d’un air méfiant chaque nouveau venu, et, ayant l’air de ne pas s’intéresser à lui, tous interrogeaient sur son compte leur ami le maître d’hôtel.	This little group in the Balbec hotel looked with distrust upon each new arrival, and while affecting to take not the least interest in him, hastened, all of them, to ply with questions their friend the head waiter.
279	288	0.577	Car c’était le même — Aimé — qui revenait tous les ans faire la saison et leur gardait leurs tables; et mesdames leurs épouses, sachant que sa femme attendait un bébé, travaillaient après les repas chacune à une pièce de la layette, tout en nous toisant avec leur face à main, ma grand’mère et moi, parce que nous mangions des œufs durs dans la salade, ce qui était réputé commun et ne se faisait pas dans la bonne société d’Alençon.	"For it was the same head waiter — Aimé — who returned every year for the season, and kept their tables for them; and their good ladies, having heard that his wife was ""expecting"", would sit after meals working each at one of the ""little things"", stopping only to put up their glasses and stare at us, my grandmother and myself, because we were eating hard-boiled eggs in salad, which was considered common, and was, in fact, ""not done"" in the best society of Alençon."
280	289	0.507	Ils affectaient une attitude de méprisante ironie à l’égard d’un Français qu’on appelait Majesté et qui s’était, en effet, proclamé lui-même roi d’un petit îlot de l’Océanie peuplé par quelques sauvages.	"They affected an attitude of contemptuous irony with regard to a Frenchman who was called ""His Majesty"" and had indeed proclaimed himself King of a small island in the South Seas, inhabited by a few savages."
281	290	0.446	Il habitait l’hôtel avec sa jolie maîtresse, sur le passage de qui, quand elle allait se baigner, les gamins criaient: «Vive la reine!» parce qu’elle faisait pleuvoir sur eux des pièces de cinquante centimes.	"He was staying in the hotel with his pretty mistress, whom, as she crossed the beach to bathe, the little boys would greet with ""Three cheers for the Queen!"" because she would reward them with a shower of small silver."
282	291	0.553	Le premier président et le bâtonnier ne voulaient même pas avoir l’air de la voir, et si quelqu’un de leurs amis la regardait, ils croyaient devoir le prévenir que c’était une petite ouvrière.	The chief magistrate and the barrister went so far as to pretend not to see her, and if any of their friends happened to look at her, felt bound to warn him that she was only a little shop-girl.
283	292	0.621	—Mais on m’avait assuré qu’à Ostende ils usaient de la cabine royale.	"""But I was told that at Ostend they used the royal bathing machine."""
284	293	0.180	—Naturellement!	"""Well, and why not?"
285	294	0.709	On la loue pour vingt francs.	It's on hire for twenty francs.
286	295	0.489	Vous pouvez la prendre si cela vous fait plaisir.	You can take it yourself, if you care for that sort of thing.
287	296	0.418	Et je sais pertinemment que, lui, avait fait demander une audience au roi qui lui a fait savoir qu’il n’avait pas à connaître ce souverain de Guignol.	"Anyhow, I know for a fact that the fellow asked for an audience, when he was there, with the King, who sent back word that he took no cognisance of any Pantomime Princes."""
288	297-298	0.342	—Ah, vraiment, c’est intéressant! il y a tout de même des gens! …	"""Really, that's interesting! What queer people there are in the world, to be sure!"""
289	299	0.394	Et sans doute tout cela était vrai, mais c’était aussi par ennui de sentir que pour une bonne partie de la foule ils n’étaient, eux, que de bons bourgeois qui ne connaissaient pas ce roi et cette reine prodigues de leur monnaie, que le notaire, le président, le bâtonnier, au passage de ce qu’ils appelaient un carnaval, éprouvaient tant de mauvaise humeur et manifestaient tout haut une indignation au courant de laquelle était leur ami le maître d’hôtel, qui, obligé de faire bon visage aux souverains plus généreux qu’authentiques, cependant tout en prenant leur commande, adressait de loin à ses vieux clients un clignement d’œil significatif.	"And I dare say it was all quite true: but it was also from resentment of the thought that, to many of their fellow-visitors, they were themselves simply respectable but rather common people who did not know this King and Queen so prodigal with their small change, that the solicitor, the magistrate, the barrister, when what they were pleased to call the ""Carnival"" went by, felt so much annoyance, and expressed aloud an indignation that was quite understood by their friend the head waiter who, obliged to shew proper civility to these generous if not authentic Sovereigns, still, while he took their orders, would dart from afar at his old patrons a covert but speaking glance."
290	300	0.268	Peut-être y avait-il aussi un peu de ce même ennui d’être par erreur crus moins «chic» et de ne pouvoir expliquer qu’ils l’étaient davantage, au fond du «Joli Monsieur!» dont ils qualifiaient un jeune gommeux, fils poitrinaire et fêtard d’un grand industriel et qui, tous les jours, dans un veston nouveau, une orchidée à la boutonnière, déjeunait au champagne, et allait, pâle, impassible, un sourire d’indifférence aux lèvres, jeter au Casino sur la table de baccarat des sommes énormes «qu’il n’a pas les moyens de perdre» disait d’un air renseigné le notaire au premier président duquel la femme «tenait de bonne source» que ce jeune homme «fin de siècle» faisait mourir de chagrin ses parents.	"Perhaps there was also something of the same resentment at being erroneously supposed to be less and unable to explain that they were more smart, underlining the ""fine specimen"" with which they qualified a young ""blood"", the consumptive and dissipated son of an industrial magnate, who appeared every day in a new suit of clothes with an orchid in his buttonhole, drank champagne at luncheon, and then strolled out of the hotel, pale, impassive, a smile of complete indifference on his lips, to the casino to throw away at the baccarat table enormous sums, ""which he could ill afford to lose,"" as the solicitor said with a resigned air to the chief magistrate, whose wife had it ""on good authority"" that this ""detrimental"" young man was bringing his parents' grey hair in sorrow to the grave."
291	301	0.357	D’autre part, le bâtonnier et ses amis ne tarissaient pas de sarcasmes, au sujet d’une vieille dame riche et titrée, parce qu’elle ne se déplaçait qu’avec tout son train de maison.	On the other hand, the barrister and his friends could not exhaust their flow of sarcasm on the subject of a wealthy old lady of title, because she never moved any where without taking her whole household with her.
292	302	0.406	Chaque fois que la femme du notaire et la femme du premier président la voyaient dans la salle à manger au moment des repas, elles l’inspectaient insolemment avec leur face à main du même air minutieux et défiant que si elle avait été quelque plat au nom pompeux mais à l’apparence suspecte qu’après le résultat défavorable d’une observation méthodique on fait éloigner, avec un geste distant, et une grimace de dégoût.	Whenever the wives of the solicitor and the magistrate saw her in the dining-room at meal-times they put up their glasses and gave her an insolent scrutiny, as minute and distrustful as if she had been some dish with a pretentious name but a suspicious appearance which, after the negative result of a systematic study, must be sent away with a lofty wave of the hand and a grimace of disgust.
293	303	0.384	Sans doute par là voulaient-elles seulement montrer que, s’il y avait certaines choses dont elles manquaient — dans l’espèce certaines prérogatives de la vieille dame, et être en relations avec elle — c’était non pas parce qu’elles ne pouvaient, mais ne voulaient pas les posséder.	No doubt by this behaviour they meant only to shew that, if there were things in the world which they themselves lacked — in this instance, certain prerogatives which the old lady enjoyed, and the privilege of her acquaintance — it was not because they could not, but because they did not choose to acquire them.
294	304	0.336	Mais elles avaient fini par s’en convaincre elles-mêmes; et c’est la suppression de tout désir, de la curiosité pour les formes de la vie qu’on ne connaît pas, de l’espoir de plaire à de nouveaux êtres, remplacés chez ces femmes par un dédain simulé, par une allégresse factice, qui avait l’inconvénient de leur faire mettre du déplaisir sous l’étiquette de contentement et se mentir perpétuellement à elles-mêmes, deux conditions pour qu’elles fussent malheureuses.	But they had succeeded in convincing themselves that this really was what they felt; and it was the suppression of all desire for, of all curiosity as to forms of life which were unfamiliar, of all hope of pleasing new people (for which, in the women, had been substituted a feigned contempt, an artificial brightness) that had the awkward result of obliging them to label their discontent satisfaction, and lie everlastingly to themselves, for which they were greatly to be pitied.
295	305	0.377	Mais tout le monde dans cet hôtel agissait sans doute de la même manière qu’elles, bien que sous d’autres formes, et sacrifiait sinon à l’amour-propre, du moins à certains principes d’éducations ou à des habitudes intellectuelles, le trouble délicieux de se mêler à une vie inconnue.	But everyone else in the hotel was no doubt behaving in a similar fashion, though his behaviour might take a different form, and sacrificing, if not to self-importance, at any rate to certain inculcated principles and mental habits the thrilling delight of mixing in a strange kind of life.
296	306	0.421	Sans doute le microcosme dans lequel s’isolait la vieille dame n’était pas empoisonné de virulentes aigreurs comme le groupe où ricanaient de rage la femme du notaire et du premier président.	Of course, the atmosphere of the microcosm in which the old lady isolated herself was not poisoned with virulent bitterness, as was that of the group in which the wives of the solicitor and magistrate sat chattering with impotent rage.
297	307	0.398	Il était au contraire embaumé d’un parfum fin et vieillot mais qui n’était pas moins factice.	It was indeed embalmed with a delicate and old world fragrance which, however, was none the less artificial.
298	308	0.362	Car au fond la vieille dame eût probablement trouvé à séduire, à s’attacher, en se renouvelant pour cela elle-même, la sympathie mystérieuse d’êtres nouveaux, un charme dont est dénué le plaisir qu’il y a à ne fréquenter que des gens de son monde et à se rappeler que, ce monde étant le meilleur qui soit, le dédain mal informé d’autrui est négligeable.	"For at heart the old lady would probably have found in attracting, in attaching to herself (and, with that object, recreating herself) the mysterious sympathy of new friends a charm which is altogether lacking from the pleasure that is to be derived from mixing only with the people of one's own world, and reminding oneself that, one's own being the best of all possible worlds, the ill-informed contempt of ""outsiders"" may be disregarded."
299	309	0.177	Peut-être sentait-elle que, si elle était arrivée inconnue au Grand-Hôtel de Balbec elle eût avec sa robe de laine noire et son bonnet démodé fait sourire quelque noceur qui de son «rocking» eût murmuré «quelle purée!» ou surtout quelque homme de valeur ayant gardé comme le premier président, entre ses favoris poivre et sel, un visage frais et des yeux spirituels comme elle les aimait, et qui eût aussitôt désigné à la lentille rapprochante du face à main conjugal l’apparition de ce phénomène insolite; et peut-être était-ce par inconsciente appréhension de cette première minute qu’on sait courte mais qui n’est pas moins redoutée — comme la première tête qu’on pique dans l’eau — que cette dame envoyait d’avance un domestique mettre l’hôtel au courant de sa personnalité et de ses habitudes, et coupant court aux salutations du directeur gagnait avec une brièveté où il y avait plus de timidité que d’orgueil sa chambre où des rideaux personnels remplaçant ceux qui pendaient aux fenêtres, des paravents, des photographies, mettaient si bien entre elle et le monde extérieur auquel il eût fallu s’adapter la cloison de ses habitudes, que c’était son chez elle, au sein duquel elle était restée, qui voyageait plutôt qu’elle-même…	"Perhaps she felt that — were she to arrive _incognito_ at the Grand Hotel, Balbec, she would, in her black stuff gown and old-fashioned bonnet, bring a smile to the lips of some old reprobate, who from the depths of his rocking chair would glance up and murmur, ""What a scarecrow!"" or, still worse, to those of some man of repute who had, like the magistrate, kept between his pepper-and-salt whiskers a rosy complexion and a pair of sparkling eyes such as she liked to see, and would at once bring the magnifying lens of the conjugal glasses to bear upon so quaint a phenomenon; and perhaps it was in unconfessed dread of those first few minutes, which, though one knows that they will be but a few minutes, are none the less terrifying, like the first plunge of one's head under water, that this old lady sent down in advance a servant, who would inform the hotel of the personality and habits of his mistress, and, cutting short the manager's greetings, made, with an abruptness in which there was more timidity than pride, for her room, where her own curtains, substituted for those that draped the hotel windows, her own screens and photographs set up so effectively between her and the outside world, to which otherwise she would have had to adapt herself, the barrier of her private life that it was her home (in which she had comfortably stayed) that travelled rather than herself."
300	310	0.314	Dès lors, ayant placé entre elle d’une part, le personnel de l’hôtel et les fournisseurs de l’autre, ses domestiques qui recevaient à sa place le contact de cette humanité nouvelle et entretenaient autour de leur maîtresse l’atmosphère accoutumée, ayant mis ses préjugés entre elle et les baigneurs, insoucieuse de déplaire à des gens que ses amies n’auraient pas reçus, c’est dans son monde qu’elle continuait à vivre par la correspondance avec ses amies, par le souvenir, par la conscience intime qu’elle avait de sa situation, de la qualité de ses manières, de la compétence de sa politesse.	Thenceforward, having placed between herself, on the one hand, and the staff of the hotel and its decorators on the other the servants who bore instead of her the shock of contact with all this strange humanity, and kept up around their mistress her familiar atmosphere, having set her prejudices between herself and the other visitors, indifferent whether or not she gave offence to people whom her friends would not have had in their houses, it was in her own world that she continued to live, by correspondence with her friends, by memories, by her intimate sense of and confidence in her own position, the quality of her manners, the competence of her politeness.
301	311	0.342	Et tous les jours, quand elle descendait pour aller dans sa calèche faire une promenade, sa femme de chambre qui portait ses affaires derrière elle, son valet de pied qui la devançait semblaient comme ces sentinelles, qui aux portes d’une ambassade, pavoisée aux couleurs du pays dont elle dépend, garantissent pour elle, au milieu d’un sol étranger, le privilège de son exterritorialité.	And every day, when she came downstairs to go for a drive in her own carriage, the lady's maid who came after her carrying her wraps, the footman who preceded her seemed like sentries who, at the gate of an embassy, flying the flag of the country to which she belonged, assured to her upon foreign soil the privilege of extra-territoriality.
302	312	0.442	Elle ne quitta pas sa chambre avant le milieu de l’après-midi, le jour de notre arrivée, et nous ne l’aperçûmes pas dans la salle à manger où le directeur, comme nous étions nouveaux venus, nous conduisit, sous sa protection, à l’heure du déjeuner, comme un gradé qui mène des bleus chez le caporal tailleur pour les faire habiller; mais nous y vîmes, en revanche, au bout d’un instant un hobereau et sa fille, d’une obscure mais très ancienne famille de Bretagne, M. et Mlle de Stermaria dont on nous avait fait donner la table, croyant qu’ils ne rentreraient que le soir.	She did not leave her room until late in the afternoon on the day following our arrival, so that we did not see her in the dining-room, into which the manager, since we were strangers there, conducted us, taking us under his wing, as a corporal takes a squad of recruits to the master-tailor, to have them fitted; we did see however, a moment later, a country gentleman and his daughter, of an obscure but very ancient Breton family, M. and Mlle. de Stermaria, whose table had been allotted to us, in the belief that they had gone out and would not be back until the evening.
303	313	0.439	Venus seulement à Balbec pour retrouver des châtelains qu’ils connaissaient dans le voisinage, ils ne passaient dans la salle à manger de l’hôtel, entre les invitations acceptées au dehors et les visites rendues que le temps strictement nécessaire.	Having come to Balbec only to see various country magnates whom they knew in that neighbourhood, they spent in the hotel dining-room, what with the invitations they accepted and the visits they paid, only such time as was strictly unavoidable.
304	314	0.435	C’était leur morgue qui les préservait de toute sympathie humaine, de tout intérêt pour les inconnus assis autour d’eux, et au milieu desquels M. de Stermaria gardait l’air glacial, pressé, distant, rude, pointilleux et malintentionné, qu’on a dans un buffet de chemin de fer au milieu de voyageurs qu’on n’a jamais vus, qu’on ne reverra pas, et avec qui on ne conçoit d’autres rapports que de défendre contre eux son poulet froid et son coin dans le wagon.	"It was their stiffness that preserved them intact from all human sympathy, from interesting at all the strangers seated round about them, among whom M. de Stermaria kept up the glacial, preoccupied, distant, rude, punctilious and distrustful air that we assume in a railway refreshment-room, among fellow-passengers whom we have never seen before and will never see again, and with whom we can conceive of no other relations than to defend from their onslaught our ""portion"" of cold chicken and our corner seat in the train."
305	315	0.391	A peine commencions-nous à déjeuner qu’on vint nous faire lever sur l’ordre de M. de Stermaria, lequel venait d’arriver et sans le moindre geste d’excuse à notre adresse, pria à haute voix le maître d’hôtel de veiller à ce qu’une pareille erreur ne se renouvelât pas, car il lui était désagréable que «des gens qu’il ne connaissait pas» eussent pris sa table.	"No sooner had we begun our luncheon than we were asked to leave the table, on the instructions of M. de Stermaria who had just arrived and, without the faintest attempt at an apology to us, requested the head waiter, in our hearing to ""see that such a mistake did not occur again,"" for it was repugnant to him that ""people whom he did not know"" should have taken his table."
306	316	0.338	Et certes dans le sentiment qui poussait une certaine actrice (plus connue d’ailleurs à cause de son élégance, de son esprit, de ses belles collections de porcelaine allemande que pour quelques rôles joués à l’Odéon), son amant, jeune homme très riche pour lequel elle s’était cultivée, et deux hommes très en vue de l’aristocratie, à faire dans la vie bande à part, à ne voyager qu’ensemble, à prendre à Balbec leur déjeuner, très tard, quand tout le monde avait fini; à passer la journée dans leur salon à jouer aux cartes, il n’entrait aucune malveillance, mais seulement les exigences du goût qu’ils avaient pour certaines formes spirituelles de conversation, pour certains raffinements de bonne chère, lequel leur faisait trouver plaisir à ne vivre, à ne prendre leurs repas qu’ensemble, et leur eût rendu insupportable la vie en commun avec des gens qui n’y avaient pas été initiés.	And certainly into the feeling which impelled a young actress (better known, though, for her smart clothes, her smart sayings, her collection of German porcelain, than in the occasional parts that she had played at the Odéon), her lover, an immensely rich young man for whose sake she had acquired her culture, and two sprigs of aristocracy at that time much in the public eye to form a little band apart, to travel only together, to come down to luncheon — when at Balbec — very late, after everyone had finished; to spend the whole day in their sitting-room playing cards, there entered no sort of ill-humour against the rest of us but simply the requirements of the taste that they had formed for a certain type of conversation, for certain refinements of good living, which made them find pleasure in spending their time, in taking their meals only by themselves, and would have rendered intolerable a life in common with people who had not been initiated into those mysteries.
307	317	0.305	Même devant une table servie, ou devant une table à jeu, chacun d’eux avait besoin de savoir que dans le convive ou le partenaire qui était assis en face de lui, reposaient en suspens et inutilisés un certain savoir qui permet de reconnaître la camelote dont tant de demeures parisiennes se parent comme d’un «moyen âge» ou d’une «Renaissance» authentiques et, en toutes choses, des critériums communs à eux pour distinguer le bon et le mauvais.	"Even at a dinner or a card-table, each of them had to be certain that, in the diner or partner who sat opposite to him, there was, latent and not yet made use of, a certain brand of knowledge which would enable him to identify the rubbish with which so many houses in Paris were littered as genuine mediaeval or renaissance ""pieces"" and, whatever the subject of discussion, to apply the critical standards common to all their party whereby they distinguished good work from bad."
308	318	0.435	Sans doute ce n’était plus, dans ces moments-là, que par quelque rare et drôle interjection jetée au milieu du silence du repas ou de la partie, ou par la robe charmante et nouvelle que la jeune actrice avait revêtue pour déjeuner ou faire un poker, que se manifestait l’existence spéciale dans laquelle ces amis voulaient partout rester plongés.	Probably it was only — at such moments — by some infrequent, amusing interruption flung into the general silence of meal or game, or by the new and charming frock which the young actress had put on for luncheon or for poker, that the special kind of existence in which these four friends desired, above all things, to remain plunged was made apparent.
309	319	0.513	Mais en les enveloppant ainsi d’habitudes qu’ils connaissaient à fond, elle suffisait à les protéger contre le mystère de la vie ambiante.	But by engulfing them thus in a system of habits which they knew by heart it sufficed to protect them from the mystery of the life that was going on all round them.
310	320	0.478	Pendant de longs après-midi, la mer n’était suspendue en face d’eux que comme une toile d’une couleur agréable accrochée dans le boudoir d’un riche célibataire, et ce n’était que dans l’intervalle des coups qu’un des joueurs, n’ayant rien de mieux à faire, levait les yeux vers elle pour en tirer une indication sur le beau temps ou sur l’heure, et rappeler aux autres que le goûter attendait.	"All the long afternoon, the sea was suspended there before their eyes only as a canvas of attractive colouring might hang on the wall of a wealthy bachelor's flat and it was only in the intervals between the ""hands"" that one of the players, finding nothing better to do, raised his eyes to it to seek from it some indication of the weather or the time, and to remind the others that tea was ready."
311	321	0.297	Et le soir ils ne dînaient pas à l’hôtel où les sources électriques faisant sourdre à flots la lumière dans la grande salle à manger, celle-ci devenait comme un immense et merveilleux aquarium devant la paroi de verre duquel la population ouvrière de Balbec, les pêcheurs et aussi les familles de petits bourgeois, invisibles dans l’ombre, s’écrasaient au vitrage pour apercevoir, lentement balancée dans des remous d’or, la vie luxueuse de ces gens, aussi extraordinaire pour les pauvres que celle de poissons et de mollusques étranges (une grande question sociale, de savoir si la paroi de verre protègera toujours le festin des bêtes merveilleuses et si les gens obscurs qui regardent avidement dans la nuit ne viendront pas les cueillir dans leur aquarium et les manger).	And at night they did not dine in the hotel, where, hidden springs of electricity flooding the great dining-room with light, it became as it were an immense and wonderful aquarium against whose wall of glass the working population of Balbec, the fishermen and also the tradesmen's families, clustering invisibly in the outer darkness, pressed their faces to watch, gently floating upon the golden eddies within, the luxurious life of its occupants, a thing as extraordinary to the poor as the life of strange fishes or molluscs (an important social question, this; whether the wall of glass will always protect the wonderful creatures at their feasting, whether the obscure folk who watch them hungrily out of the night will not break in some day to gather them from their aquarium and devour them).
312	322	0.341	En attendant, peut-être parmi la foule arrêtée et confondue dans la nuit y avait-il quelque écrivain, quelque amateur d’ichtyologie humaine, qui, regardant les mâchoires de vieux monstres féminins se refermer sur un morceau de nourriture engloutie, se complaisait à classer ceux-ci par race, par caractères innés et aussi par ces caractères acquis qui font qu’une vieille dame serbe dont l’appendice buccal est d’un grand poisson de mer, parce que depuis son enfance elle vit dans les eaux douces du faubourg Saint-Germain, mange la salade comme une La Rochefoucauld.	Meanwhile there may have been, perhaps, among the gazing crowd, a motionless, formless mass there in the dark, some writer, some student of human ichthyology who, as he watched the jaws of old feminine monstrosities close over a mouthful of food which they proceeded then to absorb, was amusing himself by classifying them according to their race, by their innate characteristics as well as by those acquired characteristics which bring it about that an old Serbian lady whose buccal protuberance is that of a great sea-fish, because from her earliest years she has moved in the fresh waters of the Faubourg Saint-Germain, eats her salad for all the world like a La Rochefoucauld.
313	323	0.305	A cette heure-là on apercevait les trois hommes en smoking attendant la femme en retard laquelle bientôt, en une robe presque chaque fois nouvelle et des écharpes choisies selon un goût particulier à son amant, après avoir, de son étage, sonné le lift, sortait de l’ascenseur comme d’une boîte de joujoux.	At that hour one could see the three young men in dinner-jackets, waiting for the young woman, who was as usual late but presently, wearing a dress that was almost always different and one of a series of scarves, chosen to gratify some special instinct in her lover, after having from her landing rung for the lift, would emerge from it like a doll coming out of its box.
314	324	0.304	Et tous les quatre qui trouvaient que le phénomène international du Palace, implanté à Balbec, y avait fait fleurir le luxe plus que la bonne cuisine, s’engouffraient dans une voiture, allaient dîner à une demi-lieue de là dans un petit restaurant réputé où ils avaient avec le cuisinier d’interminables conférences sur la composition du menu et la confection des plats.	"And then all four, because they found that the international phenomenon of the ""Palace"", planted on Balbec soil, had blossomed there in material splendour rather than in food that was fit to eat, bundled into a carriage and went to dine, a mile off, in a little restaurant that was well spoken of, where they held with the cook himself endless discussions of the composition of their meal and the cooking of its various dishes."
315	325	0.525	Pendant ce trajet la route bordée de pommiers qui part de Balbec n’était pour eux que la distance qu’il fallait franchir — peu distincte dans la nuit noire de celle qui séparait leurs domiciles parisiens du Café Anglais ou de la Tour d’Argent — avant d’arriver au petit restaurant élégant où, tandis que les amis du jeune homme riche l’enviaient d’avoir une maîtresse si bien habillée, les écharpes de celle-ci tendaient devant la petite société comme un voile parfumé et souple, mais qui la séparait du monde.	During their drive, the road bordered with apple-trees that led out of Balbec was no more to them than the distance that must be traversed — barely distinguishable in the darkness from that which separated their homes in Paris from the Café Anglais or the Tour d'Argent — before they could arrive at the fashionable little restaurant where, while the young man's friends envied him because he had such a smartly dressed mistress, the latter's scarves were spread about the little company like a fragrant, flowing veil, but one that kept it apart from the outer world.
316	326	0.417	Malheureusement pour ma tranquillité, j’étais bien loin d’être comme tous ces gens.	Alas for my peace of mind, I had none of the detachment that all these people shewed.
317	327	0.442	De beaucoup d’entre eux je me souciais; j’aurais voulu ne pas être ignoré d’un homme au front déprimé, au regard fuyant entre les œillères de ses préjugés et de son éducation, le grand seigneur de la contrée, lequel n’était autre que le beau-frère de Legrandin, qui venait quelquefois en visite à Balbec et, le dimanche, par la garden-party hebdomadaire que sa femme et lui donnaient, dépeuplait l’hôtel d’une partie de ses habitants, parce qu’un ou deux d’entre eux étaient invités à ces fêtes, et parce que les autres pour ne pas avoir l’air de ne pas l’être, choisissaient ce jour-là pour faire une excursion éloignée.	To many of them I gave constant thought; I should have liked not to pass unobserved by a man with a receding brow and eyes that dodged between the blinkers of his prejudices and his education, the great nobleman of the district, who was none other than the brother-in-law of Legrandin, and came every now and then to see somebody at Balbec and on Sundays, by reason of the weekly garden-party that his wife and he gave, robbed the hotel of a large number of its occupants, because one or two of them were invited to these entertainments and the others, so as not to appear to have been not invited, chose that day for an expedition to some distant spot.
318	328	0.403	Il avait, d’ailleurs, été le premier jour fort mal reçu à l’hôtel quand le personnel, frais débarqué de la Côte d’Azur, ne savait pas encore qui il était.	He had had, as it happened, an exceedingly bad reception at the hotel on the first day of the season, when the staff, freshly imported from the Riviera, did not yet know who or what he was.
319	329	0.349	Non seulement il n’était pas habillé en flanelle blanche, mais par vieille manière française et ignorance de la vie des Palaces, entrant dans un hall où il y avait des femmes, il avait ôté son chapeau dès la porte, ce qui avait fait que le directeur n’avait même pas touché le sien pour lui répondre, estimant que ce devait être quelqu’un de la plus humble extraction, ce qu’il appelait un homme «sortant de l’ordinaire».	"Not only was he not wearing white flannels, but, with old-fashioned French courtesy and in his ignorance of the ways of smart hotels, on coming into the hall in which there were ladies sitting, he had taken off his hat at the door, the effect of which had been that the manager did not so much as raise a finger to his own in acknowledgment, concluding that this must be some one of the most humble extraction, what he called ""sprung from the ordinary."""
320	330	0.291	Seule la femme du notaire s’était sentie attirée vers le nouveau venu qui fleurait toute la vulgarité gourmée des gens comme il faut et elle avait déclaré, avec le fond de discernement infaillible et d’autorité sans réplique d’une personne pour qui la première société du Mans n’a pas de secrets, qu’on se sentait devant lui en présence d’un homme d’une haute distinction, parfaitement bien élevé et qui tranchait sur tout ce qu’on rencontrait à Balbec et qu’elle jugeait infréquentable tant qu’elle ne le fréquentait pas.	The solicitor's wife, alone, had felt herself attracted by the stranger, who exhaled all the starched vulgarity of the really respectable, and had declared, with the unerring discernment and the indisputable authority of a person from whom the highest society of Le Mans held no secrets, that one could see at a glance that one was in the presence of a gentleman of great distinction, of perfect breeding, a striking contrast to the sort of people one usually saw at Balbec, whom she condemned as impossible to know so long as she did not know them.
321	331	0.405	Ce jugement favorable qu’elle avait porté sur le beau-frère de Legrandin tenait peut-être au terne aspect de quelqu’un qui n’avait rien d’intimidant, peut-être à ce qu’elle avait reconnu dans ce gentilhomme-fermier à allure de sacristain les signes maçonniques de son propre cléricalisme.	This favourable judgment which she had pronounced on Legrandin's brother-in-law was based perhaps on the spiritless appearance of a man about whom there was nothing to intimidate anyone; perhaps also she had recognised in this gentleman farmer with the gait of a sacristan the Masonic signs of her own inveterate clericalism.
322	332	0.411	J’avais beau avoir appris que les jeunes gens qui montaient tous les jours à cheval devant l’hôtel étaient les fils du propriétaire véreux d’un magasin de nouveautés et que mon père n’eût jamais consenti à connaître, la «vie de bains de mer» les dressait, à mes yeux, en statues équestres de demi-dieux, et le mieux que je pouvais espérer était qu’ils ne laissassent jamais tomber leurs regards sur le pauvre garçon que j’étais, qui ne quittait la salle à manger de l’hôtel que pour aller s’asseoir sur le sable.	"It made no difference my knowing that the young fellows who went past the hotel every day on horseback were the sons of the questionably solvent proprietor of a linen-drapery to whom my father would never have dreamed of speaking; the glamour of ""seaside life"" exalted them in my eyes to equestrian statues of demi-gods, and the best thing that I could hope for was that they would never allow their proud gaze to fall upon the wretched boy who was myself, who left the hotel dining-room only to sit humbly upon the sands."
323	333	0.392	J’aurais voulu inspirer de la sympathie à l’aventurier même qui avait été roi d’une île déserte en Océanie, même au jeune tuberculeux dont j’aimais à supposer qu’il cachait sous ses dehors insolents une âme craintive et tendre qui eût peut-être prodigué pour moi seul des trésors d’affection.	I should have been glad to arouse some response even from the adventurer who had been king of a desert island in the South Seas, even of the young consumptive, of whom I liked to think that he was hiding beneath his insolent exterior a shy and tender heart, which would perhaps have lavished on me, and on me alone, the treasures of its affection.
324	334	0.381	D’ailleurs (au contraire de ce qu’on dit d’habitude des relations de voyage) comme être vu avec certaines personnes peut vous ajouter, sur une plage où l’on retourne quelquefois, un coefficient sans équivalent dans la vraie vie mondaine, il n’y a rien, non pas qu’on tienne aussi à distance, mais qu’on cultive si soigneusement dans la vie de Paris, que les amitiés de bains de mer.	Besides (unlike what one generally says of the people one meets when travelling) just as being seen in certain company can invest us, in a watering-place to which we shall return another year, with a coefficient that has no equivalent in our true social life, so there is nothing — not which we keep so resolutely at a distance, but — which we cultivate with such assiduity after our return to Paris as the friendships that we have formed by the sea.
325	335	0.509	Je me souciais de l’opinion que pouvaient avoir de moi toutes ces notabilités momentanées ou locales que ma disposition à me mettre à la place des gens et à recréer leur état d’esprit me faisait situer non à leur rang réel, à celui qu’ils auraient occupé à Paris par exemple et qui eût été fort bas, mais à celui qu’ils devaient croire le leur, et qui l’était à vrai dire à Balbec où l’absence de commune mesure leur donnait une sorte de supériorité relative et d’intérêt singulier.	I was anxious about the opinion that might be held of me by all these temporary or local celebrities whom my tendency to put myself in the place of other people and to reconstruct what was in their minds had made me place not in their true rank, that which they would have held in Paris, for instance, and which would have been quite low, but in that which they must imagine to be, and which indeed was their rank at Balbec, where the want of a common denominator gave them a sort of relative superiority and an individual interest.
326	336	0.547	Hélas d’aucune de ces personnes le mépris ne m’était aussi pénible que celui de M. de Stermaria.	Alas, none of these people's contempt for me was so unbearable as that of M. de Stermaria.
327	337	0.589	Car j’avais remarqué sa fille dès son entrée, son joli visage pâle et presque bleuté, ce qu’il y avait de particulier dans le port de sa haute taille, dans sa démarche, et qui m’évoquait avec raison son hérédité, son éducation aristocratique et d’autant plus clairement que je savais son nom — comme ces thèmes expressifs inventés par des musiciens de génie et qui peignent splendidement le scintillement de la flamme, le bruissement du fleuve et la paix de la campagne, pour les auditeurs qui, en parcourant préalablement le livret, ont aiguillé leur imagination dans la bonne voie.	For I had noticed his daughter, the moment she came into the room, her pretty features, her pallid, almost blue complexion, what there was peculiar in the carriage of her tall figure, in her gait, which suggested to me — and rightly — her long descent, her aristocratic upbringing, all the more vividly because I knew her name, like those expressive themes composed by musicians of genius which paint in splendid colours the glow of fire, the rush of water, the peace of fields and woods, to audiences who, having first let their eyes run over the programme, have their imaginations trained in the right direction.
328-329	338	0.250	La «race» en ajoutant aux charmes de Mlle de Stermaria l’idée de leur cause, les rendait plus intelligibles, plus complets. Elle les faisait aussi plus désirables, annonçant qu’ils étaient peu accessibles, comme un prix élevé ajoute à la valeur d’un objet qui nous a plu.	"The label ""Centuries of Breeding"", by adding to Mlle. de Stermaria's charms the idea of their origin, made them more desirable also, advertising their rarity as a high price enhances the value of a thing that has already taken our fancy."
330	339	0.394	Et la tige héréditaire donnait à ce teint composé de sucs choisis la saveur d’un fruit exotique ou d’un cru célèbre.	And its stock of heredity gave to her complexion, in which so many selected juices had been blended, the savour of an exotic fruit or of a famous vintage.
331	340	0.393	Or, un hasard mit tout d’un coup entre nos mains le moyen de nous donner à ma grand’mère et à moi, pour tous les habitants de l’hôtel, un prestige immédiat.	And then mere chance put into our hands, my grandmother's and mine, the means of giving ourselves an immediate distinction in the eyes of all the other occupants of the hotel.
332	341	0.291	En effet, dès ce premier jour, au moment où la vieille dame descendait de chez elle, exerçant, grâce au valet de pied qui la précédait, à la femme de chambre qui courait derrière avec un livre et une couverture oubliés, une action sur les âmes et excitant chez tous une curiosité et un respect auxquels il fut visible qu’échappait moins que personne M. de Stermaria, le directeur se pencha vers ma grand’mère, et par amabilité (comme on montre le Shah de Perse ou la Reine Ranavalo à un spectateur obscur qui ne peut évidemment avoir aucune relation avec le puissant souverain, mais peut trouver intéressant de l’avoir vu à quelques pas), il lui coula dans l’oreille: «La Marquise de Villeparisis», cependant qu’au même moment cette dame apercevant ma grand’mère ne pouvait retenir un regard de joyeuse surprise.	"On that first afternoon, at the moment when the old lady came downstairs from her room, producing, thanks to the footman who preceded her, the maid who came running after her with a book and a rug that had been left behind, a marked effect upon all who beheld her and arousing in each of them a curiosity from which it was evident that none was so little immune as M. de Stermaria, the manager leaned across to my grandmother and, from pure kindness of heart (as one might point out the Shah, or Queen Ranavalo to an obscure onlooker who could obviously have no sort of connexion with so mighty a potentate, but might be interested, all the same, to know that he had been standing within a few feet of one) whispered in her ear, ""The Marquise de Villeparisis!"" while at the same moment the old lady, catching sight of my grandmother, could not repress a start of pleased surprise."
333-334	342	0.339	On peut penser que l’apparition soudaine, sous les traits d’une petite vieille, de la plus puissante des fées, ne m’aurait pas causé plus de plaisir, dénué comme j’étais de tout recours pour m’approcher de Mlle de Stermaria, dans un pays où je ne connaissais personne. J’entends personne au point de vue pratique.	It may be imagined that the sudden appearance, in the guise of a little old woman, of the most powerful of fairies would not have given me so much pleasure, destitute as I was of any means of access to Mlle. de Stermaria, in a strange place where I knew no one: no one, that is to say, for any practical purpose.
335	343	0.361	Esthétiquement, le nombre des types humains est trop restreint pour qu’on n’ait pas bien souvent, dans quelque endroit qu’on aille, la joie de revoir des gens de connaissance, même sans les chercher dans les tableaux des vieux maîtres, comme faisait Swann.	Aesthetically the number of types of humanity is so restricted that we must constantly, wherever we may be, have the pleasure of seeing people we know, even without looking for them in the works of the old masters, like Swann.
336	344	0.466	C’est ainsi que dès les premiers jours de notre séjour à Balbec, il m’était arrivé de rencontrer Legrandin, le concierge de Swann, et Mme Swann elle-même, devenus le premier garçon de café, le second un étranger de passage que je ne revis pas, et la dernière, un maître baigneur.	Thus it happened that in the first few days of our visit to Balbec I had succeeded in finding Legrandin, Swann's hall porter and Mme. Swann herself, transformed into a waiter, a foreign visitor whom I never saw again and a bathing superintendent.
337	345	0.497	Et une sorte d’aimantation attire et retient si inséparablement les uns après les autres certains caractères de physionomie et de mentalité que quand la nature introduit ainsi une personne dans un nouveau corps, elle ne la mutile pas trop.	And a sort of magnetism attracts and retains so inseparably, one after another, certain characteristics, facial and mental, that when nature thus introduces a person into a new body she does not mutilate him unduly.
338	346	0.499	Legrandin changé en garçon de café gardait intacts sa stature, le profil de son nez et une partie du menton; Mme Swann dans le sexe masculin et la condition de maître baigneur avait été suivie non seulement par sa physionomie habituelle, mais même par une certaine manière de parler.	Legrandin turned waiter kept intact his stature, the outline of his nose, part of his chin; Mme. Swann, in the masculine gender and the calling of a bathing superintendent, had been accompanied not only by familiar features, but even by the way she had of speaking.
339	347	0.375	Seulement elle ne pouvait pas m’être de plus d’utilité entourée de sa ceinture rouge, et hissant, à la moindre houle, le drapeau qui interdit les bains, car les maîtres-baigneurs sont prudents, sachant rarement nager, qu’elle ne l’eût pu dans la fresque de la _Vie de Moïse_ où Swann l’avait reconnue jadis sous les traits de la fille de Jethro.	Only, she could be of little if any more use to me, standing upon the beach there in the red sash of her office, and hoisting at the first gust of wind the flag which forbade us to bathe (for these superintendents are prudent men, and seldom know how to swim) than she would have been in that fresco of the _Life of Moses_ in which Swann had long ago identified her in the portrait of Jethro's Daughter.
340	348	0.477	Tandis que cette Mme de Villeparisis était bien la véritable, elle n’avait pas été victime d’un enchantement qui l’eût dépouillée de sa puissance, mais était capable au contraire d’en mettre un à la disposition de la mienne qu’il centuplerait, et grâce auquel, comme si j’avais été porté par les ailes d’un oiseau fabuleux, j’allais franchir en quelques instants les distances sociales infinies, au moins à Balbec, qui me séparaient de Mlle de Stermaria.	Whereas this Mme. de Villeparisis was her real self, she had not been the victim of an enchantment which had deprived her of her power, but was capable, on the contrary, of putting at the service of my power an enchantment which would multiply it an hundred fold, and thanks to which, as though I had been swept through the air on the wings of a fabulous bird, I was to cross in a few moments the infinitely wide (at least, at Balbec) social gulf which separated me from Mlle. de Stermaria.
341	349	0.417	Malheureusement, s’il y avait quelqu’un qui, plus que quiconque, vécût enfermé dans son univers particulier, c’était ma grand’mère.	Unfortunately, if there was one person in the world who, more than anyone else, lived shut up in a little world of her own, it was my grandmother.
342	350-351	0.444	Elle ne m’aurait même pas méprisé, elle ne m’aurait pas compris, si elle avait su que j’attachais de l’importance à l’opinion, que j’éprouvais de l’intérêt pour la personne, de gens dont elle ne remarquait seulement pas l’existence et dont elle devait quitter Balbec sans avoir retenu le nom; je n’osais pas lui avouer que si ces mêmes gens l’avaient vu causer avec Mme de Villeparisis, j’en aurais eu un grand plaisir, parce que je sentais que la marquise avait du prestige dans l’hôtel et que son amitié nous eût posés aux yeux de M. de Stermaria.	She would not, indeed, have despised me, she would simply not have understood what I meant had she been told that I attached importance to the opinions, that I felt an interest in the persons of people the very existence of whom she had never noticed and would, when the time came to leave Balbec, retain no impression of their names. I dared not confess to her that if these same people had seen her talking to Mme. de Villeparisis, I should have been immensely gratified, because I felt that the Marquise counted for much in the hotel and that her friendship would have given us a position in the eyes of Mlle. de Stermaria.
343	352	0.376	Non d’ailleurs que l’amie de ma grand’mère me représentât le moins du monde une personne de l’aristocratie: j’étais trop habitué à son nom devenu familier à mes oreilles avant que mon esprit s’arrêtât sur lui, quand tout enfant je l’entendais prononcer à la maison; et son titre n’y ajoutait qu’une particularité bizarre comme aurait fait un prénom peu usité, ainsi qu’il arrive dans les noms de rue où on n’aperçoit rien de plus noble, dans la rue Lord-Byron, dans la si populaire et vulgaire rue Rochechouart, ou dans la rue de Gramont que dans la rue Léonce-Reynaud ou la rue Hippolyte-Lebas.	Not that my grandmother's friend represented to me, in any sense of the word, a member of the aristocracy: I was too well used to her name, which had been familiar to my ears before my mind had begun to consider it, when as a child I had heard it occur in conversation at home: while her title added to it only a touch of quaintness — as some uncommon Christian name would have done, or as in the names of streets, among which we can see nothing more noble in the Rue Lord Byron, in the plebeian and even squalid Rue Rochechouart, or in the Rue Grammont than in the Rue Léonce Reynaud or the Rue Hippolyte Lebas.
344	353	0.460	Mme de Villeparisis ne me faisait pas plus penser à une personne d’un monde spécial, que son cousin Mac-Mahon que je ne différenciais pas de M. Carnot, président de la République, comme lui, et de Raspail dont Françoise avait acheté la photographie avec celle de Pie IX.	Mme. de Villeparisis no more made me think of a person who belonged to a special world than did her cousin MacMahon, whom I did not clearly distinguish from M. Carnot, likewise President of the Republic, or from Raspail, whose photograph Françoise had bought with that of Pius IX.
345	354	0.342	Ma grand’mère avait pour principe qu’en voyage on ne doit plus avoir de relations, qu’on ne va pas au bord de la mer pour voir des gens, qu’on a tout le temps pour cela à Paris, qu’ils vous feraient perdre en politesses, en banalités, le temps précieux qu’il faut passer tout entier au grand air, devant les vagues; et trouvant plus commode de supposer que cette opinion était partagée par tout le monde et qu’elle autorisait entre de vieux amis que le hasard mettait en présence dans le même hôtel la fiction d’un incognito réciproque, au nom que lui cita le directeur, elle se contenta de détourner les yeux et eut l’air de ne pas voir Mme de Villeparisis qui, comprenant que ma grand’mère ne tenait pas à faire de reconnaissances, regarda à son tour dans le vague.	It was one of my grandmother's principles that, when away from home, one should cease to have any social intercourse, that one did not go to the seaside to meet people, having plenty of time for that sort of thing in Paris, that they would make one waste on being merely polite, in pointless conversation, the precious time which ought all to be spent in the open air, beside the waves; and finding it convenient to assume that this view was shared by everyone else, and that it authorised, between old friends whom chance brought face to face in the same hotel, the fiction of a mutual incognito, on hearing her friend's name from the manager she merely looked the other way, and pretended not to see Mme. de Villeparisis, who, realising that my grandmother did not want to be recognised, looked also into the void.
346	355	0.457	Elle s’éloigna, et je restai dans mon isolement comme un naufragé de qui a paru s’approcher un vaisseau, lequel a disparu ensuite sans s’être arrêté.	She went past, and I was left in my isolation like a shipwrecked mariner who has seen a vessel apparently coming towards him which has then, without lowering a boat, vanished under the horizon.
347	356	0.570	Elle prenait aussi ses repas dans la salle à manger, mais à l’autre bout.	She, too, had her meals in the dining-room, but at the other end of it.
348	357	0.611	Elle ne connaissait aucune des personnes qui habitaient l’hôtel ou y venaient en visite, pas même M. de Cambremer; en effet, je vis qu’il ne la saluait pas, un jour où il avait accepté avec sa femme une invitation à déjeuner du bâtonnier, lequel, ivre de l’honneur d’avoir le gentilhomme à sa table, évitait ses amis des autres jours et se contentait de leur adresser de loin un clignement d’œil pour faire à cet événement historique une allusion toutefois assez discrète pour qu’elle ne pût pas être interprétée comme une invite à s’approcher.	She knew none of the people who were staying in the hotel, or who came there to call, not even M. de Cambremer; in fact, I noticed that he gave her no greeting, one day when, with his wife, he had accepted an invitation to take luncheon with the barrister, who drunken with the honour of having the nobleman at his table avoided his friends of every day, and confined himself to a distant twitch of the eyelid, so as to draw their attention to this historic event but so discreetly that his signal could not be interpreted by them as an invitation to join the party.
349	358-359	0.414	—Eh bien, j’espère que vous vous mettez bien, que vous êtes un homme chic, lui dit le soir la femme du premier président.	"""Well, I hope you've got on your best clothes; I hope you feel smart enough,"" was the magistrate's wife's greeting to him that evening. ""Smart?"
350	360-362	0.481	—Chic? pourquoi? demanda le bâtonnier, dissimulant sa joie sous un étonnement exagéré; à cause de mes invités? dit-il en sentant qu’il était incapable de feindre plus longtemps; mais qu’est-ce que ça a de chic d’avoir des amis à déjeuner?	"Why should I?"" asked the barrister, concealing his rapture in an exaggerated astonishment. ""Because of my guests, do you mean?"" he went on, feeling that it was impossible to keep up the farce any longer. ""But what is there smart about having a few friends in to luncheon?"
351	363	0.404	Faut bien qu’ils déjeunent quelque part!	"After all, they must feed somewhere!"""
352	364	0.384	—Mais si, c’est chic!	"""But it is smart!"
353	365	0.453	C’était bien les _de_ Cambremer, n’est-ce pas?	They are the de Cambremers, aren't they?
354	366	0.640	Je les ai bien reconnus.	I recognised them at once.
355	367	0.597	C’est une marquise.	She is a Marquise.
356	368	0.370	Et authentique.	And quite genuine, too.
357	369	0.450	Pas par les femmes.	"Not through the females."""
358	370	0.554	—Oh! c’est une femme bien simple, elle est charmante, on ne fait pas moins de façons.	"""Oh, she's a very simple soul, she is charming, no stand-offishness about her."
359	371-374	0.632	Je pensais que vous alliez venir, je vous faisais des signes… je vous aurais présenté! dit-il en corrigeant par une légère ironie l’énormité de cette proposition comme Assuérus quand il dit à Esther: «Faut-il de mes États vous donner la moitié!»	"I thought you were coming to join us. I was making signals to you. . . . I would have introduced you!"" he asserted, tempering with a hint of irony the vast generosity of the offer, like Ahasuerus when he says to Esther: Of all my Kingdom must I give you half!"
360	375-376	0.470	—Non, non, non, non, nous restons cachés, comme l’humble violette.	"""No, no, no, no! We lie hidden, like the modest violet."""
361	377	0.635	—Mais vous avez eu tort, je vous le répète, répondit le bâtonnier enhardi maintenant que le danger était passé.	"""But you were quite wrong, I assure you,"" replied the barrister, growing bolder now that the danger point was passed."
362	378	0.590	Ils ne vous auraient pas mangés.	"""They weren't going to eat you."
363	379	0.313	Allons-nous faire notre petit bésigue?	"I say, aren't we going to have our little game of bezique?"""
364	380-381	0.378	—Mais volontiers, nous n’osions pas vous le proposer, maintenant que vous traitez des marquises!	"""Why, of course! We were afraid to suggest it, now that you go about entertaining Marquises."""
365	382	0.494	—Oh! allez, elles n’ont rien de si extraordinaire.	"""Oh, get along with you; there's nothing so very wonderful about them."
366	383	0.496	Tenez, j’y dîne demain soir.	Why, I'm dining there to-morrow.
367	384	0.534	Voulez-vous y aller à ma place?	Would you care to go instead of me?
368	385	0.123	C’est de grand cœur.	I mean it.
369	386	0.459	Franchement, j’aime autant rester ici.	"Honestly, I'd just as soon stay here."""
370	387	0.554	—Non, non!	"""No, no!"
371	388	0.367	… on ne me révoquerait comme réactionnaire, s’écria le président, riant aux larmes de sa plaisanterie.	"I should be removed from the bench as a Reactionary,"" cried the chief magistrate, laughing till the tears stood in his eyes at his own joke."
372	389	0.487	Mais vous aussi vous êtes reçu à Féterne, ajouta-t-il en se tournant vers le notaire.	"""But you go to Féterne too, don't you?"" he went on, turning to the solicitor."
373	390	0.543	—Oh! je vais là les dimanches, on entre par une porte, on sort par l’autre.	"""Oh, I go there on Sundays — in at one door and out at the other."
374	391	0.380	Mais ils ne déjeunent pas chez moi comme chez le bâtonnier.	"But I don't have them here to luncheon, like the Leader."""
375	392	0.623	M. de Stermaria n’était pas ce jour-là à Balbec au grand regret du bâtonnier.	M. de Stermaria was not at Balbec that day, to the barrister's great regret.
376	393	0.352	Mais insidieusement il dit au maître d’hôtel:	But he managed to say a word in season to the head waiter:
377	394	0.410	—Aimé, vous pourrez dire à M. de Stermaria qu’il n’est pas le seul noble qu’il y ait eu dans cette salle à manger.	"""Aimé, you can tell M. de Stermaria that he's not the only nobleman you've had in here."
378	395	0.438	Vous avez bien vu ce monsieur qui a déjeuné avec moi ce matin?	You saw the gentleman who was with me to-day at luncheon?
379	396-397	0.377	Hein? petites moustaches, air militaire?	Eh? A small moustache, looked like a military man.
380	398	0.569	Eh bien, c’est le marquis de Cambremer.	"Well, that was the Marquis de Cambremer!"""
381	399-400	0.329	—Ah, vraiment? cela ne m’étonne pas!	"""Was it indeed? I'm not surprised to hear it."""
382	401	0.527	—Ça lui montrera qu’il n’est pas le seul homme titré.	"""That will shew him that he's not the only man who's got a title."
383	402	0.284	Et attrape donc!	That will teach him!
384	403	0.559	Il n’est pas mal de leur rabattre leur caquet à ces nobles.	It's not a bad thing to take 'em down a peg or two, those noblemen.
385	404	0.600	Vous savez, Aimé, ne lui dites rien si vous voulez, moi, ce que j’en dis, ce n’est pas pour moi; du reste, il le connaît bien.	"I say, Aimé, don't say anything to him unless you like: I mean to say, it's no business of mine; besides, they know each other already."""
386	405	0.480	Et le lendemain, M. de Stermaria qui savait que le bâtonnier avait plaidé pour un de ses amis, alla se présenter lui-même.	And next day M. de Stermaria, who remembered that the barrister had once held a brief for one of his friends, came up and introduced himself.
387	406	0.459	—Nos amis communs, les de Cambremer, voulaient justement nous réunir, nos jours n’ont pas coïncidé, enfin je ne sais plus, dit le bâtonnier, qui comme beaucoup de menteurs s’imaginent qu’on ne cherchera pas à élucider un détail insignifiant qui suffit pourtant (si le hasard vous met en possession de l’humble réalité qui est en contradiction avec lui) pour dénoncer un caractère et inspirer à jamais la méfiance.	"""Our friends in common, the de Cambremers, were anxious that we should meet; the days didn't fit; I don't know quite what went wrong — "" stammered the barrister, who, like most liars, imagined that other people do not take the trouble to investigate an unimportant detail which, for all that, may be sufficient (if chance puts you in possession of the humble facts of the case, and they contradict it) to shew the liar in his true colours and to inspire a lasting mistrust."
388	407	0.534	Comme toujours, mais plus facilement pendant que son père s’était éloigné pour causer avec le bâtonnier, je regardais Mlle de Stermaria.	Then as at all times, but more easily now that her father had left her and was talking to the barrister, I was gazing at Mlle. de Stermaria.
389	408	0.197	Autant que la singularité hardie et toujours belle de ses attitudes, comme quand les deux coudes posés sur la table, elle élevait son verre au-dessus de ses deux avant-bras, la sécheresse d’un regard vite épuisé, la dureté foncière, familiale, qu’on sentait, mal recouverte sous ses inflexions personnelles, au fond de sa voix, et qui avait choqué ma grand’mère, une sorte de cran d’arrêt atavique auquel elle revenait dès que dans un coup d’œil ou une intonation elle avait achevé de donner sa pensée propre; tout cela ramenait la pensée de celui qui la regardait vers la lignée qui lui avait légué cette insuffisance de sympathie humaine, des lacunes de sensibilité, un manque d’ampleur dans l’étoffe qui à tout moment faisait faute.	No less than the bold and always graceful originality of her attitudes, as when, leaning her elbows on the table, she raised her glass in both hands over her outstretched arms, the dry flame of a glance at once extinguished, the ingrained, congenital hardness that one could feel, ill-concealed by her own personal inflexions, in the sound of her voice, which had shocked my grandmother; a sort of atavistic starting-point to which she recoiled whenever, by glance or utterance, she had succeeded in expressing a thought of her own; all of these qualities carried the mind of him who watched her back to the line of ancestors who had bequeathed to her that inadequacy of human sympathy, those blanks in her sensibility, that short measure of humanity which was at every moment running out.
390	409	0.348	Mais à certains regards qui passaient un instant sur le fond si vite à sec de sa prunelle et dans lesquels on sentait cette douceur presque humble que le goût prédominant des plaisirs des sens donne à la plus fière, laquelle bientôt ne reconnaît plus qu’un prestige, celui qu’a pour elle tout être qui peut les lui faire éprouver, fût-ce un comédien ou un saltimbanque pour lequel elle quittera peut-être un jour son mari; à certaine teinte d’un rose sensuel et vif qui s’épanouissait dans ses joues pâles, pareille à celle qui mettait son incarnat au cœur des nymphéas blancs de la Vivonne, je croyais sentir qu’elle eût facilement permis que je vinsse chercher sur elle le goût de cette vie si poétique qu’elle menait en Bretagne, vie à laquelle, soit par trop d’habitude, soit par distinction innée, soit par dégoût de la pauvreté ou de l’avarice des siens, elle ne semblait pas trouver grand prix, mais que pourtant elle contenait enclose en son corps.	But from a certain look which flooded for a moment the wells — instantly dry again — of her eyes, a look in which I could discern that almost obsequious docility which the predominance of a taste for sensual pleasures gives to the proudest of women, who will soon come to recognise but one form of personal distinction, that namely which any man enjoys who can make her feel those pleasures, an actor, an acrobat even, for whom, perhaps, she will one day leave her husband; — from a certain rosy tint, warm and sensual, which flushed her pallid cheeks, like the colour that stained the hearts of the white water-lilies in the Vivonne, I thought I could discern that she would readily have consented to my coming to seek in her the savour of that life of poetry and romance which she led in Brittany, a life to which, whether from over-familiarity or from innate superiority, or from disgust at the penury or the avarice of her family, she seemed not to attach any great value, but which, for all that, she held enclosed in her body.
391	410	0.426	Dans la chétive réserve de volonté qui lui avait été transmise et qui donnait à son expression quelque chose de lâche, peut-être n’eût-elle pas trouvé les ressources d’une résistance.	In the meagre stock of will-power that had been transmitted to her, and gave an element of weakness to her expression, she would not perhaps have found the strength to resist.
392	411	0.417	Et surmonté d’une plume un peu démodée et prétentieuse, le feutre gris qu’elle portait invariablement à chaque repas me la rendait plus douce, non parce qu’il s’harmonisait avec son teint d’argent ou de rose, mais parce qu’en me la faisant supposer pauvre, il la rapprochait de moi.	And, crowned by a feather that was a trifle old-fashioned and pretentious, the grey felt hat which she invariably wore at meals made her all the more attractive to me, not because it was in harmony with her pearly or rosy complexion, but because, by making me suppose her to be poor, it brought her closer to myself.
393	412	0.429	Obligée à une attitude de convention par la présence de son père, mais apportant déjà à la perception et au classement des êtres qui étaient devant elle des principes autres que lui, peut-être voyait-elle en moi non le rang insignifiant, mais le sexe et l’âge.	Obliged by her father's presence to adopt a conventional attitude, but already bringing to the perception and classification of the people who passed before her eyes other principles than his, perhaps she saw in me not my humble rank, but the right sex and age.
394	413	0.520	Si un jour M. de Stermaria était sorti sans elle, surtout si Mme de Villeparisis en venant s’asseoir à notre table lui avait donné de nous une opinion qui m’eût enhardi à m’approcher d’elle, peut-être aurions-nous pu échanger quelques paroles, prendre un rendez-vous, nous lier davantage.	If one day M. de Stermaria had gone out leaving her behind, if, above all, Mme. de Villeparisis, by coming to sit at our table, had given her an opinion of me which might have emboldened me to approach her, perhaps then we might have contrived to exchange a few words, to arrange a meeting, to form a closer tie.
395	414	0.406	Et, un mois où elle serait restée seule sans ses parents dans son château romanesque, peut-être aurions-nous pu nous promener seuls le soir tous deux dans le crépuscule où luiraient plus doucement au-dessus de l’eau assombrie les fleurs roses des bruyères, sous les chênes battus par le clapotement des vagues.	And for a whole month during which she would be left alone, without her parents, in her romantic Breton castle, we should perhaps have been able to wander by ourselves at evening, she and I together in the dusk which would shew in a softer light above the darkening water pink briar roses, beneath oak trees beaten and stunted by the hammering of the waves.
396	415	0.403	Ensemble nous aurions parcouru cette île empreinte pour moi de tant de charme parce qu’elle avait enfermé la vie habituelle de Mlle de Stermaria et qu’elle reposait dans la mémoire de ses yeux.	Together we should have roamed that isle impregnated with so intense a charm for me because it had enclosed the everyday life of Mlle. de Stermaria and lay at rest in her remembering eyes.
397	416	0.291	Car il me semblait que je ne l’aurais vraiment possédée que là, quand j’aurais traversé ces lieux qui l’enveloppaient de tant de souvenirs — voile que mon désir voulait arracher et de ceux que la nature interpose entre la femme et quelques êtres (dans la même intention qui lui fait, pour tous, mettre l’acte de la reproduction entre eux et le plus vif plaisir, et pour les insectes, placer devant le nectar le pollen qu’ils doivent emporter) afin que trompés par l’illusion de la posséder ainsi plus entière ils soient forcés de s’emparer d’abord des paysages au milieu desquels elle vit et qui, plus utiles pour leur imagination que le plaisir sensuel, n’eussent pas suffi pourtant, sans lui, à les attirer.	For it seemed to me that I should not really have possessed her save there, when I should have traversed those regions which enveloped her in so many memories — a veil which my desire sought to tear apart, one of those veils which nature interposes between woman and her pursuers (with the same intention as when, for all of us, she places the act of reproduction between ourselves and our keenest pleasure, and for insects, places before the nectar the pollen which they must carry away with them) in order that, tricked by the illusion of possessing her thus more completely, they may be forced to occupy first the scenes among which she lives, and which, of more service to their imagination than sensual pleasure can be, yet would not without that pleasure have had the power to attract them.
398	417	0.568	Mais je dus détourner mes regards de Mlle de Stermaria, car déjà, considérant sans doute que faire la connaissance d’une personnalité importante était un acte curieux et bref qui se suffisait à lui-même et qui pour développer tout l’intérêt qu’il comportait n’exigeait qu’une poignée de mains et un coup d’œil pénétrant sans conversation immédiate ni relations ultérieures, son père avait pris congé du bâtonnier et retournait s’asseoir en face d’elle, en se frottant les mains comme un homme qui vient de faire une précieuse acquisition.	But I was obliged to take my eyes from Mlle. de Stermaria, for already, considering no doubt that making the acquaintance of an important person was a brief, inquisitive act which was sufficient in itself, and to bring out all the interest that was latent in it required only a handshake and a penetrating stare, without either immediate conversation or any subsequent relations, her father had taken leave of the barrister and returned to sit down facing her, rubbing his hands like a man who has just made a valuable acquisition.
399	418	0.600	Quant au bâtonnier, la première émotion de cette entrevue une fois passée, comme les autres jours, on l’entendait par moments s’adressant au maître d’hôtel:	As for the barrister, once the first emotion of this interview had subsided, then, as on other days, he could be heard every minute addressing the head waiter:
400	419-421	0.438	—Mais moi je ne suis pas roi, Aimé; allez donc près du roi; dites, Premier, cela a l’air très bon ces petites truites-là, nous allons en demander à Aimé.	"""But I am not a king, Aimé; go and attend to the king! I say, Chief, those little trout don't look at all bad, do they? We must ask Aimé to let us have some."
401	422	0.333	Aimé cela me semble tout à fait recommandable ce petit poisson que vous avez là-bas: vous allez nous apporter de cela, Aimé, et à discrétion.	"Aimé, that little fish you have over there looks to me highly commendable: will you bring us some, please, Aimé, and don't be sparing with it."""
402	423	0.407	Il répétait tout le temps le nom d’Aimé, ce qui faisait que quand il avait quelqu’un à dîner, son invité lui disait: «Je vois que vous êtes tout à fait bien dans la maison» et croyait devoir aussi prononcer constamment «Aimé» par cette disposition, où il entre à la fois de la timidité, de la vulgarité et de la sottise, qu’ont certaines personnes à croire qu’il est spirituel et élégant d’imiter à la lettre les gens avec qui elles se trouvent.	"He would repeat the name ""Aimé"" all day long, one result of which was that when he had anyone to dinner the guest would remark ""I can see, you are quite at home in this place,"" and would feel himself obliged to keep on saying ""Aimé"" also, from that tendency, combining elements of timidity, vulgarity and silliness, which many people have, to believe that it is smart and witty to copy to the letter what is said by the company in which they may happen to be."
403	424	0.255	Il le répétait sans cesse, mais avec un sourire, car il tenait à étaler à la fois ses bonnes relations avec le maître d’hôtel et sa supériorité sur lui.	The barrister repeated the name incessantly, but with a smile, for he felt that he was exhibiting at once the good terms on which he stood with the head waiter and his own superior station.
404	425	0.351	Et le maître d’hôtel lui aussi, chaque fois que revenait son nom, souriait d’un air attendri et fier, montrant qu’il ressentait l’honneur et comprenait la plaisanterie.	And the head waiter, whenever he caught the sound of his own name, smiled too, as though touched and at the same time proud, shewing that he was conscious of the honour and could appreciate the pleasantry.
405	426	0.457	Si intimidants que fussent toujours pour moi les repas, dans ce vaste restaurant, habituellement comble du Grand-Hôtel, ils le devenaient davantage encore quand arrivait pour quelques jours le propriétaire (ou directeur général élu par une société de commanditaires, je ne sais) non seulement de ce palace mais de sept ou huit autres, situés aux quatre coins de la France, et dans chacun desquels, faisant entre eux la navette, il venait passer, de temps en temps, une semaine.	"Terrifying as I always found these meals, in the vast restaurant, generally full, of the mammoth hotel, they became even more terrifying when there arrived for a few days the Proprietor (or he may have been only the General Manager, appointed by a board of directors) not only of this ""palace"" but of seven or eight more besides, situated at all the four corners of France, in each of which, travelling continuously, he would spend a week now and again."
406	427	0.369	Alors, presque au commencement du dîner, apparaissait chaque soir, à l’entrée de la salle à manger, cet homme petit, à cheveux blancs, à nez rouge, d’une impassibilité et d’une correction extraordinaires, et qui était connu paraît-il, à Londres aussi bien qu’à Monte-Carlo, pour un des premiers hôteliers de l’Europe.	Then, just after dinner had begun, there appeared every evening in the doorway of the dining-room this small man with white hair and a red nose, astonishingly neat and impassive, who was known, it appeared, as well in London as at Monte Carlo, as one of the leading hotelkeepers in Europe.
407	428	0.363	Une fois que j’étais sorti un instant au commencement du dîner, comme en rentrant, je passai devant lui, il me salua, mais avec une froideur dont je ne pus démêler si la cause était la réserve de quelqu’un qui n’oublie pas ce qu’il est, ou le dédain pour un client sans importance.	Once when I had gone out for a moment at the beginning of dinner, as I came in again I passed close by him, and he bowed to me, but with a coldness in which I could not distinguish whether it should be attributed to the reserve of a man who could never forget what he was, or to his contempt for a customer of so little importance.
408	429	0.440	Devant ceux qui en avaient au contraire une très grande, le Directeur général s’inclinait avec autant de froideur mais plus profondément, les paupières abaissées par une sorte de respect pudique, comme s’il eût eu devant lui, à un enterrement, le père de la défunte ou le Saint-Sacrement.	To those whose importance was considerable the Managing Director would bow, with quite as much coldness but more deeply, lowering his eyelids with a reverence that was almost offended modesty, as though he had found himself confronted, at a funeral, with the father of the deceased or with the Blessed Sacrament.
409	430	0.463	Sauf pour ces saluts glacés et rares, il ne faisait pas un mouvement comme pour montrer que ses yeux étincelants qui semblaient lui sortir de la figure, voyaient tout, réglaient tout, assuraient dans «le Dîner au Grand-Hôtel» aussi bien le fini des détails que l’harmonie de l’ensemble.	"Except for these icy and infrequent salutations, he made not the slightest movement, as if to shew that his glittering eyes, which appeared to be starting out of his head, saw everything, controlled everything, assured to us in the ""Hotel dinner"" perfection in every detail as well as a general harmony."
410	431	0.356	Il se sentait évidemment plus que metteur en scène, que chef d’orchestre, véritable généralissime.	He felt, evidently, that he was more than the producer of a play, than the conductor of an orchestra, nothing less than a general in supreme command.
411	432	0.461	Jugeant qu’une contemplation portée à son maximum d’intensité lui suffisait pour s’assurer que tout était prêt, qu’aucune faute commise ne pouvait entraîner la déroute, et pour prendre enfin ses responsabilités, il s’abstenait non seulement de tout geste, même de bouger ses yeux pétrifiés par l’attention qui embrassaient et dirigeaient la totalité des opérations.	Having decided that a contemplation carried to its utmost intensity would suffice to assure him that everything was in readiness, that no mistake had been made which could lead to disaster, — to invest him, in a word, with full responsibility, he abstained not merely from any gesture but even from moving his eyes, which, petrified by the intensity of their gaze, took in and directed everything that was going on.
412	433	0.412	Je sentais que les mouvements de ma cuiller eux-mêmes ne lui échappaient pas, et s’éclipsât-il dès après le potage, pour tout le dîner la revue qu’il venait de passer m’avait coupé l’appétit.	I felt that even the movements of my spoon did not escape him, and were he to vanish after the soup, for the whole of dinner the review that he had held would have taken away my appetite.
413	434	0.382	Le sien était fort bon, comme on pouvait le voir au déjeuner qu’il prenait comme un simple particulier, à la même table que tout le monde, dans la salle à manger.	His own was exceedingly good, as one could see at luncheon, which he took like an ordinary guest of the hotel at a table that anyone else might have had in the public dining-room.
414	435	0.475	Sa table n’avait qu’une particularité, c’est qu’à côté pendant qu’il mangeait, l’autre directeur, l’habituel, restait debout tout le temps à faire la conversation.	His table had this peculiarity only, that by his side, while he was eating, the other manager, the resident one, remained standing all the time to make conversation.
415	436	0.295	Car étant le subordonné du Directeur général, il cherchait à le flatter et avait de lui une grande peur.	For being subordinate to this Managing Director he was anxious to please a man of whom he lived in constant fear.
416	437	0.519	La mienne était moindre pendant ces déjeuners, car perdu alors au milieu des clients, il mettait la discrétion d’un général assis dans un restaurant où se trouvent aussi des soldats à ne pas avoir l’air de s’occuper d’eux.	My fear of him diminished during these luncheons, for being then lost in the crowd of visitors he would exercise the discretion of a general sitting in a restaurant where there are also private soldiers, in not seeming to take any notice of them.
417	438	0.421	Néanmoins quand le concierge, entouré de ses «chasseurs», m’annonçait: «Il repart demain matin pour Dinard.	"Nevertheless when the porter, from among a cluster of pages, announced to me: ""He leaves to-morrow morning for Dinard."
418	439	0.529	De là il va à Biarritz et après à Cannes», je respirais plus librement.	"Then he's going down to Biarritz, and after that to Cannes,"" I began to breathe more freely."
419	440	0.559	Ma vie dans l’hôtel était rendue non seulement triste parce que je n’y avais pas de relations, mais incommode, parce que Françoise en avait noué de nombreuses.	My life in the hotel was rendered not only dull because I had no friends there but uncomfortable because Françoise had made so many.
420	441	0.496	Il peut sembler qu’elles auraient dû nous faciliter bien des choses.	It might be thought that they would have made things easier for us in various respects.
421	442	0.422	C’était tout le contraire.	Quite the contrary.
422	443	0.525	Les prolétaires s’ils avaient quelque peine à être traités en personnes de connaissance par Françoise et ne le pouvaient qu’à de certaines conditions de grande politesse envers elle, en revanche, une fois qu’ils y étaient arrivés, étaient les seules gens qui comptassent pour elle.	"The proletariat, if they succeeded only with great difficulty in being treated as people she knew by Françoise, and could not succeed at all unless they fulfilled the condition of shewing the utmost politeness to her, were, on the other hand, once they had reached the position, the only people who ""counted""."
423	444	0.380	Son vieux code lui enseignait qu’elle n’était tenue à rien envers les amis de ses maîtres, qu’elle pouvait si elle était pressée envoyer promener une dame venue pour voir ma grand’mère.	Her time-honoured code taught her that she was in no way bound to the friends of her employers, that she might, if she was busy, shut the door without ceremony in the face of a lady who had come to call on my grandmother.
424	445	0.433	Mais envers ses relations à elle, c’est-à-dire avec les rares gens du peuple admis à sa difficile amitié, le protocole le plus subtil et le plus absolu réglait ses actions.	But towards her own acquaintance, that is to say, the select handful of the lower orders whom she admitted to an unconquerable intimacy, her actions were regulated by the most subtle and most stringent of protocols.
425	446	0.588	Ainsi Françoise ayant fait la connaissance du cafetier et d’une petite femme de chambre qui faisait des robes pour une dame belge, ne remontait plus préparer les affaires de ma grand’mère tout de suite après déjeuner, mais seulement une heure plus tard parce que le cafetier voulait lui faire du café ou une tisane à la caféterie, que la femme de chambre lui demandait de venir la regarder coudre et que leur refuser eût été impossible et de ces choses qui ne se font pas.	Thus Françoise having made the acquaintance of the man in the coffee-shop and of a little maid who did dressmaking for a Belgian lady, no longer came upstairs immediately after luncheon to get my grandmother's things ready, but came an hour later, because the coffee man had wanted to make her a cup of coffee or a tisane in his shop, or the maid had invited her to go and watch her sew, and to refuse either of them would have been impossible, and one of the things that were not done.
426	447	0.446	D’ailleurs des égards particuliers étaient dus à la petite femme de chambre qui était orpheline et avait été élevée chez des étrangers auprès desquels elle allait passer parfois quelques jours.	Moreover, particular attention was due to the little sewing-maid, who was an orphan and had been brought up by strangers to whom she still went occasionally for a few days' holiday.
427	448	0.550	Cette situation excitait la pitié de Françoise et aussi son dédain bienveillant.	Her unusual situation aroused Françoise's pity, and also a benevolent contempt.
428	449	0.555	Elle qui avait de la famille, une petite maison qui lui venait de ses parents et où son frère élevait quelques vaches, elle ne pouvait pas considérer comme son égale une déracinée.	She, who had a family, a little house that had come to her from her parents, with a field in which her brother kept his cows, how could she regard so uprooted a creature as her equal?
429	450	0.484	Et comme cette petite espérait pour le 15 août aller voir ses bienfaiteurs, Françoise ne pouvait se tenir de répéter: «Elle me fait rire.	"And since this girl hoped, on Assumption Day, to be allowed to pay her benefactors a visit, Françoise kept on repeating: ""She does make me laugh!"
430	451	0.242	Elle dit: j’espère d’aller chez moi pour le 15 août.	She says, 'I hope to be going home for the Assumption.' 'Home!' says she!
431-432	452	0.456	Chez moi, qu’elle dit! C’est seulement pas son pays, c’est des gens qui l’ont recueillie, et ça dit chez moi comme si c’était vraiment chez elle.	It isn't just that it's not her own place, they're people who took her in from nowhere, and the creature says 'home' just as if it really was her home.
433	453-454	0.336	Pauvre petite! quelle misère qu’elle peut bien avoir pour qu’elle ne connaisse pas ce que c’est que d’avoir un chez soi.»	"Poor girl! What a wretched state she must be in, not to know what it is to have a home."""
434	455	0.573	Mais si encore Françoise ne s’était liée qu’avec des femmes de chambre amenées par des clients, lesquelles dînaient avec elle aux «courriers» et devant son beau bonnet de dentelles et son fin profil la prenaient pour quelque dame noble peut-être, réduite par les circonstances ou poussée par l’attachement à servir de dame de compagnie à ma grand’mère, si en un mot Françoise n’eût connu que des gens qui n’étaient pas de l’hôtel, le mal n’eût pas été grand, parce qu’elle n’eût pu les empêcher de nous servir à quelque chose, pour la raison qu’en aucun cas, et même inconnus d’elle, ils n’auraient pu nous servir à rien.	"Still, if Françoise had associated only with the ladies'-maids brought to the hotel by other visitors, who fed with her in the ""service"" quarters and, seeing her grand lace cap and her handsome profile, took her perhaps for some lady of noble birth, whom ""reduced circumstances"", or a personal attachment had driven to serve as companion to my grandmother, if in a word Françoise had known only people who did not belong to the hotel, no great harm would have been done, since she could not have prevented them from doing us any service, for the simple reason that in no circumstances, even without her knowledge, would it have been possible for them to serve us at all."
435	456	0.353	Mais elle s’était liée aussi avec un sommelier, avec un homme de la cuisine, avec une gouvernante d’étage.	But she had formed connexions also with one of the wine waiters, with a man in the kitchen, and with the head chambermaid of our landing.
436	457	0.447	Et il en résultait en ce qui concernait notre vie de tous les jours que, Françoise qui le jour de son arrivée, quand elle ne connaissait encore personne sonnait à tort et à travers pour la moindre chose, à des heures où ma grand’mère et moi nous n’aurions pas osé le faire, et si nous lui en faisions une légère observation répondait: «Mais on paye assez cher pour ça», comme si elle avait payé elle-même; maintenant depuis qu’elle était amie d’une personnalité de la cuisine, ce qui nous avait paru de bon augure pour notre commodité, si ma grand’mère ou moi nous avions froid aux pieds, Françoise, fût-il une heure tout à fait normale, n’osait pas sonner; elle assurait que ce serait mal vu parce que cela obligerait à rallumer les fourneaux, ou gênerait le dîner des domestiques qui seraient mécontents.	"And the result of this in our every day life was that Françoise, who on the day of her arrival, when she still did not know anyone, would set all the bells jangling for the slightest thing, at an hour when my grandmother and I would never have dared to ring, and if we offered some gentle admonition answered: ""Well, we're paying enough for it, aren't we?"" as though it were she herself that would have to pay; nowadays, since she had made friends with a personage in the kitchen, which had appeared to us to augur well for our future comfort, were my grandmother or I to complain of cold feet, Françoise, even at an hour that was quite normal, dared not ring; she assured us that it would give offence because they would have to light the furnace again, or because it would interrupt the servants' dinner and they would be annoyed."
437	458	0.488	Et elle finissait par une locution qui malgré la façon incertaine dont elle la prononçait n’en était pas moins claire et nous donnait nettement tort: «Le fait est…»	"And she ended with a formula that, in spite of the ambiguous way in which she uttered it, was none the less clear, and put us plainly in the wrong: ""The fact is . . ."""
438	459	0.497	Nous n’insistions pas, de peur de nous en faire infliger une, bien plus grave: «C’est quelque chose!…»	"We did not insist, for fear of bringing upon ourselves another, far more serious: ""It's a matter . . .!"""
439	460	0.544	De sorte qu’en somme nous ne pouvions plus avoir d’eau chaude parce que Françoise était devenue l’amie de celui qui la faisait chauffer.	So that it amounted to this, that we could no longer have any hot water because Françoise had become a friend of the man who would have to heat it.
440	461	0.403	A la fin nous aussi, nous fîmes une relation, malgré mais par ma grand’mère, car elle et Mme de Villeparisis tombèrent un matin l’une sur l’autre dans une porte et furent obligées de s’aborder non sans échanger au préalable des gestes de surprise, d’hésitation, exécuter des mouvements de recul, de doute et enfin des protestations de politesse et de joie comme dans certaines scènes de Molière où deux acteurs monologuant depuis longtemps chacun de son côté à quelques pas l’un de l’autre, sont censés ne pas s’être vus encore, et tout à coup s’aperçoivent, n’en peuvent croire leurs yeux, entrecoupent leurs propos, finalement parlent ensemble, le chœur ayant suivi le dialogue, et se jettent dans les bras l’un de l’autre.	In the end we too formed a connexion, in spite of but through my grandmother, for she and Mme. de Villeparisis came in collision one morning in a doorway and were obliged to accost each other, not without having first exchanged gestures of surprise and hesitation, performed movements of recoil and uncertainty, and finally uttered protestations of joy and greeting, as in some of Molière's plays, where two actors who have been delivering long soliloquies from opposite sides of the stage, a few feet apart, are supposed not to have seen each other yet, and then suddenly catch sight of each other, cannot believe their eyes, break off what they are saying and finally address each other (the chorus having meanwhile kept the dialogue going) and fall into each other's arms.
441-442	462	0.280	Mme de Villeparisis par discrétion voulut au bout d’un instant quitter ma grand’mère qui, au contraire, préféra la retenir jusqu’au déjeuner, désirant apprendre comment elle faisait pour avoir son courrier plus tôt que nous et de bonnes grillades (car Mme de Villeparisis, très gourmande, goûtait fort peu la cuisine de l’hôtel où l’on nous servait des repas que ma grand’mère, citant toujours Mme de Sévigné, prétendait être «d’une magnificence à mourir de faim»). Et la marquise prit l’habitude de venir tous les jours, en attendant qu’on la servît, s’asseoir un moment près de nous dans la salle à manger, sans permettre que nous nous levions, que nous nous dérangions en rien.	"Mme. de Villeparisis was tactful, and made as if to leave my grandmother to herself after the first greetings, but my grandmother insisted on her staying to talk to her until luncheon, being anxious to discover how her friend managed to get her letters sent up to her earlier than we got ours, and to get such nice grilled things (for Mme. de Villeparisis, a great epicure, had the poorest opinion of the hotel kitchen which served us with meals that my grandmother, still quoting Mme. de Sévigné, described as ""of a magnificence to make you die of hunger."") And the Marquise formed the habit of coming every day, until her own meal was ready, to sit down for a moment at our table in the dining-room, insisting that we should not rise from our chairs or in any way put ourselves out."
443	463	0.376	Tout au plus nous attardions-nous souvent à causer avec elle, notre déjeuner fini, à ce moment sordide où les couteaux traînent sur la nappe à côté des serviettes défaites.	At the most we would linger, as often as not, in the room after finishing our luncheon, to talk to her, at that sordid moment when the knives are left littering the tablecloth among crumpled napkins.
444	464	0.438	Pour ma part, afin de garder, pour pouvoir aimer Balbec, l’idée que j’étais sur la pointe extrême de la terre, je m’efforçais de regarder plus loin, de ne voir que la mer, d’y chercher des effets décrits par Baudelaire et de ne laisser tomber mes regards sur notre table que les jours où y était servi quelque vaste poisson, monstre marin, qui au contraire des couteaux et des fourchettes était contemporain des époques primitives où la vie commençait à affluer dans l’Océan, au temps des Cimmériens, et duquel le corps aux innombrables vertèbres, aux nerfs bleus et roses, avait été construit par la nature, mais selon un plan architectural, comme une polychrome cathédrale de la mer.	For my own part, so as to preserve (in order that I might be able to enjoy Balbec) the idea that I was on the uttermost promontory of the earth I compelled myself to look farther afield, to notice only the sea, to seek in it the effects described by Baudelaire and to let my gaze fall upon our table only on days when there was set on it some gigantic fish, some marine monster, which unlike the knives and forks was contemporary with the primitive epochs in which the Ocean first began to teem with life, in the Cimmerians' time, a fish whose body with its numberless vertebrae, its blue veins and red, had been constructed by nature, but according to an architectural plan, like a polychrome cathedral of the deep.
445	465	0.335	Comme un coiffeur voyant un officier qu’il sert avec une considération particulière, reconnaître un client qui vient d’entrer et entamer un bout de causette avec lui, se réjouit en comprenant qu’ils sont du même monde et ne peut s’empêcher de sourire en allant chercher le bol de savon, car il sait que dans son établissement, aux besognes vulgaires du simple salon de coiffure, s’ajoutent des plaisirs sociaux, voire aristocratiques, tel Aimé, voyant que Mme de Villeparisis avait retrouvé en nous d’anciennes relations, s’en allait chercher nos rince-bouches avec le même sourire orgueilleusement modeste et savamment discret de maîtresse de maison qui sait se retirer à propos.	As a barber, seeing an officer whom he is accustomed to shave with special deference and care recognise a customer who has just entered the shop and stop for a moment to talk to him, rejoices in the thought that these are two men of the same social order, and cannot help smiling as he goes to fetch the bowl of soap, for he knows that in his establishment, to the vulgar routine of a mere barber's shop, are being added social, not to say aristocratic pleasures, so Aimé, seeing that Mme. de Villeparisis had found in us old friends, went to fetch our finger-bowls with precisely the smile, proudly modest and knowingly discreet, of a hostess who knows when to leave her guests to themselves.
446	466	0.386	On eût dit aussi un père heureux et attendri qui veille sans le troubler sur le bonheur de fiançailles qui se sont nouées à sa table.	He suggested also a pleased and loving father who looks on, without interfering, at the happy pair who have plighted their troth at his hospitable board.
447	467	0.457	Du reste, il suffisait qu’on prononçât le nom d’une personne titrée pour qu’Aimé parût heureux, au contraire de Françoise devant qui on ne pouvait dire «le comte Un tel» sans que son visage s’assombrît et que sa parole devînt sèche et brève, ce qui signifiait qu’elle chérissait la noblesse, non pas moins que ne faisait Aimé, mais davantage.	Besides, it was enough merely to utter the name of a person of title for Aimé to appear pleased, unlike Françoise, before whom you could not mention Count So-and-so without her face darkening and her speech becoming dry and sharp, all of which meant that she worshipped the aristocracy not less than Aimé but far more.
448	468	0.455	Puis Françoise avait la qualité qu’elle trouvait chez les autres le plus grand des défauts, elle était fière.	But then Françoise had that quality which in others she condemned as the worst possible fault; she was proud.
449	469	0.575	Elle n’était pas de la race agréable et pleine de bonhomie dont Aimé faisait partie.	She was not of that friendly and good-humoured race to which Aimé belonged.
450	470	0.573	Ils éprouvent, ils manifestent un vif plaisir quand on leur raconte un fait plus ou moins piquant, mais inédit qui n’est pas dans le journal.	They feel, they exhibit an intense delight when you tell them a piece of news which may be more or less sensational but is at any rate new, and not to be found in the papers.
451	471	0.460	Françoise ne voulait pas avoir l’air étonné.	Françoise declined to appear surprised.
452	472	0.424	On aurait dit devant elle que l’archiduc Rodolphe, dont elle n’avait jamais soupçonné l’existence, était non pas mort comme cela passait pour assuré, mais vivant, qu’elle eût répondu «Oui», comme si elle le savait depuis longtemps.	"You might have announced in her hearing that the Archduke Rudolf — not that she had the least suspicion of his having ever existed — was not, as was generally supposed, dead, but ""alive and kicking""; she would have answered only ""Yes,"" as though she had known it all the time."
453	473	0.496	Il est, d’ailleurs, à croire que pour que même de notre bouche à nous, qu’elle appelait si humblement ses maîtres et qui l’avions presque si entièrement domptée, elle ne pût entendre, sans avoir à réprimer un mouvement de colère, le nom d’un noble, il fallait que la famille dont elle était sortie occupât dans son village une situation aisée, indépendante, et qui ne devait être troublée dans la considération dont elle jouissait que par ces mêmes nobles chez lesquels au contraire, dès l’enfance, un Aimé a servi comme domestique, s’il n’y a pas été élevé par charité.	It may, however, have been that if even from our own lips, from us whom she so meekly called her masters, who had so nearly succeeded in taming her, she could not, without having to check an angry start, hear the name of a noble, that was because the family from which she had sprung occupied in its own village a comfortable and independent position, and was not to be threatened in the consideration which it enjoyed save by those same nobles, in whose households, meanwhile, from his boyhood, an Aimé would have been domiciled as a servant, if not actually brought up by their charity.
454	474	0.469	Pour Françoise, Mme de Villeparisis avait donc à se faire pardonner d’être noble.	Of Françoise, then, Mme. de Villeparisis must ask pardon, first, for her nobility.
455	475	0.497	Mais, en France du moins, c’est justement le talent, comme la seule occupation, des grands seigneurs et des grandes dames.	But (in France, at any rate) that is precisely the talent, in fact the sole occupation of our great gentlemen and ladies.
456	476	0.409	Françoise, obéissant à la tendance des domestiques qui recueillent sans cesse sur les rapports de leurs maîtres avec les autres personnes des observations fragmentaires dont ils tirent parfois des inductions erronées — comme font les humains sur la vie des animaux — trouvait à tout moment qu’on nous avait «manqué», conclusion à laquelle l’amenait facilement, d’ailleurs, autant que son amour excessif pour nous, le plaisir qu’elle avait à nous être désagréable.	"Françoise, following the common tendency of servants, who pick up incessantly from the conversation of their masters with other people fragmentary observations from which they are apt to draw erroneous inductions, as the human race generally does with respect to the habits of animals, was constantly discovering that somebody had ""failed"" us, a conclusion to which she was easily led, not so much, perhaps, by her extravagant love for us, as by the delight that she took in being disagreeable to us."
457	477	0.374	Mais ayant constaté, sans erreur possible, les mille prévenances dont nous entourait et dont l’entourait elle-même Mme de Villeparisis, Françoise l’excusa d’être marquise et comme elle n’avait jamais cessé de lui savoir gré de l’être, elle la préféra à toutes les personnes que nous connaissions.	But having once established, without possibility of error, the endless little attentions paid to us, and paid to herself also by Mme. de Villeparisis, Françoise forgave her for being a Marquise, and, as she had never ceased to be proud of her because she was one, preferred her thenceforward to all our other friends.
458	478	0.330	C’est qu’aussi aucune ne s’efforçait d’être aussi continuellement aimable.	It must be added that no one else took the trouble to be so continually nice to us.
459	479	0.534	Chaque fois que ma grand’mère remarquait un livre que Mme de Villeparisis lisait ou disait avoir trouvé beaux des fruits que celle-ci avait reçus d’une amie, une heure après un valet de chambre montait nous remettre livre ou fruits.	Whenever my grandmother remarked on a book that Mme. de Villeparisis was reading, or said she had been admiring the fruit which some one had just sent to our friend, within an hour the footman would come to our rooms with book or fruit.
460	480	0.511	Et quand nous la voyions ensuite, pour répondre à nos remerciements, elle se contentait de dire, ayant l’air de chercher une excuse à son présent dans quelque utilité spéciale: «Ce n’est pas un chef-d’œuvre, mais les journaux arrivent si tard, il faut bien avoir quelque chose à lire.»	"And the next time we saw her, in response to our thanks, she would say only, seeming to seek some excuse for the meagreness of her present in some special use to which it might be put: ""It's nothing wonderful, but the newspapers come so late here, one must have something to read."""
461	481	0.532	Ou: «C’est toujours plus prudent d’avoir du fruit dont on est sûr au bord de la mer.»	"Or, ""It is always wiser to have fruit one can be quite certain of, at the seaside."""
462	482	0.497	«Mais il me semble que vous ne mangez jamais d’huîtres nous dit Mme de Villeparisis, (augmentant l’impression de dégoût que j’avais à cette heure-là, car la chair vivante des huîtres me répugnait encore plus que la viscosité des méduses ne me ternissait la plage de Balbec); elles sont exquises sur cette côte!	"— ""But I don't believe I've ever seen you eating oysters,"" she said to us, increasing the sense of disgust which I felt at that moment, for the living flesh of the oyster revolted me even more than the gumminess of the stranded jellyfish defiled for me the beach at Balbec; ""they are delicious down here!"
463	483	0.402	Ah! je dirai à ma femme de chambre d’aller prendre vos lettres en même temps que les miennes.	Oh, let me tell my maid to fetch your letters when she goes for mine.
464-465	484	0.350	Comment, votre fille vous écrit _tous les jours_? Mais qu’est-ce que vous pouvez trouver à vous dire!»	"What, your daughter writes _every day?_ But what on earth can you find to say to each other?"""
466	485	0.532	Ma grand’mère se tut, mais on peut croire que ce fut par dédain, elle qui répétait pour maman les mots de Mme de Sévigné: «Dès que j’ai reçu une lettre, j’en voudrais tout à l’heure une autre, je ne respire que d’en recevoir.	"My grandmother was silent, but it may be assumed that her silence was due to scorn, in her who used to repeat, when she wrote to Mamma, the words of Mme. de Sévigné: ""As soon as I have received a letter, I want another at once; I cannot breathe until it comes."
467	486	0.641	Peu de gens sont dignes de comprendre ce que je sens.»	"There are few who are worthy to understand what I mean."""
468	487	0.564	Et je craignais qu’elle n’appliquât à Mme de Villeparisis la conclusion: «Je cherche ceux qui sont de ce petit nombre et j’évite les autres.»	"And I was afraid of her applying to Mme. de Villeparisis the conclusion: ""I seek out those who are of the chosen few, and I avoid the rest."""
469	488	0.479	Elle se rabattit sur l’éloge des fruits que Mme de Villeparisis nous avait fait apporter la veille.	She fell back upon praise of the fruit which Mme. de Villeparisis had sent us the day before.
470	489	0.455	Et ils étaient en effet si beaux que le directeur, malgré la jalousie de ses compotiers dédaignés, m’avait dit: «Je suis comme vous, je suis plus frivole de fruit que de tout autre dessert.»	"And this had been, indeed, so fine that the manager, in spite of the jealousy aroused by our neglect of his official offerings, had said to me: ""I am like you; I'm madder about fruit than any other kind of dessert."""
471	490	0.372	Ma grand’mère dit à son amie qu’elle les avait d’autant plus appréciés que ceux qu’on servait à l’hôtel étaient généralement détestables.	My grandmother told her friend that she had enjoyed them all the more because the fruit which we got in the hotel was generally horrid.
472	491	0.422	«Je ne peux pas, ajouta-t-elle, dire comme Mme de Sévigné que si nous voulions par fantaisie trouver un mauvais fruit, nous serions obligés de le faire venir de Paris.	"""I cannot,"" she went on, ""say, like Mme. de Sévigné, that if we should take a sudden fancy for bad fruit we should be obliged to order it from Paris."""
473	492	0.461	— Ah, oui, vous lisez Mme de Sévigné.	"""Oh yes, of course, you read Mme. de Sévigné."
474	493-494	0.414	Je vous vois depuis le premier jour avec ses lettres (elle oubliait qu’elle n’avait jamais aperçu ma grand’mère dans l’hôtel avant de la rencontrer dans cette porte).	"I saw you with her letters the day you came."" (She forgot that she had never officially seen my grandmother in the hotel until their collision in the doorway.)"
475	495-496	0.403	Est-ce que vous ne trouvez pas que c’est un peu exagéré ce souci constant de sa fille, elle en parle trop pour que ce soit bien sincère.	"""Don't you find it rather exaggerated, her constant anxiety about her daughter? She refers to it too often to be really sincere."
476	497	0.474	Elle manque de naturel.»	"She is not natural."""
477	498	0.528	Ma grand’mère trouva la discussion inutile et pour éviter d’avoir à parler des choses qu’elle aimait devant quelqu’un qui ne pouvait les comprendre, elle cacha, en posant son sac sur eux, les mémoires de Madame de Beausergent.	My grandmother felt that any discussion would be futile, and so as not to be obliged to speak of the things she loved to a person incapable of understanding them, concealed by laying her bag upon them the _Mémoires de Mme. de Beausergent._
478	499	0.342	Quand Mme de Villeparisis rencontrait Françoise au moment (que celle-ci appelait «le midi») où, coiffée d’un beau bonnet et entourée de la considération générale elle descendait «manger aux courriers», Mme de Villeparisis l’arrêtait pour lui demander de nos nouvelles.	"Were she to encounter Françoise at the moment (which Françoise called ""the noon"") when, wearing her fine cap and surrounded with every mark of respect, she was coming downstairs to ""feed with the service"", Mme. Villeparisis would stop her to ask after us."
479	500	0.346	Et Françoise, nous transmettant les commissions de la marquise: «Elle a dit: «Vous leur donnerez bien le bonjour», contrefaisait la voix de Mme de Villeparisis de laquelle elle croyait citer textuellement les paroles, tout en ne les déformant pas moins que Platon celles de Socrate ou saint Jean celles de Jésus.	"And Françoise, when transmitting to us the Marquise's message: ""She said to me, 'You'll be sure and bid them good day,' she said,"" counterfeited the voice of Mme. de Villeparisis, whose exact words she imagined herself to be quoting textually, whereas she was really corrupting them no less than Plato corrupts the words of Socrates or Saint John the words of Jesus."
480	501	0.544	Françoise était naturellement très touchée de ces attentions.	Françoise, as was natural, was deeply touched by these attentions.
481	502	0.493	Tout au plus ne croyait-elle pas ma grand’mère et pensait-elle que celle-ci mentait dans un intérêt de classe, les gens riches se soutenant les uns les autres, quand elle assurait que Mme de Villeparisis avait été autrefois ravissante.	Only she did not believe my grandmother, but supposed that she must be lying in the interest of her class (the rich always combining thus to support one another) when she assured us that Mme. de Villeparisis had been lovely as a young woman.
482	503	0.392	Il est vrai qu’il n’en subsistait que de bien faibles restes dont on n’eût pu, à moins d’être plus artiste que Françoise, restituer la beauté détruite.	It was true that of this loveliness only the faintest trace remained, from which no one — unless he happened to be a great deal more of an artist than Françoise — would have been able to restore her ruined beauty.
483	504	0.560	Car pour comprendre combien une vieille femme a pu être jolie, il ne faut pas seulement regarder, mais traduire chaque trait.	For in order to understand how beautiful an elderly woman can once have been one must not only study but interpret every line of her face.
484	505	0.550	—Il faudra que je pense une fois à lui demander si je me trompe et si elle n’a pas quelque parenté avec les Guermantes, me dit ma grand’mère qui excita par là mon indignation.	"""I must remember, some time, to ask her whether I'm not right, after all, in thinking that there is some connexion with the Guermantes,"" said my grandmother, to my great indignation."
485	506	0.582	Comment aurais-je pu croire à une communauté d’origine entre deux noms qui étaient entrés en moi l’un par la porte basse et honteuse de l’expérience, l’autre par la porte d’or de l’imagination?	How could I be expected to believe in a common origin uniting two names which had entered my consciousness, one through the low and shameful gate of experience, the other by the golden gate of imagination?
486	507	0.478	On voyait souvent passer depuis quelques jours, en pompeux équipage, grande, rousse, belle, avec un nez un peu fort, la princesse de Luxembourg qui était en villégiature pour quelques semaines dans le pays.	We had several times, in the last few days, seen driving past us in a stately equipage, tall, auburn, handsome, with a rather prominent nose, the Princesse de Luxembourg, who was staying in the neighbourhood for a few weeks.
487	508	0.414	Sa calèche s’était arrêtée devant l’hôtel, un valet de pied était venu parler au directeur, était retourné à la voiture et avait rapporté des fruits merveilleux (qui unissaient dans une seule corbeille, comme la baie elle-même, diverses saisons), avec une carte: «La princesse de Luxembourg», où étaient écrits quelques mots au crayon.	"Her carriage had stopped outside the hotel, a footman had come in and spoken to the manager, had gone back to the carriage and had reappeared with the most amazing armful of fruit (which combined in a single basket, like the bay itself, different seasons) with a card: ""La Princesse de Luxembourg"", on which were scrawled a few words in pencil."
488	509	0.504	A quel voyageur princier demeurant ici incognito, pouvaient être destinés ces prunes glauques, lumineuses et sphériques comme était à ce moment-là la rotondité de la mer, des raisins transparents suspendus au bois desséché comme une claire journée d’automne, des poires d’un outre-mer céleste?	For what princely traveller sojourning here incognito, could they be intended, those glaucous plums, luminous and spherical as was at that moment the circumfluent sea, transparent grapes clustering on a shrivelled stick, like a fine day in autumn, pears of a heavenly ultramarine?
489	510	0.450	Car ce ne pouvait être à l’amie de ma grand’mère que la princesse avait voulu faire visite.	For it could not be on my grandmother's friend that the Princess had meant to pay a call.
490	511	0.457	Pourtant le lendemain soir Mme de Villeparisis nous envoya la grappe de raisins fraîche et dorée et des prunes et des poires que nous reconnûmes aussi, quoique les prunes eussent passé, comme la mer à l’heure de notre dîner, au mauve et que dans l’outre-mer des poires flottassent quelques formes de nuages roses.	And yet on the following evening Mme. de Villeparisis sent us the bunch of grapes, cool, liquid, golden; plums too and pears which we remembered, though the plums had changed, like the sea at our dinner-hour, to a dull purple, and on the ultramarine surface of the pears there floated the forms of a few rosy clouds.
491	512	0.495	Quelques jours après nous rencontrâmes Mme de Villeparisis en sortant du concert symphonique qui se donnait le matin sur la plage.	A few days later we met Mme. de Villeparisis as we came away from the symphony concert that was given every morning on the beach.
492	513	0.530	Persuadé que les œuvres que j’y entendais (le Prélude de _Lohengrin_, l’ouverture de _Tannhauser_, etc.) exprimaient les vérités les plus hautes, je tâchais de m’élever autant que je pouvais pour atteindre jusqu’à elles, je tirais de moi pour les comprendre, je leur remettais tout ce que je recélais alors de meilleur, de plus profond.	Convinced that the music to which I had been listening (the Prelude to _Lohengrin_, the Overture to _Tannhäuser_ and suchlike) expressed the loftiest of truths, I was trying to elevate myself, as far as I could, so as to attain to a comprehension of them, I was extracting from myself so as to understand them, and was attributing to them, all that was best and most profound in my own nature at that time.
493	514	0.411	Or, en sortant du concert, comme, en reprenant le chemin qui va vers l’hôtel, nous nous étions arrêtés un instant sur la digue, ma grand’mère et moi, pour échanger quelques mots avec Mme de Villeparisis qui nous annonçait qu’elle avait commandé pour nous à l’hôtel des «Croque-Monsieur» et des œufs à la crème, je vis de loin venir dans notre direction la princesse de Luxembourg, à demi-appuyée sur une ombrelle de façon à imprimer à son grand et merveilleux corps cette légère inclinaison, à lui faire dessiner cette arabesque si chère aux femmes qui avaient été belles sous l’Empire et qui savaient, les épaules tombantes, le dos remonté, la hanche creuse, la jambe tendue, faire flotter mollement leur corps comme un foulard, autour de l’armature d’une invisible tige inflexible et oblique, qui l’aurait traversé.	Well, as we came out of the concert, and, on our way back to the hotel, had stopped for a moment on the front, my grandmother and I, for a few words with Mme. de Villeparisis who told us that she had ordered some _croque-monsieurs_ and a dish of creamed eggs for us at the hotel, I saw, a long way away, coming in our direction, the Princesse de Luxembourg, half leaning upon a parasol in such a way as to impart to her tall and wonderful form that slight inclination, to make it trace that arabesque dear to the women who had been beautiful under the Empire, and knew how, with drooping shoulders, arched backs, concave hips and bent limbs, to make their bodies float as gently as a silken scarf about the rigidity of the invisible stem which might be supposed to have been passed diagonally through them.
494	515	0.514	Elle sortait tous les matins faire son tour de plage presque à l’heure où tout le monde après le bain remontait pour déjeuner, et comme le sien était seulement à une heure et demie, elle ne rentrait à sa villa que longtemps après que les baigneurs avaient abandonné la digue déserte et brûlante.	"She went out every morning for a turn on the beach almost at the time when everyone else, after bathing, was climbing home to luncheon, and as hers was not until half past one she did not return to her villa until long after the hungry bathers had left the scorching ""front"" a desert."
495	516	0.534	Mme de Villeparisis présenta ma grand’mère, voulut me présenter, mais dut me demander mon nom, car elle ne se le rappelait pas.	Mme. de Villeparisis presented my grandmother and would have presented me, but had first to ask me my name, which she could not remember.
496	517	0.504	Elle ne l’avait peut-être jamais su, ou en tous cas avait oublié depuis bien des années à qui ma grand’mère avait marié sa fille.	She had, perhaps, never known it, or if she had must have forgotten years ago to whom my grandmother had married her daughter.
497	518	0.413	Ce nom parut faire une vive impression sur Mme de Villeparisis.	My name, when she did hear it, appeared to impress Mme. de Villeparisis considerably.
498	519	0.495	Cependant la princesse de Luxembourg nous avait tendu la main et, de temps en temps, tout en causant avec la marquise, elle se détournait pour poser de doux regards sur ma grand’mère et sur moi, avec cet embryon de baiser qu’on ajoute au sourire quand celui-ci s’adresse à un bébé avec sa nounou.	"Meanwhile the Princesse de Luxembourg had given us her hand and, now and again, while she conversed with the Marquise, turned to bestow a kindly glance on my grandmother and myself, with that embryonic kiss which we put into our smiles when they are addressed to a baby out with its ""Nana""."
499	520	0.514	Même dans son désir de ne pas avoir l’air de siéger dans une sphère supérieure à la nôtre, elle avait sans doute mal calculé la distance, car, par une erreur de réglage, ses regards s’imprégnèrent d’une telle bonté que je vis approcher le moment où elle nous flatterait de la main comme deux bêtes sympathiques qui eussent passé la tête vers elle, à travers un grillage, au Jardin d’Acclimatation.	Indeed, in her anxiety not to appear to be a denizen of a higher sphere than ours, she had probably miscalculated the distance there was indeed between us, for by an error in adjustment she made her eyes beam with such benevolence that I could see the moment approaching when she would put out her hand and stroke us, as if we were two nice beasts and had poked our heads out at her through the bars of our cage in the Gardens.
500	521	0.454	Aussitôt du reste cette idée d’animaux et de Bois de Boulogne prit plus de consistance pour moi.	And, immediately, as it happened, this idea of caged animals and the Bois de Boulogne received striking confirmation.
501	522	0.551	C’était l’heure où la digue est parcourue par des marchands ambulants et criards qui vendent des gâteaux, des bonbons, des petits pains.	It was the time of day at which the beach is crowded by itinerant and clamorous vendors, hawking cakes and sweets and biscuits.
502	523	0.591	Ne sachant que faire pour nous témoigner sa bienveillance, la princesse arrêta le premier qui passa; il n’avait plus qu’un pain de seigle, du genre de ceux qu’on jette aux canards.	Not knowing quite what to do to shew her affection for us, the Princess hailed the next that came by; he had nothing left but one rye-cake, of the kind one throws to the ducks.
503	524	0.575	La princesse le prit et me dit: «C’est pour votre grand’mère.»	"The Princess took it and said to me: ""For your grandmother."""
504	525	0.558	Pourtant, ce fut à moi qu’elle le tendit, en me disant avec un fin sourire: «Vous le lui donnerez vous-même», pensant qu’ainsi mon plaisir serait plus complet s’il n’y avait pas d’intermédiaires entre moi et les animaux.	"And yet it was to me that she held it out, saying with a friendly smile, ""You shall give it to her yourself!"" thinking that my pleasure would thus be more complete if there were no intermediary between myself and the animals."
505	526	0.481	D’autres marchands s’approchèrent, elle remplit mes poches de tout ce qu’ils avaient, de paquets tout ficelés, de plaisirs, de babas et de sucres d’orge.	Other vendors came up; she stuffed my pockets with everything that they had, tied up in packets, comfits, sponge-cakes, sugar-sticks.
506	527	0.465	Elle me dit: «Vous en mangerez et vous en ferez manger aussi à votre grand’mère» et elle fit payer les marchands par le petit nègre habillé en satin rouge qui la suivait partout et qui faisait l’émerveillement de la plage.	"""You will eat some yourself,"" she told me, ""and give some to your grandmother,"" and she had the vendors paid by the little negro page, dressed in red satin, who followed her everywhere and was a nine days' wonder upon the beach."
507	528	0.465	Puis elle dit adieu à Mme de Villeparisis et nous tendit la main avec l’intention de nous traiter de la même manière que son amie, en intimes et de se mettre à notre portée.	Then she said good-bye to Mme. de Villeparisis and held out her hand to us with the intention of treating us in the same way as she treated her friend, as people whom she knew, and of bringing herself within our reach.
508	529	0.422	Mais cette fois, elle plaça sans doute notre niveau un peu moins bas dans l’échelle des êtres, car son égalité avec nous fut signifiée par la princesse à ma grand’mère au moyen de ce tendre et maternel sourire qu’on adresse à un gamin quand on lui dit au revoir comme à une grande personne.	But this time she must have reckoned our level as not quite so low in the scale of creation, for her and our equality was indicated by the Princess to my grandmother by that tender and maternal smile which a woman gives a little boy when she says good-bye to him as though to a grown-up person.
509	530	0.455	Par un merveilleux progrès de l’évolution, ma grand’mère n’était plus un canard ou une antilope, mais déjà ce que Mme Swann eût appelé un «baby».	"By a miraculous stride in evolution, my grandmother was no longer a duck or an antelope, but had already become what the anglophil Mme. Swann would have called a ""baby""."
510	531	0.495	Enfin, nous ayant quittés tous trois, la Princesse reprit sa promenade sur la digue ensoleillée en incurvant sa taille magnifique qui comme un serpent autour d’une baguette s’enlaçait à l’ombrelle blanche imprimée de bleu que Mme de Luxembourg tenait fermée à la main.	"Finally, having taken leave of us all, the Princess resumed her stroll along the basking ""front"", curving her splendid shape which, like a serpent coiled about a wand, was interlaced with the white parasol patterned in blue which Mme. de Luxembourg held, unopened, in her hand."
511	532	0.472	C’était ma première altesse, je dis la première, car la princesse Mathilde n’était pas altesse du tout de façons.	She was my first Royalty — I say my first, for strictly speaking Princesse Mathilde did not count.
512	533	0.473	La seconde, on le verra plus tard, ne devait pas moins m’étonner par sa bonne grâce.	The second, as we shall see in due course, was to astonish me no less by her indulgence.
513	534	0.604	Une forme de l’amabilité des grands seigneurs, intermédiaires bénévoles entre les souverains et les bourgeois me fut apprise le lendemain quand Mme de Villeparisis nous dit: «Elle vous a trouvés charmants.	"One of the ways in which our great nobles, kindly intermediaries between commoners and kings, can befriend us was revealed to me next day when Mme. de Villeparisis reported: ""She thought you quite charming."
514	535	0.514	C’est une femme d’un grand jugement, de beaucoup de cœur.	She is a woman of the soundest judgment, the warmest heart.
515	536	0.283	Elle n’est pas comme tant de souverains ou d’altesses.	Not like so many Queens and people!
516	537	0.512	Elle a une vraie valeur.»	"She has real merit."""
517	538	0.498	Et Mme de Villeparisis ajouta d’un air convaincu, et toute ravie de pouvoir nous le dire: «Je crois qu’elle serait enchantée de vous revoir.»	"And Mme. de Villeparisis went on in a tone of conviction, and quite thrilled to be able to say it to us: ""I am sure she would be delighted to see you again."""
518	539	0.509	Mais ce matin-là même, en quittant la princesse de Luxembourg, Mme de Villeparisis me dit une chose qui me frappa davantage et qui n’était pas du domaine de l’amabilité.	But on that previous morning, after we had parted from the Princesse de Luxembourg, Mme. de Villeparisis said a thing which impressed me far more and was not prompted merely by friendly feeling.
519	540	0.672	—Est-ce que vous êtes le fils du directeur au Ministère? me demanda-t-elle.	"""Are you,"" she had asked me, ""the son of the Permanent Secretary at the Ministry?"
520	541-542	0.422	Ah! il paraît que votre père est un homme charmant.	Indeed! I am told your father is a most charming man.
521	543	0.406	Il fait un bien beau voyage en ce moment.	"He is having a splendid holiday just now."""
522	544	0.525	Quelques jours auparavant nous avions appris par une lettre de Maman que mon père et son compagnon M. de Norpois avaient perdu leurs bagages.	A few days earlier we had heard, in a letter from Mamma, that my father and his friend M. de Norpois had lost their luggage.
523	545	0.466	—Ils sont retrouvés, ou plutôt ils n’ont jamais été perdus, voici ce qui était arrivé, nous dit Mme de Villeparisis, qui sans que nous sussions comment, avait l’air beaucoup plus renseigné que nous sur les détails du voyage.	"""It has been found; as a matter of fact, it was never really lost, I can tell you what happened,"" explained Mme. de Villeparisis, who, without our knowing how, seemed to be far better informed than ourselves of the course of my father's travels."
524	546	0.449	Je crois que votre père avancera son retour à la semaine prochaine car il renoncera probablement à aller à Algésiras.	"""I think your father is now planning to come home earlier, next week, in fact, as he will probably give up the idea of going to Algeçiras."
525	547	0.486	Mais il a envie de consacrer un jour de plus à Tolède car il est admirateur d’un élève de Titien dont je ne me rappelle pas le nom et qu’on ne voit bien que là.	"But he is anxious to devote a day longer to Toledo; it seems, he is an admirer of a pupil of Titian, — I forget the name — whose work can only be seen properly there."""
526	548	0.423	Et je me demandais par quel hasard, dans la lunette indifférente à travers laquelle Mme de Villeparisis considérait d’assez loin l’agitation sommaire, minuscule et vague de la foule des gens qu’elle connaissait, se trouvait intercalé à l’endroit où elle considérait mon père, un morceau de verre prodigieusement grossissant qui lui faisait voir avec tant de relief et dans le plus grand détail tout ce qu’il avait d’agréable, les contingences qui le forçaient à revenir, ses ennuis de douane, son goût pour le Greco, et, changeant pour elle l’échelle de sa vision, lui montrait ce seul homme si grand au milieu des autres, tout petits, comme ce Jupiter à qui Gustave Moreau a donné, quand il l’a peint à côté d’une faible mortelle, une stature plus qu’humaine.	I asked myself by what strange accident, in the impartial glass through which Mme. de Villeparisis considered, from a safe distance, the bustling, tiny, purposeless agitation of the crowd of people whom she knew, there had come to be inserted at the spot through which she observed my father a fragment of prodigious magnifying power which made her see in such high relief and in the fullest detail everything that there was attractive about him, the contingencies that were obliging him to return home, his difficulties with the customs, his admiration for El Greco, and, altering the scale of her vision, shewed her this one man so large among all the rest quite small, like that Jupiter to whom Gustave Moreau gave, when he portrayed him by the side of a weak mortal, a superhuman stature.
527	549	0.641	Ma grand’mère prit congé de Mme de Villeparisis pour que nous pussions rester à respirer l’air un instant de plus devant l’hôtel, en attendant qu’on nous fît signe à travers le vitrage que notre déjeuner était servi.	My grandmother bade Mme. de Villeparisis good-bye, so that we might stay and imbibe the fresh air for a little while longer outside the hotel, until they signalled to us through the glazed partition that our luncheon was ready.
528	550	0.649	On entendit un tumulte.	There were sounds of tumult.
529	551	0.505	C’était la jeune maîtresse du roi des sauvages, qui venait de prendre son bain et rentrait déjeuner.	The young mistress of the King of the Cannibal Island had been down to bathe and was now coming back to the hotel.
530	552	0.348	—Vraiment c’est un fléau, c’est à quitter la France! s’écria rageusement le bâtonnier qui passait à ce moment.	"""Really and truly, it's a perfect plague: it's enough to make one decide to emigrate!"" cried the barrister, who had happened to cross her path, in a towering rage."
531	553	0.338	Cependant la femme du notaire attachait des yeux écarquillés sur la fausse souveraine.	Meanwhile the solicitor's wife was following the bogus Queen with eyes that seemed ready to start from their sockets.
532-533	554	0.608	—Je ne peux pas vous dire comme Mme Blandais m’agace en regardant ces gens-là comme cela, dit le bâtonnier au président. Je voudrais pouvoir lui donner une gifle.	"""I can't tell you how angry Mme. Blandais makes me when she stares at those people like that,"" said the barrister to the chief magistrate, ""I feel I want to slap her."
534	555	0.308	C’est comme cela qu’on donne de l’importance à cette canaille qui naturellement ne demande qu’à ce que l’on s’occupe d’elle.	That is just the way to make the wretches appear important; and of course that's the very thing they want, that people should take an interest in them.
535	556-557	0.480	Dites donc à son mari de l’avertir que c’est ridicule; moi je ne sors plus avec eux s’ils ont l’air de faire attention aux déguisés.	"Do ask her husband to tell her what a fool she's making of herself. I swear I won't go out with them again if they stop and gape at those masqueraders."""
536	558	0.523	Quant à la venue de la princesse de Luxembourg, dont l’équipage, le jour où elle avait apporté des fruits, s’était arrêté devant l’hôtel, elle n’avait pas échappé au groupe de la femme du notaire, du bâtonnier et du premier président, déjà depuis quelque temps fort agitées de savoir si c’était une marquise authentique et non une aventurière que cette Madame de Villeparisis qu’on traitait avec tant d’égards, desquels toutes ces dames brûlaient d’apprendre qu’elle était indigne.	As to the coming of the Princesse de Luxembourg, whose carriage, on the day on which she left the fruit, had drawn up outside the hotel, it had not passed unobserved by the little group of wives, the solicitor's, the barrister's and the magistrate's, who had for some time past been most concerned to know whether she was a genuine Marquise and not an adventuress, that Mme. de Villeparisis whom everyone treated with so much respect, which all these ladies were burning to hear that she did not deserve.
537	559	0.475	Quand Mme de Villeparisis traversait le hall, la femme du premier président qui flairait partout des irrégulières, levait son nez sur son ouvrage et la regardait d’une façon qui faisait mourir de rire ses amies.	"Whenever Mme. de Villeparisis passed through the hall the chief magistrate's wife, who scented irregularities everywhere, would raise her eyes from her ""work"" and stare at the intruder in a way that made her friends die with laughter."
538	560	0.561	—Oh! moi, vous savez, disait-elle avec orgueil, je commence toujours par croire le mal.	"""Oh, well, you know,"" she explained with lofty condescension, ""I always begin by believing the worst."
539	561	0.521	Je ne consens à admettre qu’une femme est vraiment mariée que quand on m’a sorti les extraits de naissance et les actes notariés.	I will never admit that a woman is properly married until she has shewn me her birth certificate and her marriage lines.
540	562	0.331	Du reste, n’ayez crainte, je vais procéder à ma petite enquête.	"But there's no need to alarm yourselves; just wait till I've finished my little investigation."""
541-542	563	0.313	Et chaque jour toutes ces dames accouraient en riant. —Nous venons aux nouvelles.	"And so, day after day the ladies would come together, and, laughingly, ask one another: ""Any news?"""
543	564	0.618	Mais le soir de la visite de la princesse de Luxembourg, la femme du Premier mit un doigt sur sa bouche.	But on the evening after the Princesse de Luxembourg's call the magistrate's wife laid a finger on her lips.
544	565	0.249	—Il y a du nouveau.	"""I've discovered something."""
545	566-569	0.305	—Oh! elle est extraordinaire, Mme Poncin! je n’ai jamais vu… mais dites, qu’y a-t-il?	"""Oh, isn't Mme. Poncin simply wonderful? I never saw anyone. . . . But do tell us! What has happened?"""
546	570-571	0.478	—Hé bien, il y a qu’une femme aux cheveux jaunes, avec un pied de rouge sur la figure, une voiture qui sentait l’horizontale d’une lieue, et comme n’en ont que ces demoiselles, est venue tantôt pour voir la prétendue marquise.	"""Just listen to this. A woman with yellow hair and six inches of paint on her face and a carriage like a — you could _smell_ it a mile off; which only a creature like that would dare to have — came here to-day to call on the Marquise, by way of!"""
547	572-573	0.356	—Ouil you uouil! patatras!	"""Oh-yow-yow! Tut-tut-tut-tut."
548	574-575	0.551	Voyez-vous ça! mais c’est cette dame que nous avons vue, vous vous rappelez bâtonnier, nous avons bien trouvé qu’elle marquait très mal mais nous ne savions pas qu’elle était venue pour la marquise.	Did you ever! Why, it must be that woman we saw — you remember, Leader, — we said at the time we didn't at all like the look of her, but we didn't know that it was the 'Marquise' she'd come to see.
549	576	0.486	Une femme avec un nègre, n’est-ce pas?	"A woman with a nigger-boy, you mean?"""
550	577	0.485	—C’est cela même.	"""That's the one."""
551	578	0.104	—Ah! vous m’en direz tant.	"""D'you mean to say so?"
552	579	0.384	Vous ne savez pas son nom?	"You don't happen to know her name?"""
553	580	0.503	—Si, j’ai fait semblant de me tromper, j’ai pris la carte, elle a comme nom de guerre la princesse de Luxembourg!	"""Yes, I made a mistake on purpose; I picked up her card; she _trades_ under the name of the 'Princesse de Luxembourg'!"
554	581	0.285	Avais-je raison de me méfier!	Wasn't I right to have my doubts about her?
555	582	0.416	C’est agréable d’avoir ici une promiscuité avec cette espèce de Baronne d’Ange.	"It's a nice thing to have to mix promiscuously with a Baronne d'Ange like that?"""
556	583	0.623	Le bâtonnier cita Mathurin Régnier et Macette au premier Président.	The barrister quoted Mathurin Régnier's _Macette_ to the chief magistrate.
557	584	0.596	Il ne faut, d’ailleurs, pas croire que ce malentendu fut momentané comme ceux qui se forment au deuxième acte d’un vaudeville pour se dissiper au dernier.	It must not, however, be supposed that this misunderstanding was merely temporary, like those that occur in the second act of a farce to be cleared up before the final curtain.
558	585	0.495	Mme de Luxembourg, nièce du roi d’Angleterre et de l’empereur d’Autriche, et Mme de Villeparisis, parurent toujours, quand la première venait chercher la seconde pour se promener en voiture, deux drôlesses de l’espèce de celles dont on se gare difficilement dans les villes d’eaux.	"Mme. de Luxembourg, a niece of the King of England and of the Emperor of Austria, and Mme. de Villeparisis, when one called to take the other for a drive, did look like nothing but two ""old trots"" of the kind one has always such difficulty in avoiding at a watering-place."
559	586	0.351	Les trois quarts des hommes du faubourg Saint-Germain passent aux yeux d’une bonne partie de la bourgeoisie pour des décavés crapuleux (qu’ils sont d’ailleurs quelquefois individuellement) et que, par conséquent, personne ne reçoit.	Nine tenths of the men of the Faubourg Saint-Germain appear to the average man of the middle class simply as alcoholic wasters (which, individually, they not infrequently are) whom, therefore, no respectable person would dream of asking to dinner.
560	587	0.197	La bourgeoisie est trop honnête en cela, car leurs tares ne les empêcheraient nullement d’être reçus avec la plus grande faveur là où elle ne le sera jamais.	The middle class fixes its standard, in this respect, too high, for the feelings of these men would never prevent their being received with every mark of esteem in houses which it, the middle class, may never enter.
561	588	0.370	Et eux s’imaginent tellement que la bourgeoisie le sait qu’ils affectent une simplicité en ce qui les concerne, un dénigrement pour leurs amis particulièrement «à la côte», qui achève le malentendu.	"And so sincerely do they believe that the middle class knows this that they affect a simplicity in speaking of their own affairs and a tone of disparagement of their friends, especially when they are ""at the coast"", which make the misunderstanding complete."
562	589	0.291	Si par hasard un homme du grand monde est en rapports avec la petite bourgeoisie parce qu’il se trouve, étant extrêmement riche, avoir la présidence des plus importantes sociétés financières, la bourgeoisie qui voit enfin un noble digne d’être grand bourgeois jurerait qu’il ne fraye pas avec le marquis joueur et ruiné qu’elle croit d’autant plus dénué de relations qu’il est plus aimable.	"If, by any chance, a man of the fashionable world is kept in touch with ""business people"" because, having more money than he knows what to do with, he finds himself elected chairman of all sorts of important financial concerns, the business man who at last sees a nobleman worthy, he considers, to rank with ""big business"", would take his oath that such a man can have no dealings with the Marquis ruined by gambling whom the said business man supposes to be all the more destitute of friends the more friendly he makes himself."
563	590	0.376	Et elle n’en revient pas quand le duc, président du conseil d’administration de la colossale Affaire, donne pour femme à son fils la fille du marquis joueur, mais dont le nom est le plus ancien de France, de même qu’un souverain fera plutôt épouser à son fils la fille d’un roi détrôné que d’un président de la république en fonctions.	And he cannot get over his surprise when the Duke, Chairman of the Board of Directors of the colossal undertaking, arranges a marriage for his son with the daughter of that very Marquis, who may be a gambler but who bears the oldest name in France, just as a Sovereign would sooner see his son marry the daughter of a dethroned King than that of a President still in office.
564	591	0.673	C’est dire que les deux mondes ont l’un de l’autre une vue aussi chimérique que les habitants d’une plage située à une des extrémités de la baie de Balbec, ont de la plage située à l’autre extrémité: de Rivebelle on voit un peu Marcouville l’Orgueilleuse; mais cela même trompe, car on croit qu’on est vu de Marcouville, d’où au contraire les splendeurs de Rivebelle sont en grande partie invisibles.	That is to say, the two worlds take as fantastic a view of one another as the inhabitants of a town situated at one end of Balbec Bay have of the town at the other end: from Rivebelle you can just see Marcouville l'Orgueilleuse; but even that is deceptive, for you imagine that you are seen from Marcouville, where, as a matter of fact, the splendours of Rivebelle are almost wholly invisible.
