src	tgt	score	src_text	tgt_text
0	0	0.744	Le médecin de Balbec appelé pour un accès de fièvre que j’avais eu, ayant estimé que je ne devrais pas rester toute la journée au bord de la mer, en plein soleil, par les grandes chaleurs, et rédigé à mon usage quelques ordonnances pharmaceutiques, ma grand’mère prit les ordonnances avec un respect apparent où je reconnus tout de suite sa ferme décision de n’en faire exécuter aucune, mais tint compte du conseil en matière d’hygiène et accepta l’offre de Mme de Villeparisis de nous faire faire quelques promenades en voiture.	"The Balbec doctor, who had been called in to cope with a sudden feverish attack, having given the opinion that I ought not to stay out all day on the beach, in the blazing sun, without shelter, and having written out various prescriptions for my use, my grandmother took his prescriptions with a show of respect in which I could at once discern her firm resolve not to have any of them ""made up"", but did pay attention to his advice on the matter of hygiene, and accepted an offer from Mme. de Villeparisis to take us for drives in her carriage."
1	1	0.423	J’allais et venais, jusqu’à l’heure du déjeuner, de ma chambre à celle de ma grand’mère.	After this I would spend the mornings, until luncheon, going to and fro between my own room and my grandmother's.
2	2	0.358	Elle ne donnait pas directement sur la mer comme la mienne mais prenait jour de trois côtés différents: sur un coin de la digue, sur une cour et sur la campagne, et était meublée autrement, avec des fauteuils brodés de filigranes métalliques et de fleurs roses d’où semblait émaner l’agréable et fraîche odeur qu’on trouvait en entrant.	"Hers did not look out directly upon the sea, as mine did, but was lighted from three of its four sides — with views of a strip of the ""front"", of a well inside the building, and of the country inland, and was furnished differently from mine, with armchairs upholstered in a metallic tissue with red flowers from which seemed to emanate the cool and pleasant odour that greeted me when I entered the room."
3	3	0.382	Et à cette heure où des rayons venus d’expositions, et comme d’heures différentes, brisaient les angles du mur, à côté d’un reflet de la plage, mettaient sur la commode un reposoir diapré comme les fleurs du sentier, suspendaient à la paroi les ailes repliées, tremblantes et tièdes d’une clarté prête à reprendre son vol, chauffaient comme un bain un carré de tapis provincial devant la fenêtre de la courette que le soleil festonnait comme une vigne, ajoutaient au charme et à la complexité de la décoration mobilière en semblant exfolier la soie fleurie des fauteuils et détacher leur passementerie, cette chambre, que je traversais un moment avant de m’habiller pour la promenade, avait l’air d’un prisme où se décomposaient les couleurs de la lumière du dehors, d’une ruche où les sucs de la journée que j’allais goûter étaient dissociés, épars, enivrants et visibles, d’un jardin de l’espérance qui se dissolvait en une palpitation de rayons d’argent et de pétales de rose.	And at that hour when the sun's rays, coming from different aspects and, as it were, from different hours of the day, broke the angles of the wall, thrust in a reflexion of the beach, made of the chest of drawers a festal altar, variegated as a bank of field-flowers, attached to the wall the wings, folded, quivering, warm, of a radiance that would, at any moment, resume its flight, warmed like a bath a square of provincial carpet before the window overlooking the well, which the sun festooned and patterned like a climbing vine, added to the charm and complexity of the room's furniture by seeming to pluck and scatter the petals of the silken flowers on the chairs, and to make their silver threads stand out from the fabric, this room in which I lingered for a moment before going to get ready for our drive suggested a prism in which the colours of the light that shone outside were broken up, or a hive in which the sweet juices of the day which I was about to taste were distilled, scattered, intoxicating, visible, a garden of hope which dissolved in a quivering haze of silver threads and rose leaves.
4	4	0.529	Mais avant tout j’avais ouvert mes rideaux dans l’impatience de savoir quelle était la Mer qui jouait ce matin-là au bord du rivage, comme une Néreide.	But before all this I had drawn back my own curtains, impatient to know what Sea it was that was playing that morning by the shore, like a Nereid.
5	5	0.490	Car chacune de ces Mers ne restait jamais plus d’un jour.	For none of those Seas ever stayed with us longer than a day.
6	6	0.439	Le lendemain il y en avait une autre qui parfois lui ressemblait.	On the morrow there would be another, which sometimes resembled its predecessor.
7	7	0.529	Mais je ne vis jamais deux fois la même.	But I never saw the same one twice.
8	8	0.572	Il y en avait qui étaient d’une beauté si rare qu’en les apercevant mon plaisir était encore accru par la surprise.	There were some that were of so rare a beauty that my pleasure on catching sight of them was enhanced by surprise.
9	9	0.442	Par quel privilège, un matin plutôt qu’un autre, la fenêtre en s’entr’ouvrant découvrit-elle à mes yeux émerveillés la nymphe Glaukonomèné, dont la beauté paresseuse et qui respirait mollement avait la transparence d’une vaporeuse émeraude à travers laquelle je voyais affluer les éléments pondérables qui la coloraient?	By what privilege, on one morning rather than another, did the window on being uncurtained disclose to my wondering eyes the nymph Glauconome, whose lazy beauty, gently breathing, had the transparence of a vaporous emerald beneath whose surface I could see teeming the ponderable elements that coloured it?
10	10	0.342	Elle faisait jouer le soleil avec un sourire alangui par une brume invisible qui n’était qu’un espace vide réservé autour de sa surface translucide rendue ainsi plus abrégée et plus saisissante, comme ces déesses que le sculpteur détache sur le reste du bloc qu’il ne daigne pas dégrossir.	She made the sun join in her play, with a smile rendered languorous by an invisible haze which was nought but a space kept vacant about her translucent surface, which, thus curtailed, became more appealing, like those goddesses whom the sculptor carves in relief upon a block of marble, the rest of which he leaves unchiselled.
11	11	0.352	Telle, dans sa couleur unique, elle nous invitait à la promenade sur ces routes grossières et terriennes, d’où, installés dans la calèche de Mme de Villeparisis, nous apercevions tout le jour et sans jamais l’atteindre la fraîcheur de sa molle palpitation.	So, in her matchless colour, she invited us out over those rough terrestrial roads, from which, seated beside Mme. de Villeparisis in her barouche, we should see, all day long and without ever reaching it, the coolness of her gentle palpitation.
12	12	0.365	Mme de Villeparisis faisait atteler de bonne heure, pour que nous eussions le temps d’aller soit jusqu’à Saint-Mars-le-Vêtu, soit jusqu’aux rochers de Quetteholme ou à quelque autre but d’excursion qui, pour une voiture assez lente, était fort lointain et demandait toute la journée.	Mme. de Villeparisis used to order her carriage early, so that we should have time to reach Saint-Mars-le-Vêtu, or the rocks of Quetteholme, or some other goal which, for a somewhat lumbering vehicle, was far enough off to require the whole day.
13	13	0.446	Dans ma joie de la longue promenade que nous allions entreprendre, je fredonnais quelque air récemment écouté, et je faisais les cent pas en attendant que Mme de Villeparisis fût prête.	In my joy at the long drive we were going to take I would be humming some tune that I had heard recently as I strolled up and down until Mme. de Villeparisis was ready.
14	14-15	0.680	Si c’était dimanche, sa voiture n’était pas seule devant l’hôtel; plusieurs fiacres loués attendaient non seulement les personnes qui étaient invitées au château de Féterne chez Mme de Cambremer, mais celles qui plutôt que de rester là comme des enfants punis déclaraient que le dimanche était un jour assommant à Balbec et partaient dès après déjeuner se cacher dans une plage voisine ou visiter quelque site, et même souvent quand on demandait à Mme Blandais si elle avait été chez les Cambremer, elle répondait péremptoirement: «Non, nous étions aux cascades du Bec», comme si c’était là la seule raison pour laquelle elle n’avait pas passé la journée à Féterne.	"If it was Sunday hers would not be the only carriage drawn up outside the hotel; several hired flies would be waiting there, not only for the people who had been invited to Féterne by Mme. de Cambremer, but for those who, rather than stay at home all day, like children in disgrace, declared that Sunday was always quite impossible at Balbec and started off immediately after luncheon to hide themselves in some neighbouring watering-place or to visit one of the ""sights"" of the district. And indeed whenever (which was often) anyone asked Mme. Blandais if she had been to the Cambremers', she would answer peremptorily: ""No; we went to the Falls of the Bec,"" as though that were the sole reason for her not having spent the day at Féterne."
15	16	0.585	Et le bâtonnier disait charitablement:	And the barrister would be charitable, and say:
16	17-18	0.386	—Je vous envie, j’aurais bien changé avec vous, c’est autrement intéressant.	"""I envy you. I wish I had gone there instead; they must be well worth seeing."""
17	19	0.565	A côté des voitures, devant le porche où j’attendais, était planté comme un arbrisseau d’une espèce rare un jeune chasseur qui ne frappait pas moins les yeux par l’harmonie singulière de ses cheveux colorés, que par son épiderme de plante.	Beside the row of carriages, in front of the porch in which I stood waiting, was planted, like some shrub of a rare species, a young page who attracted the eye no less by the unusual and effective colouring of his hair than by his plant-like epidermis.
18	20	0.556	A l’intérieur, dans le hall qui correspondait au narthex ou église des Catéchumènes, des églises romanes, et où les personnes qui n’habitaient pas l’hôtel avaient le droit de passer, les camarades du groom «extérieur» ne travaillaient pas beaucoup plus que lui mais exécutaient du moins quelques mouvements.	"Inside, in the hall, corresponding to the narthex, or Church of the Catechumens in a primitive basilica, through which persons who were not staying in the hotel were entitled to pass, the comrades of this ""outside"" page did not indeed work much harder than he but did at least execute certain drilled movements."
19	21	0.559	Il est probable que le matin ils aidaient au nettoyage.	It is probable that in the early morning they helped with the cleaning.
20	22	0.591	Mais l’après-midi ils restaient là seulement comme des choristes qui, même quand ils ne servent à rien, demeurent en scène pour ajouter à la figuration.	But in the afternoon they stood there only like a Chorus who, even when there is nothing for them to do, remain upon the stage in order to strengthen the cast.
21	23	0.555	Le Directeur général, celui qui me faisait si peur, comptait augmenter considérablement leur nombre l’année suivante, car il «voyait grand».	"The General Manager, the same who had so terrified me, reckoned on increasing their number considerably next year, for he had ""big ideas""."
22	24	0.437	Et sa décision affligeait beaucoup le Directeur de l’Hôtel, lequel trouvait que tous ces enfants n’étaient que des «faiseurs d’embarras» entendant par là qu’ils embarrassaient le passage et ne servaient à rien.	"And this prospect greatly afflicted the manager of the hotel, who found that all these boys about the place only ""created a nuisance"", by which he meant that they got in the visitors' way and were of no use to anyone."
23	25	0.534	Du moins entre le déjeuner et le dîner, entre les sorties et les rentrées des clients remplissaient-ils le vide de l’action, comme ces élèves de Mme de Maintenon qui sous le costume de jeunes israélites font intermède chaque fois qu’Esther ou Joad s’en vont.	"But between luncheon and dinner at least, between the exits and entrances of the visitors, they did fill an otherwise empty stage, like those pupils of Mme. de Maintenon who, in the garb of young Israelites, carry on the action whenever Esther or Joad ""goes off""."
24	26	0.535	Mais le chasseur du dehors, aux nuances précieuses, à la taille élancée et frêle, non loin duquel j’attendais que la marquise descendît, gardait une immobilité à laquelle s’ajoutait de la mélancolie, car ses frères aînés avaient quitté l’hôtel pour des destinées plus brillantes et il se sentait isolé sur cette terre étrangère.	But the outside page, with his delicate tints, his tall, slender, fragile trunk, in proximity to whom I stood waiting for the Marquise to come downstairs, preserved an immobility into which a certain melancholy entered, for his elder brothers had left the hotel for more brilliant careers elsewhere, and he felt keenly his isolation upon this alien soil.
25	27	0.706	Enfin Mme de Villeparisis arrivait.	At last Mme. de Villeparisis appeared.
26	28	0.434	S’occuper de sa voiture et l’y faire monter eût peut-être dû faire partie des fonctions du chasseur.	To stand by her carriage and to help her into it ought perhaps to have been part of the young page's duties.
27	29	0.483	Mais il savait qu’une personne qui amène ses gens avec soi se fait servir par eux, et d’habitude donne peu de pourboires dans un hôtel, que les nobles de l’ancien faubourg Saint-Germain agissent de même.	"But he knew on the one hand that a person who brings her own servants to an hotel expects them to wait on her and is not as a rule lavish with her ""tips"", and that generally speaking this was true also of the nobility of the old Faubourg Saint-Germain."
28	30	0.631	Mme de Villeparisis appartenait à la fois à ces deux catégories.	Mme. de Villeparisis was included in both these categories.
29	31	0.560	Le chasseur arborescent en concluait qu’il n’avait rien à attendre de la marquise; en laissant le maître d’hôtel et la femme de chambre de celle-ci l’installer avec ses affaires, il rêvait tristement au sort envié de ses frères et conservait son immobilité végétale.	The arborescent page concluded therefore that he need expect nothing from her, and leaving her own maid and footman to pack her and her belongings into the carriage, he continued to dream sadly of the enviable lot of his brothers and preserved his vegetable immobility.
30	32	0.546	Nous partions; quelque temps après avoir contourné la station du chemin de fer nous entrions dans une route campagnarde qui me devint bientôt aussi familière que celles de Combray, depuis le coude où elle s’amorçait entre des clos charmants jusqu’au tournant où nous la quittions et qui avait de chaque côté des terres labourées.	We would start off; some time after rounding the railway station, we came into a country road which soon became as familiar to me as the roads round Combray, from the bend where, like a fish-hook, it was baited with charming orchards, to the turning at which we left it, with tilled fields upon either side.
31	33	0.309	Au milieu d’elles, on voyait çà et là un pommier privé il est vrai de ses fleurs et ne portant plus qu’un bouquet de pistils, mais qui suffisait à m’enchanter parce que je reconnaissais ces feuilles inimitables dont la large étendue, comme le tapis d’estrade d’une fête nuptiale maintenant terminée avait été tout récemment foulée par la traîne de satin blanc des fleurs rougissantes.	Among these we could see here and there an apple-tree, stripped it was true of its blossom, and bearing no more now than a fringe of pistils, but sufficient even so to enchant me since I could imagine, seeing those inimitable leaves, how their broad expanse, like the ceremonial carpet spread for a wedding that was now over, had been but the other day swept by the white satin train of their blushing flowers.
32	34	0.308	Combien de fois à Paris dans le mois de mai de l’année suivante, il m’arriva d’acheter une branche de pommier chez le fleuriste et de passer ensuite la nuit devant ses fleurs où s’épanouissait la même essence crémeuse qui poudrait encore de son écume les bourgeons des feuilles et entre les blanches corolles desquelles il semblait que ce fût le marchand qui, par générosité envers moi, par goût inventif aussi et contraste ingénieux, eût ajouté de chaque côté, en surplus, un seyant bouton rose; je les regardais, je les faisais poser sous ma lampe — si longtemps que j’étais souvent encore là quand l’aurore leur apportait la même rougeur qu’elle devait faire en même temps à Balbec — et je cherchais à les reporter sur cette route par l’imagination, à les multiplier, à les étendre dans le cadre préparé, sur la toile toute prête de ces clos dont je savais le dessin par cœur — et que j’aurais tant voulu, qu’un jour je devais revoir — au moment où avec la verve ravissante du génie, le printemps couvre leur canevas de ses couleurs.	How often in Paris, during the May of the following year, was I to bring home a branch of apple-blossom from the florist, and to stay all night long before its flowers in which bloomed the same creamy essence that powdered besides and whitened the green unfolding leaves, flowers between whose snowy cups it seemed almost as though it had been the salesman who had, in his generosity towards myself, out of his wealth of invention too and as an effective contrast, added on either side the supplement of a becoming crimson bud: I sat gazing at them, I grouped them in the light of my lamp — for so long that I was often still there when the dawn brought to their whiteness the same flush with which it must at that moment have been tingeing their sisters on the Balbec road — and I sought to carry them back in my imagination to that roadside, to multiply them, to spread them out, so as to fill the frame prepared for them, on the canvas, all ready, of those closes the outline of which I knew by heart, which I so longed to see — which one day I must see again, at the moment when, with the exquisite fervour of genius, spring was covering their canvas with its colours.
33	35	0.354	Avant de monter en voiture j’avais composé le tableau de mer que j’allais chercher, que j’espérais voir avec le «soleil rayonnant», et qu’à Balbec je n’apercevais que trop morcelé entre tant d’enclaves vulgaires et que mon rêve n’admettait pas, de baigneurs, de cabines, de yacht de plaisance.	"Before getting into the carriage I had composed the seascape for which I was going to look out, which I had hoped to see with the ""sun radiant"", upon it, and which at Balbec I could distinguish only in too fragmentary a form, broken by so many vulgar intromissions that had no place in my dream, bathers, dressing-boxes, pleasure yachts."
34	36	0.382	Mais quand, la voiture de Mme de Villeparisis étant parvenue au haut d’une côte, j’apercevais la mer entre les feuillages des arbres, alors sans doute de si loin disparaissaient ces détails contemporains qui l’avaient mise comme en dehors de la nature et de l’histoire, et je pouvais en regardant les flots m’efforcer de penser que c’était les mêmes que Leconte de Lisle nous peint dans l’_Orestie_ quand «tel qu’un vol d’oiseaux carnassiers dans l’aurore» les guerriers chevelus de l’héroïque Hellas «de cent mille avirons battaient le flot sonore».	"But when, Mme. de Villeparisis's carriage having reached high ground, I caught a glimpse of the sea through the leafy boughs of trees, then no doubt at such a distance those temporal details which had set the sea, as it were, apart from nature and history disappeared, and I could as I looked down towards its waves make myself realise that they were the same which Leconte de Lisle describes for us in his _Orestie_, where ""like a flight of birds of prey, before the dawn of day"" the long-haired warriors of heroic Hellas ""with oars an hundred thousand sweep the huge resounding deep."""
35	37	0.382	Mais en revanche je n’étais plus assez près de la mer qui ne me semblait pas vivante, mais figée, je ne sentais plus de puissance sous ses couleurs étendues comme celles d’une peinture entre les feuilles où elle apparaissait aussi inconsistante que le ciel, et seulement plus foncée que lui.	But on the other hand I was no longer near enough to the sea which seemed to me not a living thing now, but fixed; I no longer felt any power beneath its colours, spread like those of a picture among the leaves, through which it appeared as inconsistent as the sky and only of an intenser blue.
36	38	0.431	Mme de Villeparisis voyant que j’aimais les églises me promettait que nous irions voir une fois l’une, une fois l’autre, et surtout celle de Carqueville «toute cachée sous son vieux lierre», dit-elle avec un mouvement de la main qui semblait envelopper avec goût la façade absente dans un feuillage invisible et délicat.	"Mme. de Villeparisis, seeing that I was fond of churches, promised me that we should visit one one day and another another, and especially the church at Carqueville ""quite buried in all its old ivy"", as she said with a wave of the hand which seemed tastefully to be clothing the absent front in an invisible and delicate screen of foliage."
37	39	0.400	Mme de Villeparisis avait souvent, avec ce petit geste descriptif, un mot juste pour définir le charme et la particularité d’un monument, évitant toujours les termes techniques, mais ne pouvant dissimuler qu’elle savait très bien les choses dont elle parlait.	Mme. de Villeparisis would often, with this little descriptive gesture, find just the right word to define the attraction and the distinctive features of an historic building, always avoiding technical terms, but incapable of concealing her thorough understanding of the things to which she referred.
38	40	0.325	Elle semblait chercher à s’en excuser sur ce qu’un des châteaux de son père, et où elle avait été élevée, étant situé dans une région où il y avait des églises du même style qu’autour de Balbec il eût été honteux qu’elle n’eût pas pris le goût de l’architecture, ce château étant d’ailleurs le plus bel exemplaire de celle de la Renaissance.	She appeared to seek an excuse for this erudition in the fact that one of her father's country houses, the one in which she had lived as a girl, was situated in a district in which there were churches similar in style to those round Balbec, so that it would have been unaccountable if she had not acquired a taste for architecture, this house being, incidentally, one of the finest examples of that of the Renaissance.
39	41	0.523	Mais comme il était aussi un vrai musée, comme d’autre part Chopin et Listz y avaient joué, Lamartine récité des vers, tous les artistes connus de tout un siècle écrit des pensées, des mélodies, fait des croquis sur l’album familial, Mme de Villeparisis ne donnait, par grâce, bonne éducation, modestie réelle, ou manque d’esprit philosophique, que cette origine purement matérielle à sa connaissance de tous les arts, et finissait par avoir l’air de considérer la peinture, la musique, la littérature et la philosophie comme l’apanage d’une jeune fille élevée de la façon la plus aristocratique dans un monument classé et illustre.	"But as it was also a regular museum, as moreover Chopin and Liszt had played there, Lamartine recited poetry, all the most famous artists for fully a century had inscribed ""sentiments"", scored melodies, made sketches in the family album, Mme. de Villeparisis ascribed, whether from delicacy, good breeding, true modesty or want of intelligence, only this purely material origin to her acquaintance with all the arts, and had come, apparently, to regard painting, music, literature and philosophy as the appanage of a young lady brought up on the most aristocratic lines in an historic building that was catalogued and starred."
40	42	0.267	On aurait dit qu’il n’y avait pas pour elle d’autres tableaux que ceux dont on a hérités.	You would have said, listening to her, that she knew of no pictures that were not heirlooms.
41	43	0.550	Elle fut contente que ma grand’mère aimât un collier qu’elle portait et qui dépassait de sa robe.	She was pleased that my grandmother liked a necklace which she wore, and which fell over her dress.
42	44	0.559	Il était dans le portrait d’une bisaïeule à elle, par Titien, et qui n’était jamais sorti de la famille.	It appeared in the portrait of an ancestress of her own by Titian which had never left the family.
43	45	0.451	Comme cela on était sûr que c’était un vrai.	So that one could be certain of its being genuine.
44	46-47	0.487	Elle ne voulait pas entendre parler des tableaux achetés on ne sait comment par un Crésus, elle était d’avance persuadée qu’ils étaient faux et n’avait aucun désir de les voir, nous savions qu’elle-même faisait des aquarelles de fleurs, et ma grand’mère qui les avait entendu vanter lui en parla.	She would not listen to a word about pictures bought, heaven knew where, by a Croesus, she was convinced before you spoke that they were forgeries, and had no desire to see them. We knew that she herself painted flowers in water-colour, and my grandmother, who had heard these praised, spoke to her of them.
45	48	0.477	Mme de Villeparisis changea de conversation par modestie, mais sans montrer plus d’étonnement ni de plaisir qu’une artiste suffisamment connue à qui les compliments n’apprennent rien.	Mme. de Villeparisis modestly changed the subject, but without shewing either surprise or pleasure more than would an artist whose reputation was established and to whom compliments meant nothing.
46	49	0.501	Elle se contenta de dire que c’était un passe-temps charmant parce que si les fleurs nées du pinceau n’étaient pas fameuses, du moins les peindre vous faisait vivre dans la société des fleurs naturelles, de la beauté desquelles, surtout quand on était obligé de les regarder de plus près pour les imiter, on ne se lassait pas.	She said merely that it was a delightful pastime because, even if the flowers that sprang from the brush were nothing wonderful, at least the work made you live in the company of real flowers, of the beauty of which, especially when you were obliged to study them closely in order to draw them, you could never grow tired.
47	50	0.674	Mais à Balbec Mme de Villeparisis se donnait congé pour laisser reposer ses yeux.	But at Balbec Mme. de Villeparisis was giving herself a holiday, so as to spare her eyes.
48	51	0.551	Nous fûmes étonnés, ma grand’mère et moi, de voir combien elle était plus «libérale» que même la plus grande partie de la bourgeoisie.	"We were astonished, my grandmother and I, to find how much more ""Liberal"" she was than even the majority of the middle class."
49	52	0.398	Elle s’étonnait qu’on fût scandalisé des expulsions des jésuites, disant que cela s’était toujours fait, même sous la monarchie, même en Espagne.	She did not understand how anyone could be scandalised by the expulsion of the Jesuits, saying that it had always been done, even under the Monarchy, in Spain even.
50	53	0.431	Elle défendait la République à laquelle elle ne reprochait son anticléricalisme que dans cette mesure: «Je trouverais tout aussi mauvais qu’on m’empêchât d’aller à la messe si j’en ai envie que d’être forcée d’y aller si je ne le veux pas», lançant même certains mots comme: «Oh! la noblesse aujourd’hui, qu’est-ce que c’est!»	"She took up the defence of the Republic, and against its anti-clericalism had no more to say than: ""I should be equally annoyed whether they prevented me from hearing mass when I wanted to, or forced me to hear it when I didn't!"" and even startled us with such utterances as: ""Oh! the aristocracy in these days, what does it amount to?"""
51	54-55	0.397	«Pour moi, un homme qui ne travaille pas, ce n’est rien», peut-être seulement parce qu’elle sentait ce qu’ils prenaient de piquant, de savoureux, de mémorable dans sa bouche.	"""To my mind, a man who doesn't work doesn't count!"" — perhaps only because she felt that they gained point and flavour, became memorable, in fact, on her lips."
52	56	0.540	En entendant souvent exprimer avec franchise des opinions avancées — pas jusqu’au socialisme cependant, qui était la bête noire de Mme de Villeparisis — précisément par une de ces personnes en considération de l’esprit desquelles, notre scrupuleuse et timide impartialité se refuse à condamner les idées des conservateurs, nous n’étions pas loin, ma grand’mère et moi, de croire qu’en notre agréable compagne se trouvaient la mesure et le modèle de la vérité en toutes choses.	When we heard these advanced opinions — though never so far advanced as to amount to Socialism, which Mme. de Villeparisis held in abhorrence — expressed so frequently and with so much frankness precisely by one of those people in consideration of whose intelligence our scrupulous and timid impartiality would refuse to condemn outright the ideas of the Conservatives, we came very near, my grandmother and I, to believing that in the pleasant companion of our drives was to be found the measure and the pattern of truth in all things.
53	57	0.478	Nous la croyions sur parole tandis qu’elle jugeait ses Titiens, la colonnade de son château, l’esprit de conversation de Louis-Philippe.	We took her word for it when she appreciated her Titians, the colonnade of her country house, the conversational talent of Louis-Philippe.
54	58	0.470	Mais — comme ces érudits qui émerveillent quand on les met sur la peinture égyptienne et les inscriptions étrusques, et qui parlent d’une façon si banale des œuvres modernes que nous nous demandons si nous n’avons pas surfait l’intérêt des sciences où ils sont versés, puisque n’y apparaît pas cette même médiocrité qu’ils ont pourtant dû y apporter aussi bien que dans leurs niaises études sur Beaudelaire — Mme de Villeparisis, interrogée par moi sur Chateaubriand, sur Balzac, sur Victor Hugo, tous reçus jadis par ses parents et entrevus par elle-même, riait de mon admiration, racontait sur eux des traits piquants comme elle venait de faire sur des grands seigneurs ou des hommes politiques, et jugeait sévèrement ces écrivains, précisément parce qu’ils avaient manqué de cette modestie, de cet effacement de soi, de cet art sobre qui se contente d’un seul trait juste et n’appuie pas, qui fuit plus que tout le ridicule de la grandiloquence, de cet à-propos, de ces qualités de modération de jugement et de simplicité, auxquelles on lui avait appris qu’atteint la vraie valeur: on voyait qu’elle n’hésitait pas à leur préférer des hommes qui, peut-être, en effet, avaient eu, à cause d’elles, l’avantage sur un Balzac, un Hugo, un Vigny, dans un salon, une académie, un conseil des ministres, Molé, Fontanes, Vitroles, Bersot, Pasquier, Lebrun, Salvandy ou Daru.	But — like those mines of learning who hold us spell-bound when we get them upon Egyptian paintings or Etruscan inscriptions, and yet talk so tediously about modern work that we ask ourselves whether we have not been overestimating the interest of the sciences in which they are versed since there is not apparent in their treatment of them the mediocrity of mind which they must have brought to those studies just as much as to their fatuous essays on Baudelaire — Mme. de Villeparisis, questioned by me about Chateaubriand, about Balzac, about Victor Hugo, each of whom had in his day been the guest of her parents, and had been seen and spoken to by her, smiled at my reverence, told amusing anecdotes of them, such as she had a moment ago been telling us of dukes and statesmen, and severely criticised those writers simply because they had been lacking in that modesty, that self-effacement, that sober art which is satisfied with a single right line, and lays no stress on it, which avoids more than anything else the absurdity of grandiloquence, in that opportuneness, those qualities of moderation, of judgment and simplicity to which she had been taught that real greatness aspired and attained: it was evident that she had no hesitation in placing above them men who might after all, perhaps, by virtue of those qualities, have had the advantage of a Balzac, a Hugo, a Vigny in a drawing-room, an academy, a cabinet council, men like Molé, Fontanes, Vitroles, Bersot, Pasquier, Lebrun, Salvandy or Daru.
55	59	0.356	—C’est comme les romans de Stendhal pour qui vous aviez l’air d’avoir de l’admiration.	"""Like those novels of Stendhal, which you seem to admire."
56	60	0.276	Vous l’auriez beaucoup étonné en lui parlant sur ce ton.	You would have given him a great surprise, I assure you, if you had spoken to him in that tone.
57	61	0.581	Mon père qui le voyait chez M. Mérimée — un homme de talent au moins celui-là — m’a souvent dit que Beyle (c’était son nom) était d’une vulgarité affreuse, mais spirituel dans un dîner, et ne s’en faisant pas accroire pour ses livres.	My father, who used to meet him at M. Mérimée's — now he was a man of talent, if you like — often told me that Beyle (that was his real name) was appallingly vulgar, but quite good company at dinner, and never in the least conceited about his books.
58	62	0.518	Du reste, vous avez pu voir vous-même par quel haussement d’épaules il a répondu aux éloges outrés de M. de Balzac.	Why, you can see for yourself how he just shrugged his shoulders at the absurdly extravagant compliments of M. de Balzac.
59	63	0.145	En cela du moins il était homme de bonne compagnie.	"There at least he shewed that he knew how to behave like a gentleman."""
60	64	0.502	Elle avait de tous ces grands hommes des autographes, et semblait, se prévalant des relations particulières que sa famille avait eues avec eux, penser que son jugement à leur égard était plus juste que celui de jeunes gens qui comme moi n’avaient pas pu les fréquenter.	She possessed the autographs of all these great men, and seemed, when she put forward the personal relations which her family had had with them, to assume that her judgment of them must be better founded than that of young people who, like myself, had had no opportunity of meeting them.
61	65	0.404	—Je crois que je peux en parler, car ils venaient chez mon père; et comme disait M. Sainte-Beuve, qui avait bien de l’esprit, il faut croire sur eux ceux qui les ont vus de près et ont pu juger plus exactement de ce qu’ils valaient.	"""I'm sure I have a right to speak, for they used to come to my father's house; and as M. Sainte-Beuve, who was a most intelligent man, used to say, in forming an estimate you must take the word of people who saw them close, and were able to judge more exactly of their real worth."""
62	66	0.460	Parfois, comme la voiture gravissait une route montante entre des terres labourées, rendant les champs plus réels, leur ajoutant une marque d’authenticité, comme la précieuse fleurette dont certains maîtres anciens signaient leurs tableaux, quelques bleuets hésitants pareils à ceux de Combray suivaient notre voiture.	Sometimes as the carriage laboured up a steep road through tilled country, making the fields more real, adding to them a mark of authenticity like the precious flower with which certain of the old masters used to sign their pictures, a few hesitating cornflowers, like the Combray cornflowers, would stream in our wake.
63	67	0.249	Bientôt nos chevaux les distançaient, mais, mais après quelques pas, nous en apercevions un autre qui en nous attendant avait piqué devant nous dans l’herbe son étoile bleue; plusieurs s’enhardissaient jusqu’à venir se poser au bord de la route et c’était toute une nébuleuse qui se formait avec mes souvenirs lointains et les fleurs apprivoisées.	Presently the horses outdistanced them, but a little way on we would catch sight of another which while it stayed our coming had pricked up to welcome us amid the grass its azure star; some made so bold as to come and plant themselves by the side of the road, and the impression left in my mind was a nebulous blend of distant memories and of wild flowers grown tame.
64	68	0.336	Nous redescendions la côte; alors nous croisions, la montant à pied, à bicyclette, en carriole ou en voiture, quelqu’une de ces créatures — fleurs de la belle journée, mais qui ne sont pas comme les fleurs des champs, car chacune recèle quelque chose qui n’est pas dans une autre et qui empêchera que nous puissions contenter avec ses pareilles le désir qu’elle a fait naître en nous — quelque fille de ferme poussant sa vache ou à demi couchée sur une charrette, quelque fille de boutiquier en promenade, quelque élégante demoiselle assise sur le strapontin d’un landau, en face de ses parents.	We began to go down hill; and then met, climbing on foot, on a bicycle, in a cart or carriage, one of those creatures — flowers of a fine day but unlike the flowers of the field, for each of them secretes something that is not to be found in another, with the result that we can never satisfy upon any of her fellows the desire which she has brought to birth in us — a farm-girl driving her cow or half-lying along a waggon, a shopkeeper's daughter taking the air, a fashionable young lady erect on the back-seat of a landau, facing her parents.
65	69	0.367	Certes Bloch m’avait ouvert une ère nouvelle et avait changé pour moi la valeur de la vie, le jour où il m’avait appris que les rêves que j’avais promenés solitairement du côté de Méséglise quand je souhaitais que passât une paysanne que je prendrais dans mes bras, n’étaient pas une chimère qui ne correspondait à rien d’extérieur à moi, mais que toutes les filles qu’on rencontrait, villageoises ou demoiselles étaient toutes prêtes à en exaucer de pareils.	"Certainly Bloch had been the means of opening a new era and had altered the value of life for me on the day when he had told me that the dreams which I had entertained on my solitary walks along the Méséglise way, when I hoped that some peasant girl might pass whom I could take in my arms, were not a mere fantasy which corresponded to nothing outside myself, but that all the girls one met, whether villagers or ""young ladies"", were alike ready and willing to give ear to such prayers."
66	70	0.414	Et dussé-je, maintenant que j’étais souffrant et ne sortais pas seul, ne jamais pouvoir faire l’amour avec elles, j’étais tout de même heureux comme un enfant né dans une prison ou dans un hôpital et qui, ayant cru longtemps que l’organisme humain ne peut digérer que du pain sec et des médicaments, a appris tout d’un coup que les pêches, les abricots, le raisin, ne sont pas une simple parure de la campagne, mais des aliments délicieux et assimilables.	"And even if I were fated, now that I was ill and did not go out by myself, never to be able to make love to them, I was happy all the same, like a child born in a prison or a hospital, who, having always supposed that the human organism was capable of digesting only dry bread and ""physic"", has learned suddenly that peaches, apricots and grapes are not simply part of the decoration of the country scene but delicious and easily assimilated food."
67	71	0.491	Même si son geôlier ou son garde-malade ne lui permettent pas de cueillir ces beaux fruits, le monde cependant lui paraît meilleur et l’existence plus clémente.	Even if his gaoler or his nurse does not allow him to pluck those tempting fruits, still the world seems to him a better place and existence in it more clement.
68	72	0.475	Car un désir nous semble plus beau, nous nous appuyons à lui avec plus de confiance quand nous savons qu’en dehors de nous la réalité s’y conforme, même si pour nous il n’est pas réalisable.	For a desire seems to us more attractive, we repose on it with more confidence, when we know that outside ourself there is a reality which conforms to it, even if, for us, it is not to be realised.
69	73	0.480	Et nous pensons avec plus de joie à une vie où, à condition que nous écartions pour un instant de notre pensée le petit obstacle accidentel et particulier qui nous empêche personnellement de le faire, nous pouvons nous imaginer l’assouvissant.	And we think with more joy of a life in which (on condition that we eliminate for a moment from our mind the tiny obstacle, accidental and special, which prevents us personally from doing so) we can imagine ourself to be assuaging that desire.
70	74	0.528	Pour les belles filles qui passaient, du jour où j’avais su que leurs joues pouvaient être embrassées, j’étais devenu curieux de leur âme.	As to the pretty girls who went past, from the day on which I had first known that their cheeks could be kissed, I had become curious about their souls.
71	75	0.603	Et l’univers m’avait paru plus intéressant.	And the universe had appeared to me more interesting.
72	76	0.635	La voiture de Mme de Villeparisis allait vite.	Mme. de Villeparisis's carriage moved fast.
73	77	0.392	A peine avais-je le temps de voir la fillette qui venait dans notre direction; et pourtant— comme la beauté des êtres n’est pas comme celle des choses, et que nous sentons qu’elle est celle d’une créature unique, consciente et volontaire — dès que son individualité, âme vague, volonté inconnue de moi, se peignait en une petite image prodigieusement réduite, mais complète, au fond de son regard distrait, aussitôt, mystérieuse réplique des pollens tout préparés pour les pistils, je sentais saillir en moi l’embryon aussi vague, aussi minuscule, du désir de ne pas laisser passer cette fille, sans que sa pensée prît conscience de ma personne, sans que j’empêchasse ses désirs d’aller à quelqu’un d’autre, sans que je vinsse me fixer dans sa rêverie et saisir son cœur.	Scarcely had I time to see the girl who was coming in our direction; and yet — as the beauty of people is not like the beauty of things, as we feel that it is that of an unique creature, endowed with consciousness and free-will — as soon as her individuality, a soul still vague, a will unknown to me, presented a tiny picture of itself, enormously reduced but complete, in the depths of her indifferent eyes, at once, by a mysterious response of the pollen ready in me for the pistils that should receive it, I felt surging through me the embryo, as vague, as minute, of the desire not to let this girl pass without forcing her mind to become conscious of my person, without preventing her desires from wandering to some one else, without coming to fix myself in her dreams and to seize and occupy her heart.
74	78	0.410	Cependant notre voiture s’éloignait, la belle fille était déjà derrière nous, et comme elle ne possédait de moi aucune des notions qui constituent une personne, ses yeux, qui m’avaient à peine vu, m’avaient déjà oublié.	Meanwhile our carriage rolled away from her, the pretty girl was already left behind, and as she had — of me — none of those notions which constitute a person in one's mind, her eyes which had barely seen me had forgotten me already.
75	79	0.444	Était-ce parce que je ne l’avais qu’entr’aperçue que je l’avais trouvée si belle?	Was it because I had caught but a fragmentary glimpse of her that I had found her so attractive?
76	80	0.453	Peut-être.	It may have been.
77	81	0.534	D’abord l’impossibilité de s’arrêter auprès d’une femme, le risque de ne pas la retrouver un autre jour lui donnent brusquement le même charme qu’à un pays la maladie ou la pauvreté qui nous empêchent de le visiter, ou qu’aux jours si ternes qui nous restent à vivre le combat où nous succomberons sans doute.	In the first place, the impossibility of stopping when I came to her, the risk of not meeting her again another day, give at once to such a girl the same charm as a place derives from the illness or poverty that prevents us from visiting it, or the so unadventurous days through which we should otherwise have to live from the battle in which we shall doubtless fall.
78	82	0.482	De sorte que, s’il n’y avait pas l’habitude, la vie devrait paraître délicieuse à des êtres qui seraient à chaque heure menacés de mourir — c’est-à-dire à tous les hommes.	So that, if there were no such thing as habit, life must appear delightful to those of us who would at every moment be threatened with death — that is to say, to all mankind.
79	83	0.431	Puis si l’imagination est entraînée par le désir de ce que nous ne pouvons posséder, son essor n’est pas limité par une réalité complètement perçue dans ces rencontres où les charmes de la passante sont généralement en relation directe avec la rapidité du passage.	Then, if our imagination is set going by the desire for what we may not possess, its flight is not limited by a reality completely perceived, in these casual encounters in which the charms of the passing stranger are generally in direct ratio to the swiftness of our passage.
80	84	0.472	Pour peu que la nuit tombe et que la voiture aille vite, à la campagne, dans une ville, il n’y a pas un torse féminin mutilé comme un marbre antique par la vitesse qui nous entraîne et le crépuscule qui le noie, qui ne tire sur notre cœur, à chaque coin de route, du fond de chaque boutique, les flèches de la Beauté, de la Beauté dont on serait parfois tenté de se demander si elle est en ce monde autre chose que la partie de complément qu’ajoute à une passante fragmentaire et fugitive notre imagination surexcitée par le regret.	If only night is falling and the carriage is moving fast, whether in town or country, there is not a female torso, mutilated like an antique marble by the speed that tears us away and the dusk that drowns it, but aims at our heart, from every turning in the road, from the lighted interior of every shop, the arrows of Beauty, that Beauty of which we are sometimes tempted to ask ourselves whether it is, in this world, anything more than the complementary part that is added to a fragmentary and fugitive stranger by our imagination over-stimulated by regret.
81	85	0.422	Si j’avais pu descendre parler à la fille que nous croisions, peut-être eussé-je été désillusionné par quelque défaut de sa peau que de la voiture je n’avais pas distingué.	Had I been free to stop, to get down from the carriage and to speak to the girl whom we were passing, should I perhaps have been disillusioned by some fault in her complexion which from the carriage I had not distinguished?
82	86	0.549	(Et alors, tout effort pour pénétrer dans sa vie m’eût semblé soudain impossible.	(After which every effort to penetrate into her life would have seemed suddenly impossible.
83	87	0.567	Car la beauté est une suite d’hypothèses que rétrécit la laideur en barrant la route que nous voyions déjà s’ouvrir sur l’inconnu.)	For beauty is a sequence of hypotheses which ugliness cuts short when it bars the way that we could already see opening into the unknown.)
84	88	0.418	Peut-être un seul mot qu’elle eût dit, un sourire, m’eussent fourni une clef, un chiffre inattendus, pour lire l’expression de sa figure et de sa démarche, qui seraient aussitôt devenues banales.	Perhaps a single word which she might have uttered, a smile would have furnished me with a key, a clue that I had not expected, to read the expression of her face, to interpret her bearing, which would at once have ceased to be of any interest.
85	89	0.393	C’est possible, car je n’ai jamais rencontré dans la vie de filles aussi désirables que les jours où j’étais avec quelque grave personne que malgré les mille prétextes que j’inventais je ne pouvais quitter: quelques années après celle où j’allai pour la première fois à Balbec, faisant à Paris une course en voiture avec un ami de mon père et ayant aperçu une femme qui marchait vite dans la nuit, je pensai qu’il était déraisonnable de perdre pour une raison de convenances ma part de bonheur dans la seule vie qu’il y ait sans doute, et sautant à terre sans m’excuser, je me mis à la recherche de l’inconnue, la perdis au carrefour de deux rues, la retrouvai dans une troisième, et me trouvai enfin, tout essoufflé, sous un réverbère, en face de la vieille Mme Verdurin que j’évitais partout et qui heureuse et surprise s’écria: «Oh! comme c’est aimable d’avoir couru pour me dire bonjour.»	"It is possible, for I have never in real life met any girls so desirable as on days when I was with some serious person from whom, despite the myriad pretexts that I invented, I could not tear myself away: some years after that in which I went for the first time to Balbec, as I was driving through Paris with a friend of my father, and had caught sight of a woman walking quickly along the dark street, I felt that it was unreasonable to forfeit, for a purely conventional scruple, my share of happiness in what may very well be the only life there is, and jumping from the carriage without a word of apology I followed in quest of the stranger; lost her where two streets crossed; caught her up again in a third, and arrived at last, breathless, beneath a street lamp, face to face with old Mme. Verdurin whom I had been carefully avoiding for years, and who, in her delight and surprise, exclaimed: ""But how very nice of you to have run all this way just to say how d'ye do to me!"""
86	90	0.501	Cette année-là, à Balbec, au moment de ces rencontres, j’assurais à ma grand’mère, à Mme de Villeparisis qu’à cause d’un grand mal de tête, il valait mieux que je rentrasse seul à pied.	That year at Balbec, at the moments of such encounters, I would assure my grandmother and Mme. de Villeparisis that I had so severe a headache that the best thing for me would be to go home alone on foot.
87	91	0.330	Elles refusaient de me laisser descendre.	But they would never let me get out of the carriage.
88	92	0.445	Et j’ajoutais la belle fille (bien plus difficile à retrouver que ne l’est un monument, car elle était anonyme et mobile) à la collection de toutes celles que je me promettais de voir de près.	And I must add that the pretty girl (far harder to find again than an historic building, for she was nameless and had the power of locomotion) to the collection of all those whom I promised myself that I would examine more closely at a later date.
89	93	0.447	Une pourtant se trouva repasser sous mes yeux, dans des conditions telles que je crus que je pourrais la connaître comme je voudrais.	One of them, however, happened to pass more than once before my eyes in circumstances which allowed me to believe that I should be able to get to know her when I chose.
90	94	0.612	C’était une laitière qui vint d’une ferme apporter un supplément de crème à l’hôtel.	This was a milk-girl who came from a farm with an additional supply of cream for the hotel.
91	95	0.617	Je pensai qu’elle m’avait aussi reconnu et elle me regardait, en effet, avec une attention qui n’était peut-être causée que par l’étonnement que lui causait la mienne.	I fancied that she had recognised me also; and she did, in fact, look at me with an attentiveness which was perhaps due only to the surprise which my attentiveness caused her.
92	96	0.577	Or le lendemain, jour où je m’étais reposé toute la matinée quand Françoise vint ouvrir les rideaux vers midi, elle me remit une lettre qui avait été déposée pour moi à l’hôtel.	And next day, a day on which I had been resting all morning, when Françoise came in about noon to draw my curtains, she handed me a letter which had been left for me downstairs.
93	97	0.520	Je ne connaissais personne à Balbec.	I knew no one at Balbec.
94	98	0.547	Je ne doutai pas que la lettre ne fût de la laitière.	I had no doubt that the letter was from the milk-girl.
95	99	0.391	Hélas, elle n’était que de Bergotte qui, de passage, avait essayé de me voir, mais ayant su que je dormais m’avait laissé un mot charmant pour lequel le liftman avait fait une enveloppe que j’avais cru écrite par la laitière.	Alas, it was only from Bergotte who, as he happened to be passing, had tried to see me, but on hearing that I was asleep had scribbled a few charming lines for which the lift-boy had addressed an envelope which I had supposed to have been written by the milk-girl.
96	100	0.409	J’étais affreusement déçu, et l’idée qu’il était plus difficile et plus flatteur d’avoir une lettre de Bergotte ne me consolait en rien qu’elle ne fût pas de la laitière.	I was bitterly disappointed, and the thought that it was more difficult, and more flattering to myself to get a letter from Bergotte did not in the least console me for this particular letter's not being from her.
97	101	0.474	Cette fille-là même, je ne la retrouvai pas plus que celles que j’apercevais seulement de la voiture de Mme de Villeparisis.	As for the girl, I never came across her again any more than I came across those whom I had seen only from Mme. de Villeparisis's carriage.
98	102	0.403	La vue et la perte de toutes accroissaient l’état d’agitation où je vivais et je trouvais quelque sagesse aux philosophes qui nous recommandent de borner nos désirs (si toutefois ils veulent parler du désir des êtres, car c’est le seul qui puisse laisser de l’anxiété, s’appliquant à de l’inconnu conscient.	Seeing and then losing them all thus increased the state of agitation in which I was living, and I found a certain wisdom in the philosophers who recommend us to set a limit to our desires (if, that is, they refer to our desire for people, for that is the only kind that ends in anxiety, having for its object a being at once unknown and unconscious.
99-100	103	0.253	Supposer que la philosophie veut parler du désir des richesses serait trop absurde). Pourtant j’étais disposé à juger cette sagesse incomplète, car je me disais que ces rencontres me faisaient trouver encore plus beau un monde qui fait ainsi croître sur toutes les routes campagnardes des fleurs à la fois singulières et communes, trésors fugitifs de la journée, aubaines de la promenade, dont les circonstances contingentes qui ne se reproduiraient peut-être pas toujours m’avaient seules empêché de profiter, et qui donnent un goût nouveau à la vie.	To suppose that philosophy could refer to the desire for wealth would be too silly.) At the same time I was inclined to regard this wisdom as incomplete, for I said to myself that these encounters made me find even more beautiful a world which thus caused to grow along all the country roads flowers at once rare and common, fleeting treasures of the day, windfalls of the drive, of which the contingent circumstances that would never, perhaps, recur had alone prevented me from taking advantage, and which gave a new zest to life.
101	104	0.372	Mais peut-être, en espérant qu’un jour, plus libre, je pourrais trouver sur d’autres routes de semblables filles, je commençais déjà à fausser ce qu’a d’exclusivement individuel le désir de vivre auprès d’une femme qu’on a trouvé jolie, et du seul fait que j’admettais la possibilité de le faire naître artificiellement, j’en avais implicitement reconnu l’illusion.	But perhaps in hoping that, one day, with greater freedom, I should be able to find on other roads girls much the same, I was already beginning to falsify and corrupt what there is exclusively individual in the desire to live in the company of a woman whom one has found attractive, and by the mere fact that I admitted the possibility of making this desire grow artificially, I had implicitly acknowledged my illusion.
102	105	0.508	Le jour que Mme de Villeparisis nous mena à Carqueville où était cette église couverte de lierre dont elle avait parlé et qui, bâtie sur un tertre, domine le village, la rivière qui le traverse et qui a conservé son petit pont du moyen âge, ma grand’mère, pensant que je serais content d’être seul pour regarder le monument, proposa à son amie d’aller goûter chez le pâtissier, sur la place qu’on apercevait distinctement et qui sous sa patine dorée était comme une autre partie d’un objet tout entier ancien.	The day on which Mme. de Villeparisis took us to Carqueville, where there was that church, covered in ivy, of which she had spoken to us, a church that, built upon rising ground, dominated both its village and the river that flowed beneath it, and had kept its own little bridge from the middle ages, my grandmother, thinking that I would like to be left alone to study the building at my leisure, suggested to her friend that they should go on and wait for me at the pastry-cook's, in the village square which was clearly visible from where we were and, in its mellow bloom in the sunshine, seemed like another part of a Whole that was all mediaeval.
103	106	0.473	Il fut convenu que j’irais les y retrouver.	It was arranged that I should join them there later.
104	107	0.393	Dans le bloc de verdure devant lequel on me laissa, il fallait pour reconnaître une église faire un effort qui me fît serrer de plus près l’idée d’église; en effet, comme il arrive aux élèves qui saisissent plus complètement le sens d’une phrase quand on les oblige par la version ou par le thème à la dévêtir des formes auxquelles ils sont accoutumés, cette idée d’église dont je n’avais guère besoin d’habitude devant des clochers qui se faisaient reconnaître d’eux-mêmes, j’étais obligé d’y faire perpétuellement appel pour ne pas oublier, ici que le cintre de cette touffe de lierre était celui d’une verrière ogivale, là, que la saillie des feuilles était due au relief d’un chapiteau.	"In the mass of verdure before which I was left standing I was obliged, if I was to discover the church, to make a mental effort which involved my grasping more intensely the idea ""Church""; in fact, as happens to schoolboys who gather more fully the meaning of a sentence when they are made, by translating or by paraphrasing it, to divest it of the forms to which they are accustomed, this idea of ""Church"", which as a rule I scarcely needed when I stood beneath steeples that were recognisable in themselves, I was obliged perpetually to recall so as not to forget, here that the arch in this clump of ivy was that of a pointed window, there that the projection of the leaves was due to the swelling underneath of a capital."
105	108	0.500	Mais alors un peu de vent soufflait, faisait frémir le porche mobile que parcouraient des remous propagés et tremblants comme une clarté; les feuilles déferlaient les unes contre les autres; et frissonnante, la façade végétale entraînait avec elle les piliers onduleux, caressés et fuyants.	Then came a breath of wind, and sent a tremor through the mobile porch, which was overrun by eddies that shot and quivered like a flood of light; the pointed leaves opened one against another; and, shuddering, the arboreal front drew after it green pillars, undulant, caressed and fugitive.
106	109	0.488	Comme je quittais l’église, je vis devant le vieux pont des filles du village qui, sans doute parce que c’était un dimanche, se tenaient attifées, interpellant les garçons qui passaient.	As I came away from the church I saw by the old bridge a cluster of girls from the village who, probably because it was Sunday, were standing about in their best clothes, rallying the young men who went past.
107	110	0.455	Moins bien vêtue que les autres, mais semblant les dominer par quelque ascendant — car elle répondait à peine à ce qu’elles lui disaient — l’air plus grave et plus volontaire, il y en avait une grande qui assise à demi sur le rebord du pont, laissant pendre ses jambes, avait devant elle un petit pot plein de poissons qu’elle venait probablement de pêcher.	Not so well dressed as the others, but seeming to enjoy some ascendancy over them — for she scarcely answered when they spoke to her — with a more serious and a more determined air, there was a tall one who, hoisted upon the parapet of the bridge with her feet hanging down, was holding on her lap a small vessel full of fish which she had presumably just been catching.
108	111	0.446	Elle avait un teint bruni, des yeux doux, mais un regard dédaigneux de ce qui l’entourait, un petit nez d’une forme fine et charmante.	She had a tanned complexion, gentle eyes but with a look of contempt for her surroundings, a small nose, delicately and attractively modelled.
109	112	0.439	Mes regards se posaient sur sa peau et mes lèvres à la rigueur pouvaient croire qu’elles avaient suivi mes regards.	My eyes rested upon her skin; and my lips, had the need arisen, might have believed that they had followed my eyes.
110	113	0.482	Mais ce n’est pas seulement son corps que j’aurais voulu atteindre, c’était aussi la personne qui vivait en lui et avec laquelle il n’est qu’une sorte d’attouchement, qui est d’attirer son attention, qu’une sorte de pénétration, y éveiller une idée.	But it was not only to her body that I should have liked to attain, there was also her person, which abode within her, and with which there is but one form of contact, namely to attract its attention, but one sort of penetration, to awaken an idea in it.
111	114	0.405	Et cet être intérieur de la belle pêcheuse, semblait m’être clos encore, je doutais si j’y étais entré, même après que j’eus aperçu ma propre image se refléter furtivement dans le miroir de son regard, suivant un indice de réfraction qui m’était aussi inconnu que si je me fusse placé dans le champ visuel d’une biche.	And this inner self of the charming fisher-girl seemed to be still closed to me, I was doubtful whether I had entered it, even after I had seen my own image furtively reflect itself in the twin mirrors of her gaze, following an index of refraction that was as unknown to me as if I had been placed in the field of vision of a deer.
112	115	0.425	Mais de même qu’il ne m’eût pas suffi que mes lèvres prissent du plaisir sur les siennes mais leur en donnassent, de même j’aurais voulu que l’idée de moi qui entrerait en cet être, qui s’y accrocherait, n’amenât pas à moi seulement son attention, mais son admiration, son désir, et le forçât à garder mon souvenir jusqu’au jour où je pourrais le retrouver.	But just as it would not have sufficed that my lips should find pleasure in hers without giving pleasure to them also, so I should have wished that the idea of me which was to enter this creature, was to fasten itself in her, should attract to me not merely her attention but her admiration, her desire, and should compel her to keep me in her memory until the day when I should be able to meet her again.
113	116	0.378	Cependant, j’apercevais à quelques pas la place où devait m’attendre la voiture de Mme de Villeparisis.	Meanwhile I could see, within a stone's-throw, the square in which Mme. de Villeparisis's carriage must be waiting for me.
114	117	0.427	Je n’avais qu’un instant; et déjà je sentais que les filles commençaient à rire de me voir ainsi arrêté.	I had not a moment to lose; and already I could feel that the girls were beginning to laugh at the sight of me thus held suspended before them.
115	118	0.612	J’avais cinq francs dans ma poche.	I had a five-franc piece in my pocket.
116	119	0.560	Je les en sortis, et avant d’expliquer à la belle fille la commission dont je la chargeais, pour avoir plus de chance qu’elle m’écoutât, je tins un instant la pièce devant ses yeux:	I drew it out, and, before explaining to the girl the errand on which I proposed to send her, so as to have a better chance of her listening to me, I held the coin for a moment before her eyes:
117	120	0.302	—Puisque vous avez l’air d’être du pays, dis-je à la pêcheuse, est-ce que vous auriez la bonté de faire une petite course pour moi?	"""Since you seem to belong to the place,"" I said to her, ""I wonder if you would be so good as to take a message for me."
118	121	0.554	Il faudrait aller devant un pâtissier qui est paraît-il sur une place, mais je ne sais pas où c’est, et où une voiture m’attend.	I want you to go to a pastry-cook's — which is apparently in a square, but I don't know where that is — where there is a carriage waiting for me.
119	122	0.453	Attendez!	One moment!
120	123	0.522	… pour ne pas confondre vous demanderez si c’est la voiture de la marquise de Villeparisis.	To make quite sure, will you ask if the carriage belongs to the Marquise de Villeparisis?
121	124	0.191	Du reste vous verrez bien, elle a deux chevaux.	"But you can't miss it; it's a carriage and pair."""
122	125	0.528	C’était cela que je voulais qu’elle sût pour prendre une grande idée de moi.	That was what I wished her to know, so that she should regard me as someone of importance.
123	126	0.682	Mais quand j’eus prononcé les mots «marquise» et «deux chevaux», soudain j’éprouvai un grand apaisement.	"But when I had uttered the words ""Marquise"" and ""carriage and pair"", suddenly I had a great sense of calm."
124	127	0.548	Je sentis que la pêcheuse se souviendrait de moi et se dissiper, avec mon effroi de ne pouvoir la retrouver, une partie de mon désir de la retrouver.	I felt that the fisher-girl would remember me, and I felt vanishing, with my fear of not being able to meet her again, part also of my desire to meet her.
125	128	0.506	Il me semblait que je venais de toucher sa personne avec des lèvres invisibles et que je lui avais plu.	It seemed to me that I had succeeded in touching her person with invisible lips, and that I had pleased her.
126	129	0.591	Et cette prise de force de son esprit, cette possession immatérielle, lui avait ôté de son mystère autant que fait la possession physique.	And this assault and capture of her mind, this immaterial possession had taken from her part of her mystery, just as physical possession does.
127	130	0.681	Nous descendîmes sur Hudimesnil; tout d’un coup je fus rempli de ce bonheur profond que je n’avais pas souvent ressenti depuis Combray, un bonheur analogue à celui que m’avaient donné, entre autres, les clochers de Martinville.	We came down towards Hudimesnil; suddenly I was overwhelmed with that profound happiness which I had not often felt since Combray; happiness analogous to that which had been given me by — among other things — the steeples of Martinville.
128	131	0.671	Mais cette fois il resta incomplet.	But this time it remained incomplete.
129	132	0.401	Je venais d’apercevoir, en retrait de la route en dos d’âne que nous suivions, trois arbres qui devaient servir d’entrée à une allée couverte et formaient un dessin que je ne voyais pas pour la première fois, je ne pouvais arriver à reconnaître le lieu dont ils étaient comme détachés mais je sentais qu’il m’avait été familier autrefois; de sorte que mon esprit ayant trébuché entre quelque année lointaine et le moment présent, les environs de Balbec vacillèrent et je me demandai si toute cette promenade n’était pas une fiction, Balbec un endroit où je n’étais jamais allé que par l’imagination, Mme de Villeparisis un personnage de roman et les trois vieux arbres la réalité qu’on retrouve en levant les yeux de dessus le livre qu’on était en train de lire et qui vous décrivait un milieu dans lequel on avait fini par se croire effectivement transporté.	I had just seen, standing a little way back from the steep ridge over which we were passing, three trees, probably marking the entrance to a shady avenue, which made a pattern at which I was looking now not for the first time; I could not succeed in reconstructing the place from which they had been, as it were, detached, but I felt that it had been familiar to me once; so that my mind having wavered between some distant year and the present moment, Balbec and its surroundings began to dissolve and I asked myself whether the whole of this drive were not a make-believe, Balbec a place to which I had never gone save in imagination, Mme. de Villeparisis a character in a story and the three old trees the reality which one recaptures on raising one's eyes from the book which one has been reading and which describes an environment into which one has come to believe that one has been bodily transported.
130	133	0.431	Je regardais les trois arbres, je les voyais bien, mais mon esprit sentait qu’ils recouvraient quelque chose sur quoi il n’avait pas prise, comme sur ces objets placés trop loin dont nos doigts allongés au bout de notre bras tendu, effleurent seulement par instant l’enveloppe sans arriver à rien saisir.	I looked at the three trees; I could see them plainly, but my mind felt that they were concealing something which it had not grasped, as when things are placed out of our reach, so that our fingers, stretched out at arm's length, can only touch for a moment their outer surface, and can take hold of nothing.
131	134	0.441	Alors on se repose un moment pour jeter le bras en avant d’un élan plus fort et tâcher d’atteindre plus loin.	Then we rest for a little while before thrusting out our arm with refreshed vigour, and trying to reach an inch or two farther.
132	135	0.498	Mais pour que mon esprit pût ainsi se rassembler, prendre son élan, il m’eût fallu être seul.	But if my mind was thus to collect itself, to gather strength, I should have to be alone.
133	136	0.514	Que j’aurais voulu pouvoir m’écarter comme je faisais dans les promenades du côté de Guermantes quand je m’isolais de mes parents.	What would I not have given to be able to escape as I used to do on those walks along the Guermantes way, when I detached myself from my parents!
134	137	0.442	Il me semblait même que j’aurais dû le faire.	It seemed indeed that I ought to do so now.
135	138	0.369	Je reconnaissais ce genre de plaisir qui requiert, il est vrai, un certain travail de la pensée sur elle-même, mais à côté duquel les agréments de la nonchalance qui vous fait renoncer à lui, semblent bien médiocres.	I recognised that kind of pleasure which requires, it is true, a certain effort on the part of the mind, but in comparison with which the attractions of the inertia which inclines us to renounce that pleasure seem very slight.
136	139	0.459	Ce plaisir, dont l’objet n’était que pressenti, que j’avais à créer moi-même, je ne l’éprouvais que de rares fois, mais à chacune d’elles il me semblait que les choses qui s’étaient passées dans l’intervalle n’avaient guère d’importance et qu’en m’attachant à la seule réalité je pourrais commencer enfin une vraie vie.	That pleasure, the object of which I could but dimly feel, that pleasure which I must create for myself, I experienced only on rare occasions, but on each of these it seemed to me that the things which had happened in the interval were of but scant importance, and that in attaching myself to the reality of that pleasure alone I could at length begin to lead a new life.
137	140	0.640	Je mis un instant ma main devant mes yeux pour pouvoir les fermer sans que Mme de Villeparisis s’en aperçût.	I laid my hand for a moment across my eyes, so as to be able to shut them without Mme. de Villeparisis's noticing.
138	141	0.468	Je restai sans penser à rien, puis de ma pensée ramassée, ressaisie avec plus de force, je bondis plus avant dans la direction des arbres, ou plutôt dans cette direction intérieure au bout de laquelle je les voyais en moi-même.	I sat there, thinking of nothing, then with my thoughts collected, compressed and strengthened I sprang farther forward in the direction of the trees, or rather in that inverse direction at the end of which I could see them growing within myself.
139	142	0.518	Je sentis de nouveau derrière eux le même objet connu mais vague et que je ne pus ramener à moi.	I felt again behind them the same object, known to me and yet vague, which I could not bring nearer.
140	143	0.373	Cependant tous trois au fur et à mesure que la voiture avançait, je les voyais s’approcher.	And yet all three of them, as the carriage moved on, I could see coming towards me.
141	144	0.598	Où les avais-je déjà regardés?	Where had I looked at them before?
142	145	0.567	Il n’y avait aucun lieu autour de Combray où une allée s’ouvrit ainsi.	There was no place near Combray where an avenue opened off the road like that.
143	146	0.468	Le site qu’ils me rappelaient il n’y avait pas de place pour lui davantage dans la campagne allemande où j’étais allé une année avec ma grand’mère prendre les eaux.	The site which they recalled to me, there was no room for it either in the scenery of the place in Germany where I had gone one year with my grandmother to take the waters.
144	147	0.348	Fallait-il croire qu’ils venaient d’années déjà si lointaines de ma vie que le paysage qui les entourait avait été entièrement aboli dans ma mémoire et que, comme ces pages qu’on est tout d’un coup ému de retrouver dans un ouvrage qu’on s’imaginait n’avoir jamais lu, ils surnageaient seuls du livre oublié de ma première enfance.	Was I to suppose, then, that they came from years already so remote in my life that the landscape which accompanied them had been entirely obliterated from my memory, and that, like the pages which, with sudden emotion, we recognise in a book which we imagined that we had never read, they surged up by themselves out of the forgotten chapter of my earliest infancy?
145	148	0.305	N’appartenaient-ils au contraire qu’à ces paysages du rêve, toujours les mêmes, du moins pour moi chez qui leur aspect étrange n’était que l’objectivation dans mon sommeil de l’effort que je faisais pendant la veille, soit pour atteindre le mystère dans un lieu derrière l’apparence duquel je le pressentais, comme cela m’était arrivé si souvent du côté de Guermantes, soit pour essayer de le réintroduire dans un lieu que j’avais désiré connaître et qui du jour où je l’avais connu n’avait paru tout superficiel, comme Balbec?	Were they not rather to be numbered among those dream landscapes, always the same, at least for me in whom their unfamiliar aspect was but the objectivation in my dreams of the effort that I had been making while awake either to penetrate the mystery of a place beneath the outward appearance of which I was dimly conscious of there being something more, as had so often happened to me on the Guermantes way, or to succeed in bringing mystery back to a place which I had longed to know and which, from the day on which I had come to know it, had seemed to me to be wholly superficial, like Balbec?
146	149	0.315	N’étaient-ils qu’une image toute nouvelle détachée d’un rêve de la nuit précédente mais déjà si effacée qu’elle me semblait venir de beaucoup plus loin?	Or were they but an image freshly extracted from a dream of the night before, but already so worn, so altered that it seemed to me to come from somewhere far more distant?
147	150	0.316	Ou bien ne les avais-je jamais vus et cachaient-ils derrière eux comme tels arbres, telle touffe d’herbes que j’avais vus du côté de Guermantes, un sens aussi obscur, aussi difficile à saisir qu’un passé lointain, de sorte que, sollicité par eux d’approfondir une pensée, je croyais avoir à reconnaître un souvenir.	Or had I indeed never seen them before; did they conceal beneath their surface, like the trees, like the tufts of grass that I had seen beside the Guermantes way, a meaning as obscure, as hard to grasp as is a distant past, so that, whereas they were pleading with me that I would master a new idea, I imagined that I had to identify something in my memory?
148	151	0.456	Ou encore ne cachaient-ils même pas de pensées et était-ce une fatigue de ma vision qui me les faisait voir doubles dans le temps comme on voit quelquefois double dans l’espace?	Or again were they concealing no hidden thought, and was it simply my strained vision that made me see them double in time as one occasionally sees things double in space?
149	152	0.423	Je ne savais.	I could not tell.
150	153	0.513	Cependant ils venaient vers moi; peut-être apparition mythique, ronde de sorcières ou de nornes qui me proposait ses oracles.	And yet all the time they were coming towards me; perhaps some fabulous apparition, a ring of witches or of norns who would propound their oracles to me.
151	154	0.497	Je crus plutôt que c’étaient des fantômes du passé, de chers compagnons de mon enfance, des amis disparus qui invoquaient nos communs souvenirs.	I chose rather to believe that they were phantoms of the past, dear companions of my childhood, vanished friends who recalled our common memories.
152	155	0.616	Comme des ombres ils semblaient me demander de les emmener avec moi, de les rendre à la vie.	Like ghosts they seemed to be appealing to me to take them with me, to bring them back to life.
153	156	0.684	Dans leur gesticulation naïve et passionnée, je reconnaissais le regret impuissant d’un être aimé qui a perdu l’usage de la parole, sent qu’il ne pourra nous dire ce qu’il veut et que nous ne savons pas deviner.	In their simple, passionate gesticulation I could discern the helpless anguish of a beloved person who has lost the power of speech, and feels that he will never be able to say to us what he wishes to say and we can never guess.
154	157	0.501	Bientôt à un croisement de routes, la voiture les abandonna.	Presently, at a cross-roads, the carriage left them.
155	158	0.671	Elle m’entraînait loin de ce que je croyais seul vrai, de ce qui m’eût rendu vraiment heureux, elle ressemblait à ma vie.	It was bearing me away from what alone I believed to be true, what would have made me truly happy; it was like my life.
156	159	0.520	Je vis les arbres s’éloigner en agitant leurs bras désespérés, semblant me dire: ce que tu n’apprends pas de nous aujourd’hui, tu ne le sauras jamais.	"I watched the trees gradually withdraw, waving their despairing arms, seeming to say to me: ""What you fail to learn from us to-day, you will never know."
157	160	0.476	Si tu nous laisses retomber au fond de ce chemin d’où nous cherchions à nous hisser jusqu’à toi, toute une partie de toi-même que nous t’apportions tombera pour jamais au néant.	"If you allow us to drop back into the hollow of this road from which we sought to raise ourselves up to you, a whole part of yourself which we were bringing to you will fall for ever into the abyss."""
158	161	0.454	En effet, si dans la suite je retrouvai le genre de plaisir et d’inquiétude que je venais de sentir encore une fois, et si un soir — trop tard, mais pour toujours — je m’attachai à lui, de ces arbres eux-mêmes, en revanche je ne sus jamais ce qu’ils avaient voulu m’apporter ni où je les avais vus.	And indeed if, in the course of time, I did discover the kind of pleasure and of disturbance which I had just been feeling once again, and if one evening — too late, but then for all time — I fastened myself to it, of those trees themselves I was never to know what they had been trying to give me nor where else I had seen them.
159	162	0.453	Et quand la voiture ayant bifurqué, je leur tournai le dos et cessai de les voir, tandis que Mme de Villeparisis, me demandait pourquoi j’avais l’air rêveur, j’étais triste comme si je venais de perdre un ami, de mourir moi-même, de renier un mort ou de méconnaître un Dieu.	And when, the road having forked and the carriage with it, I turned my back on them and ceased to see them, with Mme. de Villeparisis asking me what I was dreaming about, I was as wretched as though I had just lost a friend, had died myself, had broken faith with the dead or had denied my God.
160	163	0.240	Il fallait songer au retour.	It was time to be thinking of home.
161	164	0.569	Mme de Villeparisis qui avait un certain sens de la nature, plus froid que celui de ma grand’mère mais qui sait reconnaître, même en dehors des musées et des demeures aristocratiques, la beauté simple et majestueuse de certaines choses anciennes, disait au cocher de prendre la vieille route de Balbec, peu fréquentée, mais plantée de vieux ormes qui nous semblaient admirables.	Mme. de Villeparisis, who had a certain feeling for nature, colder than that of my grandmother but capable of recognising, even outside museums and noblemen's houses, the simple and majestic beauty of certain old and venerable things, told her coachman to take us back by the old Balbec road, a road little used but planted with old elm-trees which we thought quite admirable.
162	165	0.496	Une fois que nous connûmes cette vieille route, pour changer, nous revînmes, à moins que nous ne l’eussions prise à l’aller, par une autre qui traversait les bois de Chantereine et de Canteloup.	Once we had got to know this road, for a change we would return — that is, if we had not taken it on the outward journey — by another which ran through the woods of Chantereine and Canteloup.
163	166	0.529	L’invisibilité des innombrables oiseaux qui s’y répondaient tout à côté de nous dans les arbres donnait la même impression de repos qu’on a les yeux fermés.	The invisibility of the numberless birds that took up one another's song close beside us in the trees gave me the same sense of being at rest that one has when one shuts one's eyes.
164	167	0.647	Enchaîné à mon strapontin comme Prométhée sur son rocher, j’écoutais mes Océanides.	Chained to my back-seat like Prometheus on his rock I listened to my Oceanides.
165	168	0.568	Et quand, par hasard, j’apercevais l’un de ces oiseaux qui passait d’une feuille sous une autre, il y avait si peu de lien apparent entre lui et ces chants que je ne croyais pas voir la cause de ceux-ci dans ce petit corps sautillant, étonné et sans regard.	And when it so happened that I caught a glimpse of one of those birds as it passed from one leaf to another, there was so little apparent connexion between it and the songs that I heard that I could not believe that I was beholding their cause in that little body, fluttering, startled and unseeing.
166	169	0.576	Cette route était pareille à bien d’autres de ce genre qu’on rencontre en France, montant en pente assez raide, puis redescendant sur une grande longueur.	This road was like many others of the same kind which are to be found in France, climbing on a fairly steep gradient to its summit and then gradually falling for the rest of the way.
167	170	0.496	Au moment même, je ne lui trouvais pas un grand charme, j’étais seulement content de rentrer.	At the time, I found no great attraction in it, I was only glad to be going home.
168	171	0.387	Mais elle devint pour moi dans la suite une cause de joies en restant dans ma mémoire comme une amorce où toutes les routes semblables sur lesquelles je passerais plus tard au cours d’une promenade ou d’un voyage s’embrancheraient aussitôt sans solution de continuité et pourraient, grâce à elle, communiquer immédiatement avec mon cœur.	But it became for me later on a frequent source of joy by remaining in my memory as a lodestone to which all the similar roads that I was to take, on walks or drives or journeys, would at once attach themselves without breach of continuity and would be able, thanks to it, to communicate directly with my heart.
169	172	0.203	Car dès que la voiture ou l’automobile s’engagerait dans une de ces routes qui auraient l’air d’être la continuation de celle que j’avais parcourue avec Mme de Villeparisis, ce à quoi ma conscience actuelle se trouverait immédiatement appuyée comme à mon passé le plus récent, ce serait (toutes les années intermédiaires se trouvant abolies) les impressions que j’avais eues par ces fins d’après-midi-là, en promenade près de Balbec, quand les feuilles sentaient bon, que la brume s’élevait et qu’au delà du prochain village on apercevrait entre les arbres le coucher du soleil comme s’il avait été quelque localité suivante, forestière, distante et qu’on n’atteindra pas le soir même.	For as soon as the carriage or the motor-car turned into one of these roads that seemed to be merely the continuation of the road along which I had driven with Mme. de Villeparisis, the matter to which I found my consciousness directly applying itself, as to the most recent event in my past, would be (all the intervening years being quietly obliterated) the impressions that I had had on those bright summer afternoons and evenings, driving round Balbec, when the leaves smelt good, a mist rose from the ground, and beyond the village close at hand one could see through the trees the sun setting as though it had been merely some place farther along the road, a forest place and distant, which we should not have time to reach that evening.
170	173	0.271	Raccordées à celles que j’éprouvais maintenant dans un autre pays, sur une route semblable, s’entourant de toutes les sensations accessoires de libre respiration, de curiosité, d’indolence, d’appétit, de gaieté, qui leur étaient communes, excluant toutes les autres, ces impressions se renforceraient, prendraient la consistance d’un type particulier de plaisir, et presque d’un cadre d’existence que j’avais d’ailleurs rarement l’occasion de retrouver, mais dans lequel le réveil des souvenirs mettait au milieu de la réalité matériellement perçue une part assez grande de réalité évoquée, songée, insaisissable, pour me donner, au milieu de ces régions où je passais, plus qu’un sentiment esthétique, un désir fugitif mais exalté, d’y vivre désormais pour toujours.	Harmonised with what I was feeling now in another place, on a similar road, surrounded by all the accessory sensations of breathing deep draughts of air, of curiosity, indolence, appetite, lightness of heart which were common to them both, and excluding all others, these impressions would be reinforced, would take on the consistency of a particular type of pleasure, and almost of a setting of life which, as it happened, I rarely had the luck to come across, but in which these awakened memories placed, amid the reality that my senses could perceive, no small part of a reality suggested, dreamed, unseizable, to give me, among those regions through which I was passing, more than an aesthetic feeling, a transient but exalted ambition to stay there and to live there always.
171	174	0.480	Que de fois pour avoir simplement senti une odeur de feuillée, être assis sur un strapontin en face de Mme de Villeparisis, croiser la princesse de Luxembourg qui lui envoyait des bonjours de sa voiture, rentrer dîner au Grand-Hôtel, ne m’est-il pas apparu comme un de ces bonheurs ineffables que ni le présent ni l’avenir ne peuvent nous rendre et qu’on ne goûte qu’une fois dans la vie.	How often since then, simply because I could smell green leaves, has not being seated on a back-seat opposite Mme. de Villeparisis, meeting the Princesse de Luxembourg who waved a greeting to her from her own carriage, coming back to dinner at the Grand Hotel appeared to me as one of those indescribable happinesses which neither the present nor the future can restore to us, which we may taste once only in a lifetime.
172	175	0.397	Souvent le jour était tombé avant que nous fussions de retour.	Often dusk would have fallen before we reached the hotel.
173	176	0.620	Timidement je citais à Mme de Villeparisis en lui montrant la lune dans le ciel, quelque belle expression de Chateaubriand ou de Vigny, ou de Victor Hugo: «Elle répandait ce vieux secret de mélancolie» ou «pleurant comme Diane au bord de ses fontaines» ou «L’ombre était nuptiale, auguste et solennelle.»	"Timidly I would quote to Mme. de Villeparisis, pointing to the moon in the sky, some memorable expression of Chateaubriand or Vigny or Victor Hugo: ""Shedding abroad that ancient secret of melancholy"" or ""Weeping like Diana by the brink of her streams"" or ""The shadows nuptial, solemn and august."""
174	177	0.565	—Et vous trouvez cela beau? me demandait-elle, génial comme vous dites?	"""And so you think that good, do you?"" she would ask, ""inspired, as you call it."
175	178	0.567	Je vous dirai que je suis toujours étonnée de voir qu’on prend maintenant au sérieux des choses que les amis de ces messieurs, tout en rendant pleine justice à leurs qualités, étaient les premiers à plaisanter.	I must confess that I am always surprised to see people taking things seriously nowadays which the friends of those gentlemen, while doing ample justice to their merits, were the first to laugh at.
176	179	0.420	On ne prodiguait pas le nom de génie comme aujourd’hui, où si vous dites à un écrivain qu’il n’a que du talent il prend cela pour une injure.	People weren't so free then with the word 'inspired' as they are now, when if you say to a writer that he has mere talent he thinks you're insulting him.
177	180	0.613	Vous me citez une grande phrase de M. de Chateaubriand sur le clair de lune.	You quote me a fine passage from M. de Chateaubriand about moonlight.
178	181	0.585	Vous allez voir que j’ai mes raisons pour y être réfractaire.	You shall see that I have my own reasons for being refractory.
179	182	0.589	M. de Chateaubriand venait bien souvent chez mon père.	M. de Chateaubriand used constantly to come to see my father.
180	183	0.510	Il était du reste agréable quand on était seul parce qu’alors il était simple et amusant, mais dès qu’il y avait du monde, il se mettait à poser et devenait ridicule; devant mon père, il prétendait avoir jeté sa démission à la face du roi et dirigé le conclave, oubliant que mon père avait été chargé par lui de supplier le roi de le reprendre; et l’avait entendu faire sur l’élection du pape les pronostics les plus insensés.	He was quite a pleasant person when you were alone with him, because then he was simple and amusing, but the moment he had an audience he would begin to pose, and then he became absurd; when my father was in the room, he pretended that he had flung his resignation in the King's face, and that he had controlled the voting in the Conclave, forgetting that it was my father whom he had asked to beg the King to take him back, and that my father had heard him make the most idiotic forecasts of the Papal election.
181	184	0.620	Il fallait entendre sur ce fameux conclave M. de Blacas, qui était un autre homme que M. de Chateaubriand.	You ought to have heard M. de Blacas on that famous Conclave; he was a very different kind of man from M. de Chateaubriand.
182	185	0.258	Quant aux phrases de celui-ci sur le clair de lune elles étaient tout simplement devenues une charge à la maison.	As to his fine phrases about the moon, they became part of our regular programme for entertaining our guests.
183	186	0.344	Chaque fois qu’il faisait clair de lune autour du château, s’il y avait quelque invité nouveau, on lui conseillait d’emmener M. de Chateaubriand prendre l’air après le dîner.	Whenever there was any moonlight about the house, if there was anyone staying with us for the first time he would be told to take M. de Chateaubriand for a stroll after dinner.
184	187	0.495	Quand ils revenaient, mon père ne manquait pas de prendre à part l’invité: «M. de Chateaubriand a été bien éloquent?	When they came in, my father would take his guest aside and say: 'Well, and was M. de Chateaubriand very eloquent?'
185-186	188	0.341	— Oh! oui. — Il vous a parlé du clair de lune.	— 'Oh, yes.' 'He's been talking about the moon?'
187	189	0.477	— Oui, comment savez-vous?	— 'Yes, how did you know?'
188-189	190	0.127	— Attendez, ne vous a-t-il pas dit, et il lui citait la phrase. — Oui, mais par quel mystère.	— 'One moment, didn't he say —  — ' and then my father would quote the passage. 'He did; but how in the world . . .?'
190	191	0.442	— Et il vous a parlé même du clair de lune dans la campagne romaine.	— 'And he spoke to you of the moonlight on the Roman Campagna?'
191	192	0.272	— Mais vous êtes sorcier.»	— 'But, my dear sir, you're a magician.'
192	193	0.504	Mon père n’était pas sorcier, mais M. de Chateaubriand se contentait de servir toujours un même morceau tout préparé.	"My father was no magician, but M. de Chateaubriand had the same little speech about the moon which he served up every time."""
193-194	194	0.575	Au nom de Vigny elle se mit à rire. —Celui qui disait: «Je suis le comte Alfred de Vigny.»	"At the mention of Vigny she laughed: ""The man who said: 'I am the Comte Alfred de Vigny!'"
195	195	0.497	On est comte ou on n’est pas comte, ça n’a aucune espèce d’importance.	"One either is a Comte or one isn't; it is not of the slightest importance."""
196-197	196	0.435	Et peut-être trouvait-elle que cela en avait tout de même un peu, car elle ajoutait: —D’abord je ne suis pas sûre qu’il le fût, et il était en tout cas de très petite souche, ce monsieur qui a parlé dans ses vers de son «cimier de gentilhomme».	"And then perhaps she discovered that it was after all, of some slight importance, for she went on: ""For one thing I am by no means sure that he was, and in any case he was of the humblest origin, that gentleman who speaks in his verses of his 'Esquire's crest'."
198	197	0.492	Comme c’est de bon goût et comme c’est intéressant pour le lecteur!	In such charming taste, is it not, and so interesting to his readers!
199	198	0.507	C’est comme Musset, simple bourgeois de Paris, qui disait emphatiquement: «L’épervier d’or dont mon casque est armé.»	Like Musset, a plain Paris cit, who laid so much stress on 'The golden falcon that surmounts my helm'.
200	199	0.318	Jamais un vrai grand seigneur ne dit de ces choses-là.	As if you would ever hear a real gentleman say a thing like that!
201	200	0.489	Au moins Musset avait du talent comme poète.	And yet Musset had some talent as a poet.
202	201-202	0.508	Mais à part _Cinq-Mars_ je n’ai jamais rien pu lire de M. de Vigny, l’ennui me fait tomber le livre des mains.	But except _Cinq-Mars_ I have never been able to read a thing by M. de Vigny. I get so bored that the book falls from my hands.
203	203	0.632	M. Molé, qui avait autant d’esprit et de tact que M. de Vigny en avait peu, l’a arrangé de belle façon en le recevant à l’Académie.	M. Molé, who had all the cleverness and tact that were wanting in M. de Vigny, put him properly in his place when he welcomed him to the Academy.
204	204	0.494	Comment, vous ne connaissez pas son discours?	Do you mean to say you don't know the speech?
205	205	0.478	C’est un chef-d’œuvre de malice et d’impertinence.	"It is a masterpiece of irony and impertinence."""
206	206	0.510	Elle reprochait à Balzac qu’elle s’étonnait de voir admiré par ses neveux, d’avoir prétendu peindre une société «où il n’était pas reçu», et dont il a raconté mille invraisemblances.	"She found fault with Balzac, whom she was surprised to see her nephews admire, for having pretended to describe a society ""in which he was never received"" and of which his descriptions were wildly improbable."
207	207	0.525	Quant à Victor Hugo, elle nous disait que M. de Bouillon, son père, qui avait des camarades dans la jeunesse romantique, était entré grâce à eux à la première d’_Hernani_ mais qu’il n’avait pu rester jusqu’au bout, tant il avait trouvé ridicule, les vers de cet écrivain doué mais exagéré et qui n’a reçu le titre de grand poète qu’en vertu d’un marché fait, et comme récompense de l’indulgence intéressée qu’il a professée pour les dangereuses divagations des socialistes.	"As for Victor Hugo, she told us that M. de Bouillon, her father, who had friends among the young leaders of the Romantic movement, had been taken by some of them to the first performance of _Hernani_, but that he had been unable to sit through it, so ridiculous had he found the lines of that talented but extravagant writer who had acquired the title of ""Major Poet"" only by virtue of having struck a bargain, and as a reward for the not disinterested indulgence that he shewed to the dangerous errors of the Socialists."
208	208	0.475	Nous apercevions déjà l’hôtel, ses lumières si hostiles le premier soir, à l’arrivée, maintenant protectrices et douces, annonciatrices du foyer.	We had now come in sight of the hotel, with its lights, so hostile that first evening, on our arrival, now protecting and kind, speaking to us of home.
209	209	0.438	Et quand la voiture arrivait près de la porte, le concierge, les grooms, le lift, empressés, naïfs, vaguement inquiets de notre retard, massés sur les degrés à nous attendre, étaient devenus familiers, de ces êtres qui changent tant de fois au cours de notre vie, comme nous changeons nous-mêmes, mais dans lesquels au moment où ils sont pour un temps le miroir de nos habitudes, nous trouvons de la douceur à nous sentir fidèlement et amicalement reflétés.	And when the carriage drew up outside the door, the porter, the pages, the lift-boy, attentive, clumsy, vaguely uneasy at our lateness, were numbered, now that they had grown familiar, among those beings who change so many times in the course of our life, as we ourself change, but by whom, when they are for the time being the mirror of our habits, we find something attractive in the feeling that we are being faithfully reflected and in a friendly spirit.
210	210	0.529	Nous les préférons à des amis que nous n’avons pas vus depuis longtemps, car ils contiennent davantage de ce que nous sommes actuellement.	We prefer them to friends whom we have not seen for some time, for they contain more of what we actually are.
211	211	0.549	Seul «le chasseur», exposé au soleil dans la journée avait été rentré pour ne pas supporter la rigueur du soir, et emmailloté de lainages, lesquels joints à l’éplorement orangé de sa chevelure, et à la fleur curieusement rose de ses joues, faisaient au milieu du hall vitré, penser à une plante de serre qu’on protège contre le froid.	Only the outside page, exposed to the sun all day, had been taken indoors for protection from the cold night air and swaddled in thick woollen garments which, combined with the orange effulgence of his locks and the curiously red bloom of his cheeks, made one, seeing him there through the glass front of the hall, think of a hot-house plant muffled up for protection from the frost.
212	212	0.657	Nous descendions de voiture, aidés par beaucoup plus de serviteurs qu’il n’était nécessaire, mais ils sentaient l’importance de la scène et se croyaient obligés d’y jouer un rôle.	We got out of the carriage, with the help of a great many more servants than were required, but they were conscious of the importance of the scene and each felt obliged to take some part in it.
213	213	0.258	J’étais affamé.	I was always very hungry.
214	214	0.559	Aussi, souvent pour ne pas retarder le moment de dîner, je ne remontais pas dans la chambre qui avait fini par devenir si réellement mienne que revoir les grands rideaux violets et les bibliothèques basses, c’était me retrouver seul avec ce moi-même dont les choses, comme les gens, m’offraient l’image, et nous attendions tous ensemble dans le hall que le maître d’hôtel vînt nous dire que nous étions servis.	And so, often, so as not to keep dinner waiting, I would not go upstairs first to the room which had succeeded in becoming so really mine that to catch sight of its long violet curtains and low bookcases was to find myself alone again with that self of which things, like people, gave me a reflected image; but we would all wait together in the hall until the head waiter came to tell us that our dinner was ready.
215	215	0.550	C’était encore l’occasion pour nous d’écouter Mme de Villeparisis.	And this gave us another opportunity of listening to Mme. de Villeparisis.
216	216-217	0.257	—Nous abusons de vous, disait ma grand’mère.	"""But you must be tired of us by now,"" protested my grandmother. ""Not at all!"
217	218	0.396	—Mais comment, je suis ravie, cela m’enchante, répondait son amie avec un sourire câlin, en filant les sons, sur un ton mélodieux, qui contrastait avec sa simplicité coutumière.	"Why, I am delighted, what could be nicer?"" replied her friend with a winning smile, drawing out, almost intoning her words in a way that contrasted markedly with her customary simplicity of speech."
218	219	0.279	C’est qu’en effet dans ces moments-là elle n’était pas naturelle, elle se souvenait de son éducation, des façons aristocratiques avec lesquelles une grande dame doit montrer à des bourgeois qu’elle est heureuse de se trouver avec eux, qu’elle est sans morgue.	And indeed at such moments as this she was not natural, her mind reverted to her early training, to the aristocratic manner in which a great lady is supposed to shew common people that she is glad to see them, that she is not at all stiff.
219	220	0.371	Et le seul manque de véritable politesse qu’il y eût en elle était dans l’excès de ses politesses; car on y reconnaissait ce pli professionnel d’une dame du faubourg Saint-Germain, laquelle voyant toujours dans certains bourgeois les mécontents qu’elle est destinée à faire certains jours, profite avidement de toutes les occasions où il lui est possible, dans le livre de compte de son amabilité avec eux, de prendre l’avance d’un solde créditeur, qui lui permettra prochainement d’inscrire à son débit le dîner ou le raout où elle ne les invitera pas.	"And her one and only failure in true politeness lay in this excess of politeness; which it was easy to identify as one of the professional ""wrinkles"" of a lady of the Faubourg Saint-Germain, who, always seeing in her humbler friends the latent discontent that she must one day arouse in their bosoms, greedily seizes every opportunity on which she can possibly, in the ledger in which she keeps her social account with them, write down a credit balance which will allow her to enter presently on the opposite page the dinner or reception to which she will not invite them."
220	221	0.346	Ainsi, ayant agi jadis sur elle une fois pour toutes, et ignorant que maintenant les circonstances étaient autres, les personnes différentes et qu’à Paris elle souhaiterait de nous voir chez elle souvent, le génie de sa caste poussait avec une ardeur fiévreuse Mme de Villeparisis, comme si le temps qui lui était concédé pour être aimable était court, à multiplier avec nous, pendant que nous étions à Balbec, les envois de roses et de melons, les prêts de livres, les promenades en voiture et les effusions verbales.	And so, having long ago taken effect in her once and for all, and ignoring the fact that now both the circumstances and the people concerned were different, that in Paris she hoped to see us often come to her house, the spirit of her caste was urging Mme. de Villeparisis on with feverish ardour, and as if the time that was allowed her for being kind to us was limited, to multiply, while we were still at Balbec, her gifts of roses and melons, loans of books, drives in her carriage and verbal effusions.
221	222	0.475	Et par là — tout autant que la splendeur aveuglante de la plage, que le flamboiement multicolore et les lueurs sous-océaniques des chambres, tout autant même que les leçons d’équitation par lesquelles des fils de commerçants étaient déifiés comme Alexandre de Macédoine — les amabilités quotidiennes de Mme de Villeparisis et aussi la facilité momentanée, estivale, avec laquelle ma grand’mère les acceptait, sont restées dans mon souvenir comme caractéristiques de la vie de bains de mer.	And for that reason, quite as much as the dazzling glories of the beach, the many-coloured flamboyance and subaqueous light of the rooms, as much even as the riding-lessons by which tradesmen's sons were deified like Alexander of Macedon, the daily kindnesses shewn us by Mme. de Villeparisis and also the unaccustomed, momentary, holiday ease with which my grandmother accepted them have remained in my memory as typical of life at a watering-place.
222	223	0.506	—Donnez donc vos manteaux pour qu’on les remonte.	"""Give them your cloaks to take upstairs."""
223	224	0.537	Ma grand’mère les passait au directeur, et à cause de ses gentillesses pour moi, j’étais désolé de ce manque d’égards dont il paraissait souffrir.	My grandmother handed hers to the manager, and because he had been so nice to me I was distressed by this want of consideration, which seemed to pain him.
224	225	0.291	—Je crois que ce monsieur est froissé, disait la marquise.	"""I think you've hurt his feelings,"" said the Marquise."
225	226	0.495	Il se croit probablement trop grand seigneur pour prendre vos châles.	"""He probably fancies himself too great a gentleman to carry your wraps."
226	227	0.487	Je me rappelle le duc de Nemours, quand j’étais encore bien petite, entrant chez mon père qui habitait le dernier étage de l’hôtel Bouillon, avec un gros paquet sous le bras, des lettres et des journaux.	I remember so well the Duc de Nemours, when I was still quite little, coming to see my father who was living then on the top floor of the Bouillon house, with a fat parcel under his arm of letters and newspapers.
227-228	228	0.390	Je crois voir le prince dans son habit bleu sous l’encadrement de notre porte qui avait de jolies boiseries, je crois que c’est Bagard qui faisait cela, vous savez ces fines baguettes si souples que l’ébéniste parfois leur faisait former des petites coques, et des fleurs, comme des rubans qui nouent un bouquet. «Tenez, Cyrus, dit-il à mon père, voilà ce que votre concierge m’a donné pour vous.	I can see the Prince now, in his blue coat, framed in our doorway, which had such pretty woodwork round it — I think it was Bagard made it — you know those fine laths that they used to cut, so supple that the joiner would twist them sometimes into little shells and flowers, like the ribbons round a nosegay. 'Here you are, Cyrus,' he said to my father, 'look what your porter's given me to bring you.
229-230	229	0.347	Il m’a dit: «Puisque vous allez chez M. le comte, ce n’est pas la peine que je monte les étages, mais prenez garde de ne pas gâter la ficelle.» Maintenant que vous avez donné vos affaires, asseyez-vous, tenez, mettez-vous là, disait-elle à ma grand’mère en lui prenant la main.	"He said to me: Since you're going up to see the Count, it's not worth my while climbing all those stairs; but take care you don't break the string.'"" ""Now that you have got rid of your things, why don't you sit down; look, sit in this seat,"" she said to my grandmother, taking her by the hand."
231	230	0.396	—Oh! si cela vous est égal, pas dans ce fauteuil!	"""Oh, if you don't mind, not in that one!"
232	231	0.318	Il est trop petit pour deux, mais trop grand pour moi seule, j’y serais mal.	"There is not room for two, and it's too big for me by myself; I shouldn't feel comfortable."""
233	232	0.423	—Vous me faites penser, car c’était tout à fait le même, à un fauteuil que j’ai eu longtemps mais que j’ai fini par ne pas pouvoir garder parce qu’il avait été donné à ma mère par la malheureuse duchesse de Praslin.	"""You remind me, for it was exactly like this, of a seat that I had for many years until at last I couldn't keep it any longer because it had been given to my mother by the poor Duchesse de Praslin."
234	233	0.382	Ma mère qui était pourtant la personne la plus simple du monde, mais qui avait encore des idées qui viennent d’un autre temps et que déjà je ne comprenais pas très bien, n’avait pas voulu d’abord se laisser présenter à Mme de Praslin qui n’était que Mlle Sebastiani, tandis que celle-ci, parce qu’elle était duchesse, trouvait que ce n’était pas à elle à se faire présenter.	My mother, though she was the simplest person in the world, really, had ideas that belonged to another generation, which even in those days I could scarcely understand; and at first she had not been at all willing to let herself be introduced to Mme. de Praslin, who had been plain Mlle. Sebastiani, while she, because she was a Duchess, felt that it was not for her to be introduced to my mother.
235	234	0.346	Et par le fait, ajoutait Mme de Villeparisis oubliant qu’elle ne comprenait pas ce genre de nuances, n’eût-elle été que Mme de Choiseul que sa prétention aurait pu se soutenir.	"And really, you know,"" Mme. de Villeparisis went on, forgetting that she herself did not understand these fine shades of distinction, ""even if she had just been Mme. de Choiseul, there was a good deal to be said for her claim."
236	235	0.499	Les Choiseul sont tout ce qu’il y a de plus grand, ils sortent d’une sœur du roi Louis-le-Gros, ils étaient de vrais souverains en Basigny.	The Choiseuls are everything you could want; they spring from a sister of Louis the Fat; they were ruling princes down in Basigny.
237	236	0.516	J’admets que nous l’emportons par les alliances et l’illustration, mais l’ancienneté est presque la même.	I admit that we beat them in marriages and in distinction, but the precedence is pretty much the same.
238	237	0.461	Il était résulté de cette question de préséance des incidents comiques, comme un déjeuner qui fut servi en retard de plus d’une grande heure que mit l’une de ces dames à accepter de se laisser présenter.	This little difficulty gave rise to several amusing incidents, such as a luncheon-party which was kept waiting a whole hour or more before one of these ladies could make up her mind to let herself be introduced to the other.
239-240	238	0.371	Elles étaient malgré cela devenues de grandes amies et elle avait donné à ma mère un fauteuil du genre de celui-ci et où, comme vous venez de faire, chacun refusait de s’asseoir. Un jour ma mère entend une voiture dans la cour de son hôtel.	In spite of which they became great friends, and she gave my mother a seat like that, in which people always refused to sit, just as you did, until one day my mother heard a carriage drive into the courtyard.
241-243	239	0.340	Elle demande à un petit domestique qui c’est. «C’est Madame la duchesse de La Rochefoucauld, madame la comtesse. — Ah! bien, je la recevrai.»	She asked a young servant we had, who it was. 'The Duchesse de La Rochefoucauld, ma'am.' 'Very well, say that I am at home.'
244-246	240	0.334	Au bout d’un quart d’heure, personne. «Hé bien, Madame la duchesse de La Rochefoucauld? où est-elle donc? — Elle est dans l’escalier, a souffle, madame la comtesse», répond le petit domestique qui arrivait depuis peu de la campagne où ma mère avait la bonne habitude de les prendre.	A quarter of an hour passed; no one came. 'What about the Duchesse de La Rochefoucauld?' my mother asked, 'where is she?' 'She's on the stairs, ma'am, getting her breath,' said the young servant, who had not been long up from the country, where my mother had the excellent habit of getting all her servants.
247	241	0.647	Elle les avait souvent vu naître.	Often she had seen them born.
248	242	0.199	C’est comme cela qu’on a chez soi de braves gens.	That's the only way to get really good ones.
249	243	0.363	Et c’est le premier des luxes.	And they're the rarest of luxuries.
250	244	0.437	En effet, la duchesse de La Rochefoucauld montait difficilement, étant énorme, si énorme, que quand elle entra ma mère eut un instant d’inquiétude en se demandant où elle pourrait la placer.	And sure enough the Duchesse de La Rochefoucauld had the greatest difficulty in getting upstairs, for she was an enormous woman, so enormous, indeed, that when she did come into the room my mother was quite at a loss for a moment to know where to put her.
251	245	0.437	A ce moment le meuble donné par Mme de Praslin frappa ses yeux: «Prenez donc la peine de vous asseoir», dit ma mère en le lui avançant.	And then the seat that Mme. de Praslin had given her caught her eye. 'Won't you sit down?' she said, bringing it forward.
252	246	0.631	Et la duchesse le remplit jusqu’aux bords.	And the Duchess filled it from side to side.
253-255	247	0.465	Elle était, malgré cette importance, restée assez agréable. «Elle fait encore un certain effet quand elle entre», disait un de nos amis. «Elle en fait surtout quand elle sort», répondit ma mère qui avait le mot plus leste qu’il ne serait de mise aujourd’hui.	She was quite a pleasant woman, for all her massiveness. 'She still creates an effect when she comes in,' one of our friends said once. 'She certainly creates an effect when she goes out,' said my mother, who was rather more free in her speech than would be thought proper nowadays.
256-258	248-249	0.429	Chez Mme de La Rochefoucauld même, on ne se gênait pas pour plaisanter devant elle, qui en riait la première, ses amples proportions. «Mais est-ce que vous êtes seul?» demanda un jour à M. de La Rochefoucauld ma mère qui venait faire visite à la duchesse et qui, reçue à l’entrée par le mari, n’avait pas aperçu sa femme qui était dans une baie du fond. «Est-ce que Madame de La Rochefoucauld n’est pas là? je ne la vois pas.	Even in Mme. de La Rochefoucauld's own drawing-room people weren't afraid to make fun of her to her face (at which she was always the first to laugh) over her ample proportions. 'But are you all alone?' my grandmother once asked M. de La Rochefoucauld, when she had come to pay a call on the Duchess, and being met at the door by him had not seen his wife who was at the other end of the room. 'Is Mme. de La Rochefoucauld not at home? I don't see her.'
259	250	0.524	— Comme vous êtes aimable!» répondit le duc qui avait un des jugements les plus faux que j’aie jamais connus mais ne manquait pas d’un certain esprit.	"— 'How charming of you!' replied the Duke, who had about the worst judgment of any man I have ever known, but was not altogether lacking in humour."""
260	251	0.634	Après le dîner, quand j’étais remonté avec ma grand’mère, je lui disais que les qualités qui nous charmaient chez Mme de Villeparisis, le tact, la finesse, la discrétion, l’effacement de soi-même n’étaient peut-être pas bien précieuses puisque ceux qui les possédèrent au plus haut degré ne furent que des Molé et des Loménie, et que si leur absence peut rendre les relations quotidiennes désagréables, elle n’a pas empêché de devenir Chateaubriand, Vigny, Hugo, Balzac, des vaniteux qui n’avaient pas de jugement, qu’il était facile de railler, comme Bloch…	After dinner, when I had retired upstairs with my grandmother, I said to her that the qualities which attracted us in Mme. de Villeparisis, her tact, her shrewdness, her discretion, her modesty in not referring to herself, were not, perhaps, of very great value since those who possessed them in the highest degree were simply people like Molé and Loménie, and that if the want of them can make our social relations unpleasant yet it did not prevent from becoming Chateaubriand, Vigny, Hugo, Balzac, a lot of foolish fellows who had no judgment, at whom it was easy to mock, like Bloch. . . .
261	252	0.487	Mais au nom de Bloch ma grand’mère se récriait.	But at the name of Bloch, my grandmother cried out in protest.
262	253	0.494	Et elle me vantait Mme de Villeparisis.	And she began to praise Mme. de Villeparisis.
263	254	0.461	Comme on dit que c’est l’intérêt de l’espèce qui guide en amour les préférences de chacun, et pour que l’enfant soit constitué de la façon la plus normale fait rechercher les femmes maigres aux hommes gras et les grasses aux maigres, de même c’était obscurément les exigences de mon bonheur menacé par le nervosisme, par mon penchant maladif à la tristesse, à l’isolement, qui lui faisaient donner le premier rang aux qualités de pondération et de jugement, particulières non seulement à Mme de Villeparisis mais à une société où je pourrais trouver une distraction, un apaisement, une société pareille à celle où l’on vit fleurir l’esprit d’un Doudan, d’un M. de Rémusat, pour ne pas dire d’un Beausergent, d’un Joubert, d’une Sévigné, esprit qui met plus de bonheur, plus de dignité dans la vie que les raffinements opposés lesquels ont conduit un Baudelaire, un Poe, un Verlaine, un Rimbaud, à des souffrances, à une déconsidération dont ma grand’mère ne voulait pas pour son petit-fils.	As we are told that it is the preservation of the species which guides our individual preferences in love, and, so that the child may be constituted in the most normal fashion, sends fat men in pursuit of lean women and _vice versa_, so in some dim way it was the requirements of my happiness threatened by my disordered nerves, by my morbid tendency to melancholy, to solitude, that made her allot the highest place to the qualities of balance and judgment, peculiar not only to Mme. de Villeparisis but to a society in which our ancestors saw blossom the minds of a Doudan, a M. de Rémusat, not to mention a Beausergent, a Joubert, a Sévigné, a type of mind that invests life with more happiness, with greater dignity than the converse refinements which brought a Baudelaire, a Poe, a Verlaine, a Rimbaud to sufferings, to a disrepute such as my grandmother did not wish for her daughter's child.
264	255	0.417	Je l’interrompais pour l’embrasser et lui demandais si elle avait remarqué telle phrase que Mme de Villeparisis avait dite et dans laquelle se marquait la femme qui tenait plus à sa naissance qu’elle ne l’avouait.	I interrupted her with a kiss and asked her if she had noticed some expression which Mme. de Villeparisis had used and which seemed to point to a woman who thought more of her noble birth than she was prepared to admit.
265	256	0.437	Ainsi soumettais-je à ma grand’mère mes impressions car je ne savais jamais le degré d’estime dû à quelqu’un que quand elle me l’avait indiqué.	In this way I used to submit my impressions of life to my grandmother, for I was never certain what degree of respect was due to anyone until she had informed me.
266	257	0.450	Chaque soir je venais lui apporter les croquis que j’avais pris dans la journée d’après tous ces êtres inexistants qui n’étaient pas elle.	Every evening I would come to her with the mental sketches that I had made during the day of all those non-existent people who were not her.
267	258	0.473	Une fois je luis dis: — Sans toi je ne pourrai pas vivre.	"Once I said to her: ""I shouldn't be able to live without you."""
268	259	0.387	— Mais il ne faut pas, me répondit-elle d’une voix troublée.	"""But you mustn't speak like that;"" her voice was troubled."
269	260	0.477	Il faut nous faire un cœur plus dur que ça.	"""We must harden our hearts more than that, you know."
270	261	0.618	Sans cela que deviendrais-tu si je partais en voyage?	Or what would become of you if I went away on a journey?
271	262	0.426	J’espère au contraire que tu serais très raisonnable et très heureux.	"But I hope that you would be quite sensible and quite happy."""
272	263	0.444	—Je saurais être raisonnable si tu partais pour quelques jours, mais je compterais les heures.	"""I could manage to be sensible if you went away for a few days, but I should count the hours."""
273	264-266	0.339	—Mais si je partais pour des mois… (à cette seule idée mon cœur se serrait), pour des années… pour…	"""But if I were to go away for months . . ."" (at the bare suggestion of such a thing my heart was wrung.) "". . . for years . . . for . . ."""
274	267	0.317	Nous nous taisions tous les deux.	We both remained silent.
275	268	0.289	Nous n’osions pas nous regarder.	We dared not look one another in the face.
276	269	0.619	Pourtant je souffrais plus de son angoisse que de la mienne.	And yet I was suffering more keenly from her anguish than from my own.
277	270	0.443	Aussi je m’approchai de la fenêtre et distinctement je lui dis en détournant les yeux:	And so I walked across to the window, and said to her, with a studied clearness of tone but with averted eyes:
278	271	0.653	—Tu sais comme je suis un être d’habitudes.	"""You know what a creature of habit I am."
279	272	0.505	Les premiers jours où je viens d’être séparé des gens que j’aime le plus, je suis malheureux.	For the first few days after I have been parted from the people I love best, I am wretched.
280	273	0.518	Mais tout en les aimant toujours autant, je m’accoutume, ma vie devient calme, douce; je supporterais d’être séparé d’eux, des mois, des années.	"But though I go on loving them just as much, I grow used to their absence; life becomes calm, bearable, pleasant; I could stand being parted from them for months, for years . . ."""
281	274	0.496	Je dus me taire et regarder tout à fait par la fenêtre.	I was obliged to stop, and looked straight out of the window.
282	275	0.440	Ma grand’mère sortit un instant de la chambre.	My grandmother went out of the room for something.
283	276	0.530	Mais le lendemain je me mis à parler de philosophie, sur le ton le plus indifférent, en m’arrangeant cependant pour que ma grand’mère fît attention à mes paroles; je dis que c’était curieux, qu’après les dernières découvertes de la science, le matérialisme semblait ruiné, et que le plus probable était encore l’éternité des âmes et leur future réunion.	But next day I began to talk to her about philosophy, and, speaking in a tone of complete indifference, but at the same time taking care that my grandmother should pay attention to what I was saying, I remarked what a curious thing it was that, according to the latest scientific discoveries, the materialist position appeared to be crumbling, and the most likely thing to be, once again, the survival of the soul and reunion in a life everlasting.
284	277	0.574	Mme de Villeparisis nous prévint que bientôt elle ne pourrait nous voir aussi souvent.	Mme. de Villeparisis gave us warning that presently she would not be able to see so much of us.
285	278	0.598	Un jeune neveu qui préparait Saumur, actuellement en garnison dans le voisinage, à Doncières, devait venir passer auprès d’elle un congé de quelques semaines et elle lui donnerait beaucoup de son temps.	A young nephew who was preparing for Saumur, and was meanwhile stationed in the neighbourhood, at Doncières, was coming to spend a few weeks' furlough with her, and she would be devoting most of her time to him.
286	279	0.399	Au cours de nos promenades, elle nous avait vanté sa grande intelligence, surtout son bon cœur; déjà je me figurais qu’il allait se prendre de sympathie pour moi, que je serais son ami préféré et quand, avant son arrivée, sa tante laissa entendre à ma grand’mère qu’il était malheureusement tombé dans les griffes d’une mauvaise femme dont il était fou et qui ne le lâcherait pas, comme j’étais persuadé que ce genre d’amour finissait fatalement par l’aliénation mentale, le crime et le suicide, pensant au temps si court qui était réservé à notre amitié, déjà si grande dans mon cœur sans que je l’eusse encore vu, je pleurai sur elle et sur les malheurs qui l’attendaient comme sur un être cher dont on vient de nous apprendre qu’il est gravement atteint et que ses jours sont comptés.	In the course of our drives together she had boasted to us of his extreme cleverness, and above all of his goodness of heart; already I was imagining that he would have an instinctive feeling for me, that I was to be his best friend; and when, before his arrival, his aunt gave my grandmother to understand that he had unfortunately fallen into the clutches of an appalling woman with whom he was quite infatuated and who would never let him go, since I believed that that sort of love was doomed to end in mental aberration, crime and suicide, thinking how short the time was that was set apart for our friendship, already so great in my heart, although I had not yet set eyes on him, I wept for that friendship and for the misfortunes that were in store for it, as we weep for a person whom we love when some one has just told us that he is seriously ill and that his days are numbered.
287	280	0.467	Une après-midi de grande chaleur j’étais dans la salle à manger de l’hôtel qu’on avait laissée à demi dans l’obscurité pour la protéger du soleil en tirant des rideaux qu’il jaunissait et qui par leurs interstices laissaient clignoter le bleu de la mer, quand, dans la travée centrale qui allait de la plage à la route, je vis, grand, mince, le cou dégagé, la tête haute et fièrement portée, passer un jeune homme aux yeux pénétrants et dont la peau était aussi blonde et les cheveux aussi dorés que s’ils avaient absorbé tous les rayons du soleil.	One afternoon of scorching heat I was in the dining-room of the hotel, which they had plunged in semi-darkness, to shield it from the glare, by drawing the curtains which the sun gilded, while through the gaps between them I caught flashing blue glimpses of the sea, when along the central gangway leading inland from the beach to the high road I saw, tall, slender, his head held proudly erect upon a springing neck, a young man go past with searching eyes, whose skin was as fair and his hair as golden as if they had absorbed all the rays of the sun.
288	281	0.428	Vêtu d’une étoffe souple et blanchâtre comme je n’aurais jamais cru qu’un homme eût osé en porter, et dont la minceur n’évoquait pas moins que le frais de la salle à manger, la chaleur et le beau temps du dehors, il marchait vite.	Dressed in a clinging, almost white material such as I could never have believed that any man would have the audacity to wear, the thinness of which suggested no less vividly than the coolness of the dining-room the heat and brightness of the glorious day outside, he was walking fast.
289	282	0.578	Ses yeux, de l’un desquels tombait à tout moment un monocle, étaient de la couleur de la mer.	His eyes, from one of which a monocle kept dropping, were of the colour of the sea.
290	283	0.514	Chacun le regarda curieusement passer, on savait que ce jeune marquis de Saint-Loup-en-Bray était célèbre pour son élégance.	Everyone looked at him with interest as he passed, knowing that this young Marquis de Saint-Loup-en-Bray was famed for the smartness of his clothes.
291	284	0.452	Tous les journaux avaient décrit le costume dans lequel il avait récemment servi de témoin au jeune duc d’Uzès, dans un duel.	All the newspapers had described the suit in which he had recently acted as second to the young Duc d'Uzès in a duel.
292	285	0.513	Il semblait que la qualité si particulière de ses cheveux, de ses yeux, de sa peau, de sa tournure, qui l’eussent distingué au milieu d’une foule comme un filon précieux d’opale azurée et lumineuse, engaîné dans une matière grossière, devait correspondre à une vie différente de celle des autres hommes.	One felt that this so special quality of his hair, his eyes, his skin, his figure, which would have marked him out in a crowd like a precious vein of opal, azure-shot and luminous, embedded in a mass of coarser substance, must correspond to a life different from that led by other men.
293	286	0.425	Et en conséquence, quand avant la liaison dont Mme de Villeparisis se plaignait, les plus jolies femmes du grand monde se l’étaient disputé, sa présence, dans une plage par exemple, à côté de la beauté en renom à laquelle il faisait la cour, ne la mettait pas seulement tout à fait en vedette, mais attirait les regards autant sur lui que sur elle.	So that when, before the attachment which Mme. de Villeparisis had been deploring, the prettiest women in society had disputed the possession of him, his presence, at a watering-place for instance, in the company of the beauty of the season to whom he was paying court, not only made her conspicuous, but attracted every eye fully as much to himself.
294	287	0.542	A cause de son «chic», de son impertinence de jeune «lion», à cause de son extraordinaire beauté surtout, certains lui trouvaient même un air efféminé, mais sans le lui reprocher car on savait combien il était viril et qu’il aimait passionnément les femmes.	"Because of his ""tone"", of his impertinence befitting a young ""lion"", and especially of his astonishing good looks, some people even thought him effeminate, though without attaching any stigma, for everyone knew bow manly he was and that he was a passionate ""womaniser""."
295	288	0.691	C’était ce neveu de Mme de Villeparisis duquel elle nous avait parlé.	This was Mme. de Villeparisis's nephew of whom she had spoken to us.
296	289	0.510	Je fus ravi de penser que j’allais le connaître pendant quelques semaines et sûr qu’il me donnerait toute son affection.	I was overcome with joy at the thought that I was going to know him and to see him for several weeks on end, and confident that he would bestow on me all his affection.
297	290	0.572	Il traversa rapidement l’hôtel dans toute sa largeur, semblant poursuivre son monocle qui voltigeait devant lui comme un papillon.	He strode rapidly across the hotel, seeming to be in pursuit of his monocle, which kept darting away in front of him like a butterfly.
298	291	0.479	Il venait de la plage, et la mer qui remplissait jusqu’à mi-hauteur le vitrage du hall lui faisait un fond sur lequel il se détachait en pied, comme dans certains portraits où des peintres prétendent sans tricher en rien sur l’observation la plus exacte de la vie actuelle, mais en choisissant pour leur modèle un cadre approprié, pelouse de polo, de golf, champ de courses, pont de yacht, donner un équivalent moderne de ces toiles où les primitifs faisaient apparaître la figure humaine au premier plan d’un paysage.	He was coming from the beach, and the sea which filled the lower half of the glass front of the hall gave him a background against which he was drawn at full length, as in certain portraits whose painters attempt, without in any way falsifying the most accurate observation of contemporary life, but by choosing for their sitter appropriate surroundings, a polo ground, golf links, a race-course, the bridge of a yacht, to furnish a modern equivalent of those canvases on which the old masters used to present the human figure in the foreground of a landscape.
299	292	0.404	Une voiture à deux chevaux l’attendait devant la porte; et tandis que son monocle reprenait ses ébats sur la route ensoleillée, avec l’élégance et la maîtrise qu’un grand pianiste trouve le moyen de montrer dans le trait le plus simple, où il ne semblait pas possible qu’il sût se montrer supérieur à un exécutant de deuxième ordre, le neveu de Mme de Villeparisis prenant les guides que lui passa le cocher, s’assit à côté de lui et tout en décachetant une lettre que le directeur de l’hôtel lui remit, fit partir les bêtes.	A carriage and pair was waiting for him at the door; and, while his monocle resumed its gambollings in the air of the sunlit street, with the elegance and mastery which a great pianist contrives to display in the simplest piece of execution, where it has not appeared possible that he could shew himself superior to a performer of the second class, Mme. de Villeparisis's nephew, taking the reins that were handed him by the groom, jumped on to the box seat by his side and, while he opened a letter which the manager of the hotel sent out after him, made his horses start.
300	293	0.436	Quelle déception j’éprouvai les jours suivants quand, chaque fois que je le rencontrai dehors ou dans l’hôtel — le col haut, équilibrant perpétuellement les mouvements de ses membres autour de son monocle fugitif et dansant qui semblait leur centre de gravité — je pus me rendre compte qu’il ne cherchait pas à se rapprocher de nous et vis qu’il ne nous saluait pas quoiqu’il ne pût ignorer que nous étions les amis de sa tante.	What a disappointment was mine on the days that followed, when, each time that I met him outside or in the hotel — his head erect, perpetually balancing the movements of his limbs round the fugitive and dancing monocle which seemed to be their centre of gravity — I was forced to admit that he had evidently no desire to make our acquaintance, and saw that he did not bow to us although he must have known that we were friends of his aunt.
301	294	0.523	Et me rappelant l’amabilité que m’avaient témoignée Mme de Villeparisis et avant elle M. de Norpois, je pensais que peut-être ils n’étaient que des nobles pour rire et qu’un article secret des lois qui gouvernent l’aristocratie doit y permettre peut-être aux femmes et à certains diplomates de manquer dans leurs rapports avec les roturiers, et pour une raison qui m’échappait, à la morgue que devait au contraire pratiquer impitoyablement un jeune marquis.	And calling to mind the friendliness that Mme. de Villeparisis, and before her M. de Norpois had shewn me, I thought that perhaps they were only of a bogus nobility, and that there might be a secret section in the laws that govern the aristocracy which allowed women, perhaps, and certain diplomats to discard, in their relations with plebeians, for a reason which was beyond me, the stiffness which must, on the other hand, be pitilessly maintained by a young Marquis.
302	295	0.626	Mon intelligence aurait pu me dire le contraire.	My intelligence might have told me the opposite.
303	296	0.489	Mais la caractéristique de l’âge ridicule que je traversais — âge nullement ingrat, très fécond — est qu’on n’y consulte pas l’intelligence et que les moindres attributs des êtres semblent faire partie indivisible de leur personnalité.	But the characteristic feature of the silly phase through which I was passing — a phase by no means irresponsive, indeed highly fertile — is that we do not consult our intelligence and that the most trivial attributes of other people seem to us then to form an inseparable part of their personality.
304	297	0.511	Tout entouré de monstres et de dieux, on ne connaît guère le calme.	In a world thronged with monsters and with gods, we are barely conscious of tranquillity.
305	298	0.298	Il n’y a presque pas un des gestes qu’on a faits alors qu’on ne voudrait plus tard pouvoir abolir.	There is hardly one of the actions which we performed in that phase which we would not give anything, in later life, to be able to erase from our memory.
306	299	0.444	Mais ce qu’on devrait regretter au contraire c’est de ne plus posséder la spontanéité qui nous les faisait accomplir.	Whereas what we ought to regret is that we no longer possess the spontaneity which made us perform them.
307	300	0.564	Plus tard on voit les choses d’une façon plus pratique, en pleine conformité avec le reste de la société, mais l’adolescence est le seul temps où l’on ait appris quelque chose.	In later life we look at things in a more practical way, in full conformity with the rest of society, but youth was the only time in which we learned anything.
308	301	0.455	Cette insolence que je devinais chez M. de Saint-Loup, et tout ce qu’elle impliquait de dureté naturelle se trouva vérifiée par son attitude chaque fois qu’il passait à côté de nous, le corps aussi inflexiblement élancé, la tête toujours aussi haute, le regard impassible, ce n’est pas assez dire, aussi implacable, dépouillé de ce vague respect qu’on a pour les droits d’autres créatures, même si elles ne connaissent pas votre tante, et qui faisait que je n’étais pas tout à fait le même devant une vieille dame que devant un bec de gaz.	This insolence which I surmised in M. de Saint-Loup, and all that it implied of ingrained severity, received confirmation from his attitude whenever he passed us, his body as inflexibly erect, his head always held as high, his gaze as impassive, or rather, I should say, as implacable, devoid of that vague respect which one has for the rights of other people, even if they do not know one's aunt, one example of which was that I did not look in quite the same way at an old lady as at a gas lamp.
309	302	0.307	Ces manières glacées étaient aussi loin des lettres charmantes que je l’imaginais encore, il y a quelques jours, m’écrivant pour me dire sa sympathie, qu’est loin de l’enthousiasme de la Chambre et du peuple qu’il s’est représenté en train de soulever par un discours inoubliable, la situation médiocre, obscure, de l’imaginatif qui après avoir ainsi rêvassé tout seul, pour son compte, à haute voix, se retrouve, les acclamations imaginaires une fois apaisées, gros Jean comme devant.	These frigid manners were as far removed from the charming letters which, but a few days since, I had still been imagining him as writing to tell me of his regard for myself, as is removed from the enthusiasm of the Chamber and of the populace which he has been picturing himself as rousing by an imperishable speech, the humble, dull, obscure position of the dreamer who, after pondering it thus by himself, for himself, aloud, finds himself, once the imaginary applause has died away, just the same Tom, Dick or Harry as before.
310	303	0.354	Quand Mme de Villeparisis sans doute pour tâcher d’effacer la mauvaise impression que nous avaient causée ces dehors révélateurs d’une nature orgueilleuse et méchante nous reparla de l’inépuisable bonté de son petit-neveu (il était le fils d’une de ses nièces et était un peu plus âgé que moi) j’admirai comme dans le monde, au mépris de toute vérité, on prête des qualités de cœur à ceux qui l’ont si sec, fussent-ils d’ailleurs aimables avec des gens brillants, qui font partie de leur milieu.	When Mme. de Villeparisis, doubtless in an attempt to counteract the bad impression that had been made on us by an exterior indicative of an arrogant and evil nature, spoke to us again of the inexhaustible goodness of her great-nephew (he was the son of one of her nieces, and a little older than myself), I marvelled how the world, with an utter disregard of truth, ascribes tenderness of heart to people whose hearts are in reality so hard and dry, provided only that they behave with common courtesy to the brilliant members of their own sets.
311	304	0.456	Mme de Villeparisis ajouta elle-même, quoique indirectement, une confirmation aux traits essentiels, déjà certains pour moi de la nature de son neveu, un jour où je les rencontrai tous deux dans un chemin si étroit qu’elle ne put faire autrement que de me présenter à lui.	Mme. de Villeparisis herself confirmed, though indirectly, my diagnosis, which was already a conviction, of the essential points of her nephew's character one day when I met them both coming along a path so narrow that there was nothing for it but to introduce me to him.
312	305	0.518	Il sembla ne pas entendre qu’on lui nommait quelqu’un, aucun muscle de son visage ne bougea; ses yeux où ne brilla pas la plus faible lueur de sympathie humaine, montrèrent seulement dans l’insensibilité, dans l’inanité du regard, une exagération à défaut de laquelle rien ne les eût différenciés de miroirs sans vie.	He seemed not to hear that a person's name was being repeated to him, not a muscle of his face moved; his eyes, in which there shone not the faintest gleam of human sympathy, shewed merely in the insensibility, in the inanity of their gaze an exaggeration failing which there would have been nothing to distinguish them from lifeless mirrors.
313	306	0.509	Puis fixant sur moi ces yeux durs comme s’il eût voulu se renseigner sur moi, avant de me rendre mon salut, par un brusque déclenchement qui sembla plutôt dû à un réflexe musculaire qu’à un acte de volonté, mettant entre lui et moi le plus grand intervalle possible, allongea le bras dans toute sa longueur, et me tendit la main, à distance.	Then fastening on me those hard eyes, as though he wished to make sure of me before returning my salute, by an abrupt release which seemed to be due rather to a reflex action of his muscles than to an exercise of will, keeping between himself and me the greatest possible interval, he stretched his arm out to its full extension and, at the end of it, offered me his hand.
314	307	0.477	Je crus qu’il s’agissait au moins d’un duel, quand le lendemain il me fit passer sa carte.	I supposed that it must mean, at the very least, a duel when, next day, he sent me his card.
315	308	0.503	Mais il ne me parla que de littérature, déclara après une longue causerie qu’il avait une envie extrême de me voir plusieurs heures chaque jour.	But he spoke to me only of literature, declared after a long talk that he would like immensely to spend several hours with me every day.
316	309	0.364	Il n’avait pas, durant cette visite, fait preuve seulement d’un goût très ardent pour les choses de l’esprit, il m’avait témoigné une sympathie qui allait fort peu avec le salut de la veille.	He had not only, in this encounter, given proof of an ardent zest for the things of the spirit, he had shewn a regard for myself which was little in keeping with his greeting of me the day before.
317	310	0.438	Quand je le lui eus vu refaire chaque fois qu’on lui présentait quelqu’un, je compris que c’était une simple habitude mondaine particulière à une certaine partie de sa famille et à laquelle sa mère qui tenait à ce qu’il fût admirablement bien élevé, avait plié son corps; il faisait ces saluts-là sans y penser plus qu’à ses beaux vêtements, à ses beaux cheveux; c’était une chose dénuée de la signification morale que je lui avais donnée d’abord, une chose purement apprise, comme cette autre habitude qu’il avait aussi de se faire présenter immédiatement aux parents de quelqu’un qu’il connaissait, et qui était devenue chez lui si instinctive que, me voyant le lendemain de notre rencontre, il fonça sur moi et, sans me dire bonjour, me demanda de le nommer à ma grand’mère qui était auprès de moi, avec la même rapidité fébrile que si cette requête eût été due à quelque instinct défensif, comme le geste de parer un coup ou de fermer les yeux devant un jet d’eau bouillante et sans le préservatif de laquelle il y eût péril à demeurer une seconde de plus.	After I had seen him repeat the same process whenever anyone was introduced to him, I realised that it was simply a social usage peculiar to his branch of the family, to which his mother, who had seen to it that he should be perfectly brought up, had moulded his limbs; he went through those motions without thinking, any more than he thought about his beautiful clothes or hair; they were a thing devoid of the moral significance which I had at first ascribed to them, a thing purely acquired like that other habit that he had of at once demanding an introduction to the family of anyone whom he knew, which had become so instinctive in him that, seeing me again the day after our talk, he fell upon me and without asking how I did begged me to make him known to my grandmother, who was with me, with the same feverish haste as if the request had been due to some instinct of self-preservation, like the act of warding off a blow, or of shutting one's eyes to avoid a stream of boiling water, without which precautions it would have been dangerous to stay where one was a moment longer.
318	311	0.438	Les premiers rites d’exorcisme une fois accomplis, comme une fée hargneuse dépouille sa première apparence et se pare de grâces enchanteresses, je vis cet être dédaigneux devenir le plus aimable, le plus prévenant jeune homme que j’eusse jamais rencontré.	The first rites of exorcism once performed, as a wicked fairy discards her outer form and endues all the most enchanting graces, I saw this disdainful creature become the most friendly, the most considerate young man that I had ever met.
319	312	0.443	«Bon, me dis-je, je me suis déjà trompé sur lui, j’avais été victime d’un mirage, mais je n’ai triomphé du premier que pour tomber dans un second car c’est un grand seigneur féru de noblesse et cherchant à le dissimuler.»	"""Good,"" I said to myself, ""I've been mistaken about him once already; I was taken in by a mirage; but I have corrected the first only to fall into a second, for he must be a great gentleman who has grown sick of his nobility and is trying to hide it."""
320	313	0.448	Or, toute la charmante éducation, toute l’amabilité de Saint-Loup devait en effet, au bout de peu de temps, me laisser voir un autre être mais bien différent de celui que je soupçonnais.	As a matter of fact it was not long before all the exquisite breeding, all the friendliness of Saint-Loup were indeed to let me see another creature but one very different from what I had suspected.
321	314	0.490	Ce jeune homme qui avait l’air d’un aristocrate et d’un sportsman dédaigneux n’avait d’estime et de curiosité que pour les choses de l’esprit, surtout pour ces manifestations modernistes de la littérature et de l’art qui semblaient si ridicules à sa tante; il était imbu d’autre part de ce qu’elle appelait les déclamations socialistes, rempli du plus profond mépris pour sa caste et passait des heures à étudier Nietzsche et Proudhon.	"This young man who had the air of a scornful, sporting aristocrat had in fact no respect, no interest save for and in the things of the spirit, and especially those modern manifestations of literature and art which seemed so ridiculous to his aunt; he was imbued, moreover, with what she called ""Socialistic spoutings,"" was filled with the most profound contempt for his caste and spent long hours in the study of Nietzsche and Proudhon."
322	315	0.390	C’était un de ces «intellectuels» prompts à l’admiration qui s’enferment dans un livre, soucieux seulement de haute pensée.	He was one of those intellectuals, quick to admire what is good, who shut themselves up in a book, and are interested only in pure thought.
323	316	0.550	Même, chez Saint-Loup, l’expression de cette tendance très abstraite et qui l’éloignait tant de mes préoccupations habituelles, tout en me paraissant touchante m’ennuyait un peu.	Indeed in Saint-Loup the expression of this highly abstract tendency, which removed him so far from my customary preoccupations, while it seemed to me touching, also annoyed me not a little.
324	317	0.535	Je peux dire que, quand je sus bien qui avait été son père, les jours où je venais de lire des mémoires tout nourris d’anecdotes sur ce fameux comte de Marsantes en qui se résume l’élégance si spéciale d’une époque déjà lointaine, l’esprit empli de rêveries, désireux d’avoir des précisions sur la vie qu’avait menée M. de Marsantes, j’enrageais que Robert de Saint-Loup au lieu de se contenter d’être le fils de son père, au lieu d’être capable de me guider dans le roman démodé qu’avait été l’existence de celui-ci, se fût élevé jusqu’à l’amour de Nietzsche et de Proudhon.	I may say that when I realised properly who had been his father, on days when I had been reading memoirs rich in anecdotes of that famous Comte de Marsantes, in whom were embodied the special graces of a generation already remote, the mind full of speculation — anxious to obtain fuller details of the life that M. de Marsantes had led, it used to infuriate me that Robert de Saint-Loup, instead of being content to be the son of his father, instead of being able to guide me through the old-fashioned romance of what had been that father's existence, had trained himself to enjoy Nietzsche and Proudhon.
325	318	0.622	Son père n’eût pas partagé mes regrets.	His father would not have shared my regret.
326	319	0.430	Il était lui-même un homme intelligent, excédant les bornes de sa vie d’homme du monde.	He had been himself a man of brains, who had transcended the narrow confines of his life as a man of the world.
327	320	0.491	Il n’avait guère eu le temps de connaître son fils, mais avait souhaité qu’il valût mieux que lui.	He had hardly had time to know his son, but had hoped that his son would prove a better man than himself.
328	321	0.412	Et je crois bien que contrairement au reste de la famille, il l’eût admiré, se fût réjoui qu’il délaissât ce qui avait fait ses minces divertissements pour d’austères méditations, et, sans en rien dire, dans sa modestie de grand seigneur spirituel, eût lu en cachette les auteurs favoris de son fils pour apprécier de combien Robert lui était supérieur.	And I really believe that, unlike the rest of the family, he would have admired his son, would have rejoiced at his abandoning what had been his own small diversions for austere meditations, and without saying a word, in his modesty as a great gentleman endowed with brains, he would have read in secret his son's favourite authors in order to appreciate how far Robert was superior to himself.
329	322	0.334	Il y avait, du reste, cette chose assez triste, c’est que si M. de Marsantes, à l’esprit fort ouvert, eût apprécié un fils si différent de lui, Robert de Saint-Loup parce qu’il était de ceux qui croient que le mérite est attaché à certaines formes d’art et de vie, avait un souvenir affectueux mais un peu méprisant d’un père qui s’était occupé toute sa vie de chasse et de course, avait bâillé à Wagner et raffolé d’Offenbach.	There was, however, this rather painful consideration: that if M. de Marsantes, with his extremely open mind, would have appreciated a son so different from himself, Robert de Saint-Loup, because he was one of those who believe that merit is attached only to certain forms of art and of life, had an affectionate but slightly contemptuous memory of a father who had spent all his time hunting and racing, who yawned at Wagner and raved over Offenbach.
330	323	0.379	Saint-Loup n’était pas assez intelligent pour comprendre que la valeur intellectuelle n’a rien à voir avec l’adhésion à une certaine formule esthétique, et il avait pour l’intellectualité de M. de Marsantes, un peu le même genre de dédain qu’auraient pu avoir pour Boieldieu ou pour Labiche, un fils Boieldieu ou un fils Labiche qui eussent été des adeptes de la littérature la plus symbolique et de la musique la plus compliquée.	Saint-Loup had not the intelligence to see that intellectual worth has nothing to do with adhesion to any one aesthetic formula, and had for the intellectuality of M. de Marsantes much the same sort of scorn as might have been felt for Boieldieu or Labiche by a son of Boieldieu or Labiche who had become adepts in the most symbolic literature and the most complex music.
331	324	0.425	«J’ai très peu connu mon père, disait Robert.	"""I scarcely knew my father,"" he used to say."
332	325	0.417	Il paraît que c’était un homme exquis.	"""He seems to have been a charming person."
333	326	0.571	Son désastre a été la déplorable époque où il a vécu.	His tragedy was the deplorable age in which he lived.
334	327	0.525	Être né dans le faubourg Saint-Germain et avoir vécu à l’époque de la _Belle-Hélène_, cela fait cataclysme dans une existence.	To have been born in the Faubourg Saint-Germain and to have to live in the days of La Belle Hélène would be enough to wreck any existence.
335	328	0.401	Peut-être petit bourgeois fanatique du «Ring» eût-il donné tout autre chose.	Perhaps if he'd been some little shopkeeper mad about the Ring he'd have turned out quite different.
336	329	0.443	On me dit même qu’il aimait la littérature.	Indeed they tell me that he was fond of literature.
337	330	0.362	Mais on ne peut pas savoir puisque ce qu’il entendait par littérature, se compose d’œuvres périmées.»	"But that can never be proved, because literature to him meant such utterly god-forsaken books."""
338	331	0.479	Et pour ce qui était de moi, si je trouvais Saint-Loup un peu sérieux, lui ne comprenait pas que je ne le fusse pas davantage.	And in my own case, if I found Saint-Loup a trifle earnest, he could not understand why I was not more earnest still.
339	332	0.461	Ne jugeant chaque chose qu’au poids d’intelligence qu’elle contient, ne percevant pas les enchantements d’imagination que me donnaient certaines qu’il jugeait frivoles, il s’étonnait que moi — moi à qui il s’imaginait être tellement inférieur — je pusse m’y intéresser.	Never judging anything except by the weight of the intelligence that it contained, never perceiving the magic appeal to the imagination that I found in things which he condemned as frivolous, he was astonished that I — I, to whom he imagined himself to be so utterly inferior — could take any interest in them.
340	333	0.497	Dès les premiers jours Saint-Loup fit la conquête de ma grand’mère, non seulement par la bonté incessante qu’il s’ingéniait à nous témoigner à tous deux, mais par le naturel qu’il y mettait comme en toutes choses.	From the first Saint-Loup made a conquest of my grandmother, not only by the incessant acts of kindness which he went out of his way to shew to us both, but by the naturalness which he put into them as into everything.
341	334	0.469	Or, le naturel — sans doute parce que, sous l’art de l’homme, il laisse sentir la nature — était la qualité que ma grand’mère préférait à toutes, tant dans les jardins où elle n’aimait pas qu’il y eût, comme dans celui de Combray, de plates-bandes trop régulières, qu’en cuisine où elle détestait ces «pièces montées» dans lesquelles on reconnaît à peine les aliments qui ont servi à les faire, ou dans l’interprétation pianistique qu’elle ne voulait pas trop fignolée, trop léchée, ayant même eu pour les notes accrochées, pour les fausses notes de Rubinstein, une complaisance particulière.	For naturalness — doubtless because through the artifice of man it allows a feeling of nature to permeate — was the quality which my grandmother preferred to all others, whether in gardens, where she did not like there to be, as there had been in our Combray garden, too formal borders, or at table, where she detested those dressed-up dishes in which you could hardly detect the foodstuff's that had gone to make them, or in piano-playing, which she did not like to be too finicking, too laboured, having indeed had a special weakness for the discords, the wrong notes of Rubinstein.
342	335	0.314	Ce naturel elle le goûtait jusque dans les vêtements de Saint-Loup, d’une élégance souple sans rien de «gommeux» ni de «compassé», sans raideur et sans empois.	This naturalness she found and enjoyed even in the clothes that Saint-Loup wore, of a pliant elegance, with nothing swagger, nothing formal about them, no stiffness or starch.
343	336	0.309	Elle prisait davantage encore ce jeune homme riche dans la façon négligente et libre qu’il avait de vivre dans le luxe sans «sentir l’argent», sans airs importants; elle retrouvait même le charme de ce naturel dans l’incapacité que Saint-Loup avait gardée — et qui généralement disparaît avec l’enfance en même temps que certaines particularités physiologiques de cet âge — d’empêcher son visage de refléter une émotion.	"She appreciated this rich young man still more highly for the free and careless way that he had of living in luxury without ""smelling of money"", without giving himself airs; she even discovered the charm of this naturalness in the incapacity which Saint-Loup had kept, though as a rule it is outgrown with childhood, at the same time as certain physiological peculiarities of that period, for preventing his face from at once reflecting every emotion."
344	337	0.374	Quelque chose qu’il désirait par exemple et sur quoi il n’avait pas compté, ne fût-ce qu’un compliment, faisait se dégager en lui un plaisir si brusque, si brûlant, si volatile, si expansif, qu’il lui était impossible de le contenir et de le cacher; une grimace de plaisir s’emparait irrésistiblement de son visage; la peau trop fine de ses joues laissait transparaître une vive rougeur, ses yeux reflétaient la confusion et la joie; et ma grand’mère était infiniment sensible à cette gracieuse apparence de franchise et d’innocence, laquelle d’ailleurs chez Saint-Loup, au moins à l’époque où je me liai avec lui, ne trompait pas.	Something, for instance, that he wanted to have but had not expected, were it no more than a compliment, reacted in him in a burst of pleasure so quick, so burning, so volatile, so expansive that it was impossible for him to contain and to conceal it; a grin of delight seized irresistible hold of his face; the too delicate skin of his cheeks allowed a vivid glow to shine through them, his eyes sparkled with confusion and joy; and my grandmother was infinitely touched by this charming show of innocence and frankness, which, incidentally, in Saint-Loup — at any rate at the period of our first friendship — was not misleading.
345	338	0.368	Mais j’ai connu un autre être, et il y en a beaucoup, chez lequel la sincérité physiologique de cet incarnat passager n’excluait nullement la duplicité morale; bien souvent il prouve seulement la vivacité avec laquelle ressentent le plaisir, jusqu’à être désarmées devant lui et à être forcées de le confesser aux autres, des natures capables des plus viles fourberies.	But I have known another person, and there are many such, in whom the physiological sincerity of that fleeting blush in no way excluded moral duplicity; as often as not it proves nothing more than the vivacity with which pleasure is felt — so that it disarms them and they are forced publicly to confess it — by natures capable of the vilest treachery.
346	339-340	0.364	Mais où ma grand’mère adorait surtout le naturel de Saint-Loup, c’était dans sa façon d’avouer sans aucun détour la sympathie qu’il avait pour moi, et pour l’expression de laquelle il avait de ces mots comme elle n’eût pas pu en trouver elle-même, disait-elle, de plus justes et vraiment aimants, des mots qu’eussent contresignés «Sévigné et Beausergent»; il ne se gênait pas pour plaisanter mes défauts — qu’il avait démêlés avec une finesse dont elle était amusée — mais comme elle-même aurait fait, avec tendresse, exaltant au contraire mes qualités avec une chaleur, un abandon qui ne connaissait pas les réserves et la froideur grâce auxquelles les jeunes gens de son âge croient généralement se donner de l’importance.	"But where my grandmother did really adore Saint-Loup's naturalness was in his way of admitting, without any evasion, his affection for me, to give expression to which he found words than which she herself, she told me, could not have thought of any more appropriate, more truly loving, words to which ""Sévigné and Beausergent"" might have set their signatures. He was not afraid to make fun of my weaknesses — which he had discerned with an acuteness that made her smile — but as she herself would have done, lovingly, at the same time extolling my good qualities with a warmth, an impulsive freedom that shewed no sign of the reserve, the coldness by means of which young men of his age are apt to suppose that they give themselves importance."
347	341	0.367	Et il montrait à prévenir mes moindres malaises, à remettre des couvertures sur mes jambes si le temps fraîchissait sans que je m’en fusse aperçu, à s’arranger sans le dire à rester le soir avec moi plus tard, s’il me sentait triste ou mal disposé, une vigilance que, du point de vue de ma santé pour laquelle plus d’endurcissement eût peut-être été préférable, ma grand’mère trouvait presque excessive, mais qui comme preuve d’affection pour moi la touchait profondément.	And he shewed in forestalling every discomfort, however slight, in covering my legs if the day had turned cold without my noticing it, in arranging (without telling me) to stay later with me in the evening if he thought that I was depressed or felt unwell, a vigilance which, from the point of view of my health, for which a more hardening discipline would perhaps have been better, my grandmother found almost excessive, though as a proof of his affection for myself she was deeply touched by it.
348	342	0.409	Il fut bien vite convenu entre lui et moi que nous étions devenus de grands amis pour toujours, et il disait «notre amitié» comme s’il eût parlé de quelque chose d’important et de délicieux qui eût existé en dehors de nous-mêmes et qu’il appela bientôt — en mettant à part son amour pour sa maîtresse — la meilleure joie de sa vie.	"It was promptly settled between us that he and I were to be great friends for ever, and he would say ""our friendship"" as though he were speaking of some important and delightful thing which had an existence independent of ourselves, and which he soon called — not counting his love for his mistress — the great joy of his life."
349	343	0.413	Ces paroles me causaient une sorte de tristesse, et j’étais embarrassé pour y répondre, car je n’éprouvais à me trouver, à causer avec lui — et sans doute c’eût été de même avec tout autre — rien de ce bonheur qu’il m’était au contraire possible de ressentir quand j’étais sans compagnon.	These words made me rather uncomfortable and I was at a loss for an answer, for I did not feel when I was with him and talked to him — and no doubt it would have been the same with everyone else — any of that happiness which it was, on the other hand, possible for me to experience when I was by myself.
350	344	0.420	Seul, quelquefois, je sentais affluer du fond de moi quelqu’une de ces impressions qui me donnaient un bien-être délicieux.	For alone, at times, I felt surging from the depths of my being one or other of those impressions which gave me a delicious sense of comfort.
351	345	0.449	Mais dès que j’étais avec quelqu’un, dès que je parlais à un ami, mon esprit faisait volte-face, c’était vers cet interlocuteur et non vers moi-même qu’il dirigeait ses pensées et quand elles suivaient ce sens inverse, elles ne me procuraient aucun plaisir.	"But as soon as I was with some one else, when I began to talk to a friend, my mind at once ""turned about"", it was towards the listener and not myself that it directed its thoughts, and when they followed this outward course they brought me no pleasure."
352	346	0.412	Une fois que j’avais quitté Saint-Loup, je mettais, à l’aide de mots, une sorte d’ordre dans les minutes confuses que j’avais passées avec lui; je me disais que j’avais un bon ami, qu’un bon ami est une chose rare et je goûtais, à me sentir entouré de biens difficiles à acquérir, ce qui était justement l’opposé du plaisir qui m’était naturel, l’opposé du plaisir d’avoir extrait de moi-même et amené à la lumière quelque chose qui y était caché dans la pénombre.	"Once I had left Saint-Loup, I managed, with the help of words, to put more or less in order the confused minutes that I had spent with him; I told myself that I had a good friend, that a good friend was a rare thing, and I tasted, when I felt myself surrounded by ""goods"" that were difficult to acquire, what was precisely the opposite of the pleasure that was natural to me, the opposite of the pleasure of having extracted from myself and brought to light something that was hidden in my inner darkness."
353	347	0.381	Si j’avais passé deux ou trois heures à causer avec Robert de Saint-Loup et qu’il eût admiré ce que je lui avais dit, j’éprouvais une sorte de remords, de regret, de fatigues de ne pas être resté seul et prêt enfin à travailler.	If I had spent two or three hours in conversation with Saint-Loup, and he had expressed his admiration of what I had said to him, I felt a sort of remorse, or regret, or weariness at not having been left alone and ready, at last, to begin my work.
354	348	0.467	Mais je me disais qu’on n’est pas intelligent que pour soi-même, que les plus grands ont désiré d’être appréciés, que je ne pouvais pas considérer comme perdues des heures où j’avais bâti une haute idée de moi dans l’esprit de mon ami, je me persuadais facilement que je devais en être heureux et je souhaitais d’autant plus vivement que ce bonheur ne me fût jamais enlevé que je ne l’avais pas ressenti.	But I told myself that one is not given intelligence for one's own benefit only, that the greatest of men have longed for appreciation, that I could not regard as wasted hours in which I had built up an exalted idea of myself in the mind of my friend; I had no difficulty in persuading myself that I ought to be happy in consequence, and I hoped all the more anxiously that this happiness might never be taken from me simply because I had not yet been conscious of it.
355	349	0.417	On craint plus que de tous les autres la disparition des biens restés en dehors de nous parce que notre coeur ne s’en est pas emparé.	"We fear more than the loss of everything else the disappearance of the ""goods"" that have remained beyond our reach, because our heart has not taken possession of them."
356	350	0.458	Je me sentais capable d’exercer les vertus de l’amitié mieux que beaucoup (parce que je ferais toujours passer le bien de mes amis avant ces intérêts personnels auxquels d’autres sont attachés et qui ne comptaient pas pour moi) mais non pas de connaître la joie par un sentiment qui, au lieu d’accroître les différences qu’il y avait entre mon âme et celles des autres — comme il y en a entre les âmes de chacun de nous — les effacerait.	I felt that I was capable of exemplifying the virtues of friendship better than most people (because I should always place the good of my friends before those personal interests to which other people were devoted but which did not count for me), but not of finding happiness in a feeling which, instead of multiplying the differences that there were between my nature and those of other people — as there are among all of us — would cancel them.
357	351	0.463	En revanche par moment ma pensée démêlait en Saint-Loup un être plus général que lui-même, le «noble», et qui comme un esprit intérieur mouvait ses membres, ordonnait ses gestes et ses actions; alors, à ces moments-là, quoique près de lui j’étais seul comme je l’eusse été devant un paysage dont j’aurais compris l’harmonie.	"At the same time my mind was distinguishing in Saint-Loup a personality more collective than his own, that of the ""noble""; which like an indwelling spirit moved his limbs, ordered his gestures and his actions; then, at such moments, although in his company, I was as much alone as I should have been gazing at a landscape the harmony of which I could understand."
358	352	0.222	Il n’était plus qu’un objet que ma rêverie cherchait à approfondir.	He was no more then than an object the properties of which, in my musing contemplations, I sought to explore.
359	353	0.379	A retrouver toujours en lui cet être antérieur, séculaire, cet aristocrate que Robert aspirait justement à ne pas être, j’éprouvais une vive joie, mais d’intelligence, non d’amitié.	The perpetual discovery in him of this pre-existent, this aeonial creature, this aristocrat who was just what Robert aspired not to be, gave me a keen delight, but one that was intellectual and not social.
360	354	0.368	Dans l’agilité morale et physique qui donnait tant de grâce à son amabilité, dans l’aisance avec laquelle il offrait sa voiture à ma grand’mère et l’y faisait monter, dans son adresse à sauter du siège quand il avait peur que j’eusse froid, pour jeter son propre manteau sur mes épaules, je ne sentais pas seulement la souplesse héréditaire des grands chasseurs qu’avaient été depuis des générations les ancêtres de ce jeune homme qui ne prétendait qu’à l’intellectualité, leur dédain de la richesse qui, subsistant chez lui à côté du goût qu’il avait d’elle rien que pour pouvoir mieux fêter ses amis, lui faisait mettre si négligemment son luxe à leurs pieds; j’y sentais surtout la certitude ou l’illusion qu’avaient eu ces grands seigneurs d’être «plus que les autres», grâce à quoi ils n’avaient pu léguer à Saint-Loup ce désir de montrer qu’on est «autant que les autres», cette peur de paraître trop empressé, qui lui était en effet vraiment inconnue et qui enlaidit de tant de laideur et de gaucherie la plus sincère amabilité plébéienne.	"In the moral and physical agility which gave so much grace to his kindnesses, in the ease with which he offered my grandmother his carriage and made her get into it, in the alacrity with which he sprang from the box, when he was afraid that I might be cold, to spread his own cloak over my shoulders, I felt not only the inherited litheness of the mighty hunters who had been for generations the ancestors of this young man who made no pretence save to intellectuality, their scorn of wealth which, subsisting in him side by side with his enjoyment of it simply because it enabled him to entertain his friends more lavishly, made him so carelessly shower his riches at their feet; I felt in him especially the certainty or the illusion in the minds of those great lords of being ""better than other people"", thanks to which they had not been able to hand down to Saint-Loup that anxiety to shew that one is ""just as good"", that dread of seeming inferior, of which he was indeed wholly unconscious, but which mars with so much ugliness, so much awkwardness, the most sincere overtures of a plebeian."
361	355	0.402	Quelquefois je me reprochais de prendre ainsi plaisir à considérer mon ami comme une œuvre d’art, c’est-à-dire à regarder le jeu de toutes les parties de son être comme harmonieusement réglé par une idée générale à laquelle elles étaient suspendues mais qu’il ne connaissait pas et qui par conséquent n’ajoutait rien à ses qualités propres, à cette valeur personnelle d’intelligence et de moralité à quoi il attachait tant de prix.	Sometimes I found fault with myself for thus taking pleasure in my friend as in a work of art, that is to say in regarding the play of all the parts of his being as harmoniously ordered by a general idea from which they depended but which he did not know, so that it added nothing to his own good qualities, to that personal value, intellectual and moral, to which he attached so high a price.
362	356	0.356	Et pourtant elle était, dans une certaine mesure, leur condition.	And yet that idea was to a certain extent their determining cause.
363	357	0.461	C’est parce qu’il était un gentilhomme que cette activité mentale, ces aspirations socialistes, qui lui faisaient rechercher de jeunes étudiants prétentieux et mal mis, avaient chez lui quelque chose de vraiment pur et désintéressé qu’elles n’avaient pas chez eux.	It was because he was a gentleman that that mental activity, those socialist aspirations, which made him seek the company of young students, arrogant and ill-dressed, connoted in him something really pure and disinterested which was not to be found in them.
364	358	0.418	Se croyant l’héritier d’une caste ignorante et égoïste, il cherchait sincèrement à ce qu’ils lui pardonnassent ces origines aristocratiques qui exerçaient sur eux au contraire une séduction et à cause desquelles ils le recherchaient, tout en simulant à son égard la froideur et même l’insolence.	Looking upon himself as the heir of an ignorant and selfish caste, he was sincerely anxious that they should forgive in him that aristocratic origin which they, on the contrary, found irresistibly attractive and on account of which they sought to know him, though with a show of coldness and indeed of insolence towards him.
365	359	0.602	Il était ainsi amené à faire des avances à des gens dont mes parents, fidèles à la sociologie de Combray, eussent été stupéfaits qu’il ne se détournât pas.	He was thus led to make advances to people from whom my parents, faithful to the sociological theories of Combray, would have been stupefied at his not turning away in disgust.
366	360	0.736	Un jour que nous étions assis sur le sable, Saint-Loup et moi, nous entendîmes d’une tente de toile contre laquelle nous étions, sortir des imprécations contre le fourmillement d’Israélites qui infestait Balbec.	One day when we were sitting on the sands, Saint-Loup and I, we heard issuing from a canvas tent against which we were leaning a torrent of imprecation against the swarm of Israelites that infested Balbec.
367	361	0.550	«On ne peut faire deux pas sans en rencontrer, disait la voix.	"""You can't go a yard without meeting them,"" said the voice."
368	362	0.643	Je ne suis pas par principe irréductiblement hostile à la nationalité juive, mais ici il y a pléthore.	"""I am not in principle irremediably hostile to the Jewish nation, but here there is a plethora of them."
369	363	0.459	On n’entend que: «Dis donc Apraham, chai fu Chakop.»	You hear nothing but, 'I thay, Apraham, I've chust theen Chacop.'
370	364	0.446	On se croirait rue d’Aboukir.»	"You would think you were in the Rue d'Aboukir."""
371	365	0.786	L’homme qui tonnait ainsi contre Israël sortit enfin de la tente, nous levâmes les yeux sur cet antisémite.	The man who thus inveighed against Israel emerged at last from the tent; we raised our eyes to behold this antisemite.
372	366	0.597	C’était mon camarade Bloch.	It was my old friend Bloch.
373	367	0.406	Saint-Loup me demanda immédiatement de rappeler à celui-ci qu’ils s’étaient rencontrés au Concours Général où Bloch avait eu le prix d’honneur, puis dans une Université populaire.	Saint-Loup at once begged me to remind him that they had met before the Board of Examiners, when Bloch had carried off the prize of honour, and since then at a popular university course.
374	368	0.480	Tout au plus souriais-je parfois de retrouver chez Robert les leçons des jésuites dans la gêne que la peur de froisser faisait naître chez lui, chaque fois que quelqu’un de ses amis intellectuels commettait une erreur mondaine, faisait une chose ridicule à laquelle, lui, Saint-Loup, n’attachait aucune importance, mais dont il sentait que l’autre aurait rougi si l’on s’en était aperçu.	At the most I may have smiled now and then, to discover in Robert the marks of his Jesuit schooling, in the awkwardness which the fear of hurting people's feelings at once created in him whenever one of his intellectual friends made a social error, did something silly to which Saint-Loup himself attached no importance but felt that the other would have blushed if anybody had noticed it.
375	369	0.616	Et c’était Robert qui rougissait comme si ç’avait été lui le coupable, par exemple le jour où Bloch lui promettant d’aller le voir à l’hôtel, ajouta:	And it was Robert who used to blush as though it had been he that was to blame, for instance on the day when Bloch, after promising to come and see him at the hotel, went on:
376	370	0.649	—Comme je ne peux pas supporter d’attendre parmi le faux chic de ces grands caravansérails, et que les tziganes me feraient trouver mal, dites au «laïft» de les faire taire et de vous prévenir de suite.	"""As I cannot endure to be kept waiting among all the false splendour of these great caravanserais, and the Hungarian band would make me ill, you must tell the 'lighft-boy' to make them shut up, and to let you know at once."""
377	371	0.593	Personnellement, je ne tenais pas beaucoup à ce que Bloch vînt à l’hôtel.	Personally, I was not particularly anxious that Bloch should come to the hotel.
378	372	0.593	Il était à Balbec, non pas seul, malheureusement, mais avec ses sœurs qui y avaient elles-mêmes beaucoup de parents et d’amis.	He was at Balbec not by himself, unfortunately, but with his sisters, and they in turn had innumerable relatives and friends staying there.
379	373	0.566	Or cette colonie juive était plus pittoresque qu’agréable.	Now this Jewish colony was more picturesque than pleasant.
380	374	0.592	Il en était de Balbec comme de certains pays, la Russie ou la Roumanie, où les cours de géographie nous enseignent que la population israélite n’y jouit point de la même faveur et n’y est pas parvenue au même degré d’assimilation qu’à Paris par exemple.	Balbec was in this respect like such countries as Russia or Rumania, where the geography books teach us that the Israelite population does not enjoy anything approaching the same esteem and has not reached the same stage of assimilation as, for instance, in Paris.
381	375	0.456	Toujours ensemble, sans mélange d’aucun autre élément, quand les cousines et les oncles de Bloch, ou leurs coreligionnaires mâles ou femelles se rendaient au Casino, les unes pour le «bal», les autres bifurquant vers le baccarat, ils formaient un cortège homogène en soi et entièrement dissemblable des gens qui les regardaient passer et les retrouvaient là tous les ans sans jamais échanger un salut avec eux, que ce fût la société des Cambremer, le clan du premier président, ou des grands et petits bourgeois, ou même de simples grainetiers de Paris, dont les filles, belles, fières, moqueuses et françaises comme les statues de Reims, n’auraient pas voulu se mêler à cette horde de fillasses mal élevées, poussant le souci des modes de «bains de mer» jusqu’à toujours avoir l’air de revenir de pêcher la crevette ou d’être en train de danser le tango.	"Always together, with no blend of any other element, when the cousins and uncles of Bloch or their coreligionists male or female repaired to the Casino, the ladies to dance, the gentlemen branching off towards the baccarat-tables, they formed a solid troop, homogeneous within itself, and utterly dissimilar to the people who watched them go past and found them there again every year without ever exchanging a word or a sign with them, whether these were on the Cambremers' list, or the presiding magistrate's little group, professional or ""business"" people, or even simple corn-chandlers from Paris, whose daughters, handsome, proud, derisive and French as the statues at Rheims, would not care to mix with that horde of ill-bred tomboys, who carried their zeal for ""seaside fashions"" so far as to be always apparently on their way home from shrimping or out to dance the tango."
382	376	0.475	Quant aux hommes, malgré l’éclat des smokings et des souliers vernis, l’exagération de leur type faisait penser à ces recherches dites «intelligentes» des peintres qui, ayant à illustrer les Évangiles ou les Mille et Une Nuits, pensent au pays où la scène se passe et donnent à saint Pierre ou à Ali-Baba précisément la figure qu’avait le plus gros «ponte» de Balbec.	"As for the men, despite the brilliance of their dinner-jackets and patent-leather shoes, the exaggeration of their type made one think of what people call the ""intelligent research"" of painters who, having to illustrate the Gospels or the Arabian Nights, consider the country in which the scenes are laid, and give to Saint Peter or to Ali-Baba the identical features of the heaviest ""punter"" at the Balbec tables."
383	377	0.537	Bloch me présenta ses sœurs, auxquelles il fermait le bec avec la dernière brusquerie et qui riaient aux éclats des moindres boutades de leur frère, leur admiration et leur idole.	Bloch introduced his sisters, who, though he silenced their chatter with the utmost rudeness, screamed with laughter at the mildest sallies of this brother, their blindly worshipped idol.
384	378	0.582	De sorte qu’il est probable que ce milieu devait renfermer comme tout autre, peut-être plus que tout autre, beaucoup d’agréments, de qualités et de vertus.	So that it is probable that this set of people contained, like every other, perhaps more than any other, plenty of attractions, merits and virtues.
385	379	0.381	Mais pour les éprouver, il eût fallu y pénétrer.	But in order to experience these, one had first to penetrate its enclosure.
386	380	0.397	Or, il ne plaisait pas, il le sentait, il voyait là la preuve d’un antisémitisme contre lequel il faisait front en une phalange compacte et close où personne d’ailleurs ne songeait à se frayer un chemin.	Now it was not popular; it could feel this; it saw in its unpopularity the mark of an anti-semitism to which it presented a bold front in a compact and closed phalanx into which, as it happened, no one ever dreamed of trying to make his way.
387	381	0.418	Pour ce qui est de «laïft», cela avait d’autant moins lieu de me surprendre que quelques jours auparavant, Bloch m’ayant demandé pourquoi j’étais venu à Balbec (il lui semblait au contraire tout naturel que lui-même y fût) et si c’était «dans l’espoir de faire de belles connaissances», comme je lui avais dit que ce voyage répondait à un de mes plus anciens désirs, moins profond pourtant que celui d’aller à Venise, il avait répondu: «Oui, naturellement, pour boire des sorbets avec les belles madames, tout en faisant semblant de lire les _Stones of Venaïce_, de Lord John Ruskin, sombre raseur et l’un des plus barbifiants bonshommes qui soient.»	"At his use of the word ""lighft"" I had all the less reason to be surprised in that, a few days before, Bloch having asked me why I had come to Balbec (although it seemed to him perfectly natural that he himself should be there) and whether it had been ""in the hope of making grand friends"", when I had explained to him that this visit was a fulfilment of one of my earliest longings, though one not so deep as my longing to see Venice, he had replied: ""Yes, of course, to sip iced drinks with the pretty ladies, while you pretend to be reading the _Stones of Venighce_, by Lord John Ruskin, a dreary shaver, in fact one of the most garrulous old barbers that you could find."""
388	382	0.465	Bloch croyait donc évidemment qu’en Angleterre, non seulement tous les individus du sexe mâle sont lords, mais encore que la lettre _i_ s’y prononce toujours _aï_.	"So that Bloch evidently thought that in England not only were all the inhabitants of the male sex called ""Lord"", but the letter 'i' was invariably pronounced 'igh'."
389	383	0.479	Quant à Saint-Loup, il trouvait cette faute de prononciation d’autant moins grave qu’il y voyait surtout un manque de ces notions presque mondaines que mon nouvel ami méprisait autant qu’il les possédait.	"As for Saint-Loup, this mistake in pronunciation seemed to him all the less serious inasmuch as he saw in it pre-eminently a want of those almost ""society"" notions which my new friend despised as fully as he was versed in them."
390	384	0.414	Mais la peur que Bloch apprenant un jour qu’on dit Venice et que Ruskin n’était pas lord, crût rétrospectivement que Robert l’avait trouvé ridicule, fit que ce dernier se sentit coupable comme s’il avait manqué de l’indulgence dont il débordait, et que la rougeur qui colorerait sans doute un jour le visage de Bloch à la découverte de son erreur, il la sentit par anticipation et réversibilité monter au sien.	"But the fear lest Bloch, discovering one day that one says ""Venice"" and that Ruskin was not a lord, should retrospectively imagine that Robert had been laughing at him, made the latter feel as guilty as if he had been found wanting in the indulgence with which, as we have seen, he overflowed, so that the blush which would no doubt one day dye the cheek of Bloch on the discovery of his error, Robert already, by anticipation and reflex action, could feel mounting to his own."
391	385	0.439	Car il pensait bien que Bloch attachait plus d’importance que lui à cette faute.	For he fully believed that Bloch attached more importance than he to this mistake.
392	386	0.547	Ce que Bloch prouva quelque temps après, un jour qu’il m’entendit prononcer «lift», en interrompant:	"Which Bloch proved to be true some time later, when he heard me pronounce the word ""lift"", by breaking in with:"
393	387	0.308	—Ah! on dit lift?	"""Oh, you say 'lift', do you?"""
394-395	388	0.340	Et d’un ton sec et hautain: —Cela n’a d’ailleurs aucune espèce d’importance.	"And then, in a dry and lofty tone: ""Not that it is of the slightest importance."""
396	389-390	0.613	Phrase analogue à un réflexe, la même chez tous les hommes qui ont de l’amour-propre, dans les plus graves circonstances aussi bien que dans les plus infimes; dénonçant alors aussi bien que dans celle-ci combien importante paraît la chose en question à celui qui la déclare sans importance; phrase tragique parfois qui la première de toutes s’échappe, si navrante alors, des lèvres de tout homme un peu fier à qui on vient d’enlever la dernière espérance à laquelle il se raccrochait, en lui refusant un service: «Ah! bien, cela n’a aucune espèce d’importance, je m’arrangerai autrement»; l’autre arrangement vers lequel il est sans aucune espèce d’importance d’être rejeté étant quelquefois le suicide.	"A phrase that is like a reflex action of the body, the same in all men whose self-esteem is great, in the gravest circumstances as well as in the most trivial, betraying there as clearly as on this occasion how important the thing in question seems to him who declares that it is of no importance; a tragic phrase at times, the first to escape (and then how heart-breaking) the lips of every man at all proud from whom we have just taken the last hope to which he still clung by refusing to do him a service. ""Oh, well, it's not of the slightest importance; I shall make some other arrangement:"" the other arrangement which it is not of the slightest importance that he should be driven to adopt being often suicide."
397	391	0.403	Puis Bloch me dit des choses fort gentilles.	Apart from this, Bloch made me the prettiest speeches.
398	392	0.501	Il avait certainement envie d’être très aimable avec moi.	He was certainly anxious to be on the best of terms with me.
399	393	0.396	Pourtant, il me demanda: «Est-ce par goût de t’élever vers la noblesse — une noblesse très à-côté du reste, mais tu es demeuré naïf — que tu fréquentes de Saint-Loup-en-Bray?	"And yet he asked me: ""Is it because you've taken a fancy to raise yourself to the peerage that you run after de Saint-Loup-en-Bray?"
400	394	0.531	Tu dois être en train de traverser une jolie crise de snobisme.	You must be going through a fine crisis of snobbery.
401	395	0.515	Dis-moi es-tu snob?	Tell me, are you a snob?
402	396	0.323	Oui n’est-ce pas?»	"I think so, what?"""
403	397	0.562	Ce n’est pas que son désir d’amabilité eût brusquement changé.	Not that his desire to be friendly had suddenly changed.
404	398	0.532	Mais ce qu’on appelle en un français assez incorrect «la mauvaise éducation» était son défaut, par conséquent le défaut dont il ne s’apercevait pas, à plus forte raison dont il ne crût pas que les autres pussent être choqués.	"But what is called, in not too correct language, ""ill breeding"" was his defect, and therefore the defect which he was bound to overlook, all the more that by which he did not believe that other people could be shocked."
405	399	0.426	Dans l’humanité, la fréquence des vertus identiques pour tous, n’est pas plus merveilleuse que la multiplicité des défauts particuliers à chacun.	In the human race the frequency of the virtues that are identical in us all is not more wonderful than the multiplicity of the defects that are peculiar to each one of us.
406	400	0.479	Sans doute, ce n’est pas le bon sens qui est «la chose du monde la plus répandue», c’est la bonté.	"Undoubtedly, it is not common sense that is ""the commonest thing in the world""; but human kindness."
407	401	0.522	Dans les coins les plus lointains, les plus perdus, on s’émerveille de la voir fleurir d’elle-même, comme dans un vallon écarté un coquelicot pareil à ceux du reste du monde, lui qui ne les a jamais vus, et n’a jamais connu que le vent qui fait frissonner parfois son rouge chaperon solitaire.	In the most distant, the most desolate ends of the earth, we marvel to see it blossom of its own accord, as in a remote valley a poppy like the poppies in the world beyond, poppies which it has never seen as it has never known aught but the wind that, now and again, stirring the folds of its scarlet cloak, disturbs its solitude.
408	402	0.578	Même si cette bonté, paralysée par l’intérêt, ne s’exerce pas, elle existe pourtant, et chaque fois qu’aucun mobile égoïste ne l’empêche de le faire, par exemple, pendant la lecture d’un roman ou d’un journal, elle s’épanouit, se tourne, même dans le cœur de celui qui, assassin dans la vie, reste tendre comme amateur de feuilletons, vers le faible, vers le juste et le persécuté.	Even if this human kindness, paralysed by self-interest, is not exercised, it exists none the less, and whenever any inconstant egoist does not restrain its action, when, for example, he is reading a novel or a newspaper, it will bud, blossom, grow, even in the heart of him who, cold-blooded in real life, has retained a tender heart, as a lover of fiction, for the weak, the righteous and the persecuted.
409	403	0.577	Mais la variété des défauts n’est pas moins admirable que la similitude des vertus.	But the variety of our defects is no less remarkable than the similarity of our virtues.
410	404	0.527	Chacun a tellement les siens que pour continuer à l’aimer, nous sommes obligés de n’en pas tenir compte et de les négliger en faveur du reste.	Each of us has his own, so much so that to continue loving him we are obliged not to take them into account but to ignore them and look only to the rest of his character.
411	405	0.486	La personne la plus parfaite a un certain défaut qui choque ou qui met en rage.	The most perfect person in the world has a certain defect which shocks us or makes us angry.
412	406	0.397	L’une est d’une belle intelligence, voit tout d’un point de vue élevé, ne dit jamais de mal de personne, mais oublie dans sa poche les lettres les plus importantes qu’elle vous a demandé elle-même de lui confier, et vous fait manquer ensuite un rendez-vous capital, sans vous faire d’excuses, avec un sourire, parce qu’elle met sa fierté à ne jamais savoir l’heure.	One man is of rare intelligence, sees everything from an exalted angle, never speaks evil of anyone, but will pocket and forget letters of supreme importance which it was he himself who asked you to let him post for you, and will then miss a vital engagement without offering you any excuse, with a smile, because he prides himself upon never knowing the time.
413	407	0.229	Un autre a tant de finesse, de douceur, de procédés délicats, qu’il ne vous dit jamais de vous-même que les choses qui peuvent vous rendre heureux, mais vous sentez qu’il en tait, qu’il en ensevelit dans son coeur, où elles aigrissent, de toutes différentes, et le plaisir qu’il a à vous voir lui est si cher qu’il vous ferait crever de fatigue plutôt que de vous quitter.	Another is so refined, so gentle, so delicate in his conduct that he never says anything about you before your face except what you are glad to hear; but you feel that he refrains from uttering, that he keeps buried in his heart, where they grow bitter, very different opinions, and the pleasure that he derives from seeing you is so dear to him that he will let you faint with exhaustion sooner than leave you to yourself.
414	408	0.378	Un troisième a plus de sincérité, mais la pousse jusqu’à tenir à ce que vous sachiez, quand vous vous êtes excusé sur votre état de santé de ne pas être allé le voir, que vous avez été vu vous rendant au théâtre et qu’on vous a trouvé bonne mine, ou qu’il n’a pu profiter entièrement de la démarche que vous avez faite pour lui, que d’ailleurs déjà trois autres lui ont proposé de faire et dont il ne vous est ainsi que légèrement obligé.	A third has more sincerity, but carries it so far that he feels bound to let you know, when you have pleaded the state of your health as an excuse for not having been to see him, that you were seen going to the theatre and were reported to be looking well, or else that he has not been able to profit entirely by the action which you have taken on his behalf, which, by the way, three other of his friends had already offered to take, so that he is only moderately indebted to you.
415	409	0.390	Dans les deux circonstances, l’ami précédent aurait fait semblant d’ignorer que vous étiez allé au théâtre et que d’autres personnes eussent pu lui rendre le même service.	In similar circumstances the previous friend would have pretended not to know that you had gone to the theatre, or that other people could have done him the same service.
416	410	0.376	Quant à ce dernier ami il éprouve le besoin de répéter ou de révéler à quelqu’un ce qui peut le plus vous contrarier, est ravi de sa franchise et vous dit avec force: «Je suis comme cela.»	"But this last friend feels himself obliged to repeat or to reveal to somebody the very thing that is most likely to give offence; is delighted with his own frankness and tells you, emphatically: ""I am like that."""
417	411	0.341	Tandis que d’autres vous agacent par leur curiosité exagérée, ou par leur incuriosité si absolue, que vous pouvez leur parler des événements les plus sensationnels sans qu’ils sachent de quoi il s’agit; que d’autres encore restent des mois à vous répondre si votre lettre a trait à un fait qui concerne vous et non eux, ou bien s’ils vous disent qu’ils vont venir vous demander quelque chose et que vous n’osiez pas sortir de peur de les manquer, ne viennent pas et vous laissent attendre des semaines parce que n’ayant pas reçu de vous la réponse que leur lettre ne demandait nullement, ils avaient cru vous avoir fâché.	"While others infuriate you by their exaggerated curiosity, or by a want of curiosity so absolute that you can speak to them of the most sensational happenings without their grasping what it is all about; and others again take months to answer you if your letter has been about something that concerns yourself and not them, or else, if they write that they are coming to ask you for something and you dare not leave the house for fear of missing them, do not appear, but leave you in suspense for weeks because, not having received from you the answer which their letter did not in the least ""expect"", they have concluded that you must be cross with them."
418	412	0.288	Et certains, consultant leur désir et non le vôtre, vous parlent sans vous laisser placer un mot s’ils sont gais et ont envie de vous voir, quelque travail urgent que vous ayez à faire, mais s’ils se sentent fatigués par le temps, ou de mauvaise humeur, vous ne pouvez pas tirer d’eux une parole, ils opposent à vos efforts une inerte langueur et ne prennent pas plus la peine de répondre, même par monosyllabes, à ce que vous dites que s’ils ne vous avaient pas entendus.	And others, considering their own wishes and not yours, talk to you without letting you get a word in if they are in good spirits and want to see you, however urgent the work you may have in hand, but if they feel exhausted by the weather or out of humour, you cannot get a word out of them, they meet your efforts with an inert languor and no more take the trouble to reply, even in monosyllables, to what you say to them than if they had not heard you.
419	413	0.404	Chacun de nos amis a tellement ses défauts que pour continuer à l’aimer nous sommes obligés d’essayer de nous consoler d’eux — en pensant à son talent, à sa bonté, à sa tendresse — ou plutôt de ne pas en tenir compte en déployant pour cela toute notre bonne volonté.	Each of our friends has his defects so markedly that to continue to love him we are obliged to seek consolation for those defects — in the thought of his talent, his goodness, his affection for ourself — or rather to leave them out of account, and for that we need to display all our good-will.
420	414	0.371	Malheureusement notre complaisante obstination à ne pas voir le défaut de notre ami est surpassée par celle qu’il met à s’y adonner à cause de son aveuglement ou de celui qu’il prête aux autres.	Unfortunately our obliging obstinacy in refusing to see the defect in our friend is surpassed by the obstinacy with which he persists in that defect, from his own blindness to it or the blindness that he attributes to other people.
421	415	0.341	Car il ne le voit pas ou croit qu’on ne le voit pas.	For he does not notice it himself, or imagines that it is not noticed.
422	416	0.439	Comme le risque de déplaire vient surtout de la difficulté d’apprécier ce qui passe ou non inaperçu, on devrait, au moins, par prudence, ne jamais parler de soi, parce que c’est un sujet où on peut être sûr que la vue des autres et la nôtre propre ne concordent jamais.	Since the risk of giving offence arises principally from the difficulty of appreciating what does and what does not pass unperceived, we ought, at least, from prudence, never to speak of ourself, because that is a subject on which we may be sure that other people's views are never in accordance with our own.
423	417	0.467	Si on a autant de surprises qu’à visiter une maison d’apparence quelconque dont l’intérieur est rempli de trésors, de pinces-monseigneur et de cadavres quand on découvre la vraie vie des autres, l’univers réel sous l’univers apparent, on n’en éprouve pas moins si, au lieu de l’image qu’on s’était faite de soi-même grâce à ce que chacun nous en disait, on apprend par le langage qu’ils tiennent à notre égard en notre absence quelle image entièrement différente ils portaient en eux de nous et de notre vie.	If we find as many surprises as on visiting a house of plain exterior which inside is full of hidden treasures, torture-chambers, skeletons, when we discover the true lives of other people, the real beneath the apparent universe, we are no less surprised if, in place of the image that we have made of ourself with the help of all the things that people have said to us, we learn from the terms in which they speak of us in our absence what an entirely different image they have been carrying in their own minds of us and of our life.
424	418	0.370	De sorte que chaque fois que nous avons parlé de nous, nous pouvons être sûrs que nos inoffensives et prudentes paroles, écoutées avec une politesse apparente et une hypocrite approbation, ont donné lieu aux commentaires les plus exaspérés ou les plus joyeux, en tous cas les moins favorables.	So that whenever we have spoken about ourself, we may be sure that our inoffensive and prudent words, listened to with apparent politeness and hypocritical approbation, have given rise afterwards to the most exasperated or the most mirthful, but in either case the least favourable criticism.
425	419	0.378	Le moins que nous risquions est d’agacer par la disproportion qu’il y a entre notre idée de nous-mêmes et nos paroles, disproportion qui rend généralement les propos des gens sur eux aussi risibles que ces chantonnements des faux amateurs de musique qui éprouvent le besoin de fredonner un air qu’ils aiment en compensant l’insuffisance de leur murmure inarticulé par une mimique énergique et un air d’admiration que ce qu’ils nous font entendre ne justifie pas.	The least risk that we run is that of irritating people by the disproportion that there is between our idea of ourself and the words that we use, a disproportion which as a rule makes people's talk about themselves as ludicrous as the performances of those self-styled music-lovers who when they feel the need to hum a favourite melody compensate for the inadequacy of their inarticulate murmurings by a strenuous mimicry and a look of admiration which is hardly justified by all that they let us hear.
426	420	0.368	Et à la mauvaise habitude de parler de soi et de ses défauts il faut ajouter, comme faisant bloc avec elle, cette autre de dénoncer chez les autres des défauts précisément analogues à ceux qu’on a.	And to the bad habit of speaking about oneself and one's defects there must be added, as part of the same thing, that habit of denouncing in other people defects precisely analogous to one's own.
427	421	0.314	Or, c’est toujours de ces défauts-là qu’on parle, comme si c’était une manière de parler de soi, détournée, et qui joint au plaisir de s’absoudre celui d’avouer.	For it is always of those defects that people speak, as though it were a way of speaking about oneself, indirectly, which added to the pleasure of absolution that of confession.
428	422	0.631	D’ailleurs il semble que notre attention toujours attirée sur ce qui nous caractérise le remarque plus que toute autre chose chez les autres.	Besides it seems that our attention, always attracted by what is characteristic of ourself, notices that more than anything else in other people.
429	423	0.669	Un myope dit d’un autre: «Mais il peut à peine ouvrir les yeux»; un poitrinaire a des doutes sur l’intégrité pulmonaire du plus solide; un malpropre ne parle que des bains que les autres ne prennent pas; un malodorant prétend qu’on sent mauvais; un mari trompé voit partout des maris trompés; une femme légère des femmes légères; le snob des snobs.	"One short-sighted man says of another: ""But he can scarcely open his eyes!""; a consumptive has his doubts as to the pulmonary integrity of the most robust; an unwashed man speaks only of the baths that other people do not take; an evil-smelling man insists that other people smell; a cuckold sees cuckolds everywhere, a light woman light women, a snob snobs."
430	424	0.682	Et puis chaque vice, comme chaque profession, exige et développe un savoir spécial qu’on n’est pas fâché d’étaler.	Then, too, every vice, like every profession, requires and trains a special knowledge which we are never loath to display.
431	425	0.495	L’investi dépiste les investis, le couturier invité dans le monde n’a pas encore causé avec vous qu’il a déjà apprécié l’étoffe de votre vêtement et que ses doigts brûlent d’en palper les qualités, et si après quelques instants de conversation vous demandiez sa vraie opinion sur vous à un odontalgiste, il vous dirait le nombre de vos mauvaises dents.	The invert detects and denounces inverts; the tailor asked out to dine, before he has begun to talk to you, has passed judgment on the cloth of your coat, which his fingers are itching to feel, and if after a few words of conversation you were to ask a dentist what he really thought of you, he would tell you how many of your teeth wanted filling.
432	426	0.540	Rien ne lui paraît plus important, et à vous, qui avez remarqué les siennes, plus ridicule.	To him nothing appears more important, nor more absurd to you who have noticed his own.
433	427	0.542	Et ce n’est pas seulement quand nous parlons de nous que nous croyons les autres aveugles; nous agissons comme s’ils l’étaient.	And it is not only when we speak of ourselves that we imagine other people to be blind; we behave as though they were.
434	428	0.616	Pour chacun de nous, un Dieu spécial est là qui lui cache ou lui promet l’inversibilité de son défaut, de même qu’il ferme les yeux et les narines aux gens qui ne se lavent pas sur la raie de crasse qu’ils portent aux oreilles et l’odeur de transpiration qu’ils gardent au creux des bras, et les persuade qu’ils peuvent impunément promener l’une et l’autre dans le monde qui ne s’apercevra de rien.	On every one of us there is a special god in attendance who hides from him or promises him the concealment from other people of his defect, just as he stops the eyes and nostrils of people who do not wash to the streaks of dirt which they carry in their ears and the smell of sweat which emanates from their armpits, and assures them that they can with impunity carry both of these about a world that will notice nothing.
435	429	0.633	Et ceux qui portent ou donnent en présent de fausses perles s’imaginent qu’on les prendra pour des vraies.	And those who wear artificial pearls, or give them as presents, imagine that people will take them to be genuine.
436	430	0.728	Bloch était mal élevé, névropathe, snob et, appartenant à une famille peu estimée, supportait comme au fond des mers les incalculables pressions que faisaient peser sur lui non seulement les chrétiens de la surface, mais les couches superposées des castes juives supérieures à la sienne, chacune accablant de son mépris celle qui lui était immédiatement inférieure.	Bloch was ill-bred, neurotic, a snob, and, since he belonged to a family of little repute, had to support, as on the floor of ocean, the incalculable pressure that was imposed on him not only by the Christians upon the surface but by all the intervening layers of Jewish castes superior to his own, each of them crushing with its contempt the one that was immediately beneath it.
437	431	0.533	Percer jusqu’à l’air libre en s’élevant de famille juive en famille juive eût demandé à Bloch plusieurs milliers d’années.	To carve his way through to the open air by raising himself from Jewish family to Jewish family would have taken Bloch many thousands of years.
438	432	0.585	Il valait mieux chercher à se frayer une issue d’un autre côté.	It was better worth his while to seek an outlet in another direction.
439	433	0.720	Quand Bloch me parla de la crise de snobisme que je devais traverser et me demanda de lui avouer que j’étais snob, j’aurais pu lui répondre: «Si je l’étais, je ne te fréquenterais pas.»	"When Bloch spoke to me of the crisis of snobbery through which I must be passing, and bade me confess that I was a snob, I might well have replied: ""If I were, I should not be going about with you."""
440	434	0.561	Je lui dis seulement qu’il était peu aimable.	I said merely that he was not being very polite.
441	435	0.476	Alors il voulut s’excuser mais selon le mode qui est justement celui de l’homme mal élevé, lequel est trop heureux en revenant sur ses paroles de trouver une occasion de les aggraver.	Then he tried to apologise, but in the way that is typical of the ill-bred man who is only too glad to hark back to whatever it was if he can find an opportunity to aggravate his offence.
442	436	0.423	«Pardonne-moi, me disait-il maintenant chaque fois qu’il me rencontrait, je t’ai chagriné, torturé, j’ai été méchant à plaisir.	"""Forgive me,"" he used now to plead, whenever we met, ""I have vexed you, tormented you; I have been wantonly mischievous."
443	437	0.603	Et pourtant — l’homme en général et ton ami en particulier est un si singulier animal — tu ne peux imaginer, moi qui te taquine si cruellement, la tendresse que j’ai pour toi.	And yet — man in general and your friend in particular is so singular an animal — you cannot imagine the affection that I, I who tease you so cruelly, have for you.
444	438	0.642	Elle va souvent quand je pense à toi, jusqu’aux larmes.»	"It carries me often, when I think of you, to tears."""
445	439	0.564	Et il fit entendre un sanglot.	And he gave an audible sob.
446	440	0.578	Ce qui m’étonnait plus chez Bloch que ses mauvaises manières, c’était combien la qualité de sa conversation était inégale.	What astonished me more in Bloch than his bad manners was to find how the quality of his conversation varied.
447	441	0.491	Ce garçon si difficile, qui des écrivains les plus en vogue disait: «C’est un sombre idiot, c’est tout à fait un imbécile», par moments racontait avec une grande gaieté des anecdotes qui n’avaient rien de drôle et citait comme «quelqu’un de vraiment curieux», tel homme entièrement médiocre.	"This youth, so hard to please that of authors who were at the height of their fame he would say: ""He's a gloomy idiot; he's a sheer imbecile,"" would every now and then tell, with immense gusto, stories that were simply not funny or would instance as a ""really remarkable person"" some man who was completely insignificant."
448	442	0.394	Cette double balance pour juger de l’esprit, de la valeur, de l’intérêt des êtres, ne laissa pas de m’étonner jusqu’au jour où je connus M. Bloch père.	This double scale of measuring the wit, the worth, the interest of people continued to puzzle me until I was introduced to M. Bloch, senior.
449	443	0.510	Je n’avais pas cru que nous serions jamais admis à le connaître, car Bloch fils avait mal parlé de moi à Saint-Loup et de Saint-Loup à moi.	I had not supposed that we should ever be allowed to know him, for Bloch junior had spoken ill of me to Saint-Loup and of Saint-Loup to me.
450	444	0.521	Il avait notamment dit à Robert que j’étais (toujours) affreusement snob.	In particular, he had said to Robert that I was (always) a frightful snob.
451	445	0.606	«Si, si, il est enchanté de connaître M. LLLLegrandin», dit-il.	"""Yes, really, he is overjoyed at knowing M. LLLLegrandin."""
452	446	0.487	Cette manière de détacher un mot était chez Bloch le signe à la fois de l’ironie et de la littérature.	This trick of isolating a word, was, in Bloch, a sign at once of irony and of learning.
453	447-448	0.605	Saint-Loup qui n’avait jamais entendu le nom de Legrandin s’étonna: «Mais qui est-ce?»	"Saint-Loup, who had never heard the name of Legrandin, was bewildered. ""But who is he?"""
454	449-450	0.433	— «Oh! c’est quelqu’un de _très bien_», répondit Bloch en riant et en mettant frileusement ses mains dans les poches de son veston, persuadé qu’il était en ce moment en train de contempler le pittoresque aspect d’un extraordinaire gentilhomme provincial auprès de quoi ceux de Barbey d’Aurevilly n’étaient rien.	"""Oh, he's a bit of all right, he is!"" Bloch laughed, thrusting his hands into his pockets as though for warmth, convinced that he was at that moment engaged in contemplation of the picturesque aspect of an extraordinary country gentleman compared to whom those of Barbey d'Aurevilly were as nothing."
455	451	0.529	Il se consolait de ne pas savoir peindre M. Legrandin en lui donnant plusieurs L et en savourant ce nom comme un vin de derrière les fagots.	He consoled himself for his inability to portray M. Legrandin by giving him a string of capital 'L's, smacking his lips over the name as over a wine from the farthest bin.
456	452	0.759	Mais ces jouissances subjectives restaient inconnues aux autres.	But these subjective enjoyments remained hidden from other people.
457	453	0.616	S’il dit à Saint-Loup du mal de moi, d’autre part il ne m’en dit pas moins de Saint-Loup.	If he spoke ill of me to Saint-Loup he made up for it by speaking no less ill of Saint-Loup to me.
458	454	0.358	Nous avions connu le détail de ces médisances chacun dès le lendemain, non que nous nous les fussions répétées l’un à l’autre, ce qui nous eût semblé très coupable, mais paraissait si naturel et presque si inévitable à Bloch que dans son inquiétude, et tenant pour certain qu’il ne ferait qu’apprendre à l’un ou à l’autre ce qu’ils allaient savoir, il préféra prendre les devants, et emmenant Saint-Loup à part lui avoua qu’il avait dit du mal de lui, exprès, pour que cela lui fût redit, lui jura «par le Kroniôn Zeus, gardien des serments», qu’il l’aimait, qu’il donnerait sa vie pour lui et essuya une larme.	"We had each of us learned these slanders in detail, the next day, not that we repeated them to each other, a thing which would have seemed to us very wrong, but to Bloch appeared so natural and almost inevitable that in his natural anxiety, in the certainty moreover that he would be telling us only what each of us was bound sooner or later to know, he preferred to anticipate the disclosure and, taking Saint-Loup aside, admitted that he had spoken ill of him, on purpose, so that it might be repeated to him, swore to him ""by Zeus Kronion, binder of oaths"" that he loved him dearly, that he would lay down his life for him; and wiped away a tear."
459	455	0.482	Le même jour, il s’arrangea pour me voir seul, me fit sa confession, déclara qu’il avait agi dans mon intérêt parce qu’il croyait qu’un certain genre de relations mondaines m’était néfaste et que je «valais mieux que cela».	"The same day, he contrived to see me alone, made his confession, declared that he had acted in my interest, because he felt that a certain kind of social intercourse was fatal to me and that I was ""worthy of better things."""
460	456	0.472	Puis, me prenant la main avec un attendrissement d’ivrogne, bien que son ivresse fût purement nerveuse: «Crois-moi, dit-il, et que la noire Ker me saisisse à l’instant et me fasse franchir les portes d’Hadès, odieux aux hommes, si hier en pensant à toi, à Combray, à ma tendresse infinie pour toi, à telles après-midi en classe que tu ne te rappelles même pas, je n’ai pas sangloté toute la nuit.	"Then, clasping me by the hand, with the sentimentality of a drunkard, albeit his drunkenness was purely nervous: ""Believe me,"" he said, ""and may the black Ker seize me this instant and bear me across the portals of Hades, hateful to men, if yesterday, when I thought of you, of Combray, of my boundless affection for you, of afternoon hours in class which you do not even remember, I did not lie awake weeping all night long."
461	457	0.466	Oui, toute la nuit, je te le jure, et hélas, je le sais, car je connais les âmes, tu ne me croiras pas.»	"Yes, all night long, I swear it, and alas, I know — for I know the human soul — you will not believe me."""
462	458	0.476	Je ne le croyais pas, en effet, et à ces paroles que je sentais inventées à l’instant même et au fur et à mesure qu’il parlait, son serment «par la Ker» n’ajoutait pas un grand poids, le culte hellénique étant chez Bloch purement littéraire.	"I did indeed ""not believe"" him, and to his words which, I felt, he was making up on the spur of the moment, and expanding as he went on, his swearing ""by Ker"" added no great weight, the Hellenic cult being in Bloch purely literary."
463	459	0.420	D’ailleurs dès qu’il commençait à s’attendrir et désirait qu’on s’attendrît sur un fait faux, il disait: «Je te le jure», plus encore pour la volupté hystérique de mentir que dans l’intérêt de faire croire qu’il disait la vérité.	"Besides, whenever he began to grow sentimental and wished his hearer to grow sentimental over a falsehood, he would say: ""I swear it"", more for the hysterical satisfaction of lying than to make people think that he was speaking the truth."
464	460	0.466	Je ne croyais pas ce qu’il me disait, mais je ne lui en voulais pas, car je tenais de ma mère et de ma grand’mère d’être incapable de rancune, même contre de bien plus grands coupables et de ne jamais condamner personne.	I did not believe what he was saying, but I bore him no ill-will for that, for I had inherited from my mother and grandmother their incapacity for resentment even of far worse offenders, and their habit of never condemning anyone.
465	461	0.440	Ce n’était du reste pas absolument un mauvais garçon que Bloch, il pouvait avoir de grandes gentillesses.	Besides, he was not altogether a bad youth, this Bloch; he could be, and was at times quite charming.
466	462	0.420	Et depuis que la race de Combray, la race d’où sortaient des êtres absolument intacts comme ma grand’mère et ma mère, semble presque éteinte, comme je n’ai plus guère le choix qu’entre d’honnêtes brutes, insensibles et loyales, et chez qui le simple son de la voix montre bien vite qu’ils ne se soucient en rien de votre vie — et une autre espèce d’hommes qui tant qu’ils sont auprès de vous vous comprennent, vous chérissent, s’attendrissent jusqu’à pleurer, prennent leur revanche quelques heures plus tard en faisant une cruelle plaisanterie sur vous, mais vous reviennent, toujours aussi compréhensifs, aussi charmants, aussi momentanément assimilés à vous-même, je crois que c’est cette dernière sorte d’hommes dont je préfère, sinon la valeur morale, du moins la société.	And now that the race of Combray, the race from which sprang creatures absolutely unspoiled like my grandmother and mother, seems almost extinct, as I have hardly any choice now save between honest brutes, insensible and loyal, in whom the mere sound of their voices shews at once that they take absolutely no interest in one's life — and another kind of men who so long as they are with one understand one, cherish one, grow sentimental even to tears, take their revenge a few hours later by making some cruel joke at one's expense, but return to one, always just as comprehending, as charming, as closely assimilated, for the moment, to oneself, I think that it is of this latter sort that I prefer if not the moral worth at any rate the society.
467	463	0.575	—Tu ne peux t’imaginer ma douleur quand je pense à toi, reprit Bloch.	"""You cannot imagine my grief when I think of you,"" Bloch went on."
468	464-465	0.426	Au fond, c’est un côté assez juif chez moi, ajouta-t-il ironiquement en rétrécissant sa prunelle comme s’il s’agissait de doser au microscope une quantité infinitésimale de «sang juif» et comme aurait pu le dire — mais ne l’eût pas dit — un grand seigneur français qui parmi ses ancêtres tous chrétiens eût pourtant compté Samuel Bernard ou plus anciennement encore la Sainte Vierge de qui prétendent descendre, dit-on, les Lévy — qui reparaît: «J’aime assez, ajouta-t-il, faire ainsi dans mes sentiments la part, assez mince d’ailleurs, qui peut tenir à mes origines juives.»	"""When you come to think of it, it is a rather Jewish side of my nature,"" he added ironically, contracting his pupils as though he had to prepare for the microscope an infinitesimal quantity of ""Jewish blood"", and as might (but never would) have said a great French noble who among his ancestors, all Christian, might nevertheless have included Samuel Bernard, or further still, the Blessed Virgin from whom, it is said, the Lévy family claim descent, ""coming out. I rather like,"" he continued ""to find room among my feelings for the share (not that it is more than a very tiny share) which may be ascribed to my Jewish origin."""
469	466	0.368	Il prononça cette phrase parce que cela lui paraissait à la fois spirituel et brave de dire la vérité sur sa race, vérité que par la même occasion il s’arrangeait à atténuer singulièrement, comme les avares qui se décident à acquitter leurs dettes mais n’ont le courage d’en payer que la moitié.	He made this statement because it seemed to him at once clever and courageous to speak the truth about his race, a truth which at the same time he managed to water down to a remarkable extent, like misers who decide to pay their debts but have not the courage to pay more than half.
470	467	0.512	Le genre de fraudes qui consiste à avoir l’audace de proclamer la vérité, mais en y mêlant, pour une bonne part, des mensonges qui la falsifient, est plus répandu qu’on ne pense et même chez ceux qui ne le pratiquent pas habituellement, certaines crises dans la vie, notamment celles où une liaison amoureuse est en jeu, leur donnent l’occasion de s’y livrer.	This kind of deceit which consists in having the boldness to proclaim the truth, but only after mixing with it an ample measure of lies which falsify it, is commoner than people think, and even among those who do not habitually practise it certain crises in life, especially those in which love is at stake, give them an opportunity of taking to it.
471	468	0.702	Toutes ces diatribes confidentielles de Bloch à Saint-Loup contre moi, à moi contre Saint-Loup finirent par une invitation à dîner.	All these confidential diatribes by Bloch to Saint-Loup against me and to me against Saint-Loup ended in an invitation to dinner.
472	469	0.578	Je ne suis pas bien sûr qu’il ne fit pas d’abord une tentative pour avoir Saint-Loup seul.	I am by no means sure that he did not first make an attempt to secure Saint-Loup by himself.
473	470	0.499	La vraisemblance rend cette tentative probable, le succès ne la couronna pas, car ce fut à moi et à Saint-Loup que Bloch dit un jour: «Cher maître, et vous, cavalier aimé d’Arès, de Saint-Loup-en-Bray, dompteur de chevaux, puisque je vous ai rencontré sur le rivage d’Amphitrite, résonnant d’écume, près des tentes des Ménier aux nefs rapides, voulez-vous tous deux venir dîner un jour de la semaine chez mon illustre père, au cœur irréprochable?»	"It would have been so like Bloch to do so that probably he did; but if so success did not crown his effort, for it was to myself and Saint-Loup that Bloch said one day: ""Dear master, and you, O horseman beloved of Ares, de Saint-Loup-en-Bray, tamer of horses, since I have encountered you by the shore of Amphitrite, resounding with foam, hard by the tents of the swift-shipped Méniers, will both of you come to dinner any day this week with my illustrious sire, of blameless heart?"""
474	471	0.474	Il nous adressait cette invitation parce qu’il avait le désir de se lier plus étroitement avec Saint-Loup qui le ferait, espérait-il, pénétrer dans des milieux aristocratiques.	He proffered this invitation because he desired to attach himself more closely to Saint-Loup who would, he hoped, secure him the right of entry into aristocratic circles.
475	472	0.474	Formé par moi, pour moi — ce souhait eût paru à Bloch la marque du plus hideux snobisme, bien conforme à l’opinion qu’il avait de tout un côté de ma nature qu’il ne jugeait pas, jusqu’ici du moins, le principal; mais le même souhait, de sa part, lui semblait la preuve d’une belle curiosité de son intelligence désireuse de certains dépaysements sociaux où il pouvait peut-être trouver quelque utilité littéraire.	Formed by me for myself, this ambition would have seemed to Bloch the mark of the most hideous snobbishness, quite in keeping with the opinion that he already held of a whole side of my nature which he did not regard — or at least had not hitherto regarded — as its most important side; but the same ambition in himself seemed to him the proof of a finely developed curiosity in a mind anxious to carry out certain social explorations from which he might perhaps glean some literary benefit.
476	473	0.439	M. Bloch père quand son fils lui avait dit qu’il amènerait à dîner un de ses amis, dont il avait décliné sur un ton de satisfaction sarcastique le titre et le nom: «Le marquis de Saint-Loup-en-Bray» avait éprouvé une commotion violente.	"M. Bloch senior, when his son had told him that he was going to bring one of his friends in to dinner, and had in a sarcastic but satisfied tone enunciated the name and title of that friend: ""The Marquis de Saint-Loup-en-Bray"", had been thrown into great commotion."
477	474	0.615	«Le marquis de Saint-Loup-en-Bray!	"""The Marquis de Saint-Loup-en-Bray!"
478	475	0.567	Ah! bougre!» s’était-il écrié, usant du juron qui était chez lui la marque la plus forte de la déférence sociale.	"I'll be jiggered!"" he had exclaimed, using the oath which was with him the strongest indication of social deference."
479	476	0.501	Et il avait jeté sur son fils, capable de s’être fait de telles relations, un regard admiratif qui signifiait: «Il est vraiment étonnant.	"And he cast at a son capable of having formed such an acquaintance an admiring glance which seemed to say: ""Really, it is astounding."
480	477	0.561	Ce prodige est-il mon enfant?» et qui causa autant de plaisir à mon camarade que si cinquante francs avaient été ajoutés à sa pension mensuelle.	"Can this prodigy be indeed a child of mine?"" which gave my friend as much pleasure as if his monthly allowance had been increased by fifty francs."
481	478	0.604	Car Bloch était mal à l’aise chez lui et sentait que son père le traitait de dévoyé parce qu’il vivait dans l’admiration de Leconte de Lisle, Heredia et autres «bohèmes».	"For Bloch was not in his element at home and felt that his father treated him like a lost sheep because of his lifelong admiration for Leconte de Lisle, Heredia and other ""Bohemians""."
482-483	479	0.441	Mais des relations avec Saint-Loup-en-Bray dont le père avait été président du Canal de Suez! (ah! bougre!) c’était un résultat «indiscutable».	"But to have got to know Saint-Loup-en-Bray, whose father had been chairman of the Suez Canal board (""I'll be jiggered!"") was an indisputable ""score""."
484	480	0.529	On regretta d’autant plus d’avoir laissé à Paris, par crainte de l’abîmer, le stéréoscope.	What a pity, indeed, that they had left in Paris, for fear of its being broken on the journey, the stereoscope.
485	481	0.528	Seul, M. Bloch, le père, avait l’art ou du moins le droit de s’en servir.	Alone among men, M. Bloch senior had the art, or at least the right to exhibit it.
486	482	0.391	Il ne le faisait du reste que rarement, à bon escient, les jours où il y avait gala et domestiques mâles en extra.	He did this, moreover, on rare occasions only, and then to good purpose, on evenings when there was a full-dress affair, with hired waiters.
487	483	0.624	De sorte que de ces séances de stéréoscope émanaient pour ceux qui y assistaient comme une distinction, une faveur de privilégiés, et pour le maître de maison qui les donnait un prestige analogue à celui que le talent confère et qui n’aurait pas pu être plus grand, si les vues avaient été prises par M. Bloch lui-même et l’appareil de son invention.	So that from these exhibitions of the stereoscope there emanated, for those who were present, as it were a special distinction, a privileged position, and for the master of the house who gave them a reputation such as talent confers on a man — which could not have been greater had the photographs been taken by M. Bloch himself and the machine his own invention.
488	484	0.512	«Vous n’étiez pas invité hier chez Salomon?» disait-on dans la famille.	"""You weren't invited to Solomon's yesterday?"" one of the family would ask another."
489	485-486	0.389	«Non, je n’étais pas des élus!	"""No! I was not one of the elect."
490	487	0.349	Qu’est-ce qu’il y avait?»	"What was on?"""
491	488	0.327	«Un grand tralala, le stéréoscope, toute la boutique.»	"""Oh, a great how-d'ye-do, the stereoscope, the whole box of tricks!"""
492	489-490	0.452	«Ah! s’il y avait le stéréoscope, je regrette, car il paraît que Salomon est extraordinaire quand il le montre.»	"""Indeed! If they had the stereoscope I'm sorry I wasn't there; they say Solomon is quite amazing when he works it."""
493	491	0.434	«Que veux-tu, dit M. Bloch à son fils, il ne faut pas lui donner tout à la fois, comme cela il lui restera quelque chose à désirer.»	"— ""It can't be helped;"" said M. Bloch now to his son, ""it's a mistake to let him have everything at once; that would leave him nothing to look forward to."""
494	492	0.444	Il avait bien pensé dans sa tendresse paternelle et pour émouvoir son fils à faire venir l’instrument.	He had actually thought, in his paternal affection and in the hope of touching his son's heart, of sending for the instrument.
495	493	0.519	Mais le «temps matériel» manquait, ou plutôt on avait cru qu’il manquerait; mais nous dûmes faire remettre le dîner parce que Saint-Loup ne put se déplacer, attendant un oncle qui allait venir passer quarante-huit heures auprès de Mme de Villeparisis.	But there was not time, or rather they had thought there would not be; for we were obliged to put off the dinner because Saint-Loup could not leave the hotel, where he was waiting for an uncle who was coming to spend a few days with Mme. de Villeparisis.
496	494	0.466	Comme, très adonné aux exercices physiques, surtout aux longues marches, c’était en grande partie à pied, en couchant la nuit dans les fermes, que cet oncle devait faire la route, depuis le château où il était en villégiature, le moment où il arriverait à Balbec était assez incertain.	Since — for he was greatly addicted to physical culture, and especially to long walks — it was largely on foot, spending the night in wayside farms, that this uncle was to make the journey from the country house in which he was staying, the precise date of his arrival at Balbec was by no means certain.
497	495	0.497	Et Saint-Loup n’osant bouger me chargea même d’aller porter à Incauville, où était le bureau télégraphique, la dépêche que mon ami envoyait quotidiennement à sa maîtresse.	And Saint-Loup, afraid to stir out of doors, even entrusted me with the duty of taking to Incauville, where the nearest telegraph-office was, the messages that he sent every day to his mistress.
498	496	0.553	L’oncle qu’on attendait s’appelait Palamède, d’un prénom qu’il avait hérité des princes de Sicile ses ancêtres.	The uncle for whom we were waiting was called Palamède, a name that had come down to him from his ancestors the Princes of Sicily.
499	497	0.466	Et plus tard quand je retrouvai dans mes lectures historiques, appartenant à tel podestat ou tel prince de l’Église, ce prénom même, belle médaille de la Renaissance — d’aucuns disaient un véritable antique — toujours restée dans la famille, ayant glissé de descendant en descendant depuis le cabinet du Vatican jusqu’à l’oncle de mon ami, j’éprouvais le plaisir réservé à ceux qui ne pouvant faute d’argent constituer un médaillier, une pinacothèque, recherchent les vieux noms (noms de localités, documentaires et pittoresques comme une carte ancienne, une vue cavalière, une enseigne ou un coutumier, noms de baptême où résonne et s’entend, dans les belles finales françaises, le défaut de langue, l’intonation d’une vulgarité ethnique, la prononciation vicieuse selon lesquels nos ancêtres faisaient subir aux mots latins et saxons des mutilations durables devenues plus tard les augustes législatrices des grammaires) et en somme grâce à ces collections de sonorités anciennes se donnent à eux-mêmes des concerts, à la façon de ceux qui acquièrent des violes de gambe et des violes d’amour pour jouer de la musique d’autrefois sur des instruments anciens.	And later on when I found, as I read history, belonging to this or that Podestà or Prince of the Church, the same Christian name, a fine renaissance medal — some said, a genuine antique — that had always remained in the family, having passed from generation to generation, from the Vatican cabinet to the uncle of my friend, I felt the pleasure that is reserved for those who, unable from lack of means to start a case of medals, or a picture gallery, look out for old names (names of localities, instructive and picturesque as an old map, a bird's eye view, a sign-board or a return of customs; baptismal names, in which rings out and is plainly heard, in their fine French endings, the defect of speech, the intonation of a racial vulgarity, the vicious pronunciation by which our ancestors made Latin and Saxon words undergo lasting mutilations which in due course became the august law-givers of our grammar books) and, in short, by drawing upon their collections of ancient and sonorous words, give themselves concerts like the people who acquire viols da gamba and viols d'amour so as to perform the music of days gone by upon old-fashioned instruments.
500	498	0.440	Saint-Loup me dit que même dans la société aristocratique la plus fermée, son oncle Palamède se distinguait encore comme particulièrement difficile d’accès, dédaigneux, entiché de sa noblesse, formant avec la femme de son frère et quelques autres personnes choisies, ce qu’on appelait le cercle des Phénix.	Saint-Loup told me that even in the most exclusive aristocratic society his uncle Palamède had the further distinction of being particularly difficult to approach, contemptuous, double-dyed in his nobility, forming with his brother's wife and a few other chosen spirits what was known as the Phoenix Club.
501-502	499	0.408	Là même il était si redouté pour ses insolences qu’autrefois il était arrivé que des gens du monde qui désiraient le connaître et s’étaient adressés à son propre frère avaient essuyé un refus. «Non, ne me demandez pas de vous présenter à mon frère Palamède.	"There even his insolence was so much dreaded that it had happened more than once that people of good position who had been anxious to meet him and had applied to his own brother for an introduction had met with a refusal: ""Really, you mustn't ask me to introduce you to my brother Palamède."
503	500	0.527	Ma femme, nous tous, nous nous y attellerions, que nous ne pourrions pas.	My wife and I, we would all of us do our best for you, but it would be no good.
504	501	0.453	Ou bien vous risqueriez qu’il ne soit pas aimable et je ne le voudrais pas.»	"Besides, there's always the danger of his being rude to you, and I shouldn't like that."""
505	502	0.530	Au Jockey, il avait avec quelques amis désigné deux cents membres qu’ils ne se laisseraient jamais présenter.	At the Jockey Club he had, with a few of his friends, marked a list of two hundred members whom they would never allow to be introduced to them.
506	503	0.640	Et chez le comte de Paris il était connu sous le sobriquet du «Prince» à cause de son élégance et de sa fierté.	"And in the Comte de Paris's circle he was known by the nickname of ""The Prince"" because of his distinction and his pride."
507	504	0.624	Saint-Loup me parla de la jeunesse, depuis longtemps passée, de son oncle.	Saint-Loup told me about his uncle's early life, now a long time ago.
508	505	0.626	Il amenait tous les jours des femmes dans une garçonnière qu’il avait en commun avec deux de ses amis, beaux comme lui, ce qui faisait qu’on les appelait «les trois Grâces».	"Every day he used to take women to a bachelor establishment which he shared with two of his friends, as good-looking as himself, on account of which they were known as ""The Three Graces""."
509	506	0.510	—Un jour un des hommes qui est aujourd’hui des plus en vue dans le faubourg Saint-Germain, comme eût dit Balzac, mais qui dans une première période assez fâcheuse montrait des goûts bizarres avait demandé à mon oncle de venir dans cette garçonnière.	"""One day, a man who just now is very much in the eye, as Balzac would say, of the Faubourg Saint-Germain, but who at a rather awkward period of his early life displayed odd tastes, asked my uncle to let him come to this place."
510	507	0.563	Mais à peine arrivé ce ne fut pas aux femmes, mais à mon oncle Palamède, qu’il se mit à faire une déclaration.	But no sooner had he arrived than it was not to the ladies but to my uncle Palamède that he began to make overtures.
511	508	0.536	Mon oncle fit semblant de ne pas comprendre, emmena sous un prétexte ses deux amis, ils revinrent, prirent le coupable, le déshabillèrent, le frappèrent jusqu’au sang, et par un froid de dix degrés au-dessous de zéro le jetèrent à coups de pieds dehors où il fut trouvé à demi-mort, si bien que la justice fit une enquête à laquelle le malheureux eut toute la peine du monde à la faire renoncer.	My uncle pretended not to understand, made an excuse to send for his two friends; they appeared on the scene, seized the offender, stripped him, thrashed him till he bled, and then with twenty degrees of frost outside kicked him into the street where he was found more dead than alive; so much so that the police started an inquiry which the poor devil had the greatest difficulty in getting them to abandon.
512	509	0.459	Mon oncle ne se livrerait plus aujourd’hui à une exécution aussi cruelle et tu n’imagines pas le nombre d’hommes du peuple, lui si hautain avec les gens du monde, qu’il prend en affection, qu’il protège, quitte à être payé d’ingratitude.	My uncle would never go in for such drastic methods now, in fact you can't conceive the number of men of humble position that he, who is so haughty with people in society, has shewn his affection, taken under his wing, even if he is paid for it with ingratitude.
513	510	0.434	Ce sera un domestique qui l’aura servi dans un hôtel et qu’il placera à Paris, ou un paysan à qui il fera apprendre un métier.	It may be a servant who has looked after him in a hotel, for whom he will find a place in Paris, or a farm-labourer whom he will pay to have taught a trade.
514	511	0.473	C’est même le côté assez gentil qu’il y a chez lui, par contraste avec le côté mondain.»	"That is really the rather nice side of his character, in contrast to his social side."""
515	512	0.497	Saint-Loup appartenait, en effet, à ce genre de jeunes gens du monde, situés à une altitude où on a pu faire pousser ces expressions: «Ce qu’il y a même d’assez gentil chez lui, son côté assez gentil», semences assez précieuses, produisant très vite une manière de concevoir les choses dans laquelle on se compte pour rien, et le «peuple» pour tout; en somme tout le contraire de l’orgueil plébéien.	"Saint-Loup indeed belonged to that type of young men of fashion, situated at an altitude at which it has been possible to cultivate such expressions as: ""What is really rather nice about him"", ""His rather nice side"", precious seeds which produce very rapidly a way of looking at things in which one counts oneself as nothing and the ""people"" as everything; the exact opposite, in a word, of plebeian pride."
516	513	0.381	Il paraît qu’on ne peut se figurer comme il donnait le ton, comme il faisait la loi à toute la société dans sa jeunesse.	"""It seems, it is quite impossible to imagine how he set the tone, how he laid down the law for the whole of society when he was a young man."
517	514	0.421	Pour lui en toute circonstance il faisait ce qui lui paraissait le plus agréable, le plus commode, mais aussitôt c’était imité par les snobs.	He acted entirely for himself; in any circumstances he did what seemed pleasing to himself, what was most convenient, but at once the snobs would start copying him.
518	515	0.426	S’il avait eu soif au théâtre et s’était fait apporter à boire dans le fond de sa loge, les petits salons qu’il y avait derrière chacune se remplissaient, la semaine suivante, de rafraîchissements.	If he felt thirsty at the play, and sent out from his box for a drink, the little sitting-rooms behind all the boxes would be filled, a week later, with refreshments.
519	516	0.433	Un été très pluvieux où il avait un peu de rhumatisme il s’était commandé un pardessus d’une vigogne souple mais chaude qui ne sert que pour faire des couvertures de voyage et dont il avait respecté les raies bleues et oranges.	One wet summer, when he had a touch of rheumatism, he ordered an ulster of a loose but warm vicuna wool, which is used only for travelling rugs, and kept the blue and orange stripes shewing.
520	517	0.502	Les grands tailleurs se virent commander aussitôt par leurs clients des pardessus bleus et frangés, à longs poils.	The big tailors at once received orders from all their customers for blue and orange ulsters of rough wool.
521	518	0.530	Si pour une raison quelconque il désirait ôter tout caractère de solennité à un dîner dans un château où il passait une journée, et pour marquer cette nuance n’avait pas apporté d’habits et s’était mis à table avec le veston de l’après-midi, la mode devenait de dîner à la campagne en veston.	If he had some reason for wishing to keep every trace of ceremony out of a dinner in a country house where he was spending the day, and to point the distinction had come without evening clothes and sat down to table in the suit he had been wearing that afternoon, it became the fashion, when you were dining in the country, not to dress.
522	519	0.308	Que pour manger un gâteau il se servît, au lieu de sa cuiller, d’une fourchette ou d’un couvert de son invention commandé par lui à un orfèvre, ou de ses doigts, il n’était plus permis de faire autrement.	If he was eating some special sweet and instead of taking his spoon used a knife, or a special implement of his own invention which he had had made for him by a silversmith, or his fingers, it at once became wrong to eat it in any other way.
523	520	0.515	Il avait eu envie de réentendre certains quatuors de Beethoven (car avec toutes ses idées saugrenues il est loin d’être bête, et est fort doué) et avait fait venir des artistes pour les jouer chaque semaine, pour lui et quelques amis.	He wanted once to hear some Beethoven quartets again (for with all his preposterous ideas he is no fool, mind, he has great gifts) and arranged for some musicians to come and play them to him and a few friends once a week.
524	521	0.371	La grande élégance fut cette année-là de donner des réunions peu nombreuses où on entendait de la musique de chambre.	The ultra-fashionable thing that season was to give quite small parties, with chamber music.
525	522	0.481	Je crois d’ailleurs qu’il ne s’est pas ennuyé dans la vie.	I should say he's not done at all badly out of life.
526	523	0.474	Beau comme il a été, il a dû avoir des femmes!	With his looks, he must have had any number of women!
527	524	0.369	Je ne pourrais pas vous dire d’ailleurs exactement lesquelles parce qu’il est très discret.	I can't tell you exactly whom, for he is very discreet.
528	525	0.434	Mais je sais qu’il a bien trompé ma pauvre tante.	But I do know that he was thoroughly unfaithful to my poor aunt.
529	526	0.510	Ce qui n’empêche pas qu’il était délicieux avec elle, qu’elle l’adorait, et qu’il l’a pleurée pendant des années.	Not that that prevented his being always perfectly charming to her, and her adoring him; he was in mourning for her for years.
530	527	0.656	Quand il est à Paris, il va encore au cimetière presque chaque jour.»	"When he is in Paris, he still goes to the cemetery nearly every day."""
531	528	0.464	Le lendemain du jour où Robert m’avait ainsi parlé de son oncle tout en l’attendant, vainement du reste, comme je passais seul devant le casino en rentrant à l’hôtel, j’eus la sensation d’être regardé par quelqu’un qui n’était pas loin de moi.	The morning after Robert had told me all these things about his uncle, while he waited for him (and waited, as it happened, in vain), as I was coming by myself past the Casino on my way back to the hotel, I had the sensation of being watched by somebody who was not far off.
532	529	0.464	Je tournai la tête et j’aperçus un homme d’une quarantaine d’années, très grand et assez gros, avec des moustaches très noires, et qui, tout en frappant nerveusement son pantalon avec une badine, fixait sur moi des yeux dilatés par l’attention.	I turned my head and saw a man of about forty, very tall and rather stout, with a very dark moustache, who, nervously slapping the leg of his trousers with a switch, kept fastened upon me a pair of eyes dilated with observation.
533	530	0.431	Par moments, ils étaient percés en tous sens par des regards d’une extrême activité comme en ont seuls devant une personne qu’ils ne connaissent pas des hommes à qui, pour un motif quelconque, elle inspire des pensées qui ne viendraient pas à tout autre — par exemple des fous ou des espions.	Every now and then those eyes were shot through by a look of intense activity such as the sight of a person whom they do not know excites only in men to whom, for whatever reason, it suggests thoughts that would not occur to anyone else — madmen, for instance, or spies.
534	531	0.414	Il lança sur moi une suprême œillade à la fois hardie, prudente, rapide et profonde, comme un dernier coup que l’on tire au moment de prendre la fuite, et après avoir regardé tout autour de lui, prenant soudain un air distrait et hautain, par un brusque revirement de toute sa personne il se tourna vers une affiche dans la lecture de laquelle il s’absorba, en fredonnant un air et en arrangeant la rose mousseuse qui pendait à sa boutonnière.	He trained upon me a supreme stare at once bold, prudent, rapid and profound, like a last shot which one fires at an enemy at the moment when one turns to flee, and, after first looking all round him, suddenly adopting an absent and lofty air, by an abrupt revolution of his whole body turned to examine a playbill on the wall in the reading of which he became absorbed, while he hummed a tune and fingered the moss-rose in his buttonhole.
535	532	0.248	Il sortit de sa poche un calepin sur lequel il eut l’air de prendre en note le titre du spectacle annoncé, tira deux ou trois fois sa montre, abaissa sur ses yeux un canotier de paille noire dont il prolongea le rebord avec sa main mise en visière comme pour voir si quelqu’un n’arrivait pas, fit le geste de mécontentement par lequel on croit faire voir qu’on a assez d’attendre, mais qu’on ne fait jamais quand on attend réellement, puis rejetant en arrière son chapeau et laissant voir une brosse coupée ras qui admettait cependant de chaque côté d’assez longues ailes de pigeon ondulées, il exhala le souffle bruyant des personnes qui ont non pas trop chaud mais le désir de montrer qu’elles ont trop chaud.	"He drew from his pocket a note-book in which he appeared to be taking down the title of the performance that was announced, looked two or three times at his watch, pulled down over his eyes a black straw hat the brim of which he extended with his hand held out over it like a visor, as though to see whether some one were at last coming, made the perfunctory gesture of annoyance by which people mean to shew that they have waited long enough, although they never make it when they are really waiting, then pushing back his hat and exposing a scalp cropped close except at the sides where he allowed a pair of waved ""pigeon's-wings"" to grow quite long, he emitted the loud panting breath that people give who are not feeling too hot but would like it to be thought that they were."
536	533	0.370	J’eus l’idée d’un escroc d’hôtel qui, nous ayant peut-être déjà remarqués les jours précédents ma grand’mère et moi, et préparant quelque mauvais coup, venait de s’apercevoir que je l’avais surpris pendant qu’il m’épiait; pour me donner le change, peut-être cherchait-il seulement par sa nouvelle attitude à exprimer la distraction et le détachement, mais c’était avec une exagération si agressive que son but semblait, au moins autant que de dissiper les soupçons que j’avais dû avoir, de venger une humiliation qu’à mon insu je lui eusse infligée, de me donner l’idée non pas tant qu’il ne m’avait pas vu, que celle que j’étais un objet de trop petite importance pour attirer l’attention.	"He gave me the impression of a ""hotel crook"" who had been watching my grandmother and myself for some days, and while he was planning to rob us had just discovered that I had surprised him in the act of spying; to put me off the scent, perhaps he was seeking only, by his new attitude, to express boredom and detachment, but it was with an exaggeration so aggressive that his object appeared to be — at least as much as the dissipating of the suspicions that I must have had of him — to avenge a humiliation which quite unconsciously I must have inflicted on him, to give me the idea not so much that he had not seen me as that I was an object of too little importance to attract his attention."
537	534	0.508	Il cambrait sa taille d’un air de bravade, pinçait les lèvres, relevait ses moustaches et dans son regard ajustait quelque chose d’indifférent, de dur, de presque insultant.	He threw back his shoulders with an air of bravado, bit his lips, pushed up his moustache, and in the lens of his eyes made an adjustment of something that was indifferent, harsh, almost insulting.
538	535	0.545	Si bien que la singularité de son expression me le faisait prendre tantôt pour un voleur, et tantôt pour un aliéné.	So effectively that the singularity of his expression made me take him at one moment for a thief and at another for a lunatic.
539	536	0.488	Pourtant sa mise extrêmement soignée était beaucoup plus grave et beaucoup plus simple que celles de tous les baigneurs que je voyais à Balbec, et rassurante pour mon veston si souvent humilié par la blancheur éclatante et banale de leurs costumes de plage.	And yet his scrupulously ordered attire was far more sober and far more simple than that of any of the summer visitors I saw at Balbec, and gave a reassurance to my own suit, so often humiliated by the dazzling and common-place whiteness of their holiday garb.
540	537	0.508	Mais ma grand’mère venait à ma rencontre, nous fîmes un tour ensemble et je l’attendais, une heure après, devant l’hôtel où elle était rentrée un instant, quand je vis sortir Mme de Villeparisis avec Robert de Saint-Loup et l’inconnu qui m’avait regardé si fixement devant le casino.	But my grandmother was coming towards me, we took a turn together, and I was waiting for her, an hour later, outside the hotel into which she had gone for a moment, when I saw emerge from it Mme. de Villeparisis with Robert de Saint-Loup and the stranger who had stared at me so intently outside the Casino.
541	538	0.465	Avec la rapidité d’un éclair son regard me traversa, ainsi qu’au moment où je l’avais aperçu, et revint, comme s’il ne m’avait pas vu, se ranger, un peu bas, devant ses yeux, émoussé comme le regard neutre qui feint de ne rien voir au dehors et n’est capable de rien dire au dedans, le regard qui exprime seulement la satisfaction de sentir autour de soi les cils qu’il écarte de sa rondeur béate, le regard dévot et confit qu’ont certains hypocrites, le regard fat qu’ont certains sots.	Swift as a lightning-flash his look shot through me, just as at the moment when I first noticed him, and returned, as though he had not seen me, to hover, slightly lowered, before his eyes, dulled, like the neutral look which feigns to see nothing without and is incapable of reporting anything to the mind within, the look which expresses merely the satisfaction of feeling round it the eyelids which it cleaves apart with its sanctimonious roundness, the devout, the steeped look that we see on the faces of certain hypocrites, the smug look on those of certain fools.
542	539	0.526	Je vis qu’il avait changé de costume.	I saw that he had changed his clothes.
543	540	0.547	Celui qu’il portait était encore plus sombre; et sans doute c’est que la véritable élégance est moins loin de la simplicité que la fausse; mais il y avait autre chose: d’un peu près on sentait que si la couleur était presque entièrement absente de ces vêtements, ce n’était pas parce que celui qui l’en avait bannie y était indifférent, mais plutôt parce que pour une raison quelconque il se l’interdisait.	The suit he was wearing was darker even than the other; and no doubt this was because the true distinction in dress lies nearer to simplicity than the false; but there was something more; when one came near him one felt that if colour was almost entirely absent from these garments it was not because he who had banished it from them was indifferent to it but rather because for some reason he forbade himself the enjoyment of it.
544	541	0.528	Et la sobriété qu’ils laissaient paraître semblait de celles qui viennent de l’obéissance à un régime, plutôt que du manque de gourmandise.	And the sobriety which they displayed seemed to be of the kind that comes from obedience to a rule of diet rather than from want of appetite.
545	542	0.542	Un filet de vert sombre s’harmonisait, dans le tissu du pantalon, à la rayure des chaussettes avec un raffinement qui décelait la vivacité d’un goût maté partout ailleurs et à qui cette seule concession avait été faite par tolérance, tandis qu’une tache rouge sur la cravate était imperceptible comme une liberté qu’on n’ose prendre.	A dark green thread harmonised, in the stuff of his trousers, with the clock on his socks, with a refinement which betrayed the vivacity of a taste that was everywhere else conquered, to which this single concession had been made out of tolerance for such a weakness, while a spot of red on his necktie was imperceptible, like a liberty which one dares not take.
546	543-544	0.556	—Comment allez-vous, je vous présente mon neveu, le baron de Guermantes, me dit Mme de Villeparisis, pendant que l’inconnu, sans me regarder, grommelant un vague: «Charmé», qu’il fit suivre de: «Heue, heue, heue», pour donner à son amabilité quelque chose de forcé, et repliant le petit doigt, l’index et le pouce, me tendait le troisième doigt et l’annulaire, dépourvus de toute bague, que je serrai sous son gant de Suède; puis sans avoir levé les yeux sur moi il se détourna vers Mme de Villeparisis.	"""How are you? Let me introduce my nephew, the Baron de Guermantes,"" Mme. de Villeparisis greeted me, while the stranger without looking at me, muttering a vague ""Charmed!"" which he followed with a ""H'm, h'm, h'm"" to give his affability an air of having been forced, and doubling back his little finger, forefinger and thumb, held out to me his middle and ring fingers, the latter bare of any ring, which I clasped through his suede glove; then, without lifting his eyes to my face, he turned towards Mme. de Villeparisis."
547	545-546	0.339	—Mon Dieu, est-ce que je perds la tête, dit celle-ci, voilà que je t’appelle le baron de Guermantes.	"""Good gracious; I shall be forgetting my own name next!"" she exclaimed. ""Here am I calling you Baron de Guermantes."
548	547	0.654	Je vous présente le baron de Charlus.	Let me introduce the Baron de Charlus.
549	548	0.570	Après tout l’erreur n’est pas si grande, ajouta-t-elle, tu es bien un Guermantes tout de même.	"After all, it's not a very serious mistake,"" she went on, ""for you're a thorough Guermantes whatever else you are."""
550	549	0.398	Cependant ma grand’mère sortait, nous fîmes route ensemble.	By this time my grandmother had reappeared, and we all set out together.
551	550	0.559	L’oncle de Saint-Loup ne m’honora non seulement pas d’une parole mais même d’un regard.	Saint-Loup's uncle declined to honour me not only with a word, with so much as a look, even, in my direction.
552	551	0.702	S’il dévisageait les inconnus (et pendant cette courte promenade il lança deux ou trois fois son terrible et profond regard en coup de sonde sur des gens insignifiants et de la plus modeste extraction qui passaient), en revanche, il ne regardait à aucun moment, si j’en jugeais par moi, les personnes qu’il connaissait — comme un policier en mission secrète mais qui tient ses amis en dehors de sa surveillance professionnelle.	If he stared strangers out of countenance (and during this short excursion he two or three times hurled his terrible and searching scrutiny like a sounding lead at insignificant people of obviously humble extraction who happened to pass), to make up for that he never for a moment, if I was to judge by myself, looked at the people whom he did know, just as a detective on special duty might except his personal friends from his professional vigilance.
553	552	0.556	Les laissant causer ensemble, ma grand’mère, Mme de Villeparisis et lui, je retins Saint-Loup en arrière:	Leaving them, my grandmother, Mme. de Villeparisis and him to talk to one another, I fell behind with Saint-Loup.
554	553	0.317	—Dites-moi, ai-je bien entendu, Madame de Villeparisis a dit à votre oncle qu’il était un Guermantes.	"""Tell me, am I right in thinking I heard Mme. de Villeparisis say just now to your uncle that he was a Guermantes?"""
555	554	0.319	—Mais oui, naturellement, c’est Palamède de Guermantes.	"""Of course he is; Palamède de Guermantes."""
556	555	0.445	—Mais des mêmes Guermantes qui ont un château près de Combray et qui prétendent descendre de Geneviève de Brabant?	"""Not the same Guermantes who have a place near Combray, and claim descent from Geneviève de Brabant?"""
557	556	0.430	—Mais absolument: mon oncle qui est on ne peut plus héraldique vous répondrait que notre _cri_, notre cri de guerre qui devint ensuite Passavant était d’abord Combraysis, dit-il en riant pour ne pas avoir l’air de tirer vanité de cette prérogative du cri qu’avaient seules les maisons quasi-souveraines, les grands chefs des bandes.	"""Most certainly: my uncle, who is the very last word in heraldry and all that sort of thing, would tell you that our 'cry', our war-cry, that is to say, which was changed afterwards to 'Passavant' was originally 'Combraysis',"" he said, smiling so as not to appear to be priding himself on this prerogative of a ""cry"", which only the semi-royal houses, the great chiefs of feudal bands enjoyed."
558	557	0.255	Il est le frère du possesseur actuel du château.	"""It's his brother who has the place now."""
559	558	0.448	Ainsi s’apparentait et de tout près aux Guermantes, cette Mme de Villeparisis, restée si longtemps pour moi la dame qui m’avait donné une boîte de chocolat tenue par un canard, quand j’étais petit, plus éloignée alors du côté de Guermantes que si elle avait été enfermée dans le côté de Méséglise, moins brillante, moins haut située par moi que l’opticien de Combray, et qui maintenant subissait brusquement une de ces hausses fantastiques, parallèles aux dépréciations non moins imprévues d’autres objets que nous possédons, lesquelles — les unes comme les autres — introduisent dans notre adolescence et dans les parties de notre vie où persiste un peu de notre adolescence, des changements aussi nombreux que les métamorphoses d’Ovide.	And so she was indeed related, and quite closely, to the Guermantes, this Mme. de Villeparisis who had so long been for me the lady who had given me a duck filled with chocolates, when I was little, more remote then from the Guermantes way than if she had been shut up somewhere on the Méséglise, less brilliant, less highly placed by me than was the Combray optician, and who now suddenly went through one of those fantastic rises in value, parallel to the depreciations, no less unforeseen, of other objects in our possession, which — rise and fall alike — introduce in our youth and in those periods of our life in which a trace of youth persists changes as numerous as the Metamorphoses of Ovid.
560	559	0.433	—Est-ce qu’il n’y a pas dans ce château tous les bustes des anciens seigneurs de Guermantes?	"""Haven't they got, down there, the busts of all the old lords of Guermantes?"""
561	560-561	0.451	—Oui, c’est un beau spectacle, dit ironiquement Saint-Loup.	"""Yes; and a lovely sight they are!"" Saint-Loup was ironical."
562	562	0.399	Entre nous je trouve toutes ces choses-là un peu falotes.	"""Between you and me, I look on all that sort of thing as rather a joke."
563	563	0.643	Mais il y a à Guermantes, ce qui est un peu plus intéressant! un portrait bien touchant de ma tante par Carrière.	But they have got at Guermantes, what is a little more interesting, and that is quite a touching portrait of my aunt by Carrière.
564	564	0.534	C’est beau comme du Whistler ou du Vélasquez, ajouta Saint-Loup qui dans son zèle de néophyte ne gardait pas toujours très exactement l’échelle des grandeurs.	"It's as fine as Whistler or Velasquez,"" went on Saint-Loup, who in his neophyte zeal was not always very exact about degrees of greatness."
565	565	0.561	Il y a aussi d’émouvantes peintures de Gustave Moreau.	"""There are also some moving pictures by Gustave Moreau."
566	566	0.613	Ma tante est la nièce de votre amie Madame de Villeparisis, elle a été élevée par elle, et a épousé son cousin qui était neveu aussi de ma tante Villeparisis, le duc de Guermantes actuel.	"My aunt is the niece of your friend Mme. de Villeparisis; she was brought up by her, and married her cousin, who was a nephew, too, of my aunt Villeparisis, the present Duc de Guermantes."""
567	567	0.359	—Et alors qu’est votre oncle?	"""Then who is this uncle?"""
568	568	0.601	—Il porte le titre de baron de Charlus.	"""He bears the title of Baron de Charlus."
569	569	0.564	Régulièrement, quand mon grand-oncle est mort, mon oncle Palamède aurait dû prendre le titre de prince des Laumes, qui était celui de son frère avant qu’il devînt duc de Guermantes, car dans cette famille-là ils changent de nom comme de chemise.	Properly speaking, when my great-uncle died, my uncle Palamède ought to have taken the title of Prince des Laumes, which his brother used before he became Duc de Guermantes, for in that family they change their names as you'ld change your shirt.
570	570	0.634	Mais mon oncle a sur tout cela des idées particulières.	But my uncle has peculiar ideas about all that sort of thing.
571-572	571	0.315	Et comme il trouve qu’on abuse un peu des duchés italiens, grandesses espagnoles, etc., et bien qu’il eût le choix entre quatre ou cinq titres de prince il a gardé celui de baron de Charlus, par protestation et avec une apparente simplicité où il y a beaucoup d’orgueil. Aujourd’hui, dit-il, tout le monde est prince, il faut pourtant bien avoir quelque chose qui vous distingue; je prendrai un titre de prince quand je voudrai voyager incognito.	And as he feels that people are rather apt to overdo the Italian Prince and Grandee of Spain business nowadays, though he had half-a-dozen titles of 'Prince' to choose from, he has remained Baron de Charlus, as a protest, and with an apparent simplicity which really covers a good deal of pride. 'In these days', he says, 'everybody is Prince something-or-other; one really must have a title that will distinguish one; I shall call myself Prince when I wish to travel incognito.'
573	572	0.465	Il n’y a pas selon lui de titre plus ancien que celui de baron de Charlus; pour vous prouver qu’il est antérieur à celui des Montmorency, qui se disaient faussement les premiers barons de France, alors qu’ils l’étaient seulement de l’Ile-de-France, où était leur fief, mon oncle vous donnera des explications pendant des heures et avec plaisir parce que quoi qu’il soit très fin, très doué, il trouve cela un sujet de conversation tout à fait vivant, dit Saint-Loup avec un sourire.	"According to him there is no older title than the Charlus barony; to prove to you that it is earlier than the Montmorency title, though they used to claim, quite wrongly, to be the premier barons of France when they were only premier in the Ile-de-France, where their fief was, my uncle will explain to you for hours on end and enjoy doing it, because, although he's a most intelligent man, really gifted, he regards that sort of thing as quite a live topic of conversation,"" Saint-Loup smiled again."
574	573	0.419	Mais comme je ne suis pas comme lui, vous n’allez pas me faire parler généalogie, je ne sais rien de plus assommant, de plus périmé, vraiment l’existence est trop courte.	"""But as I am not like him, you mustn't ask me to talk pedigrees; I know nothing more deadly, more perishing; really, life is not long enough."""
575	574	0.539	Je reconnaissais maintenant dans le regard dur qui m’avait fait retourner tout à l’heure près du casino celui que j’avais vu fixé sur moi à Tansonville au moment où Mme Swann avait appelé Gilberte.	I now recognised in the hard look which had made me turn round that morning outside the Casino the same that I had seen fixed on me at Tansonville, at the moment when Mme. Swann called Gilberte away.
576	575	0.431	—Mais parmi les nombreuses maîtresses que vous me disiez qu’avait eues votre oncle, M. de Charlus, est-ce qu’il n’y avait pas Madame Swann?	"""But, I say, all those mistresses that, you told me, your uncle M. de Charlus had had, wasn't Mme. Swann one of them?"""
577	576	0.393	—Oh! pas du tout!	"""Good lord, no!"
578	577	0.567	C’est-à-dire qu’il est un grand ami de Swann et l’a toujours beaucoup soutenu.	That is to say, my uncle's a great friend of Swann, and has always stood up for him.
579	578	0.535	Mais on n’a jamais dit qu’il fût l’amant de sa femme.	But no one has ever suggested that he was his wife's lover.
580	579	0.327	Vous causeriez beaucoup d’étonnement dans le monde si vous aviez l’air de croire cela.	"You would make a great sensation in Paris society if people thought you believed that."""
581	580	0.363	Je n’osais lui répondre qu’on en aurait éprouvé bien plus à Combray si j’avais eu l’air de ne pas le croire.	I dared not reply that it would have caused an even greater sensation in Combray society if people had thought that I did not believe it.
582	581	0.600	Ma grand’mère fut enchantée de M. de Charlus.	My grandmother was delighted with M. de Charlus.
583	582	0.431	Sans doute il attachait une extrême importance à toutes les questions de naissance et de situation mondaine, et ma grand’mère l’avait remarqué, mais sans rien de cette sévérité où entrent d’habitude une secrète envie et l’irritation de voir un autre se réjouir d’avantages qu’on voudrait et qu’on ne peut posséder.	No doubt he attached an extreme importance to all questions of birth and social position, and my grandmother had remarked this, but without any trace of that severity which as a rule embodies a secret envy and the annoyance of seeing some one else enjoy an advantage which one would like but cannot oneself possess.
584	583	0.248	Comme au contraire ma grand’mère contente de son sort et ne regrettant nullement de ne pas vivre dans une société plus brillante, ne se servait que de son intelligence pour observer les travers de M. de Charlus, elle parlait de l’oncle de Saint-Loup avec cette bienveillance détachée, souriante, presque sympathique, par laquelle nous récompensons l’objet de notre observation désintéressée du plaisir qu’elle nous procure, et d’autant plus que cette fois l’objet était un personnage dont elle trouvait que les prétentions sinon légitimes, du moins pittoresques, le faisaient assez vivement trancher sur les personnes qu’elle avait généralement l’occasion de voir.	As on the other hand my grandmother, content with her lot and never for a moment regretting that she did not move in a more brilliant sphere, employed only her intellect in observing the eccentricities of M. de Charlus, she spoke of Saint-Loup's uncle with that detached, smiling, almost affectionate kindness with which we reward the object of our disinterested study for the pleasure that it has given us, all the more that this time the object was a person with regard to whom she found that his if not legitimate, at any rate picturesque pretensions shewed him in vivid contrast to the people whom she generally had occasion to see.
585	584	0.320	Mais c’était surtout en faveur de l’intelligence et de la sensibilité qu’on devinait extrêmement vives chez M. de Charlus, au contraire de tant de gens du monde dont se moquait Saint-Loup, que ma grand’mère lui avait si aisément pardonné son préjugé aristocratique.	But it was especially in consideration of his intelligence and sensibility, qualities which it was easy to see that M. de Charlus, unlike so many of the people in society whom Saint-Loup derided, possessed in a marked degree, that my grandmother had so readily forgiven him his aristocratic prejudice.
586	585	0.479	Celui-ci n’avait pourtant pas été sacrifié par l’oncle, comme par le neveu, à des qualités supérieures.	And yet this had not been sacrificed by the uncle, as it was by the nephew, to higher qualities.
587	586	0.606	M. de Charlus l’avait plutôt concilié avec elles.	Rather, M. de Charlus had reconciled it with them.
588	587	0.541	Possédant comme descendant des ducs de Nemours et des princes de Lamballe, des archives, des meubles, des tapisseries, des portraits faits pour ses aïeux par Raphaël, par Velasquez, par Boucher, pouvant dire justement qu’il visitait un musée et une incomparable bibliothèque, rien qu’en parcourant ses souvenirs de famille, il plaçait au contraire au rang d’où son neveu l’avait fait déchoir, tout l’héritage de l’aristocratie.	Possessing, by virtue of his descent from the Ducs de Nemours and Princes de Lamballe, documents, furniture, tapestries, portraits painted for his ancestors by Raphael, Velasquez, Boucher, justified in saying that he was visiting a museum and a matchless library when he was merely turning over his family relics at home, he placed in the rank from which his nephew had degraded it the whole heritage of the aristocracy.
589	588	0.474	Peut-être aussi moins idéologue que Saint-Loup, se payant moins de mots, plus réaliste observateur des hommes, ne voulait-il pas négliger un élément essentiel de prestige à leurs yeux et qui, s’il donnait à son imagination des jouissances désintéressées, pouvait être souvent pour son activité utilitaire un adjuvant puissamment efficace.	Perhaps also, being less metaphysical than Saint-Loup, less satisfied with words, more of a realist in his study of men, he did not care to neglect a factor that was essential to his prestige in their eyes and, if it gave certain disinterested pleasures to his imagination, could often be a powerfully effective aid to his utilitarian activities.
590	589	0.442	Le débat reste ouvert entre les hommes de cette sorte et ceux qui obéissent à l’idéal intérieur qui les pousse à se défaire de ces avantages pour chercher uniquement à le réaliser, semblables en cela aux peintres, aux écrivains qui renoncent à leur virtuosité, aux peuples artistes qui se modernisent, aux peuples guerriers prenant l’initiative du désarmement universel, aux gouvernements absolus qui se font démocratiques et abrogent de dures lois, bien souvent sans que la réalité récompense leur noble effort; car les uns perdent leur talent, les autres leur prédominance séculaire; le pacifisme multiplie quelquefois les guerres et l’indulgence la criminalité.	"No agreement can ever be reached between men of his sort and those who obey the ideal within them which urges them to strip themselves bare of such advantages so that they may seek only to realise that ideal, similar in that respect to the painters, the writers who renounce their virtuosity, the artistic peoples who modernise themselves, warrior peoples who take the initiative in a move for universal disarmament, absolute governments which turn democratic and repeal their harsh laws, though as often as not the sequel fails to reward their noble effort; for the men lose their talent, the nations their secular predominance; ""pacificism"" often multiplies wars and indulgence criminality."
591	590	0.440	Si les efforts de sincérité et d’émancipation de Saint-Loup ne pouvaient être trouvés que très nobles, à juger par le résultat extérieur, il était permis de se féliciter qu’ils eussent fait défaut chez M. de Charlus, lequel avait fait transporter chez lui une grande partie des admirables boiseries de l’hôtel Guermantes au lieu de les échanger comme son neveu contre un mobilier modern-style, des Lebourg et des Guillaumin.	"If Saint-Loup's efforts towards sincerity and emancipation were only to be commended as most noble, to judge by their visible result, one could still be thankful that they had failed to bear fruit in M. de Charlus, who had transferred to his own home much of the admirable panelling from the Guermantes house, instead of substituting, like his nephew, a ""modern style"" of decoration, employing Lebourg or Guillaumin."
592	591	0.448	Il n’en était pas moins vrai que l’idéal de M. de Charlus était fort factice, et si cette épithète peut être rapprochée du mot idéal, tout autant mondain qu’artistique.	It was none the less true that M. de Charlus's ideal was highly artificial, and, if the epithet can be applied to the word ideal, as much social as artistic.
593	592	0.431	A quelques femmes de grande beauté et de rare culture dont les aïeules avaient été deux siècles plus tôt mêlées à toute la gloire et à toute l’élégance de l’ancien régime, il trouvait une distinction qui le faisait pouvoir se plaire seulement avec elles, et sans doute l’admiration qu’il leur avait vouée était sincère, mais de nombreuses réminiscences d’histoire et d’art évoquées par leurs noms y entraient pour une grande part, comme des souvenirs de l’antiquité sont une des raisons du plaisir qu’un lettré trouve à lire une ode d’Horace peut-être inférieure à des poèmes de nos jours qui laisseraient ce même lettré indifférent.	In certain women of great beauty and rare culture whose ancestresses, two centuries earlier, had shared in all the glory and grace of the old order, he found a distinction which made him take pleasure only in their society, and no doubt the admiration for them which he had protested was sincere, but countless reminiscences, historical and artistic, called forth by their names, entered into and formed a great part of it, just as suggestions of classical antiquity are one of the reasons for the pleasure which a booklover finds in reading an Ode of Horace that is perhaps inferior to poems of our own day which would leave the same booklover cold.
594	593	0.383	Chacune de ces femmes à côté d’une jolie bourgeoise était pour lui ce qu’est à une toile contemporaine représentant une route ou une noce, ces tableaux anciens dont on sait l’histoire, depuis le Pape ou le Roi qui les commandèrent, en passant par tels personnages auprès de qui leur présence, par don, achat, prise ou héritage nous rappelle quelque événement ou tout au moins quelque alliance d’un intérêt historique, par conséquent des connaissances que nous avons acquises, leur donne une nouvelle utilité, augmente le sentiment de la richesse des possessions de notre mémoire ou de notre érudition.	Any of these women by the side of a pretty commoner was for him what are, hanging beside a contemporary canvas representing a procession or a wedding, those old pictures the history of which we know, from the Pope or King who ordered them, through the hands of people whose acquisition of them, by gift, purchase, conquest or inheritance, recalls to us some event or at least some alliance of historic interest, and consequently some knowledge that we ourselves have acquired, gives it a fresh utility, increases our sense of the richness of the possessions of our memory or of our erudition.
595	594	0.371	M. de Charlus se félicitait qu’un préjugé analogue au sien, en empêchant ces quelques grandes dames de frayer avec des femmes d’un sang moins pur, les offrît à son culte intactes, dans leur noblesse inaltérée, comme telle façade du XVIIIe siècle soutenue par ses colonnes plates de marbre rose et à laquelle les temps nouveaux n’ont rien changé.	M. de Charlus might be thankful that a prejudice similar to his own, by preventing these several great ladies from mixing with women whose blood was less pure, presented them for his veneration unspoiled, in their unaltered nobility, like an eighteenth-century house-front supported on its flat column of pink marbles, in which the passage of time has wrought no change.
596	595	0.380	M. de Charlus célébrait la véritable noblesse d’esprit et de cœur de ces femmes, jouant ainsi sur le mot par une équivoque qui le trompait lui-même et où résidait le mensonge de cette conception bâtarde, de cet ambigu d’aristocratie, de générosité et d’art, mais aussi sa séduction, dangereuse pour des êtres comme ma grand’mère à qui le préjugé plus grossier mais plus innocent d’un noble qui ne regarde qu’aux quartiers et ne se soucie pas du reste, eût semblé trop ridicule, mais qui était sans défense dès que quelque chose se présentait sous les dehors d’une supériorité spirituelle, au point qu’elle trouvait les princes enviables par-dessus tous les hommes, parce qu’ils purent avoir un La Bruyère, un Fénelon comme précepteurs.	"M. de Charlus praised the true ""nobility"" of mind and heart which characterised these women, playing upon the word in a double sense by which he himself was taken in, and in which lay the falsehood of this bastard conception, of this medley of aristocracy, generosity and art, but also its seductiveness, dangerous to people like my grandmother, to whom the less refined but more innocent prejudice of a nobleman who cared only about quarterings and took no thought for anything besides would have appeared too silly for words, whereas she was defenceless as soon as a thing presented itself under the externals of a mental superiority, so much so, indeed, that she regarded Princes as enviable above all other men because they were able to have a Labruyère, a Fénelon as their tutors."
597	596	0.623	Devant le Grand-Hôtel, les trois Guermantes nous quittèrent; ils allaient déjeuner chez la princesse de Luxembourg.	Outside the Grand Hotel the three Guermantes left us; they were going to luncheon with the Princesse de Luxembourg.
598-599	597	0.629	Au moment où ma grand’mère disait au revoir à Mme de Villeparisis et Saint-Loup à ma grand’mère, M. de Charlus qui jusque-là ne m’avait pas adressé la parole, fit quelques pas en arrière et arrivé à côté de moi: «Je prendrai le thé ce soir après dîner dans l’appartement de ma tante Villeparisis, me dit-il. J’espère que vous me ferez le plaisir de venir avec Madame votre grand’mère.»	"While my grandmother was saying good-bye to Mme. de Villeparisis and Saint-Loup to my grandmother, M. de Charlus who, so far, had not uttered a word to me, drew back a little way from the group and, when he reached my side, said: ""I shall be taking tea this evening after dinner in my aunt Villeparisis's room; I hope that you will give me the pleasure of seeing you there, and your grandmother."""
600	598	0.575	Et il rejoignit la marquise.	With which he rejoined the Marquise.
601	599	0.711	Quoique ce fût dimanche, il n’y avait pas plus de fiacres devant l’hôtel qu’au commencement de la saison.	Although it was Sunday there were no more carriages waiting outside the hotel now than at the beginning of the season.
602	600	0.616	La femme du notaire en particulier trouvait que c’était bien des frais que de louer chaque fois une voiture pour ne pas aller chez les Cambremer, et elle se contentait de rester dans sa chambre.	The solicitor's wife, in particular, had decided that it was not worth the expense of hiring one every time simply because she was not going to the Cambremers', and contented herself with staying in her room.
603	601-602	0.387	—Est-ce que Mme Blandais est souffrante? demandait-on au notaire, on ne l’a pas vue aujourd’hui.	"""Is Mme. Blandais not well?"" her husband was asked. ""We haven't seen her all day."""
604	603	0.454	—Elle a un peu mal à la tête, la chaleur, cet orage.	"""She has a slight headache; it's the heat, there's thunder coming."
605-606	604	0.423	Il lui suffit d’un rien; mais je crois que vous la verrez ce soir. Je lui ai conseillé de descendre.	The least thing upsets her; but I expect you will see her this evening; I've told her she ought to come down.
607	605	0.394	Cela ne peut lui faire que du bien.	"It can't do her any harm."""
608	606	0.479	J’avais pensé qu’en nous invitant ainsi chez sa tante, que je ne doutais pas qu’il eût prévenue, M. de Charlus eût voulu réparer l’impolitesse qu’il m’avait témoignée pendant la promenade du matin.	I had supposed that in thus inviting us to take tea with his aunt, whom I never doubted that he would have warned that we were coming, M. de Charlus wished to make amends for the impoliteness which he had shewn me during our walk that morning.
609	607	0.402	Mais quand arrivé dans le salon de Mme de Villeparisis, je voulus saluer le neveu de celle-ci, j’eus beau tourner autour de lui qui, d’une voix aiguë, racontait une histoire assez malveillante pour un de ses parents, je ne pus pas attraper son regard; je me décidai à lui dire bonjour et assez fort, pour l’avertir de ma présence, mais je compris qu’il l’avait remarquée, car avant même qu’aucun mot ne fût sorti de mes lèvres, au moment où je m’inclinais je vis ses deux doigts tendus pour que je les serrasse, sans qu’il eût tourné les yeux ou interrompu la conversation.	"But when, on our entering Mme. de Villeparisis's room, I attempted to greet her nephew, even although I walked right round him, while in shrill accents he was telling a somewhat spiteful story about one of his relatives, I did not succeed in catching his eye; I decided to say ""Good evening"" to him, and fairly loud, to warn him of my presence; but I realised that he had observed it, for before ever a word had passed my lips, just as I began to bow to him, I saw his two fingers stretched out for me to shake without his having turned to look at me or paused in his story."
610	608	0.413	Il m’avait évidemment vu, sans le laisser paraître, et je m’aperçus alors que ses yeux qui n’étaient jamais fixés sur l’interlocuteur, se promenaient perpétuellement dans toutes les directions, comme ceux de certains animaux effrayés, ou ceux de ces marchands en plein air qui, tandis qu’ils débitent leur boniment et exhibent leur marchandise illicite, scrutent, sans pourtant tourner la tête, les différents points de l’horizon par où pourrait venir la police.	He had evidently seen me, without letting it appear that he had, and I noticed then that his eyes, which were never fixed on the person to whom he was speaking, strayed perpetually in all directions, like those of certain animals when they are frightened, or those of street hawkers who, while they are bawling their patter and displaying their illicit merchandise, keep a sharp lookout, though without turning their heads, on the different points of the horizon, from any of which may appear, suddenly, the police.
611	609	0.424	Cependant j’étais un peu étonné de voir que Mme de Villeparisis heureuse de nous voir venir, ne semblait pas s’y être attendue, je le fus plus encore d’entendre M. de Charlus dire à ma grand’mère: «Ah! c’est une très bonne idée que vous avez eue de venir, c’est charmant, n’est-ce pas, ma tante?»	"At the same time I was a little surprised to find that Mme. de Villeparisis, while glad to see us, did not seem to have been expecting us, and I was still more surprised to hear M. de Charlus say to my grandmother: ""Ah! that was a capital idea of yours to come and pay us a visit; charming of them, is it not, my dear aunt?"""
612	610	0.393	Sans doute avait-il remarqué la surprise de celle-ci à notre entrée et pensait-il en homme habitué à donner le ton, le «la», qu’il lui suffisait pour changer cette surprise en joie d’indiquer qu’il en éprouvait lui-même, que c’était bien le sentiment que notre venue devait exciter.	No doubt he had noticed his aunt's surprise at our entry and thought, as a man accustomed to set the tone, to strike the right note, that it would be enough to transform that surprise into joy were he to shew that he himself felt it, that it was indeed the feeling which our arrival there ought to have prompted.
613	611	0.418	En quoi il calculait bien, car Mme de Villeparisis qui comptait fort son neveu et savait combien il était difficile de lui plaire, parut soudain avoir trouvé à ma grand’mère de nouvelles qualités et ne cessa de lui faire fête.	In which he calculated wisely; for Mme. de Villeparisis, who had a high opinion of her nephew and knew how difficult it was to please him, appeared suddenly to have found new attractions in my grandmother and continued to make much of her.
614	612	0.407	Mais je ne pouvais comprendre que M. de Charlus eût oublié en quelques heures l’invitation si brève, mais en apparence si intentionnelle, si préméditée qu’il m’avait adressée le matin même et qu’il appelât «bonne idée» de ma grand’mère, une idée qui était toute de lui.	"But I failed to understand how M. de Charlus could, in the space of a few hours, have forgotten the invitation — so curt but apparently so intentional, so premeditated — which he had addressed to me that same morning, or why he called a ""capital idea"" on my grandmother's part an idea that had been entirely his own."
615	613	0.488	Avec un scrupule de précision que je gardai jusqu’à l’âge où je compris que ce n’est pas en la lui demandant qu’on apprend la vérité sur l’intention qu’un homme a eue et que le risque d’un malentendu qui passera probablement inaperçu est moindre que celui d’une naïve insistance: «Mais, monsieur, lui dis-je, vous vous rappelez bien, n’est-ce pas, que c’est vous qui m’avez demandé que nous vinssions ce soir?»	"With a scruple of accuracy which I retained until I had reached the age at which I realised that it is not by asking him questions that one learns the truth of what another man has had in his mind, and that the risk of a misunderstanding which will probably pass unobserved is less than that which may come from a purblind insistence: ""But, sir,"" I reminded him, ""you remember, surely, that it was you who asked me if we would come in this evening?"""
616	614	0.628	Aucun son, aucun mouvement ne trahirent que M. de Charlus eût entendu ma question.	Not a sound, not a movement betrayed that M. de Charlus had so much as heard my question.
617	615	0.595	Ce que voyant je la répétai comme les diplomates ou ces jeunes gens brouillés qui mettent une bonne volonté inlassable et vaine à obtenir des éclaircissements que l’adversaire est décidé à ne pas donner.	Seeing which I repeated it, like a diplomat, or like young men after a misunderstanding who endeavour, with untiring and unrewarded zeal, to obtain an explanation which their adversary is determined not to give them.
618	616	0.606	M. de Charlus ne me répondit pas davantage.	Still M. de Charlus answered me not a word.
619	617	0.562	Il me sembla voir flotter sur ses lèvres le sourire de ceux qui de très haut jugent les caractères et les éducations.	I seemed to see hovering upon his lips the smile of those who from a great height pass judgment on the characters and breeding of their inferiors.
620	618	0.633	Puisqu’il refusait toute explication, j’essayai de m’en donner une, et je n’arrivai qu’à hésiter entre plusieurs dont aucune ne pouvait être la bonne.	Since he refused to give any explanation, I tried to provide one for myself, but succeeded only in hesitating between several, none of which could be the right one.
621	619	0.565	Peut-être ne se rappelait-il pas ou peut-être c’était moi qui avais mal compris ce qu’il m’avait dit le matin…	Perhaps he did not remember, or perhaps it was I who had failed to understand what he had said to me that morning. . . .
622	620	0.515	Plus probablement par orgueil ne voulait-il pas paraître avoir cherché à attirer des gens qu’il dédaignait, et préférait-il rejeter sur eux l’initiative de leur venue.	More probably, in his pride, he did not wish to appear to have sought to attract people whom he despised, and preferred to cast upon them the responsibility for their intrusion.
623	621	0.450	Mais alors, s’il nous dédaignait, pourquoi avait-il tenu à ce que nous vinssions ou plutôt à ce que ma grand’mère vînt, car de nous deux ce fut à elle seule qu’il adressa la parole pendant cette soirée et pas une seule fois à moi.	But then, if he despised us, why had he been so anxious that we should come, or rather that my grandmother should come, for of the two of us it was to her alone that he spoke that evening, and never once to me.
624	622	0.501	Causant avec la plus grande animation avec elle ainsi qu’avec Mme de Villeparisis, caché en quelque sorte derrière elles, comme il eût été au fond d’une loge, il se contentait seulement, détournant par moments le regard investigateur de ses yeux pénétrants, de l’attacher sur ma figure, avec le même sérieux, le même air de préoccupation, que si elle eût été un manuscrit difficile à déchiffrer.	Talking with the utmost animation to her, as also to Mme. de Villeparisis, hiding, so to speak, behind them, as though he were seated at the back of a theatre-box, he contented himself, turning from them every now and then the exploring gaze of his penetrating eyes, with fastening it on my face, with the same gravity, the same air of preoccupation as if my face had been a manuscript difficult to decipher.
625	623	0.562	Sans doute s’il n’avait pas eu ces yeux, le visage de M. de Charlus était semblable à celui de beaucoup de beaux hommes.	No doubt, if he had not had those eyes, the face of M. de Charlus would have been similar to the faces of many good-looking men.
626	624	0.534	Et quand Saint-Loup en me parlant d’autres Guermantes me dit plus tard: «Dame, ils n’ont pas cet air de race, de grand seigneur jusqu’au bout des ongles, qu’a mon oncle Palamède», en confirmant que l’air de race et la distinction aristocratiques n’étaient rien de mystérieux et de nouveau, mais qui consistaient en des éléments que j’avais reconnus sans difficulté et sans éprouver d’impression particulière, je devais sentir se dissiper une de mes illusions.	"And when Saint-Loup, speaking to me of various other Guermantes, on a later occasion, said: ""Gad, they've not got that thoroughbred air, of being gentlemen to their finger-tips, that uncle Palamède has!"" confirming my suspicion that a thoroughbred air and aristocratic distinction were not anything mysterious and new but consisted in elements which I had recognised without difficulty and without receiving any particular impression from them, I was to feel that another of my illusions had been shattered."
627	625	0.408	Mais ce visage, auquel une légère couche de poudre donnait un peu l’aspect d’un visage de théâtre, M. de Charlus avait beau en fermer hermétiquement l’expression, les yeux étaient comme une lézarde, comme une meurtrière que seule il n’avait pu boucher et par laquelle, selon le point où on était placé par rapport à lui, on se sentait brusquement croisé du reflet de quelque engin intérieur qui semblait n’avoir rien de rassurant, même pour celui qui, sans en être absolument maître, le porterait en soi, à l’état d’équilibre instable et toujours sur le point d’éclater; et l’expression circonspecte et incessamment inquiète de ces yeux, avec toute la fatigue qui, autour d’eux, jusqu’à un cerne descendu très bas, en résultait pour le visage, si bien composé et arrangé qu’il fût, faisait penser à quelque incognito, à quelque déguisement d’un homme puissant en danger, ou seulement d’un individu dangereux, mais tragique.	But that face, to which a faint layer of powder gave almost the appearance of a face on the stage, in vain might M. de Charlus hermetically seal its expression; his eyes were like two crevices, two loopholes which alone he had failed to stop, and through which, according to where one stood or sat in relation to him, one felt suddenly flash across one the glow of some internal engine which seemed to offer no reassurance even to him who without being altogether master of it must carry it inside him, at an unstable equilibrium and always on the point of explosion; and the circumspect and unceasingly restless expression of those eyes, with all the signs of exhaustion which, extending from them to a pair of dark rings quite low down upon his cheeks, were stamped on his face, however carefully he might compose and regulate it, made one think of some incognito, some disguise assumed by a powerful man in danger, or merely by a dangerous — but tragic — person.
628	626	0.481	J’aurais voulu deviner quel était ce secret que ne portaient pas en eux les autres hommes et qui m’avait déjà rendu si énigmatique le regard de M. de Charlus quand je l’avais vu le matin près du casino.	I should have liked to divine what was this secret which other men did not carry in their breasts and which had already made M. de Charlus's gaze so enigmatic to me when I had seen him that morning outside the Casino.
629	627	0.492	Mais avec ce que je savais maintenant de sa parenté, je ne pouvais plus croire ni que ce fût celui d’un voleur, ni, d’après ce que j’entendais de sa conversation, que ce fût celui d’un fou.	But with what I now knew of his family I could no longer believe that they were the eyes of a thief, nor, after what I had heard of his conversation, could I say that they were those of a madman.
630	628	0.482	S’il était si froid avec moi, alors qu’il était tellement aimable avec ma grand’mère, cela ne tenait peut-être pas à une antipathie personnelle, car d’une manière générale, autant il était bienveillant pour les femmes, des défauts de qui il parlait sans se départir, habituellement, d’une grande indulgence, autant il avait à l’égard des hommes, et particulièrement des jeunes gens, une haine d’une violence qui rappelait celle de certains misogynes pour les femmes.	If he was cold with me, while making himself agreeable to my grandmother, that arose perhaps not from a personal antipathy for, generally speaking, just as he was kindly disposed towards women, of whose faults he used to speak without, as a rule, any narrowing of the broadest tolerance, so he shewed with regard to men, and especially young men, a hatred so violent as to suggest that of certain extreme misogynists for women.
631	629	0.525	De deux ou trois «gigolos» qui étaient de la famille ou de l’intimité de Saint-Loup et dont celui-ci cita par hasard le nom, M. de Charlus dit avec une expression presque féroce qui tranchait sur sa froideur habituelle: «Ce sont de petites canailles.»	"Two or three ""carpet-knights"", relatives or intimate friends of Saint-Loup who happened to mention their names, M. de Charlus, with an almost ferocious expression, in sharp contrast to his usual coldness, called: ""Little cads!"""
632	630	0.476	Je compris que ce qu’il reprochait surtout aux jeunes gens d’aujourd’hui, c’était d’être trop efféminés.	I gathered that the particular fault which he found in the young men of the period was their extreme effeminacy.
633	631	0.581	«Ce sont de vraies femmes», disait-il avec mépris.	"""They're absolute women,"" he said with scorn."
634	632	0.623	Mais quelle vie n’eût pas semblé efféminée auprès de celle qu’il voulait que menât un homme et qu’il ne trouvait jamais assez énergique et virile?	But what life would not have appeared effeminate beside that which he expected a man to lead, and never found energetic or virile enough?
635	633	0.535	(lui-même dans ses voyages à pied, après des heures de course, se jetait brûlant dans des rivières glacées.)	(He himself, when he walked across country, after long hours on the road would plunge his heated body into frozen streams.)
636	634	0.498	Il n’admettait même pas qu’un homme portât une seule bague.	He would not even allow a man to wear a single ring.
637	635	0.506	Mais ce parti pris de virilité ne l’empêchait pas d’avoir des qualités de sensibilité des plus fines.	But this profession of virility did not prevent his having also the most delicate sensibilities.
638	636	0.557	A Mme de Villeparisis qui le priait de décrire pour ma grand’mère un château où avait séjourné Mme de Sévigné, ajoutant qu’elle voyait un peu de littérature dans ce désespoir d’être séparée de cette ennuyeuse Mme de Grignan:	"When Mme. de Villeparisis asked him to describe to my grandmother some country house in which Mme. de Sévigné had stayed, adding that she could not help feeling that there was something rather ""literary"" about that lady's distress at being parted from ""that tiresome Mme. de Grignan"":"
639	637	0.516	—Rien au contraire, répondit-il, ne me semble plus vrai.	"""On the contrary,"" he retorted, ""I can think of nothing more true."
640	638	0.601	C’était du reste une époque où ces sentiments-là étaient bien compris.	Besides, it was a time in which feelings of that sort were thoroughly understood.
641	639	0.701	L’habitant du Monomopata de Lafontaine, courant chez son ami qui lui est apparu un peu triste pendant son sommeil, le pigeon trouvant que le plus grand des maux est l’absence de l’autre pigeon, vous semblent peut-être, ma tante, aussi exagérés que Mme de Sévigné ne pouvant pas attendre le moment où elle sera seule avec sa fille.	The inhabitant of Lafontaine's Monomotapa, running to see his friend who had appeared to him in a dream, and had looked sad, the pigeon finding that the greatest of evils is the absence of the other pigeon, seem to you perhaps, my dear aunt, as exaggerated as Mme. de Sévigné's impatience for the moment when she will be alone with her daughter.
642	640	0.680	C’est si beau ce qu’elle dit quand elle la quitte: «Cette séparation me fait une douleur à l’âme que je sens comme un mal du corps.	It is so fine what she says when she leaves her: 'This parting gives a pain to my soul which I feel like an ache in my body.
643	641	0.681	Dans l’absence on est libéral des heures.	In absence one is liberal with the hours.
644-645	642	0.417	On avance dans un temps auquel on aspire.» Ma grand’mère était ravie d’entendre parler de ces Lettres, exactement de la façon qu’elle eût fait.	"One anticipates a time for which one is longing.'"" My grandmother was in ecstasies at hearing the Letters thus spoken of, exactly as she would have spoken of them herself."
646	643	0.465	Elle s’étonnait qu’un homme pût les comprendre si bien.	She was astonished that a man could understand them so thoroughly.
647	644	0.603	Elle trouvait à M. de Charlus des délicatesses, une sensibilité féminines.	She found in M. de Charlus a delicacy, a sensibility that were quite feminine.
648	645	0.468	Nous nous dîmes plus tard quand nous fûmes seuls et parlâmes tous les deux de lui qu’il avait dû subir l’influence profonde d’une femme, sa mère, ou plus tard sa fille s’il avait des enfants.	We said to each other afterwards, when we were by ourselves and began to discuss him together, that he must have come under the strong influence of a woman, his mother, or in later life his daughter if he had any children.
649	646	0.456	Moi je pensai: «Une maîtresse» en me reportant à l’influence que celle de Saint-Loup me semblait avoir eue sur lui et qui me permettait de me rendre compte à quel point les femmes avec lesquelles ils vivent affinent les hommes.	"""A mistress, perhaps,"" I thought to myself, remembering the influence that Saint-Loup's seemed to have had over him, which enabled me to realise the point to which men can be refined by the women with whom they live."
650	647	0.500	—Une fois près de sa fille elle n’avait probablement rien à lui dire, répondit Mme de Villeparisis.	"""Once she was with her daughter, she had probably nothing to say to her,"" put in Mme. de Villeparisis."
651	648	0.415	—Certainement si; fût-ce de ce qu’elle appelait «choses si légères qu’il n’y a que vous et moi qui les remarquions».	"""Most certainly she had: if it was only what she calls 'things so slight that nobody else would notice them but you and me.'"
652	649	0.392	Et en tous cas, elle était près d’elle.	And anyhow she was with her.
653	650	0.501	Et La Bruyère nous dit que c’est tout: «Être près des gens qu’on aime, leur parler, ne leur parler point, tout est égal.»	And Labruyère tells us that that is everything. 'To be with the people one loves, to speak to them, not to speak to them, it is all the same.'
654	651	0.588	Il a raison; c’est le seul bonheur, ajouta M. de Charlus d’une voix mélancolique; et ce bonheur-là, hélas, la vie est si mal arrangée qu’on le goûte bien rarement; Mme de Sévigné a été en somme moins à plaindre que d’autres.	"He is right; that is the only form of happiness,"" added M. de Charlus in a mournful voice, ""and that happiness — alas, life is so ill arranged that one very rarely tastes it; Mme. de Sévigné was after all less to be pitied than most of us."
655	652	0.369	Elle a passé une grande partie de sa vie auprès de ce qu’elle aimait.	"She spent a great part of her life with the person whom she loved."""
656	653	0.442	—Tu oublies que ce n’était pas de l’amour, c’était de sa fille qu’il s’agissait.	"""You forget that it was not 'love' in her case; the person was her daughter."""
657	654	0.381	—Mais l’important dans la vie n’est pas ce qu’on aime, reprit-il d’un ton compétent, péremptoire et presque tranchant, c’est d’aimer.	"""But what matters in life is not whom or what one loves,"" he went on, in a judicial, peremptory, almost a cutting tone; ""it is the fact of loving."
658	655	0.467	Ce que ressentait Mme de Sévigné pour sa fille peut prétendre beaucoup plus justement ressembler à la passion que Racine a dépeinte dans _Andromaque_ ou dans _Phèdre_, que les banales relations que le jeune Sévigné avait avec ses maîtresses.	What Mme. de Sévigné felt for her daughter has a far better claim to rank with the passion that Racine described in _Andromaque_ or _Phèdre_ than the common-place relations young Sévigné had with his mistresses.
659	656	0.474	De même l’amour de tel mystique pour son Dieu.	It's the same with a mystic's love for his God.
660	657	0.439	Les démarcations trop étroites que nous traçons autour de l’amour viennent seulement de notre grande ignorance de la vie.	"The hard and fast lines with which we circumscribe love arise solely from our complete ignorance of life."""
661	658-659	0.532	—Tu aimes beaucoup _Andromaque_ et _Phèdre_?» demanda Saint-Loup à son oncle, sur un ton légèrement dédaigneux.	"""You think all that of _Andromaque_ and _Phèdre_, do you?"" Saint-Loup asked his uncle in a faintly contemptuous tone."
662	660	0.665	—Il y a plus de vérité dans une tragédie de Racine que dans tous les drames de Monsieur Victor Hugo, répondit M. de Charlus.	"""There is more truth in a single tragedy of Racine than in all the dramatic works of Monsieur Victor Hugo,"" replied M. de Charlus."
663	661	0.394	—C’est tout de même effrayant le monde, me dit Saint-Loup à l’oreille.	"""People really are overwhelming,"" Saint-Loup murmured in my ear."
664	662	0.350	Préférer Racine à Victor Hugo c’est quand même quelque chose d’énorme!	"""Preferring Racine to Victor, you may say what you like, it's epoch-making!"""
665	663	0.412	Il était sincèrement attristé des paroles de son oncle, mais le plaisir de dire «quand même» et surtout «énorme» le consolait.	"He was genuinely distressed by his uncle's words, but the satisfaction of saying ""you may say what you like"" and, better still, ""epoch-making"" consoled him."
666	664	0.455	Dans ces réflexions sur la tristesse qu’il y a à vivre loin de ce qu’on aime (qui devaient amener ma grand’mère à me dire que le neveu de Mme de Villeparisis comprenait autrement bien certaines oeuvres que sa tante, et surtout avait quelque chose qui le mettait bien au-dessus de la plupart des gens du club), M. de Charlus ne laissait pas seulement paraître une finesse de sentiment que montrent en effet rarement les hommes; sa voix elle-même, pareille à certaines voix de contralto en qui on n’a pas assez cultivé le médium et dont le chant semble le duo alterné d’un jeune homme et d’une femme, se posait au moment où il exprimait ces pensées si délicates, sur des notes hautes, prenait une douceur imprévue et semblait contenir des chœurs de fiancées, de sœurs, qui répandaient leur tendresse.	In these reflexions upon the sadness of having to live apart from the person whom one loves (which were to lead my grandmother to say to me that Mme. de Villeparisis's nephew understood certain things quite as well as his aunt, but in a different way, and moreover had something about him that set him far above the average club man) M. de Charlus not only allowed a refinement of feeling to appear such as men rarely shew; his voice itself, like certain contralto voices which have not been properly trained to the right pitch, so that when they sing it sounds like a duet between a young man and a woman, singing alternately, mounted, when he expressed these delicate sentiments, to its higher notes, took on an unexpected sweetness and seemed to be embodying choirs of betrothed maidens, of sisters, who poured out the treasures of their love.
667	665	0.368	Mais la nichée de jeunes filles que M. de Charlus, avec son horreur de tout efféminement, aurait été si navré, d’avoir l’air d’abriter ainsi dans sa voix, ne s’y bornait pas à l’interprétation, à la modulation, des morceaux de sentiment.	But the bevy of young girls, whom M. de Charlus in his horror of every kind of effeminacy would have been so distressed to learn that he gave the impression of sheltering thus within his voice, did not confine themselves to the interpretation, the modulation of scraps of sentiment.
668	666	0.444	Souvent, tandis que causait M. de Charlus, on entendait leur rire aigu et frais de pensionnaires ou de coquettes ajuster leur prochain avec des malices de bonnes langues et de fines mouches.	Often while M. de Charlus was talking one could hear their laughter, shrill, fresh laughter of school-girls or coquettes quizzing their partners with all the archness of clever tongues and pretty wits.
669	667	0.607	Il racontait qu’une demeure qui avait appartenu à sa famille, où Marie-Antoinette avait couché, dont le parc était de Lenôtre, appartenait maintenant aux riches financiers Israël, qui l’avaient achetée.	He told us how a house that had belonged to his family, in which Marie Antoinette had slept, with a park laid out by Lenôtre, was now in the hands of the Israels, the wealthy financiers, who had bought it.
670	668	0.575	«Israël, du moins c’est le nom que portent ces gens, qui me semble un terme générique, ethnique, plutôt qu’un nom propre.	"""Israel — at least that is the name these people go by, which seems to me a generic, a racial term rather than a proper name."
671	669	0.445	On ne sait pas peut-être que ce genre de personnes ne portent pas de noms et sont seulement désignées par la collectivité à laquelle elles appartiennent.	One cannot tell; possibly people of that sort do not have names, and are designated only by the collective title of the tribe to which they belong.
672	670	0.529	Cela ne fait rien!	It is of no importance!
673	671	0.482	Avoir été la demeure des Guermantes et appartenir aux Israël!!! s’écria-t-il.	"But fancy, after being a home of the Guermantes, to belong to Israels!!!"""
674	672-673	0.576	Cela fait penser à cette chambre du château de Blois où le gardien qui le faisait visiter me dit: «C’est ici que Marie Stuart faisait sa prière; et c’est là maintenant où ce que je mets mes balais.»	"His voice rose. ""It reminds me of a room in the Chateau of Blois where the caretaker who was shewing me over said: 'This is where Mary Stuart used to say her prayers; I use it to keep my brooms in.'"
675	674	0.528	Naturellement je ne veux rien savoir de cette demeure qui s’est déshonorée, pas plus que de ma cousine Clara de Chimay qui a quitté son mari.	Naturally I wish to know nothing more of this house that has let itself be dishonoured, any more than of my cousin Clara de Chimay after she left her husband.
676	675	0.395	Mais je conserve la photographie de la première encore intacte, comme celle de la princesse quand ses grands yeux n’avaient de regards que pour mon cousin.	But I keep a photograph of the house, when it was still unspoiled, just as I keep one of the Princess before her large eyes had learned to gaze on anyone but my cousin.
677	676	0.569	La photographie acquiert un peu de la dignité qui lui manque quand elle cesse d’être une reproduction du réel et nous montre des choses qui n’existent plus.	A photograph acquires something of the dignity which it ordinarily lacks when it ceases to be a reproduction of reality and shews us things that no longer exist.
678	677	0.628	Je pourrai vous en donner une, puisque ce genre d’architecture vous intéresse», dit-il à ma grand’mère.	"I could give you a copy, since you are interested in that style of architecture,"" he said to my grandmother."
679	678	0.616	A ce moment apercevant que le mouchoir brodé qu’il avait dans sa poche laissait dépasser des liserés de couleur, il le rentra vivement avec la mine effarouchée d’une femme pudibonde mais point innocente dissimulant des appâts que, par un excès de scrupule, elle juge indécents.	At that moment, noticing that the embroidered handkerchief which he had in his pocket was shewing some coloured threads, he thrust it sharply down out of sight with the scandalised air of a prudish but far from innocent lady concealing attractions which, by an excess of scrupulosity, she regards as indecent.
680	679	0.621	«Imaginez-vous, reprit-il, que ces gens ont commencé par détruire le parc de Lenôtre, ce qui est aussi coupable que de lacérer un tableau de Poussin.	"""Would you believe,"" he went on, ""that the first thing the creatures did was to destroy Lenôtre's park, which is as bad as slashing a picture by Poussin?"
681	680	0.645	Pour cela, ces Israël devraient être en prison.	For that alone, these Israels ought to be in prison.
682	681	0.611	Il est vrai, ajouta-t-il en souriant après un moment de silence, qu’il y a sans doute tant d’autres choses pour lesquelles ils devraient y être!	"It is true,"" he added with a smile, after a moment's silence, ""that there are probably plenty of other reasons why they should be there!"
683	682	0.449	En tous cas vous vous imaginez l’effet que produit devant ces architectures un jardin anglais.	"In any case, you can imagine the effect, with that architecture behind it, of an English garden."""
684	683	0.518	—Mais la maison est du même style que le Petit Trianon, dit Mme de Villeparisis, et Marie-Antoinette y a bien fait faire un jardin anglais.	"""But the house is in the same style as the Petit Trianon,"" said Mme. de Villeparisis, ""and Marie Antoinette had an English garden laid out there."""
685	684	0.466	—Qui dépare tout de même la façade de Gabriel, répondit M. de Charlus.	"""Which, all the same, ruins Gabriel's front;"" replied M. de Charlus."
686	685	0.497	Évidemment ce serait maintenant une sauvagerie que de détruire le Hameau.	"""Obviously, it would be an act of vandalism now to destroy the Hameau."
687	686	0.478	Mais quel que soit l’esprit du jour, je doute tout de même qu’à cet égard une fantaisie de Mme Israël ait le même prestige que le souvenir de la Reine.	"But whatever may be the spirit of the age, I doubt, all the same, whether, in that respect, a whim of Mme. Israel has the same importance as the memory of the Queen."""
688	687	0.443	Cependant ma grand’mère m’avait fait signe de monter me coucher, malgré l’insistance de Saint-Loup qui, à ma grande honte, avait fait allusion devant M. de Charlus à la tristesse que j’éprouvais souvent le soir avant de m’endormir et que son oncle devait trouver quelque chose de bien peu viril.	Meanwhile my grandmother had been making signs to me to go up to bed, in spite of the urgent appeals of Saint-Loup who, to my utter confusion, had alluded in front of M. de Charlus to the depression that used often to come upon me at night before I went to sleep, which his uncle must regard as betokening a sad want of virility.
689	688	0.532	Je tardai encore quelques instants, puis m’en allai, et fus bien étonné quand un peu après, ayant entendu frapper à la porte de ma chambre et ayant demandé qui était là, j’entendis la voix de M. de Charlus qui disait d’un ton sec:	I lingered a few moments still, then went upstairs, and was greatly surprised when, a little later, having heard a knock at my bedroom door and asked who was there, I heard the voice of M. de Charlus saying dryly:
690	689	0.671	—C’est Charlus.	"""It is Charlus."
691	690	0.591	Puis-je entrer, monsieur?	May I come in, sir?
692	691	0.586	Monsieur, reprit-il du même ton une fois qu’il eut refermé la porte, mon neveu racontait tout à l’heure que vous étiez un peu ennuyé avant de vous endormir, et d’autre part que vous admiriez les livres de Bergotte.	"Sir,"" he began again in the same tone as soon as he had shut the door, ""my nephew was saying just now that you were apt to be worried at night before going to sleep, and also that you were an admirer of Bergotte's books."
693	692	0.480	Comme j’en ai dans ma malle un que vous ne connaissez probablement pas, je vous l’apporte pour vous aider à passer ces moments où vous ne vous sentez pas heureux.	"As I had one here in my luggage which you probably do not know, I have brought it to help you to while away these moments in which you are not comfortable."""
694	693	0.547	Je remerciai M. de Charlus avec émotion et lui dis que j’avais au contraire eu peur que ce que Saint-Loup lui avait dit de mon malaise à l’approche de la nuit, m’eût fait paraître à ses yeux plus stupide encore que je n’étais.	I thanked M. de Charlus with some warmth and told him that, on the contrary, I had been afraid that what Saint-Loup had said to him about my discomfort when night came would have made me appear in his eyes more stupid even than I was.
695	694	0.413	—Mais non, répondit-il avec un accent plus doux.	"""No; why?"" he answered, in a gentler voice."
696	695	0.445	Vous n’avez peut-être pas de mérite personnel, si peu d’êtres en ont!	"""You have not, perhaps, any personal merit; so few of us have!"
697	696	0.534	Mais pour un temps du moins vous avez la jeunesse et c’est toujours une séduction.	But for a time at least you have youth, and that is always a charm.
698	697	0.571	D’ailleurs, monsieur, la plus grande des sottises, c’est de trouver ridicules ou blâmables les sentiments qu’on n’éprouve pas.	Besides, sir, the greatest folly of all is to laugh at or to condemn in others what one does not happen oneself to feel.
699	698-699	0.624	J’aime la nuit et vous me dites que vous la redoutez; j’aime sentir les roses et j’ai un ami à qui leur odeur donne la fièvre.	I love the night, and you tell me that you are afraid of it. I love the scent of roses, and I have a friend whom it throws into a fever.
700	700	0.545	Croyez-vous que je pense pour cela qu’il vaut moins que moi?	Do you suppose that I think, for that reason, that he is inferior to me?
701	701	0.605	Je m’efforce de tout comprendre et je me garde de rien condamner.	I try to understand everything and I take care to condemn nothing.
702	702	0.553	En somme ne vous plaignez pas trop, je ne dirai pas que ces tristesses ne sont pas pénibles, je sais ce qu’on peut souffrir pour des choses que les autres ne comprendraient pas.	After all, you must not be too sorry for yourself; I do not say that these moods of depression are not painful, I know that one can be made to suffer by things which the world would not understand.
703	703	0.606	Mais du moins vous avez bien placé votre affection dans votre grand’mère.	But at least you have placed your affection wisely, in your grandmother.
704	704	0.611	Vous la voyez beaucoup.	You see a great deal of her.
705	705	0.625	Et puis c’est une tendresse permise, je veux dire une tendresse payée de retour.	And besides, that is a legitimate affection, I mean one that is repaid.
706	706	0.626	Il y en a tant dont on ne peut pas dire cela!	"There are so many of which one cannot say that."""
707	707	0.549	Il marchait de long en large dans la chambre, regardant un objet, en soulevant un autre.	He began walking up and down the room, looking at one thing, taking up another.
708	708	0.472	J’avais l’impression qu’il avait quelque chose à m’annoncer et ne trouvait pas en quels termes le faire.	I had the impression that he had something to tell me, and could not find the right words to express it.
709	709	0.651	—J’ai un autre volume de Bergotte ici, je vais vous le chercher, ajouta-t-il, et il sonna.	"""I have another volume of Bergotte here; I will fetch it for you,"" he went on, and rang the bell."
710	710	0.233	Un groom vint au bout d’un moment.	Presently a page came.
711	711	0.575	«Allez me chercher votre maître d’hôtel.	"""Go and find me your head waiter."
712	712	0.593	Il n’y a que lui ici qui soit capable de faire une commission intelligemment, dit M. de Charlus avec hauteur.	"He is the only person here who is capable of obeying an order intelligently,"" said M. de Charlus stiffly."
713	713	0.493	— Monsieur Aimé, Monsieur? demanda le groom.	"""Monsieur Aimé, sir?"" asked the page."
714	714	0.554	— Je ne sais pas son nom, mais si, je me rappelle que je l’ai entendu appeler Aimé.	"""I cannot tell you his name; yes, I remember now, I did hear him called Aimé."
715	715	0.408	Allez vite, je suis pressé.	"Run along, I am in a hurry."""
716	716	0.427	— Il va être tout de suite ici, monsieur, je l’ai justement vu en bas», répondit le groom qui voulait avoir l’air au courant.	"""He won't be a minute, sir, I saw him downstairs just now,"" said the page, anxious to appear efficient."
717	717	0.179	Un certain temps se passa.	There was an interval of silence.
718	718	0.398	Le groom revint.	The page returned.
719	719	0.551	«Monsieur, Monsieur Aimé est couché.	"""Sir, M. Aimé has gone to bed."
720	720	0.283	Mais je peux faire la commission.	"But I can take your message."""
721	721	0.491	— Non, vous n’avez qu’à le faire lever.»	"""No, you have only to get him out of bed."""
722	722	0.398	«Monsieur, je ne peux pas, il ne couche pas là.	"""But I can't do that, sir; he doesn't sleep here."""
723	723	0.413	— Alors, laissez-nous tranquilles.	"""Then you can leave us alone."""
724	724	0.585	— Mais, monsieur, dis-je, le groom parti, vous êtes trop bon, un seul volume de Bergotte me suffira.	"""But, sir,"" I said when the page had gone, ""you are too kind; one volume of Bergotte will be quite enough."""
725	725	0.535	— C’est ce qui me semble, après tout.»	"""That is just what I was thinking."""
726	726	0.378	M. de Charlus marchait.	M. de Charlus walked up and down the room.
727	727	0.517	Quelques minutes se passèrent ainsi, puis, après quelques instants d’hésitation et se reprenant à plusieurs fois, il pivota sur lui-même et de sa voix redevenue cinglante, il me jeta: «Bonsoir, monsieur» et partit.	"Several minutes passed in this way, then after a prolonged hesitation, and several false starts, he swung sharply round and, his voice once more stinging, flung at me: ""Good night, sir!"" and left the room."
728	728	0.572	Après tous les sentiments élevés que je lui avais entendu exprimer ce soir-là, le lendemain qui était jour de son départ, sur la plage, dans la matinée, au moment où j’allais prendre mon bain, comme M. de Charlus s’était approché de moi pour m’avertir que ma grand’mère m’attendait aussitôt que je serais sorti de l’eau, je fus bien étonné de l’entendre me dire, en me pinçant le cou, avec une familiarité et un rire vulgaires:	After all the lofty sentiments which I had heard him express that evening, next day, which was the day of his departure, on the beach, before noon, when I was on my way down to bathe, and M. de Charlus had come across to tell me that my grandmother was waiting for me to join her as soon as I left the water, I was greatly surprised to hear him say, pinching my neck as he spoke, with a familiarity and a laugh that were frankly vulgar:
729	729-730	0.515	—Mais on s’en fiche bien de sa vieille grand’mère, hein? petite fripouille!	"""But he doesn't give a damn for his old grandmother, does he, eh? Little rascal!"""
730	731-732	0.367	—Comment, monsieur, je l’adore!	"""What, sir! I adore her!"""
731	733	0.557	—Monsieur, me dit-il en s’éloignant d’un pas et avec un air glacial, vous êtes encore jeune, vous devriez en profiter pour apprendre deux choses: la première c’est de vous abstenir d’exprimer des sentiments trop naturels pour n’être pas sous-entendus; la seconde c’est de ne pas partir en guerre pour répondre aux choses qu’on vous dit avant d’avoir pénétré leur signification.	"""Sir,"" he said, stepping back a pace, and with a glacial air, ""you are still young; you should profit by your youth to learn two things; first, to refrain from expressing sentiments that are too natural not to be taken for granted; and secondly not to dash into speech to reply to things that are said to you before you have penetrated their meaning."
732	734	0.553	Si vous aviez pris cette précaution, il y a un instant, vous vous seriez évité d’avoir l’air de parler à tort et à travers comme un sourd et d’ajouter par là un second ridicule à celui d’avoir des ancres brodées sur votre costume de bain.	If you had taken this precaution a moment ago you would have saved yourself the appearance of speaking at cross-purposes like a deaf man, thereby adding a second absurdity to that of having anchors embroidered on your bathing-dress.
733	735	0.720	Je vous ai prêté un livre de Bergotte dont j’ai besoin.	I have lent you a book by Bergotte which I require.
734	736	0.557	Faites-le moi rapporter dans une heure par ce maître d’hôtel au prénom risible et mal porté, qui je suppose n’est pas couché à cette heure-ci.	See that it is brought to me within the next hour by that head waiter with the silly and inappropriate name, who, I suppose, is not in bed at this time of day.
735	737	0.523	Vous me faites apercevoir que je vous ai parlé trop tôt hier soir des séductions de la jeunesse, je vous aurais rendu meilleur service en vous signalant son étourderie, ses inconséquences et son incompréhension.	You make me see that I was premature in speaking to you last night of the charms of youth; I should have done you a better service had I pointed out to you its thoughtlessness, its inconsequence, and its want of comprehension.
736	738	0.637	J’espère, monsieur, que cette petite douche ne vous sera pas moins salutaire que votre bain.	I hope, sir, that this little douche will be no less salutary to you than your bathe.
737	739	0.578	Mais ne restez pas ainsi immobile, vous pourriez prendre froid.	But don't let me keep you standing: you may catch cold.
738	740	0.454	Bonsoir, monsieur.	"Good day, sir."""
739	741	0.614	Sans doute eut-il regret de ces paroles, car quelque temps après je reçus — dans une reliure de maroquin sur le plat de laquelle avait été encastrée une plaque de cuir incisé qui représentait en demi-relief une branche de myosotis — le livre qu’il m’avait prêté et que je lui avais fait remettre, non par Aimé qui se trouvait «de sortie», mais par le liftier.	"No doubt he was sorry afterwards for this speech, for some time later I received — in a morocco binding on the front of which was inlaid a panel of tooled leather representing in demi-relief a spray of forget-me-not — the book which he had lent me, and I had sent back to him, not by Aimé who was apparently ""off duty"", but by the lift-boy."
740	742	0.521	Une fois M. de Charlus parti, nous pûmes enfin, Robert et moi, aller dîner chez Bloch.	M. de Charlus having gone, Robert and I were free at last to dine with Bloch.
741	743	0.440	Or je compris pendant cette petite fête que les histoires trop facilement trouvées drôles par notre camarade étaient des histoires de M. Bloch, père, et que l’homme «tout à fait curieux» était toujours un de ses amis qu’il jugeait de cette façon.	"And I realised during this little party that the stories too readily admitted by our friend as funny were favourite stories of M. Bloch senior, and that the son's ""really remarkable person"" was always one of his father's friends whom he had so classified."
742	744	0.536	Il y a un certain nombre de gens qu’on admire dans son enfance, un père plus spirituel que le reste de la famille, un professeur qui bénéficie à nos yeux de la métaphysique qu’il nous révèle, un camarade plus avancé que nous (ce que Bloch avait été pour moi) qui méprise le Musset de l’Espoir en Dieu quand nous l’aimons encore, et quand nous en serons venus au père Leconte ou à Claudel ne s’extasiera plus que sur:	There are a certain number of people whom we admire in our boyhood, a father with better brains than the rest of the family, a teacher who acquires credit in our eyes from the philosophy he reveals to us, a schoolfellow more advanced than we are (which was what Bloch had been to me), who despises the Musset of the _Espoir en Dieu_ when we still admire it, and when we have reached Leconte or Claudel will be in ecstasies only over:
743-744	745	0.473	«A Saint-Blaise, à la Zuecca Vous étiez, vous étiez bien aise».	A Saint-Biaise, à la Zuecca Vous étiez, vous étiez bien aise:
745	746	0.369	en y ajoutant:	with which he will include:
746-747	747	0.441	«Padoue est un fort bel endroit Ou de très grands docteurs en droit	Padoue est un fort bel endroit Où de très grands docteurs en droit. . . .
748	748	0.573	…Mais j’aime mieux la polenta	Mais j'aime mieux la polenta. . . .
749-750	749	0.459	…Passe dans son domino noir La Toppatelle.»	Passe dans mon domino noir La Toppatelle
751	750	0.641	et de toutes les «Nuits» ne retient que:	and of all the _Nuits_ will remember only:
752-753	751	0.591	«Au Havre, devant l’Atlantique, A Venise, à l’affreux Lido,	Au Havre, devant l'Atlantique A Venise, à l'affreux Lido.
754-755	752	0.559	Où vient sur l’herbe d’un tombeau Mourir la pâle Adriatique.»	Où vient sur l'herbe d'un tombeau Mourir la pâle Adriatique.
756	753	0.458	Or, de quelqu’un qu’on admire de confiance, on recueille, on cite avec admiration, des choses très inférieures à celles que livré à son propre génie on refuserait avec sévérité, de même qu’un écrivain utilise dans un roman, sous prétexte qu’ils sont vrais, des «mots», des personnages, qui dans l’ensemble vivant font au contraire poids mort, partie médiocre.	So, whenever we confidently admire anyone, we collect from him, we quote with admiration sayings vastly inferior to the sort which, left to our own judgment, we would sternly reject, just as the writer of a novel puts into it, on the pretext that they are true, things which people have actually said, which in the living context are like a dead weight, form the dull part of the work.
757	754	0.354	Les portraits de Saint Simon écrits par lui sans qu’il s’admire sans doute, sont admirables, les traits qu’il cite comme charmants de gens d’esprit qu’il a connus, sont restés médiocres ou devenus incompréhensibles.	Saint-Simon's portraits composed by himself (and very likely without his admiring them himself) are admirable, whereas what he cites as the charming wit of his clever friends is frankly dull where it has not become meaningless.
758	755	0.491	Il eût dédaigné d’inventer ce qu’il rapporte comme si fin ou si coloré de Mme Cornuel ou de Louis XIV, fait qui du reste est à noter chez bien d’autres et comporte diverses interprétations dont il suffit en ce moment de retenir celle-ci: c’est que dans l’état d’esprit où l’on «observe», on est très au-dessous du niveau où l’on se trouve quand on crée.	"He would have scorned to invent what he reports as so pointed or so coloured when said by Mme. Cornuel or Louis XIV, a point which is to be remarked also in many other writers, and is capable of various interpretations, of which it is enough to note but one for the present: namely, that in the state of mind in which we ""observe"" we are a long way below the level to which we rise when we create."
759	756	0.408	Il y avait donc, enclavé en mon camarade Bloch, un père Bloch, qui retardait de quarante ans sur son fils, débitait des anecdotes saugrenues, et en riait autant au fond de mon ami que ne faisait le père Bloch extérieur et véritable, puisque au rire que ce dernier lâchait non sans répéter deux ou trois fois le dernier mot, pour que son public goûtât bien l’histoire, s’ajoutait le rire bruyant par lequel le fils ne manquait pas à table de saluer les histoires de son père.	There was, then, embedded in my friend Bloch a father Bloch who lagged forty years behind his son, told impossible stories and laughed as loudly at them from the heart of my friend as did the separate, visible and authentic father Bloch, since to the laugh which the latter emitted, not without several times repeating the last word so that his public might taste the full flavour of the story, was added the braying laugh with which the son never failed, at table, to greet his father's anecdotes.
760	757	0.342	C’est ainsi qu’après avoir dit les choses les plus intelligentes, Bloch jeune, manifestant l’apport qu’il avait reçu de sa famille, nous racontait pour la trentième fois quelques-uns des mots que le père Bloch sortait seulement (en même temps que sa redingote) les jours solennels où Bloch jeune amenait quelqu’un qu’il valait la peine d’éblouir: un de ses professeurs, un «copain» qui avait tous les prix, ou, ce soir-là, Saint-Loup et moi.	"Thus it came about that after saying the most intelligent things young Bloch, to indicate the portion that he had inherited from his family, would tell us for the thirtieth time some of the gems which father Bloch brought out only (with his swallow-tail coat) on the solemn occasions on which young Bloch brought someone to the house on whom it was worth while making an impression; one of his masters, a ""chum"" who had taken all the prizes, or, this evening, Saint-Loup and myself."
761	758	0.528	Par exemple: «Un critique militaire très fort, qui avait savamment déduit avec preuves à l’appui pour quelles raisons infaillibles dans la guerre russo-japonaise, les Japonais seraient battus et les Russes vainqueurs», ou bien: «C’est un homme éminent qui passe pour un grand financier dans les milieux politiques et pour un grand politique dans les milieux financiers.»	"For instance: ""A military critic of great insight, who had brilliantly worked out, supporting them with proofs, the reasons for which, in the Russo-Japanese war, the Japanese must inevitably be beaten and the Russians victorious,"" or else: ""He is an eminent gentleman who passes for a great financier in political circles and for a great politician among financiers."""
762	759	0.497	Ces histoires étaient interchangeables avec une du baron de Rothschild et une de sir Rufus Israël, personnages mis en scène d’une manière équivoque qui pouvait donner à entendre que M. Bloch les avait personnellement connus.	These stories were interchangeable with one about Baron de Rothschild and one about Sir Rufus Israels, who were brought into the conversation in an equivocal manner which might let it be supposed that M. Bloch knew them personally.
763	760	0.400	J’y fus moi-même pris et à la manière dont M. Bloch père parla de Bergotte, je crus aussi que c’était un de ses vieux amis.	I was myself taken in, and from the way in which M. Bloch spoke of Bergotte I assumed that he too was an old friend.
764	761	0.450	Or, tous les gens célèbres, M. Bloch ne les connaissait que «sans les connaître», pour les avoir vus de loin au théâtre, sur les boulevards.	"But with him as with all famous people, M. Bloch knew them only ""without actually knowing them"", from having seen them at a distance in the theatre or in the street."
765	762	0.396	Il s’imaginait du reste que sa propre figure, son nom, sa personnalité ne leur étaient pas inconnus et qu’en l’apercevant, ils étaient souvent obligés de retenir une furtive envie de le saluer.	He imagined, moreover, that his appearance, his name, his personality were not unknown to them, and that when they caught sight of him they had often to repress a stealthy inclination to bow.
766	763	0.328	Les gens du monde, parce qu’ils connaissent les gens de talent original, qu’ils les reçoivent à dîner, ne les comprennent pas mieux pour cela.	People in society, because they know men of talent, original characters, and have them to dine in their houses, do not on that account understand them any better.
767	764	0.549	Mais quand on a un peu vécu dans le monde, la sottise de ses habitants vous fait trop souhaiter de vivre, trop supposer d’intelligence, dans les milieux obscurs où l’on ne connaît que «sans connaître».	"But when one has lived to some extent in society, the silliness of its inhabitants makes one too anxious to live, suppose too high a standard of intelligence in the obscure circles in which people know only ""without actually knowing""."
768	765	0.516	J’allais m’en rendre compte en parlant de Bergotte.	I was to discover this when I introduced the topic of Bergotte.
769	766	0.664	M. Bloch n’était pas le seul qui eût des succès chez lui.	M. Bloch was not the only one who was a social success at home.
770	767	0.589	Mon camarade en avait davantage encore auprès de ses sœurs qu’il ne cessait d’interpeller sur un ton bougon, en enfonçant sa tête dans son assiette; il les faisait ainsi rire aux larmes.	My friend was even more so with his sisters, whom he continually questioned in a hectoring tone, burying his face in his plate, all of which made them laugh until they cried.
771	768	0.493	Elles avaient d’ailleurs adopté la langue de leur frère qu’elles parlaient couramment, comme si elle eût été obligatoire et la seule dont pussent user des personnes intelligentes.	They had adopted their brother's language, and spoke it fluently, as if it had been obligatory and the only form of speech that people of intelligence might use.
772	769	0.628	Quand nous arrivâmes, l’aînée dit à une de ses cadettes: «Va prévenir notre père prudent et notre mère vénérable.	"When we arrived, the eldest sister said to one of the younger ones: ""Go, tell our sage father and our venerable mother!"""
773	770	0.633	— Chiennes, leur dit Bloch, je vous présente le cavalier Saint-Loup, aux javelots rapides qui est venu pour quelques jours de Doncières aux demeures de pierre polie, féconde en chevaux.»	"""Puppies,"" said Bloch, ""I present to you the cavalier Saint-Loup, hurler of javelins, who is come for a few days from Doncières to the dwellings of polished stone, fruitful in horses."""
774	771	0.493	Comme il était aussi vulgaire que lettré, le discours se terminait d’habitude par quelque plaisanterie moins homérique: «Voyons, fermez un peu vos peplos aux belles agrafes, qu’est-ce que c’est que ce chichi-là?	"And, since he was as vulgar as he was literary, his speech ended as a rule in some pleasantry of a less Homeric kind: ""See, draw closer your pepla with fair clasps, what is all that that I see?"
775	772	0.259	Après tout c’est pas mon père!»	"Does your mother know you're out?"""
776	773	0.567	Et les demoiselles Bloch s’écroulaient dans une tempête de rires.	And the misses Bloch subsided in a tempest of laughter.
777	774	0.510	Je dis à leur frère combien de joies il m’avait données en me recommandant la lecture de Bergotte dont j’avais adoré les livres.	I told their brother how much pleasure he had given me by recommending me to read Bergotte, whose books I had loved.
778	775	0.429	M. Bloch père qui ne connaissait Bergotte que de loin, et la vie de Bergotte que par les racontars du parterre, avait une manière tout aussi indirecte de prendre connaissance de ses œuvres, à l’aide de jugements d’apparence littéraire.	M. Bloch senior, who knew Bergotte only by sight, and Bergotte's life only from what was common gossip, had a manner quite as indirect of making the acquaintance of his books, by the help of criticisms that were apparently literary.
779	776	0.460	Il vivait dans le monde des à peu près, où l’on salue dans le vide, où l’on juge dans le faux.	"He lived in the world of ""very nearlies"", where people salute the empty air and arrive at wrong judgments."
780	777	0.625	L’inexactitude, l’incompétence, n’y diminuent pas l’assurance, au contraire.	Inexactitude, incompetence do not modify their assurance; quite the contrary.
781	778	0.462	C’est le miracle bienfaisant de l’amour-propre que peu de gens pouvant avoir les relations brillantes et les connaissances profondes, ceux auxquels elles font défaut se croient encore les mieux partagés parce que l’optique des gradins sociaux fait que tout rang semble le meilleur à celui qui l’occupe et qui voit moins favorisés que lui, mal lotis, à plaindre, les plus grands qu’il nomme et calomnie sans les connaître, juge et dédaigne sans les comprendre.	It is the propitious miracle of self-esteem that, since few of us are in a position to enjoy the society of distinguished people, or to form intellectual friendships, those to whom they are denied still believe themselves to be the best endowed of men, because the optics of our social perspective make every grade of society seem the best to him who occupies it, and beholds as less favoured than himself, less fortunate and therefore to be pitied, the greater men whom he names and calumniates without knowing, judges and despises without understanding them.
782	779	0.433	Même dans les cas où la multiplication des faibles avantages personnels par l’amour-propre ne suffirait pas à assurer à chacun la dose de bonheur, supérieure à celle accordée aux autres, qui lui est nécessaire, l’envie est là pour combler la différence.	Even in cases where the multiplication of his modest personal advantages by his self-esteem would not suffice to assure a man the dose of happiness, superior to that accorded to others, which is essential to him, envy is always there to make up the balance.
783	780	0.526	Il est vrai que si l’envie s’exprime en phrases dédaigneuses, il faut traduire: «Je ne veux pas le connaître» par «je ne peux pas le connaître».	"It is true that if envy finds expression in scornful phrases, we must translate ""I have no wish to know him"" by ""I have no means of knowing him."""
784	781	0.541	C’est le sens intellectuel.	That is the intellectual sense.
785	782	0.464	Mais le sens passionné est bien: «je ne veux pas le connaître.»	"But the emotional sense is indeed, ""I have no wish to know him."""
786	783	0.373	On sait que cela n’est pas vrai mais on ne le dit pas cependant par simple artifice, on le dit parce qu’on éprouve ainsi, et cela suffit pour supprimer la distance, c’est-à-dire pour le bonheur.	The speaker knows that it is not true, but he does not, all the same, say it simply to deceive; he says it because it is what he feels, and that is sufficient to bridge the gulf between them, that is to say to make him happy.
787	784	0.663	L’égocentrisme permettant de la sorte à chaque humain de voir l’univers étagé au-dessous de lui qui est roi, M. Bloch se donnait le luxe d’en être un impitoyable quand le matin en prenant son chocolat, voyant la signature de Bergotte au bas d’un article dans le journal à peine entr’ouvert, il lui accordait dédaigneusement une audience écourtée, prononçait sa sentence, et s’octroyait le confortable plaisir de répéter entre chaque gorgée du breuvage bouillant: «Ce Bergotte est devenu illisible.	"Self-centredness thus enabling every human being to see the universe spread out in a descending scale beneath himself who is its lord, M. Bloch afforded himself the luxury of being pitiless when in the morning, as he drank his chocolate, seeing Bergotte's signature at the foot of an article in the newspaper which he had scarcely opened, he disdainfully granted the writer an audience soon cut short, pronounced sentence upon him, and gave himself the comforting pleasure of repeating after every mouthful of the scalding brew: ""That fellow Bergotte has become unreadable."
788	785	0.397	Ce que cet animal-là peut être embêtant.	My word, what a bore the creature can be.
789	786	0.314	C’est à se désabonner.	I really must stop my subscription.
790	787	0.511	Comme c’est emberlificoté, quelle tartine!»	"How involved it all is, bread and butter nonsense!"""
791	788	0.381	Et il reprenait une beurrée.	And he helped himself to another slice.
792	789	0.615	Cette importance illusoire de M. Bloch père était d’ailleurs étendue un peu au delà du cercle de sa propre perception.	This illusory importance of M. Bloch senior did, moreover, extend some little way beyond the radius of his own perceptions.
793	790	0.529	D’abord ses enfants le considéraient comme un homme supérieur.	In the first place his children regarded him as a superior person.
794	791	0.515	Les enfants ont toujours une tendance soit à déprécier, soit à exalter leurs parents, et pour un bon fils, son père est toujours le meilleur des pères, en dehors même de toutes raisons objectives de l’admirer.	Children have always a tendency either to depreciate or to exalt their parents, and to a good son his father is always the best of fathers, quite apart from any objective reason there may be for admiring him.
795	792	0.389	Or celles-ci ne manquaient pas absolument pour M. Bloch, lequel était instruit, fin, affectueux pour les siens.	Now, such reasons were not altogether lacking in the case of M. Bloch, who was an educated man, shrewd, affectionate towards his family.
796	793	0.535	Dans la famille la plus proche, on se plaisait d’autant plus avec lui que si dans la «société», on juge les gens d’après un étalon, d’ailleurs absurde, et selon des règles fausses mais fixes, par comparaison avec la totalité des autres gens élégants, en revanche dans le morcellement de la vie bourgeoise, les dîners, les soirées de famille tournent autour de personnes qu’on déclare agréables, amusantes, et qui dans le monde ne tiendraient pas l’affiche deux soirs.	"In his most intimate circle they were all the more proud of him because, if, in ""society"", people are judged by a standard (which is incidentally absurd) and according to false but fixed rules, by comparison with the aggregate of all the other fashionable people, in the subdivisions of middle class life, on the other hand, the dinners, the family parties all turn upon certain people who are pronounced good company, amusing, and who in ""society"" would not survive a second evening."
797	794	0.469	Enfin, dans ce milieu où les grandeurs factices de l’aristocratie n’existent pas, on les remplace par des distinctions plus folles encore.	Moreover in such an environment where the artificial values of the aristocracy do not exist, their place is taken by distinctions even more stupid.
798	795	0.499	C’est ainsi que pour sa famille et jusqu’à un degré de parenté fort éloigné, une prétendue ressemblance dans la façon de porter la moustache et dans le haut du nez faisait qu’on appelait M. Bloch un «faux duc d’Aumale».	"Thus it was that in his family circle, and even among the remotest branches of the tree, an alleged similarity in his way of wearing his moustache and in the bridge of his nose led to M. Bloch's being called ""the Duc d'Aumale's double""."
799	796	0.575	(Dans le monde des «chasseurs» de cercle, l’un qui porte sa casquette de travers et sa vareuse très serrée de manière à se donner l’air, croit-il, d’un officier étranger, n’est-il pas une manière de personnage pour ses camarades?)	(In the world of club pages, the one who wears his cap on one side and his jacket tightly buttoned, so as to give himself the appearance, he imagines, of a foreign officer, is he not also a personage of a sort to his comrades?)
800	797	0.660	La ressemblance était des plus vagues, mais on eût dit que ce fût un titre.	The resemblance was the faintest, but you would have said that it conferred a title.
801	798	0.394	On répétait: «Bloch? lequel? le duc d’Aumale?»	"When he was mentioned, it would always be: ""Bloch?"
802	799-802	0.399	Comme on dit: «La princesse Murat? laquelle? la Reine (de Naples)?»	"Which one? The Duc d'Aumale?"" as people say ""Princesse Murat? Which one? The Queen (of Naples)?"""
803	803	0.513	Un certain nombre d’autres infimes indices achevaient de lui donner aux yeux du cousinage une prétendue distinction.	And there were certain other minute marks which combined to give him, in the eyes of the cousinhood, an acknowledged claim to distinction.
804	804	0.535	N’allant pas jusqu’à avoir une voiture, M. Bloch louait à certains jours une victoria découverte à deux chevaux de la Compagnie et traversait le Bois de Boulogne, mollement étendu de travers, deux doigts sur la tempe, deux autres sous le menton et si les gens qui ne le connaissaient pas le trouvaient à cause de cela «faiseur d’embarras», on était persuadé dans la famille que pour le chic, l’oncle Salomon aurait pu en remontrer à Gramont-Caderousse.	"Not going the length of having a carriage of his own, M. Bloch used on special occasions to hire an open victoria with a pair of horses from the Company, and would drive through the Bois de Boulogne, his body sprawling limply from side to side, two fingers pressed to his brow, other two supporting his chin, and if people who did not know him concluded that he was an ""old nuisance"", they were all convinced, in the family, that for smartness Uncle Solomon could have taught Gramont-Caderousse a thing or two."
805-806	805	0.412	Il était de ces personnes qui quand elles meurent et à cause d’une table commune avec le rédacteur en chef de cette feuille, dans un restaurant des boulevards, sont qualifiés de physionomie bien connue des Parisiens, par la Chronique mondaine du _Radical_. M. Bloch nous dit à Saint-Loup et à moi que Bergotte savait si bien pourquoi lui M. Bloch ne le saluait pas que dès qu’il l’apercevait au théâtre ou au cercle, il fuyait son regard.	"He was one of those people who when they die, because for years they have shared a table in a restaurant on the boulevard with its news-editor, are described as ""well known Paris figures"" in the social column of the _Radical._ M. Bloch told Saint-Loup and me that Bergotte knew so well why he, M. Bloch, always cut him that as soon as he caught sight of him, at the theatre or in the club, he avoided his eye."
807	806	0.531	Saint-Loup rougit, car il réfléchit que ce cercle ne pouvait pas être le Jockey dont son père avait été président.	Saint-Loup blushed, for it had occurred to him that this club could not be the Jockey, of which his father had been chairman.
808	807	0.425	D’autre part ce devait être un cercle relativement fermé, car M. Bloch avait dit que Bergotte n’y serait plus reçu aujourd’hui.	On the other hand it must be a fairly exclusive club, for M. Bloch had said that Bergotte would never have got into it if he had come up now.
809	808	0.523	Aussi est-ce en tremblant de «sous-estimer l’adversaire» que Saint-Loup demanda si ce cercle était le cercle de la rue Royale, lequel était jugé «déclassant» par la famille de Saint-Loup et où il savait qu’étaient reçus certains israélites.	"So it was not without the fear that he might be ""underrating his adversary"" that Saint-Loup asked whether the club in question were the Rue Royale, which was considered ""lowering"" by his own family, and to which he knew that certain Israelites had been admitted."
810	809	0.614	«Non, répondit M. Bloch d’un air négligent, fier et honteux, c’est un petit cercle, mais beaucoup plus agréable, le cercle des Ganaches.	"""No,"" replied M. Bloch in a tone at once careless, proud and ashamed, ""it is a small club, but far more pleasant than a big one, the Ganaches."
811	810	0.105	On y juge sévèrement la galerie.	"We're very strict there, don't you know."""
812	811-812	0.483	— Est-ce que sir Rufus Israël n’en est pas président», demanda Bloch fils à son père, pour lui fournir l’occasion d’un mensonge honorable et sans se douter que ce financier n’avait pas le même prestige aux yeux de Saint-Loup qu’aux siens.	"""Isn't Sir Rufus Israels the chairman?"" Bloch junior asked his father, so as to give him the opportunity for a glorious lie, never suspecting that the financier had not the same eminence in Saint-Loup's eyes as in his."
813	813	0.471	En réalité, il y avait au Cercle des Ganaches non point sir Rufus Israël, mais un de ses employés.	The fact of the matter was that the Ganaches club boasted not Sir Rufus Israels but one of his staff.
814	814	0.517	Mais comme il était fort bien avec son patron, il avait à sa disposition des cartes du grand financier, et en donnait une à M. Bloch, quand celui-ci partait en voyage sur une ligne dont sir Rufus était administrateur, ce qui faisait dire au père Bloch: «Je vais passer au cercle demander une recommandation de sir Rufus.»	"But as this man was on the best of terms with his employer, he had at his disposal a stock of the financier's cards, and would give one to M. Bloch whenever he wished to travel on a line of which Sir Rufus was a director, the result of which was that old Bloch would say: ""I'm just going round to the Club to ask Sir Rufus for a line to the Company."""
815	815	0.575	Et la carte lui permettait d’éblouir les chefs de train.	And the card enabled him to dazzle the guards on the trains.
816	816	0.637	Les demoiselles Bloch furent plus intéressées par Bergotte et revenant à lui au lieu de poursuivre sur les «Ganaches», la cadette demanda à son frère du ton le plus sérieux du monde car elle croyait qu’il n’existait pas au monde pour désigner les gens de talent d’autres expressions que celles qu’il employait: «Est-ce un coco vraiment étonnant, ce Bergotte?	"The misses Bloch were more interested in Bergotte and, reverting to him rather than pursue the subject of the Ganaches, the youngest asked her brother, in the most serious tone imaginable, for she believed that there existed in the world, for the designation of men of talent, no other terms than those which he was in the habit of using: ""Is he really an amazing good egg, this Bergotte?"
817	817	0.567	Est-il de la catégorie des grands bonshommes, des cocos comme Villiers ou Catulle?	"Is he in the category of the great lads, good eggs like Villiers and Catullus?"""
818	818	0.628	— Je l’ai rencontré à plusieurs générales, dit M. Nissim Bernard.	"""I've met him several times at dress rehearsals,"" said M. Nissim Bernard."
819	819	0.399	Il est gauche, c’est une espèce de Schlemihl.»	"""He is an uncouth creature, a sort of Schlemihl."""
820	820	0.587	Cette allusion au conte de Chamisso n’avait rien de bien grave, mais l’épithète de Schlemihl faisait partie de ce dialecte mi-allemand, mi-juif, dont l’emploi ravissait M. Bloch dans l’intimité, mais qu’il trouvait vulgaire et déplacé devant des étrangers.	"There was nothing very serious in this allusion to Chamisso's story but the epithet ""Schlemihl"" formed part of that dialect, half-German, half-Jewish, the use of which delighted M. Bloch in the family circle, but struck him as vulgar and out of place before strangers."
821	821	0.564	Aussi jeta-t-il un regard sévère sur son oncle.	And so he cast a reproving glance at his uncle.
822	822	0.719	«Il a du talent, dit Bloch.	"""He has talent,"" said Bloch."
823	823-824	0.391	— Ah! fit gravement sa sœur comme pour dire que dans ces conditions j’étais excusable.	"""Ah!"" His sister sighed gravely, as though to imply that in that case there was some excuse for me."
824	825	0.521	— Tous les écrivains ont du talent, dit avec mépris M. Bloch père.	"""All writers have talent,"" said M. Bloch scornfully."
825	826	0.513	— Il paraît même, dit son fils en levant sa fourchette et en plissant ses yeux d’un air diaboliquement ironique qu’il va se présenter à l’Académie.	"""In fact it appears,"" went on his son, raising his fork, and screwing up his eyes with an air of impish irony, ""that he is going to put up for the Academy."""
826	827-828	0.199	— Allons donc! il n’a pas un bagage suffisant, répondit M. Bloch le père qui ne semblait pas avoir pour l’Académie le mépris de son fils et de ses filles.	"""Go on. He hasn't enough to shew them,"" replied his father, who seemed not to have for the Academy the same contempt as his son and daughters."
827	829	0.198	Il n’a pas le calibre nécessaire.	"""He's not big enough."""
828	830	0.506	— D’ailleurs l’Académie est un salon et Bergotte ne jouit d’aucune surface», déclara l’oncle à héritage de Mme Bloch, personnage inoffensif et doux dont le nom de Bernard eût peut-être à lui seul éveillé les dons de diagnostic de mon grand’père, mais eût paru insuffisamment en harmonie avec un visage qui semblait rapporté du palais de Darius et reconstitué par Mme Dieulafoy, si, choisi par quelque amateur désireux de donner un couronnement oriental à cette figure de Suse, ce prénom de Nissim n’avait fait planer au-dessus d’elle les ailes de quelque taureau androcéphale de Khorsabad.	"""Besides, the Academy is a salon, and Bergotte has no polish,"" declared the uncle (whose heiress Mme. Bloch was), a mild and inoffensive person whose surname, Bernard, might perhaps by itself have quickened my grandfather's powers of diagnosis, but would have appeared too little in harmony with a face which looked as if it had been brought back from Darius's palace and restored by Mme. Dieulafoy, had not (chosen by some collector desirous of giving a crowning touch of orientalism to this figure from Susa) his first name, Nissim, stretched out above it the pinions of an androcephalous bull from Khorsabad."
829	831	0.527	Mais M. Bloch ne cessait d’insulter son oncle, soit qu’il fût excité par la bonhomie sans défense de son souffre-douleur, soit que, la villa étant payée par M. Nissim Bernard, le bénéficiaire voulût montrer qu’il gardait son indépendance et surtout qu’il ne cherchait pas par des cajoleries à s’assurer l’héritage à venir du richard.	But M. Bloch never stopped insulting his uncle, whether it was that he was excited by the unresisting good-humour of his butt, or that the rent of the villa being paid by M. Nissim Bernard, the beneficiary wished to shew that he kept his independence, and, more important still, that he was not seeking by flattery to make sure of the rich inheritance to come.
830	832	0.420	Celui-ci était surtout froissé qu’on le traitât si grossièrement devant le maître d’hôtel.	What most hurt the old man was being treated so rudely in front of the manservant.
831	833	0.512	Il murmura une phrase inintelligible où on distinguait seulement: «Quand les Meschorès sont là.»	"He murmured an unintelligible sentence of which all that could be made out was: ""when the meschores are in the room""."
832	834	0.515	Meschorès désigne dans la Bible le serviteur de Dieu.	"""Meschores"", in the Bible, means ""the servant of God""."
833	835	0.493	Entre eux les Bloch s’en servaient pour désigner les domestiques et en étaient toujours égayés parce que leur certitude de n’être pas compris ni des chrétiens ni des domestiques eux-mêmes exaltait chez M. Nissim Bernard et M. Bloch leur double particularisme de «maîtres» et de «juifs».	"In the family circle the Blochs used the word when they referred to their own servants, and were always exhilarated by it, because their certainty of not being understood either by Christians or by the servants themselves enhanced in M. Nissim Bernard and M. Bloch their twofold distinction of being ""masters"" and at the same time ""Jews""."
834	836	0.461	Mais cette dernière cause de satisfaction en devenait une de mécontentement quand il y avait du monde.	"But this latter source of satisfaction became a source of displeasure when there was ""company""."
835	837	0.559	Alors M. Bloch entendant son oncle dire «Meschorès» trouvait qu’il laissait trop paraître son côté oriental, de même qu’une cocotte qui invite ses amies avec des gens comme il faut, est irritée si elles font allusion à leur métier de cocotte, ou emploient des mots malsonnants.	"At such times M. Bloch, hearing his uncle say ""meschores"", felt that he was making his oriental side too prominent, just as a light-of-love who has invited some of her sisters to meet her respectable friends is annoyed if they allude to their profession or use words that do not sound quite nice."
836	838	0.463	Aussi, bien loin que la prière de son oncle produisît quelque effet sur M. Bloch, celui-ci, hors de lui, ne put plus se contenir.	Therefore, so far from his uncle's request's producing any effect on M. Bloch, he, beside himself with rage, could contain himself no longer.
837	839	0.533	Il ne perdit plus une occasion d’invectiver le malheureux oncle.	He let no opportunity pass of scarifying his wretched uncle.
838	840	0.661	«Naturellement, quand il y a quelque bêtise prudhommesque à dire, on peut être sûr que vous ne la ratez pas.	"""Of course, when there is a chance of saying anything stupid, one can be quite certain that you won't miss it."
839	841	0.590	Vous seriez le premier à lui lécher les pieds s’il était là», cria M. Bloch tandis que M. Nissim Bernard attristé inclinait vers son assiette la barbe annelée du roi Sargon.	"You would be the first to lick his boots if he were in the room!"" shouted M. Bloch, while M. Nissim Bernard in sorrow lowered over his plate the ringleted beard of King Sargon."
840	842-843	0.527	Mon camarade depuis qu’il portait la sienne qu’il avait aussi crépue et bleutée ressemblait beaucoup à son grand-oncle.	"My friend, when he began to grow his beard, which also was blue-black and crimped, became very like his great-uncle. ""What!"
841	844-845	0.483	—Comment, vous êtes le fils du marquis de Marsantes? mais je l’ai très bien connu, dit à Saint-Loup M. Nissim Bernard.	"Are you the son of the Marquis de Marsantes? Why, I knew him very well,"" said M. Nissim Bernard to Saint-Loup."
842	846	0.555	Je crus qu’il voulait dire «connu» au sens où le père de Bloch disait qu’il connaissait Bergotte, c’est-à-dire de vue.	"I supposed that he meant the word ""knew"" in the sense in which Bloch's father had said that he knew Bergotte, namely by sight."
843	847	0.557	Mais il ajouta: «Votre père était un de mes bons amis.»	"But he went on: ""Your father was one of my best friends."""
844	848	0.461	Cependant Bloch était devenu excessivement rouge, son père avait l’air profondément contrarié, les demoiselles Bloch riaient en s’étouffant.	Meanwhile Bloch had turned very red, his father was looking intensely cross, the misses Bloch were choking with suppressed laughter.
845	849	0.375	C’est que chez M. Nissim Bernard le goût de l’ostentation, contenu chez M. Bloch le père et chez ses enfants, avait engendré l’habitude du mensonge perpétuel.	The fact was that in M. Nissim Bernard the love of ostentation which in M. Bloch and his children was held in check, had engendered the habit of perpetual lying.
846	850	0.425	Par exemple, en voyage à l’hôtel, M. Nissim Bernard comme aurait pu faire M. Bloch le père, se faisait apporter tous ses journaux par son valet de chambre dans la salle à manger, au milieu du déjeuner, quand tout le monde était réuni pour qu’on vît bien qu’il voyageait avec un valet de chambre.	For instance, if he was staying in an hotel, M. Nissim Bernard, as M. Bloch equally might have done, would have his newspapers brought to him always by his valet in the dining-room, in the middle of luncheon, when everybody was there, so that they should see that he travelled with a valet.
847	851	0.569	Mais aux gens avec qui il se liait dans l’hôtel, l’oncle disait ce que le neveu n’eût jamais fait, qu’il était sénateur.	But to the people with whom he made friends in the hotel the uncle used to say what the nephew would never have said, that he was a Senator.
848	852	0.510	Il avait beau être certain qu’on apprendrait un jour que le titre était usurpé, il ne pouvait au moment même résister au besoin de se le donner.	He might know quite well that they would sooner or later discover that the title was usurped; he could not, at the critical moment, resist the temptation to assume it.
849	853	0.620	M. Bloch souffrait beaucoup des mensonges de son oncle et de tous les ennuis qu’ils lui causaient.	M. Bloch suffered acutely from his uncle's lies and from all the embarrassments that they led to.
850	854	0.507	«Ne faites pas attention, il est extrêmement blagueur», dit-il à mi-voix à Saint-Loup qui n’en fut que plus intéressé, étant très curieux de la psychologie des menteurs.	"""Don't pay any attention to him, he talks a great deal of nonsense,"" he whispered to Saint-Loup, whose interest was all the more whetted, for he was curious to explore the psychology of liars."
851	855	0.447	«Plus menteur encore que l’Ithaquesien Odysseus qu’Athènes appelait pourtant le plus menteur des hommes, compléta notre camarade Bloch.	"""A greater liar even than the Ithacan Odysseus, albeit Athene called him the greatest liar among mortals,"" his son completed the indictment."
852	856	0.447	— Ah! par exemple! s’écria M. Nissim Bernard, si je m’attendais à dîner avec le fils de mon ami!	"""Well, upon my word!"" cried M. Nissim Bernard, ""If I'd only known that I was going to sit down to dinner with my old friend's son!"
853	857	0.559	Mais j’ai à Paris chez moi, une photographie de votre père et combien de lettres de lui.	Why, I have a photograph still of your father at home, in Paris, and any number of letters from him.
854	858	0.503	Il m’appelait toujours «mon oncle», on n’a jamais su pourquoi.	He used always to call me 'uncle', nobody ever knew why.
855	859	0.553	C’était un homme charmant, étincelant.	He was a charming man, sparkling.
856-857	860	0.444	Je me rappelle un dîner chez moi, à Nice où il y avait Sardou, Labiche, Augier… — Molière, Racine, Corneille, continua ironiquement M. Bloch le père, dont le fils acheva l’énumération en ajoutant: Plaute, Ménandre, Kalidasa.»	"I remember so well a dinner I gave at Nice; there were Sardou, Labiche, Augier,"" ""Molière, Racine, Corneille,"" M. Bloch added with sarcasm, while his son completed the tale of guests with ""Plautus, Menander, Kalidasa."""
858	861	0.498	M. Nissim Bernard blessé arrêta brusquement son récit et, se privant ascétiquement d’un grand plaisir, resta muet jusqu’à la fin du dîner.	M. Nissim Bernard, cut to the quick, stopped short in his reminiscence, and, ascetically depriving himself of a great pleasure, remained silent until the end of dinner.
859	862	0.557	«Saint-Loup au casque d’airain, dit Bloch, reprenez un peu de ce canard aux cuisses lourdes de graisse sur lesquelles l’illustre sacrificateur des volailles a répandu de nombreuses libations de vin rouge.»	"""Saint-Loup with helm of bronze,"" said Bloch, ""have a piece more of this duck with thighs heavy with fat, over which the illustrious sacrificer of birds has spilled numerous libations of red wine."""
860	863	0.342	D’habitude après avoir sorti de derrière les fagots pour un camarade de marque les histoires sur sir Rufus Israël et autres, M. Bloch sentant qu’il avait touché son fils jusqu’à l’attendrissement, se retirait pour ne pas se «galvauder» aux yeux du «potache».	"As a rule, after bringing out from his store for the entertainment of a distinguished guest his anecdotes of Sir Rufus Israels and others, M. Bloch, feeling that he had succeeded in touching and melting his son's heart, would withdraw, so as not to spoil his effect in the eyes of the ""big pot""."
861	864	0.456	Cependant s’il y avait une raison tout à fait capitale, comme quand son fils par exemple fut reçu à l’agrégation, M. Bloch ajouta à la série habituelle des anecdotes cette réflexion ironique qu’il réservait plutôt pour ses amis personnels et que Bloch jeune fut extrêmement fier de voir débiter pour ses amis à lui: «Le gouvernement a été impardonnable.	"If, however, there was an absolutely compelling reason, as for instance on the night when his son won his fellowship, M. Bloch would add to the usual string of anecdotes the following ironical reflexion which he ordinarily reserved for his own personal friends, so that young Bloch was extremely proud to see it produced for his: ""The Government have acted unpardonably."
862	865	0.324	Il n’a pas consulté M. Coquelin!	They have forgotten to consult M. Coquelin!
863	866	0.436	M. Coquelin a fait savoir qu’il était mécontent» (M. Bloch se piquait d’être réactionnaire et méprisant pour les gens de théâtre).	"M. Coquelin has let it be known that he is displeased."" (M. Bloch prided himself on being a reactionary, with a contempt for theatrical people.)"
864	867	0.564	Mais les demoiselles Bloch et leur frère rougirent jusqu’aux oreilles tant ils furent impressionnés quand Bloch père, pour se montrer royal jusqu’au bout envers les deux «labadens» de son fils, donna l’ordre d’apporter du champagne et annonça négligemment que pour nous «régaler», il avait fait prendre trois fauteuils pour la représentation qu’une troupe d’Opéra-Comique donnait le soir même au Casino.	But the misses Bloch and their brother reddened to the tips of their ears, so much impressed were they when Bloch senior, to shew that he could be regal to the last in his entertainment of his son's two 'chums', gave the order for champagne to be served, and announced casually that, as a treat for us, he had taken three stalls for the performance which a company from the Opéra-Comique was giving that evening at the Casino.
865	868	0.412	Il regrettait de n’avoir pu avoir de loge.	He was sorry that he had not been able to get a box.
866	869	0.650	Elles étaient toutes prises.	They had all been taken.
867	870	0.384	D’ailleurs il les avait souvent expérimentées, on était mieux à l’orchestre.	However, he had often been in the boxes, and really one saw and heard better down by the orchestra.
868	871	0.567	Seulement, si le défaut de son fils, c’est-à-dire ce que son fils croyait invisible aux autres, était la grossièreté, celui du père était l’avarice.	All very well, only, if the defect of his son, that is to say the defect which his son believed to be invisible to other people, was coarseness, the father's was avarice.
869	872	0.502	Aussi, c’est dans une carafe qu’il fit servir sous le nom de champagne un petit vin mousseux et sous celui de fauteuils d’orchestre il avait fait prendre des parterres qui coûtaient moitié moins, miraculeusement persuadé par l’intervention divine de son défaut que ni à table, ni au théâtre (où toutes les loges étaient vides) on ne s’apercevrait de la différence.	And so it was in a decanter that we were served with, under the name of champagne, a light sparkling wine, while under that of orchestra stalls he had taken three in the pit, which cost half as much, miraculously persuaded by the divine intervention of his defect that neither at table nor in the theatre (where the boxes were all empty) would the defect be noticed.
870	873	0.544	Quand M. Bloch nous eut laissé tremper nos lèvres dans les coupes plates que son fils décorait du nom de «cratères aux flancs profondément creusés», il nous fit admirer un tableau qu’il aimait tant qu’il l’apportait avec lui à Balbec.	"When M. Bloch had let us moisten our lips in the flat glasses which his son dignified with the style and tide of ""craters with deeply hollowed flanks"", he made us admire a picture to which he was so much attached that he had brought it with him to Balbec."
871	874	0.565	Il nous dit que c’était un Rubens.	He told us that it was a Rubens.
872	875	0.552	Saint-Loup lui demanda naïvement s’il était signé.	Saint-Loup asked innocently if it was signed.
873	876	0.474	M. Bloch répondit en rougissant qu’il avait fait couper la signature à cause du cadre, ce qui n’avait pas d’importance, puisqu’il ne voulait pas le vendre.	M. Bloch replied, blushing, that he had had the signature cut off to make it fit the frame, but that it made no difference, as he had no intention of selling the picture.
874	877	0.525	Puis il nous congédia rapidement pour se plonger dans le _Journal Officiel_ dont les numéros encombraient la maison et dont la lecture lui était rendue nécessaire, nous dit-il, «par sa situation parlementaire» sur la nature exacte de laquelle il ne nous fournit pas de lumières.	"Then he hurriedly bade us good night, in order to bury himself in the _Journal Officiel_, back numbers of which littered the house, and which, he informed us, he was obliged to read carefully on account of his ""parliamentary position"" as to the precise nature of which, however, he gave us no enlightenment."
875	878	0.491	«Je prends un foulard, nous dit Bloch, car Zephyros et Boréas se disputent à qui mieux mieux la mer poissonneuse, et pour peu que nous nous attardions après le spectacle, nous ne rentrerons qu’aux premières lueurs d’Eôs aux doigts de pourpre.	"""I shall take a muffler,"" said Bloch, ""for Zephyrus and Boreas are disputing to which of them shall belong the fish-teeming sea, and should we but tarry a little after the show is over, we shall not be home before the first flush of Eos, the rosy-fingered."
876	879	0.499	A propos, demanda-t-il à Saint-Loup quand nous fûmes dehors et je tremblai car je compris bien vite que c’était de M. de Charlus que Bloch parlait sur ce ton ironique), quel était cet excellent fantoche en costume sombre que je vous ai vu promener avant-hier matin sur la plage?	"By the way,"" he asked Saint-Loup when we were outside, and I trembled, for I realised at once that it was of M. de Charlus that Bloch was speaking in that tone of irony, ""who was that excellent old card dressed in black that I saw you walking with, the day before yesterday, on the beach?"""
877	880-881	0.355	— C’est mon oncle», répondit Saint-Loup piqué.	"""That was my uncle."" Saint-Loup was ruffled."
878	882	0.703	Malheureusement, une «gaffe» était bien loin de paraître à Bloch chose à éviter.	"Unfortunately, a ""floater"" was far from seeming to Bloch a thing to be avoided."
879	883-884	0.481	Il se tordit de rire: «Tous mes compliments, j’aurais dû le deviner, il a un excellent chic, et une impayable bobine de gaga de la plus haute lignée.	"He shook with laughter. ""Heartiest congratulations; I ought to have guessed; he has an excellent style, the most priceless dial of an old 'gaga' of the highest lineage."""
880	885	0.533	— Vous vous trompez du tout au tout, il est très intelligent, riposta Saint-Loup furieux.	"""You are absolutely mistaken; he is an extremely clever man,"" retorted Saint-Loup, now furious."
881	886	0.450	— Je le regrette car alors il est moins complet.	"""I am sorry about that; it makes him less complete."
882	887	0.510	J’aimerais du reste beaucoup le connaître car je suis sûr que j’écrirais des machines adéquates sur des bonshommes comme ça.	All the same, I should like very much to know him, for I flatter myself I could write some highly adequate pieces about old buffers like that.
883	888	0.374	Celui-là, à voir passer, est crevant.	Just to see him go by, he's killing.
884	889	0.539	Mais je négligerais le côté caricatural, au fond assez méprisable pour un artiste épris de la beauté plastique des phrases, de la binette qui, excusez-moi, m’a fait gondoler un bon moment, et je mettrais en relief le côté aristocratique de votre oncle, qui en somme fait un effet bœuf, et la première rigolade passée, frappe par un très grand style.	But I should leave out of account the caricaturale side, which really is hardly worthy of an artist enamoured of the plastic beauty of phrases, of his mug, which (you'll forgive me) doubled me up for a moment with joyous laughter, and I should bring into prominence the aristocratic side of your uncle, who after all has a distinct bovine effect, and when one has finished laughing does impress one by his great air of style.
885	890	0.498	Mais, dit-il, en s’adressant cette fois à moi, il y a une chose dans un tout autre ordre d’idées, sur laquelle je veux t’interroger et chaque fois que nous sommes ensemble, quelque dieu, bienheureux habitant de l’Olympe, me fait oublier totalement de te demander ce renseignement qui eût pu m’être déjà et me sera sûrement fort utile.	"But,"" he went on, addressing myself this time, ""there is also a matter of a very different order about which I have been meaning to question you, and every time we are together, some god, blessed denizen of Olympus, makes me completely forget to ask for a piece of information which might before now have been and is sure some day to be of the greatest use to me."
886	891	0.423	Quelle est donc cette belle personne avec laquelle je t’ai rencontré au Jardin d’Acclimatation et qui était accompagnée d’un monsieur que je crois connaître de vue et d’une jeune fille à la longue chevelure?»	"Tell me, who was the lovely lady I saw you with in the Jardin d'Acclimatation accompanied by a gentleman whom I seem to know by sight and a little girl with long hair?"""
887	892	0.379	J’avais bien vu que Mme Swann ne se rappelait pas le nom de Bloch, puisqu’elle m’en avait dit un autre et avait qualifié mon camarade d’attaché à un ministère où je n’avais jamais pensé depuis à m’informer s’il était entré.	It had been quite plain to me at the time that Mme. Swann did not remember Bloch's name, since she had spoken of him by another, and had described my friend as being on the staff of some Ministry, as to which I had never since then thought of finding out whether he had joined it.
888	893	0.486	Mais comment Bloch qui, à ce qu’elle m’avait dit alors, s’était fait présenter à elle pouvait-il ignorer son nom?	But how came it that Bloch, who, according to what she then told me, had got himself introduced to her, was ignorant of her name?
889	894	0.552	J’étais si étonné que je restai un moment sans répondre.	I was so much surprised that I stopped for a moment before answering.
890	895	0.425	«En tous cas, tous mes compliments, me dit-il, tu n’as pas dû t’embêter avec elle.	"""Whoever she is,"" he went on, ""hearty congratulations; you can't have been bored with her."
891-892	896	0.556	Je l’avais rencontrée quelques jours auparavant dans le train de Ceinture. Elle voulut bien dénouer la sienne en faveur de ton serviteur, je n’ai jamais passé de si bons moments et nous allions prendre toutes dispositions pour nous revoir quand une personne qu’elle connaissait eut le mauvais goût de monter à l’avant-dernière station.»	"I picked her up a few days before that on the Zone railway, where, speaking of zones, she was so kind, as to undo hers for the benefit of your humble servant; I have never had such a time in my life, and we were just going to make arrangements to meet again when somebody she knew had the bad taste to get in at the last station but one."""
893	897	0.695	Le silence que je gardais ne parut pas plaire à Bloch.	My continued silence did not appear to please Bloch.
894	898	0.622	«J’espérais, me dit-il, connaître grâce à toi son adresse et aller goûter chez elle plusieurs fois par semaine, les plaisirs d’Eros, chers aux Dieux, mais je n’insiste pas puisque tu poses pour la discrétion à l’égard d’une professionnelle qui s’est donnée à moi trois fois de suite et de la manière la plus raffinée entre Paris et le Point-du-Jour.	"""I was hoping,"" he said, ""thanks to you, to learn her address, so as to go there several times a week to taste in her arms the delights of Eros, dear to the gods; but I do not insist since you seem pledged to discretion with respect to a professional who gave herself to me three times running, and in the most refined manner, between Paris and the Point-du-Jour."
895	899	0.432	Je la retrouverai bien un soir ou l’autre.»	"I am bound to see her again, some night."""
896	900	0.470	J’allai voir Bloch à la suite de ce dîner, il me rendit ma visite, mais j’étais sorti et il fut aperçu, me demandant, par Françoise, laquelle par hasard bien qu’il fût venu à Combray ne l’avait jamais vu jusque-là.	I called upon Bloch after this dinner; he returned my call, but I was out and he was seen asking for me by Françoise, who, as it happened, albeit he had visited us at Combray, had never set eyes on him until then.
897	901	0.479	De sorte qu’elle savait seulement qu’un «des Monsieurs» que je connaissais était passé pour me voir, elle ignorait «à quel effet», vêtu d’une manière quelconque et qui ne lui avait pas fait grande impression.	"So that she knew only that one of ""the gentlemen"" who were friends of mine had looked in to see me, she did not know ""with what object"", dressed in a nondescript way, which had not made any particular impression upon her."
898	902	0.529	Or j’avais beau savoir que certaines idées sociales de Françoise me resteraient toujours impénétrables, qui reposaient peut-être en partie sur des confusions entre des mots, des noms qu’elle avait pris une fois, et à jamais, les uns pour les autres, je ne pus m’empêcher, moi qui avais depuis longtemps renoncé à me poser des questions dans ces cas-là, de chercher vainement, d’ailleurs, ce que le nom de Bloch pouvait représenter d’immense pour Françoise.	Now though I knew quite well that certain of Françoise's social ideas must for ever remain impenetrable by me, ideas based, perhaps, partly upon confusions between words, between names which she had once and for all time mistaken for one another, I could not restrain myself, who had long since abandoned the quest for enlightenment in such cases, from seeking — and seeking, moreover, in vain — to discover what could be the immense significance that the name of Bloch had for Françoise.
899	903	0.518	Car à peine lui eus-je dit que ce jeune homme qu’elle avait aperçu était M. Bloch, elle recula de quelques pas tant furent grandes sa stupeur et sa déception.	For no sooner had I mentioned to her that the young man whom she had seen was M. Bloch than she recoiled several paces, so great were her stupor and disappointment.
900	904-906	0.470	«Comment, c’est cela, M. Bloch!» s’écria-t-elle d’un air atterré comme si un personnage aussi prestigieux eût dû posséder une apparence qui «fît connaître» immédiatement qu’on se trouvait en présence d’un grand de la terre, et à la façon de quelqu’un qui trouve qu’un personnage historique n’est pas à la hauteur de sa réputation, elle répétait d’un ton impressionné, et où on sentait pour l’avenir les germes d’un scepticisme universel: «Comment c’est ça M. Bloch!	"""What! Is that M. Bloch?"" she cried, thunderstruck, as if so portentous a personage ought to have been endowed with an appearance which ""made you know"" as soon as you saw him that you were in the presence of one of the great ones of the earth; and, like some one who has discovered that an historical character is not ""up to"" the level of his reputation, she repeated in an impressed tone, in which I could detect latent, for future growth, the seeds of a universal scepticism: ""What! Is that M. Bloch?"
901	907	0.359	Ah! vraiment on ne dirait pas à le voir.»	"Well, really, you would never think it, to look at him."""
902	908	0.386	Elle avait l’air de m’en garder rancune comme si je lui eusse jamais «surfait» Bloch.	"She seemed also to bear me a grudge, as if I had always ""overdone"" the praise of Bloch to her."
903	909-910	0.379	Et pourtant elle eut la bonté d’ajouter: «Hé bien, tout M. Bloch qu’il est, Monsieur peut dire qu’il est aussi bien que lui.»	"At the same time she was kind enough to add: ""Well, he may be M. Bloch, and all that. I'm sure Master can say he's every bit as good."""
904	911	0.493	Elle eut bientôt à l’égard de Saint-Loup qu’elle adorait une désillusion d’un autre genre, et d’une moindre dureté: elle apprit qu’il était républicain.	She had presently, with respect to Saint-Loup, whom she worshipped, a disillusionment of a different kind and of less severity: she discovered that he was a Republican.
905	912	0.437	Or bien qu’en parlant par exemple de la Reine de Portugal, elle dît avec cet irrespect qui dans le peuple est le respect suprême «Amélie, la sœur à Philippe», Françoise était royaliste.	"Now for all that, when speaking, for instance, of the Queen of Portugal, she would say with that disrespect which is, among the people, the supreme form of respect: ""Amélie, Philippe's sister,"" Françoise was a Royalist."
906	913	0.454	Mais surtout un marquis, un marquis qui l’avait éblouie, et qui était pour la République, ne lui paraissait plus vrai.	But when it came to a Marquis; a Marquis who had dazzled her at first sight, and who was for the Republic, seemed no longer real.
907	914	0.504	Elle en marquait la même mauvaise humeur que si je lui eusse donné une boîte qu’elle eût cru d’or, de laquelle elle m’eût remercié avec effusion et qu’ensuite un bijoutier lui eût révélé être en plaqué.	And she shewed the same ill-humour as if I had given her a box which she had believed to be made of gold, and had thanked me for it effusively, and then a jeweller had revealed to her that it was only plated.
908	915	0.618	Elle retira aussitôt son estime à Saint-Loup, mais bientôt après la lui rendit, ayant réfléchi qu’il ne pouvait pas, étant le marquis de Saint-Loup être républicain, qu’il faisait seulement semblant, par intérêt, car avec le gouvernement qu’on avait, cela pouvait lui rapporter gros.	She at once withdrew her esteem from Saint-Loup, but soon afterwards restored it to him, having reflected that he could not, being the Marquis de Saint-Loup, be a Republican, that he was just pretending, in his own interest, for with such a Government as we had it might be a great advantage to him.
909	916	0.576	De ce jour sa froideur envers lui, son dépit contre moi cessèrent.	From that moment her coldness towards him, her resentment towards myself ceased.
910	917	0.544	Et quand elle parlait de Saint-Loup, elle disait: «C’est un hypocrite», avec un large et bon sourire qui faisait bien comprendre qu’elle le «considérait» de nouveau autant qu’au premier jour et qu’elle lui avait pardonné.	"And when she spoke of Saint-Loup she said: ""He is a hypocrite,"" with a broad and friendly smile which made it clear that she ""considered"" him again just as much as when she first knew him, and that she had forgiven him."
911	918	0.417	Or la sincérité et le désintéressement de Saint-Loup étaient au contraire absolus et c’était cette grande pureté morale qui, ne pouvant se satisfaire entièrement dans un sentiment égoïste comme l’amour, ne rencontrant pas d’autre part en lui l’impossibilité qui existait par exemple en moi de trouver sa nourriture spirituelle autre part qu’en soi-même, le rendait vraiment capable, autant que moi incapable, d’amitié.	As a matter of fact, Saint-Loup was absolutely sincere and disinterested, and it was this intense moral purity which, not being able to find entire satisfaction in a selfish sentiment such as love, nor on the other hand meeting in him the impossibility (which existed in me, for instance) of finding its spiritual nourishment elsewhere than in himself, rendered him truly capable (just as I was incapable) of friendship.
912	919	0.397	Françoise ne se trompait pas moins sur Saint-Loup quand elle disait qu’il avait l’air comme ça de ne pas dédaigner le peuple, mais que ce n’est pas vrai et qu’il n’y avait qu’à le voir quand il était en colère après son cocher.	"Françoise was no less mistaken about Saint-Loup when she complained that he had ""that sort of"" air, as if he did not look down upon the people, but that it was all just a pretence, and you had only to see him when he was in a temper with his groom."
913	920	0.437	Il était arrivé en effet quelquefois à Robert de le gronder avec une certaine rudesse, qui prouvait chez lui moins le sentiment de la différence que de l’égalité entre les classes.	It had indeed sometimes happened that Robert would scold his groom with a certain amount of brutality, which proved that he had the sense not so much of the difference as of the equality between classes and masses.
914	921	0.464	«Mais, me dit-il en réponse aux reproches que je lui faisais d’avoir traité un peu durement ce cocher, pourquoi affecterais-je de lui parler poliment?	"""But,"" he said in answer to my rebuke of his having treated the man rather harshly, ""why should I go out of my way to speak politely to him?"
915	922	0.415	N’est-il pas mon égal?	Isn't he my equal?
916	923	0.380	N’est-il pas aussi près de moi que mes oncles ou mes cousins?	Isn't he just as near to me as any of my uncles and cousins?
917	924	0.434	Vous avez l’air de trouver que je devrais le traiter avec égards, comme un inférieur!	You seem to think that I ought to treat him with respect, as an inferior.
918	925	0.468	Vous parlez comme un aristocrate», ajouta-t-il avec dédain.	"You talk like an aristocrat!"" he added scornfully."
919	926	0.590	En effet, s’il y avait une classe contre laquelle il eût de la prévention et de la partialité, c’était l’aristocratie, et jusqu’à croire aussi difficilement à la supériorité d’un homme du monde, qu’il croyait facilement à celle d’un homme du peuple.	And indeed if there was a class to which he shewed himself prejudiced and hostile, it was the aristocracy, so much so that he found it as hard to believe in the superior qualities of a man in society as he found it easy to believe in those of a man of the people.
920	927	0.652	Comme je lui parlais de la princesse de Luxembourg que j’avais rencontrée avec sa tante:	When I mentioned the Princesse de Luxembourg, whom I had met with his aunt:
921	928-929	0.297	—Une carpe, me dit-il, comme toutes ses pareilles.	"""An old trout,"" was his comment. ""Like all that lot."
922	930	0.346	C’est d’ailleurs un peu ma cousine.	"She's a sort of cousin of mine, by the way."""
923	931	0.534	Ayant un préjugé contre les gens qui le fréquentaient, il allait rarement dans le monde et l’attitude méprisante ou hostile qu’il y prenait, augmentait encore chez tous ses proches parents le chagrin de sa liaison avec une femme «de théâtre», liaison qu’ils accusaient de lui être fatale et notamment d’avoir développé chez lui cet esprit de dénigrement, ce mauvais esprit, de l’avoir «dévoyé», en attendant qu’il se «déclassât» complètement.	"Having a strong prejudice against the people who frequented it, he went rarely into ""Society"", and the contemptuous or hostile attitude which he adopted towards it served to increase, among all his near relatives, the painful impression made by his intimacy with a woman on the stage, a connexion which, they declared, would be his ruin, blaming it specially for having bred in him that spirit of denigration, that bad spirit, and for having led him astray, after which it was only a matter of time before he would have dropped out altogether."
924	932	0.694	Aussi, bien des hommes légers du faubourg Saint-Germain étaient-ils sans pitié quand ils parlaient de la maîtresse de Robert.	And so, many easy-going men of the Faubourg Saint-Germain were without compunction when they spoke of Robert's mistress.
925	933-934	0.552	«Les grues font leur métier, disait-on, elles valent autant que d’autres; mais celle-là, non!	"""Those girls do their job,"" they would say, ""they are as good as anybody else. But that one; no, thank you!"
926	935	0.365	Nous ne lui pardonnerons pas!	We cannot forgive her.
927	936	0.636	Elle a fait trop de mal à quelqu’un que nous aimons.»	"She has done too much harm to a fellow we were fond of."""
928	937	0.637	Certes, il n’était pas le premier qui eût un fil à la patte.	Of course, he was not the first to be caught in that snare.
929	938	0.741	Mais les autres s’amusaient en hommes du monde, continuaient à penser en hommes du monde sur la politique, sur tout.	But the others amused themselves like men of the world, continued to think like men of the world about politics, about everything.
930	939	0.529	Lui, sa famille le trouvait «aigri».	"As for him, his family found him ""soured""."
931	940	0.417	Elle ne se rendait pas compte que pour bien des jeunes gens du monde, lesquels sans cela resteraient incultes d’esprit, rudes dans leurs amitiés, sans douceur et sans goût, c’est bien souvent leur maîtresse qui est leur vrai maître et les liaisons de ce genre la seule école morale où ils soient initiés à une culture supérieure, où ils apprennent le prix des connaissances désintéressées.	They did not bear in mind that, for many young men of fashion who would otherwise remain uncultivated mentally, rough in their friendships, without gentleness or taste — it is very often their mistress who is their real master, and connexions of this sort the only school of morals in which they are initiated into a superior culture, and learn the value of disinterested relations.
932	941	0.377	Même dans le bas peuple (qui au point de vue de la grossièreté ressemble si souvent au grand monde), la femme, plus sensible, plus fine, plus oisive, a la curiosité de certaines délicatesses, respecte certaines beautés de sentiment et d’art que, ne les comprît-elle pas, elle place pourtant au-dessus de ce qui semblait le plus désirable à l’homme, l’argent, la situation.	Even among the lower orders (who, when it comes to coarseness, so often remind us of the world of fashion) the woman, more sensitive, finer, more leisured, is driven by curiosity to adopt certain refinements, respects certain beauties of sentiment and of art which, though she may fail to understand them, she nevertheless places above what has seemed most desirable to the man, above money or position.
933	942	0.405	Or, qu’il s’agisse de la maîtresse d’un jeune clubman comme Saint-Loup ou d’un jeune ouvrier (les électriciens par exemple comptent aujourd’hui dans les rangs de la Chevalerie véritable), son amant a pour elle trop d’admiration et de respect pour ne pas les étendre à ce qu’elle-même respecte et admire; et pour lui l’échelle des valeurs s’en trouve renversée.	Now whether the mistress be a young blood's (such as Saint-Loup) or a young workman's (electricians, for instance, must now be included in our truest order of Chivalry) her lover has too much admiration and respect for her not to extend them also to what she herself respects and admires; and for him the scale of values is thereby reversed.
934	943	0.493	A cause de son sexe même elle est faible, elle a des troubles nerveux, inexplicables, qui chez un homme, et même chez une autre femme, chez une femme dont il est neveu ou cousin auraient fait sourire ce jeune homme robuste.	Her sex alone makes her weak; she suffers from nervous troubles, inexplicable things which in a man, or even in another woman — a woman whose nephew or cousin he was — would bring a smile to the lips of this stalwart young man.
935	944	0.536	Mais il ne peut voir souffrir celle qu’il aime.	But he cannot bear to see her suffer whom he loves.
936	945	0.232	Le jeune noble qui comme Saint-Loup a une maîtresse, prend l’habitude quand il va dîner avec elle au cabaret d’avoir dans sa poche le valérianate dont elle peut avoir besoin, d’enjoindre au garçon, avec force et sans ironie, de faire attention à fermer les portes sans bruit, à ne pas mettre de mousse humide sur la table, afin d’éviter à son amie ces malaises que pour sa part il n’a jamais ressentis, qui composent pour lui un monde occulte à la réalité duquel elle lui a appris à croire, malaises qu’il plaint maintenant sans avoir besoin pour cela de les connaître, qu’il plaindra même quand ce sera d’autres qu’elle qui les ressentiront.	"The young nobleman who, like Saint-Loup, has a mistress acquires the habit, when he takes her out to dine, of carrying in his pocket the valerian ""drops"" which she may need, of ordering the waiter, firmly and with no hint of sarcasm, to see that he shuts the doors quietly and not to put any damp moss on the table, so as to spare his companion those discomforts which himself he has never felt, which compose for him an occult world in whose reality she has taught him to believe, discomforts for which he now feels pity without in the least needing to understand them, for which he will still feel pity when other women than she shall be the sufferers."
937	946	0.454	La maîtresse de Saint-Loup — comme les premiers moines du moyen âge, à la chrétienté — lui avait enseigné la pitié envers les animaux car elle en avait la passion, ne se déplaçant jamais sans son chien, ses serins, ses perroquets; Saint-Loup veillait sur eux avec des soins maternels et traitait de brutes les gens qui ne sont pas bons avec les bêtes.	Saint-Loup's mistress — as the first monks of the middle ages taught Christendom — had taught him to be kind to animals, for which she had a passion, never moving without her dog, her canaries, her love-birds; Saint-Loup looked after them with motherly devotion and treated as brutes the people who were not good to dumb creatures.
938	947	0.431	D’autre part, une actrice, ou soi-disant telle, comme celle qui vivait avec lui — qu’elle fût intelligente ou non, ce que j’ignorais — en lui faisant trouver ennuyeuse la société des femmes du monde et considérer comme une corvée l’obligation d’aller dans une soirée, l’avait préservé du snobisme et guéri de la frivolité.	On the other hand, an actress, or so-called actress, like this one who was living with him, — whether she were intelligent or not, and as to that I had no knowledge — by making him find the society of fashionable women boring, and look upon having to go out to a party as a painful duty, had saved him from snobbishness and cured him of frivolity.
939	948	0.338	Si grâce à elle les relations mondaines tenaient moins de place dans la vie de son jeune amant, en revanche tandis que s’il avait été un simple homme de salon, la vanité ou l’intérêt auraient dirigé ses amitiés comme la rudesse les aurait empreintes, sa maîtresse lui avait appris à y mettre de la noblesse et du raffinement.	If, thanks to her, his social engagements filled a smaller place in the life of her young lover, at the same time, whereas if he had been simply a drawing-room man, vanity or self-interest would have dictated his choice of friends as rudeness would have characterised his treatment of them, his mistress had taught him to bring nobility and refinement into his friendship.
940	949	0.390	Avec son instinct de femme et appréciant plus chez les hommes certaines qualités de sensibilité que son amant eût peut-être sans elle méconnues ou plaisantées, elle avait toujours vite fait de distinguer entre les autres celui des amis de Saint-Loup qui avait pour lui une affection vraie, et de le préférer.	With her feminine instinct, with a keener appreciation in men of certain qualities of sensibility which her lover might perhaps, without her guidance, have misunderstood and laughed at them, she had always been swift to distinguish from among the rest of Saint-Loup's friends, the one who had a real affection for him, and to make that one her favourite.
941	950	0.279	Elle savait le forcer à éprouver pour celui-là de la reconnaissance, à la lui témoigner, à remarquer les choses qui lui faisaient plaisir, celles qui lui faisaient de la peine.	She knew how to make him feel grateful to such a friend, shew his gratitude, notice what things gave his friend pleasure and what pain.
942	951	0.420	Et bientôt Saint-Loup, sans plus avoir besoin qu’elle l’avertît, commença à se soucier de tout cela et à Balbec où elle n’était pas, pour moi qu’elle n’avait jamais vu et dont il ne lui avait même peut-être pas encore parlé dans ses lettres, de lui-même il fermait la fenêtre d’une voiture où j’étais, emportait les fleurs qui me faisaient mal, et quand il eut à dire au revoir à la fois à plusieurs personnes, à son départ, s’arrangea à les quitter un peu plus tôt afin de rester seul et en dernier avec moi, de mettre cette différence entre elles et moi, de me traiter autrement que les autres.	And presently Saint-Loup, without any more need of her to prompt him, began to think of all these things by himself, and at Balbec, where she was not with him, for me whom she had never seen, whom he had perhaps not yet so much as mentioned in his letters to her, of his own accord would pull up the window of a carriage in which I was sitting, take out of the room the flowers that made me feel unwell, and when he had to say good-bye to several people at once manage to do so before it was actually time for him to go, so as to be left alone and last with me, to make that distinction between them and me, to treat me differently from the rest.
943	952	0.455	Sa maîtresse avait ouvert son esprit à l’invisible, elle avait mis du sérieux dans sa vie, des délicatesses dans son cœur, mais tout cela échappait à la famille en larmes qui répétait: «Cette gueuse le tuera, et en attendant elle le déshonore.»	"His mistress had opened his mind to the invisible, had brought a serious element into his life, delicacy into his heart, but all this escaped his sorrowing family who repeated: ""That creature will be the death of him; meanwhile she's doing what she can to disgrace him."""
944	953	0.405	Il est vrai qu’il avait fini de tirer d’elle tout le bien qu’elle pouvait lui faire; et maintenant elle était cause seulement qu’il souffrait sans cesse, car elle l’avait pris en horreur et le torturait.	It is true that he had succeeded in getting out of her all the good that she was capable of doing him; and that she now caused him only incessant suffering, for she had taken an intense dislike to him and tormented him in every possible way.
945	954	0.396	Elle avait commencé un beau jour à le trouver bête et ridicule parce que les amis qu’elle avait parmi les jeunes auteurs et acteurs, lui avaient assuré qu’il l’était, et elle répétait à son tour ce qu’ils avaient dit avec cette passion, cette absence de réserves qu’on montre chaque fois qu’on reçoit du dehors et qu’on adopte des opinions ou des usages qu’on ignorait entièrement.	She had begun, one fine day, to look upon him as stupid and absurd because the friends that she had among the younger writers and actors had assured her that he was, and she duly repeated what they had said with that passion, that want of reserve which we shew whenever we receive from without and adopt as our own opinions or customs of which we previously knew nothing.
946	955	0.445	Elle professait volontiers, comme ces comédiens, qu’entre elle et Saint-Loup le fossé était infranchissable, parce qu’ils étaient d’une autre race, qu’elle était une intellectuelle et que lui, quoi qu’il prétendît, était, de naissance, un ennemi de l’intelligence.	She readily professed, like her actor friends, that between Saint-Loup and herself there was a great gulf fixed, and not to be crossed, because they were of different races, because she was an intellectual and he, whatever he might pretend, the born enemy of the intellect.
947	956	0.564	Cette vue lui semblait profonde et elle en cherchait la vérification dans les paroles les plus insignifiantes, les moindres gestes de son amant.	This view of him seemed to her profound, and she sought confirmation of it in the most insignificant words, the most trivial actions of her lover.
948	957	0.612	Mais quand les mêmes amis l’eurent en outre convaincue qu’elle détruisait dans une compagnie aussi peu faite pour elle les grandes espérances qu’elle avait, disaient-ils, données, que son amant finirait par déteindre sur elle, qu’à vivre avec lui, elle gâchait son avenir d’artiste, à son mépris pour Saint-Loup s’ajouta la même haine que s’il s’était obstiné à vouloir lui inoculer une maladie mortelle.	But when the same friends had further convinced her that she was destroying, in company so ill-suited to her, the great hopes which she had, they said, aroused in them, that her lover would leave a mark on her, that by living with him she was spoiling her future as an artist; to her contempt for Saint-Loup was added the same hatred that she would have felt for him if he had insisted upon inoculating her with a deadly germ.
949	958	0.446	Elle le voyait le moins possible tout en reculant encore le moment d’une rupture définitive, laquelle me paraissait à moi bien peu vraisemblable.	She saw him as seldom as possible, at the same time postponing the hour of a definite rupture, which seemed to me a highly improbable event.
950	959-960	0.377	Saint-Loup faisait pour elle de tels sacrifices que, à moins qu’elle fût ravissante (mais il n’avait jamais voulu me montrer sa photographie, me disant: «D’abord ce n’est pas une beauté et puis elle vient mal en photographie, ce sont des instantanés que j’ai faits moi-même avec mon Kodak et ils vous donneraient une fausse idée d’elle»), il semblait difficile qu’elle trouvât un second homme qui en consentît de semblables.	"Saint-Loup made such sacrifices for her that unless she was ravishingly beautiful (but he had always refused to shew me her photograph, saying: ""For one thing, she's not a beauty, and besides she always takes badly. These are only some snapshots that I took myself with my kodak; they would give you a wrong idea of her."") it would surely be difficult for her to find another man who would consent to anything of the sort."
951	961	0.399	Je ne songeais pas qu’une certaine toquade de se faire un nom, même quand on n’a pas de talent, que l’estime, rien que l’estime privée, de personnes qui vous imposent, peuvent (ce n’était peut-être du reste pas le cas pour la maîtresse de Saint-Loup) être même pour une petite cocotte des motifs plus déterminants que le plaisir de gagner de l’argent.	I never reflected that a certain obsession to make a name for oneself, even when one has no talent, that the admiration, no more than the privately expressed admiration of people who are imposing on one, can (although it may not perhaps have been the case with Saint-Loup's mistress) be, even for a little prostitute, motives more determining than the pleasure of making money.
952	962	0.198	Saint-Loup qui sans bien comprendre ce qui se passait dans la pensée de sa maîtresse, ne la croyait complètement sincère ni dans les reproches injustes ni dans les promesses d’amour éternel, avait pourtant à certains moments le sentiment qu’elle romprait quand elle le pourrait, et à cause de cela, mû sans doute par l’instinct de conservation de son amour, plus clairvoyant peut-être que Saint-Loup n’était lui-même, usant d’ailleurs d’une habileté pratique qui se conciliait chez lui avec les plus grands et les plus aveugles élans du cœur, il s’était refusé à lui constituer un capital, avait emprunté un argent énorme pour qu’elle ne manquât de rien, mais ne le lui remettait qu’au jour le jour.	Saint-Loup who, without quite understanding what was going on in the mind of his mistress, did not believe her to be completely sincere either in her unfair reproaches or in her promises of undying love, had all the same at certain moments the feeling that she would break with him whenever she could, and accordingly, impelled no doubt by the instinct of self-preservation which was part of his love, a love more clear-sighted, possibly, than Saint-Loup himself, making use, too, of a practical capacity for business which was compatible in him with the loftiest and blindest flights of the heart, had refused to settle upon her any capital, had borrowed an enormous sum so that she should want nothing, but made it over to her only from day to day.
953	963	0.318	Et sans doute, au cas où elle eût vraiment songé à le quitter, attendait-elle froidement d’avoir «fait sa pelote», ce qui avec les sommes données par Saint-Loup demanderait sans doute un temps fort court, mais tout de même concédé en supplément pour prolonger le bonheur de mon nouvel ami — ou son malheur.	And no doubt, assuming that she really thought of leaving him, she was calmly waiting until she had feathered her nest, a process which, with the money given her by Saint-Loup, would not perhaps take very long, but would all the same require a time which must be conceded to prolong the happiness of my new friend — or his misery.
954	964	0.353	Cette période dramatique de leur liaison — et qui était arrivée maintenant à son point le plus aigu, le plus cruel pour Saint-Loup, car elle lui avait défendu de rester à Paris où sa présence l’exaspérait et l’avait forcé de prendre son congé à Balbec, à côté de sa garnison — avait commencé un soir chez une tante de Saint-Loup, lequel avait obtenu d’elle que son amie viendrait pour de nombreux invités dire des fragments d’une pièce symboliste qu’elle avait jouée une fois sur une scène d’avant-garde et pour laquelle elle lui avait fait partager l’admiration qu’elle éprouvait elle-même.	"This dramatic period of their connexion, which had now reached its most acute stage, the most cruel for Saint-Loup, for she had forbidden him to remain in Paris, where his presence exasperated her, and had forced him to spend his leave at Balbec, within easy reach of his regiment — had begun one evening at the house of one of Saint-Loup's aunts, on whom he had prevailed to allow his friend to come there, before a large party, to recite some of the speeches from a symbolical play in which she had once appeared in an ""advanced"" theatre, and for which she had made him share the admiration that she herself professed."
955	965	0.385	Mais quand elle était apparue, un grand lys à la main, dans un costume copié de l’«Ancilla Domini» et qu’elle avait persuadé à Robert être une véritable «vision d’art», son entrée avait été accueillie dans cette assemblée d’hommes de cercles et de duchesses par des sourires que le ton monotone de la psalmodie, la bizarrerie de certains mots, leur fréquente répétition avaient changés en fous-rires d’abord étouffés, puis si irrésistibles que la pauvre récitante n’avait pu continuer.	"But when she appeared in the room, with a large lily in her hand, and wearing a costume copied from the _Ancilia Domini_, which she had persuaded Saint-Loup was an absolute ""vision of beauty"", her entrance had been greeted, in that assemblage of club men and duchesses, with smiles which the monotonous tone of her chantings, the oddity of certain words and their frequent recurrence had changed into fits of laughter, stifled at first but presently so uncontrollable that the wretched reciter had been unable to go on."
956	966	0.510	Le lendemain la tante de Saint-Loup avait été unanimement blâmée d’avoir laissé paraître chez elle une artiste aussi grotesque.	Next day Saint-Loup's aunt had been universally censured for having allowed so grotesque an actress to appear in her drawing-room.
957	967	0.583	Un duc bien connu ne lui cacha pas qu’elle n’avait à s’en prendre qu’à elle-même si elle se faisait critiquer.	A well-known duke made no bones about telling her that she had only herself to blame if she found herself criticised.
958	968	0.310	—Que diable aussi, on ne nous sort pas des numéros de cette force-là!	"""Damn it all, people really don't come to see 'turns' like that!"
959-961	969	0.365	Si encore cette femme avait du talent, mais elle n’en a et n’en aura jamais aucun. Sapristi! Paris n’est pas si bête qu’on veut bien le dire.	If the woman had talent, even; but she has none and never will have any. 'Pon my soul, Paris is not such a fool as people make out.
962	970	0.612	La société n’est pas composée que d’imbéciles.	Society does not consist exclusively of imbeciles.
963	971	0.463	Cette petite demoiselle a évidemment cru étonner Paris.	This little lady evidently believed that she was going to take Paris by surprise.
964	972	0.541	Mais Paris est plus difficile à étonner que cela et il y a tout de même des affaires qu’on ne nous fera pas avaler.	"But Paris is not so easily surprised as all that, and there are still some things that they can't make us swallow."""
965	973	0.628	Quant à l’artiste, elle sortit en disant à Saint-Loup:	As for the actress, she left the house with Saint-Loup, exclaiming:
966	974	0.556	—Chez quelles dindes, chez quelles garces sans éducation, chez quels goujats m’as-tu fourvoyée?	"""What do you mean by letting me in for those geese, those uneducated bitches, those dirty corner-boys?"
967	975	0.435	J’aime mieux te le dire, il n’y en avait pas un des hommes présents qui ne m’eût fait de l’œil, du pied, et c’est parce que j’ai repoussé leurs avances qu’ils ont cherché à se venger.	"I don't mind telling you, there wasn't a man in the room who didn't make eyes at me or squeeze my foot, and it was because I wouldn't look at them that they were out for revenge."""
968	976	0.481	Paroles qui avaient changé l’antipathie de Robert pour les gens du monde en une horreur autrement profonde et douloureuse et que lui inspiraient particulièrement ceux qui la méritaient le moins, des parents dévoués qui, délégués par la famille, avaient cherché à persuader à l’amie de Saint-Loup de rompre avec lui, démarche qu’elle lui présentait comme inspirée par leur amour pour elle.	Words which had changed Robert's antipathy for people in society into a horror that was at once deep and distressing, and was provoked in him most of all by those who least deserved it, devoted kinsmen who, on behalf of the family, had sought to persuade Saint-Loup's lady to break with him, a move which she represented to him as inspired by their passion for her.
969	977	0.449	Robert quoiqu’il eût aussitôt cessé de les fréquenter pensait, quand il était loin de son amie comme maintenant, qu’eux ou d’autres en profitaient pour revenir à la charge et avaient peut-être reçu ses faveurs.	Robert, although he had at once ceased to see them, used to imagine when he was parted from his mistress as he was now, that they or others like them were profiting by his absence to return to the charge and had possibly prevailed over her.
970	978	0.534	Et quand il parlait des viveurs qui trompent leurs amis, cherchent à corrompre les femmes, tâchent de les faire venir dans des maisons de passe, son visage respirait la souffrance et la haine.	And when he spoke of the sensualists who were disloyal to their friends, who sought to seduce their friends' wives, tried to make them come to houses of assignation, his whole face would glow with suffering and hatred.
971	979	0.525	—Je les tuerais avec moins de remords qu’un chien qui est du moins une bête gentille, loyale et fidèle.	"""I would kill them with less compunction than I would kill a dog, which is at least a well-behaved beast, and loyal and faithful."
972	980	0.479	En voilà qui méritent la guillotine, plus que des malheureux qui ont été conduits au crime par la misère et par la cruauté des riches.	"There are men who deserve the guillotine if you like, far more than poor wretches who have been led into crime by poverty and by the cruelty of the rich."""
973	981	0.599	Il passait la plus grande partie de son temps à envoyer à sa maîtresse des lettres et des dépêches.	He spent the greater part of his time in sending letters and telegrams to his mistress.
974	982	0.407	Chaque fois que, tout en l’empêchant de venir à Paris, elle trouvait, à distance, le moyen d’avoir une brouille avec lui, je l’apprenais à sa figure décomposée.	Every time that, while still preventing him from returning to Paris, she found an excuse to quarrel with him by post, I read the news at once in his evident discomposure.
975-976	983	0.508	Comme sa maîtresse ne lui disait jamais ce qu’elle avait à lui reprocher, soupçonnant que, peut-être, si elle ne le lui disait pas, c’est qu’elle ne le savait pas et qu’elle avait simplement assez de lui, il aurait pourtant voulu avoir des explications, il lui écrivait: «Dis-moi ce que j’ai fait de mal. Je suis prêt à reconnaître mes torts», le chagrin qu’il éprouvait ayant pour effet de le persuader qu’il avait mal agi.	"Inasmuch as his mistress never told him what fault she found with him, suspecting that possibly if she did not tell him it was because she did not know herself, and simply had had enough of him, he would still have liked an explanation and used to write to her: ""Tell me what I have done wrong; I am quite ready to acknowledge my faults,"" the grief that overpowered him having the effect of persuading him that he had behaved badly."
977	984	0.483	Mais elle lui faisait attendre indéfiniment des réponses d’ailleurs dénuées de sens.	But she kept him waiting indefinitely for her answers which, when they did come, were meaningless.
978	985	0.641	Aussi c’est presque toujours le front soucieux et bien souvent les mains vides que je voyais Saint-Loup revenir de la poste où, seul de tout l’hôtel avec Françoise, il allait chercher ou porter lui-même ses lettres, lui par impatience d’amant, elle par méfiance de domestique.	And so it was almost always with a furrowed brow, and often with empty hands that I would see Saint-Loup returning from the post office, where, alone in all the hotel, he and Françoise went to fetch or to hand in letters, he from a lover's impatience, she with a servant's mistrust of others.
979	986	0.570	(Les dépêches le forçaient à faire beaucoup plus de chemin.)	(His telegrams obliged him to take a much longer journey.)
980	987	0.598	Quand quelques jours après le dîner chez les Bloch ma grand’mère me dit d’un air joyeux que Saint-Loup venait de lui demander si avant qu’il quittât Balbec elle ne voulait pas qu’il la photographiât, et quand je vis qu’elle avait mis pour cela sa plus belle toilette et hésitait entre diverses coiffures, je me sentis un peu irrité de cet enfantillage qui m’étonnait tellement de sa part.	When, some days after our dinner with the Blochs, my grandmother told me with a joyful air that Saint-Loup had just been asking her whether, before he left Balbec, she would not like him to take a photograph of her, and when I saw that she had put on her nicest dress on purpose, and was hesitating between several of her best hats, I felt a little annoyed by this childishness, which surprised me coming from her.
981	988	0.412	J’en arrivais même à me demander si je ne m’étais pas trompé sur ma grand’mère, si je ne la plaçais pas trop haut, si elle était aussi détachée que j’avais toujours cru de ce qui concernait sa personne, si elle n’avait pas ce que je croyais lui être le plus étranger, de la coquetterie.	I even went the length of asking myself whether I had not been mistaken in my grandmother, whether I did not esteem her too highly, whether she was as unconcerned as I had always supposed in the adornment of her person, whether she had not indeed the very weakness that I believed most alien to her temperament, namely coquetry.
982	989	0.391	Malheureusement, ce mécontentement que me causaient le projet de séance photographique et surtout la satisfaction que ma grand’mère paraissait en ressentir, je le laissai suffisamment apercevoir pour que Françoise le remarquât et s’empressât involontairement de l’accroître en me tenant un discours sentimental et attendri auquel je ne voulus pas avoir l’air d’adhérer.	"Unfortunately, this displeasure that I derived from the prospect of a photographic ""sitting"", and more particularly from the satisfaction with which my grandmother appeared to be looking forward to it, I made so apparent that Françoise remarked it and did her best, unintentionally, to increase it by making me a sentimental, gushing speech, by which I refused to appear moved."
983	990	0.370	—Oh! monsieur, cette pauvre madame qui sera si heureuse qu’on tire son portrait, et qu’elle va même mettre le chapeau que sa vieille Françoise, elle lui a arrangé, il faut la laisser faire, monsieur.	"""Oh, Master; my poor Madame will be so pleased at having her likeness taken, she is going to wear the hat that her old Françoise has trimmed for her, you must allow her, Master."""
984	991	0.497	Je me convainquis que je n’étais pas cruel de me moquer de la sensibilité de Françoise, en me rappelant que ma mère et ma grand’mère mes modèles en tout, le faisaient souvent aussi.	I acquired the conviction that I was not cruel in laughing at Françoise's sensibility, by reminding myself that my mother and grandmother, my models in all things, often did the same.
985	992	0.451	Mais ma grand’mère s’apercevant que j’avais l’air ennuyé, me dit que si cette séance de pose pouvait me contrarier elle y renoncerait.	But my grandmother, noticing that I seemed cross, said that if this plan of her sitting for her photograph offended me in any way she would give it up.
986	993	0.464	Je ne le voulus pas, je l’assurai que je n’y voyais aucun inconvénient et la laissai se faire belle, mais crus faire preuve de pénétration et de force en lui disant quelques paroles ironiques et blessantes destinées à neutraliser le plaisir qu’elle semblait trouver à être photographiée, de sorte que si je fus contraint de voir le magnifique chapeau de ma grand’mère, je réussis du moins à faire disparaître de son visage cette expression joyeuse qui aurait dû me rendre heureux et qui, comme il arrive trop souvent tant que sont encore en vie les êtres que nous aimons le mieux, nous apparaît comme la manifestation exaspérante d’un travers mesquin plutôt que comme la forme précieuse du bonheur que nous voudrions tant leur procurer.	I would not let her; I assured her that I saw no harm in it, and left her to adorn herself, but, thinking that I shewed my penetration and strength of mind, I added a few stinging words of sarcasm, intended to neutralise the pleasure which she seemed to find in being photographed, so that if I was obliged to see my grandmother's magnificent hat, I succeeded at least in driving from her face that joyful expression which ought to have made me glad; but alas, it too often happens, while the people we love best are still alive, that such expressions appear to us as the exasperating manifestation of some unworthy freak of fancy rather than as the precious form of the happiness which we should dearly like to procure for them.
987	994	0.382	Ma mauvaise humeur venait surtout de ce que cette semaine là ma grand’mère avait paru me fuir et que je n’avais pu l’avoir un instant à moi, pas plus le jour que le soir.	My ill-humour arose more particularly from the fact that, during the last week, my grandmother had appeared to be avoiding me, and I had not been able to have her to myself for a moment, either by night or day.
988	995	0.397	Quand je rentrais dans l’après-midi pour être un peu seul avec elle, on me disait qu’elle n’était pas là; ou bien elle s’enfermait avec Françoise pour de longs conciliabules qu’il ne m’était pas permis de troubler.	When I came back in the afternoon to be alone with her for a little I was told that she was not in the hotel; or else she would shut herself up with Françoise for endless confabulations which I was not permitted to interrupt.
989	996	0.484	Et quand ayant passé la soirée dehors avec Saint-Loup je songeais pendant le trajet du retour au moment où j’allais pouvoir retrouver et embrasser ma grand’mère, j’avais beau attendre qu’elle frappât contre la cloison ces petits coups qui me diraient d’entrer lui dire bonsoir, je n’entendais rien; je finissais par me coucher, lui en voulant un peu de ce qu’elle me privât, avec une indifférence si nouvelle de sa part, d’une joie sur laquelle j’avais tant compté, je restais encore, le cœur palpitant comme dans mon enfance, à écouter le mur qui restait muet et je m’endormais dans les larmes.	And when, after being out all evening with Saint-Loup, I had been thinking on the way home of the moment at which I should be able to go to my grandmother and to kiss her, in vain might I wait for her to knock on the partition between us the three little taps which would tell me to go in and say good night to her; I heard nothing; at length I would go to bed, a little resentful of her for depriving me, with an indifference so new and strange in her, of a joy on which I had so much counted, I would lie still for a while, my heart throbbing as in my childhood, listening to the wall which remained silent, until I cried myself to sleep.
