src	tgt	score	src_text	tgt_text
0	0	0.633	Ce jour-là, comme les précédents, Saint-Loup avait été obligé d’aller à Doncières où en attendant qu’il y rentrât d’une manière définitive, on aurait toujours besoin de lui maintenant jusqu’à la fin de l’après-midi.	That day, as for some days past, Saint-Loup had been obliged to go to Doncières, where, until his leave finally expired, he would be on duty now until late every afternoon.
1	1	0.684	Je regrettais qu’il ne fût pas à Balbec.	I was sorry that he was not at Balbec.
2	2	0.546	J’avais vu descendre de voiture et entrer, les unes dans la salle de danse du Casino, les autres chez le glacier, des jeunes femmes qui, de loin, m’avaient paru ravissantes.	I had seen alight from carriages and pass, some into the ball-room of the Casino, others into the ice-cream shop, young women who at a distance had seemed to me lovely.
3	3	0.386	J’étais dans une de ces périodes de la jeunesse, dépourvues d’un amour particulier, vacantes, où partout — comme un amoureux, la femme dont il est épris — on désire, on cherche, on voit la beauté.	I was passing through one of those periods of our youth, unprovided with any one definite love, vacant, in which at all times and in all places — as a lover the woman by whose charms he is smitten — we desire, we seek, we see Beauty.
4	4	0.554	Qu’un seul trait réel — le peu qu’on distingue d’une femme vue de loin, ou de dos — nous permette de projeter la Beauté devant nous, nous nous figurons l’avoir reconnue, notre cœur bat, nous pressons le pas, et nous resterons toujours à demi persuadés que c’était elle, pourvu que la femme ait disparu: ce n’est que si nous pouvons la rattraper que nous comprenons notre erreur.	Let but a single real feature — the little that one distinguishes of a woman seen from afar or from behind — enable us to project the form of beauty before our eyes, we imagine that we have seen her before, our heart beats, we hasten in pursuit, and will always remain half-persuaded that it was she, provided that the woman has vanished: it is only if we manage to overtake her that we realise our mistake.
5	5	0.610	D’ailleurs, de plus en plus souffrant, j’étais tenté de surfaire les plaisirs les plus simples à cause des difficultés mêmes qu’il y avait pour moi à les atteindre.	Besides, as I grew more and more delicate, I was inclined to overrate the simplest pleasures because of the difficulties that sprang up in the way of my attaining them.
6	6	0.494	Des femmes élégantes, je croyais en apercevoir partout, parce que j’étais trop fatigué si c’était sur la plage, trop timide si c’était au Casino ou dans une pâtisserie, pour les approcher nulle part.	Charming women I seemed to see all round me, because I was too tired, if it was on the beach, too shy if it was in the Casino or at a pastry-cook's, to go anywhere near them.
7	7-8	0.512	Pourtant, si je devais bientôt mourir, j’aurais aimé savoir comment étaient faites de près, en réalité, les plus jolies jeunes filles que la vie pût offrir, quand même c’eût été un autre que moi, ou même personne, qui dût profiter de cette offre (je ne me rendais pas compte, en effet, qu’il y avait un désir de possession à l’origine de ma curiosité).	And yet if I was soon to die I should have liked first to know the appearance at close quarters, in reality of the prettiest girls that life had to offer, even although it should be another than myself or no one at all who was to take advantage of the offer. (I did not, in fact, appreciate the desire for possession that underlay my curiosity.)
8	9	0.586	J’aurais osé entrer dans la salle de bal, si Saint-Loup avait été avec moi.	I should have had the courage to enter the ball-room if Saint-Loup had been with me.
9	10	0.377	Seul, je restai simplement devant le Grand-Hôtel à attendre le moment d’aller retrouver ma grand’mère, quand, presque encore à l’extrémité de la digue où elles faisaient mouvoir une tache singulière, je vis s’avancer cinq ou six fillettes, aussi différentes, par l’aspect et par les façons, de toutes les personnes auxquelles on était accoutumé à Balbec, qu’aurait pu l’être, débarquée on ne sait d’où, une bande de mouettes qui exécute à pas comptés sur la plage — les retardataires rattrapant les autres en voletant — une promenade dont le but semble aussi obscur aux baigneurs qu’elles ne paraissent pas voir, que clairement déterminé pour leur esprit d’oiseaux.	"Left by myself, I was simply hanging about in front of the Grand Hotel until it was time for me to join my grandmother, when, still almost at the far end of the paved ""front"" along which they projected in a discordant spot of colour, I saw coming towards me five or six young girls, as different in appearance and manner from all the people whom one was accustomed to see at Balbec as could have been, landed there none knew whence, a flight of gulls which performed with measured steps upon the sands — the dawdlers using their wings to overtake the rest — a movement the purpose of which seems as obscure to the human bathers, whom they do not appear to see, as it is clearly determined in their own birdish minds."
10	11	0.485	Une de ces inconnues poussait devant elle, de la main, sa bicyclette; deux autres tenaient des «clubs» de golf; et leur accoutrement tranchait sur celui des autres jeunes filles de Balbec, parmi lesquelles quelques-unes il est vrai, se livraient aux sports, mais sans adopter pour cela une tenue spéciale.	One of these strangers was pushing as she came, with one hand, her bicycle; two others carried golf-clubs; and their attire generally was in contrast to that of the other girls at Balbec, some of whom, it was true, went in for games, but without adopting any special outfit.
11	12	0.440	C’était l’heure où dames et messieurs venaient tous les jours faire leur tour de digue, exposés aux feux impitoyables du face-à-main que fixait sur eux, comme s’ils eussent été porteurs de quelque tare qu’elle tenait à inspecter dans ses moindres détails, la femme du premier président, fièrement assise devant le kiosque de musique, au milieu de cette rangée de chaises redoutée où eux-mêmes tout à l’heure, d’acteurs devenus critiques, viendraient s’installer pour juger à leur tour ceux qui défileraient devant eux.	"It was the hour at which ladies and gentlemen came out every day for a turn on the ""front"", exposed to the merciless fire of the long glasses fastened upon them, as if they had each borne some disfigurement which she felt it her duty to inspect in its minutest details, by the chief magistrate's wife, proudly seated there with her back to the band-stand, in the middle of that dread line of chairs on which presently they too, actors turned critics, would come and establish themselves, to scrutinise in their turn those others who would then be filing past them."
12	13	0.348	Tous ces gens qui longeaient la digue en tanguant aussi fort que si elle avait été le pont d’un bateau (car ils ne savaient pas lever une jambe sans du même coup remuer le bras, tourner les yeux, remettre d’aplomb leurs épaules, compenser par un mouvement balancé du côté opposé le mouvement qu’ils venaient de faire de l’autre côté, et congestionner leur face), et qui, faisant semblant de ne pas voir pour faire croire qu’ils ne se souciaient pas d’elles, mais regardant à la dérobée pour ne pas risquer de les heurter, les personnes qui marchaient à leurs côtés ou venaient en sens inverse, butaient au contraire contre elles, s’accrochaient à elles, parce qu’ils avaient été réciproquement de leur part l’objet de la même attention secrète, cachée sous le même dédain apparent; l’amour — par conséquent la crainte — de la foule étant un des plus puissants mobiles chez tous les hommes, soit qu’ils cherchent à plaire aux autres ou à les étonner, soit à leur montrer qu’ils les méprisent.	"All these people who paced up and down the ""front"", tacking as violently as if it had been the deck of a ship (for they could not lift a leg without at the same time waving their arms, turning their heads and eyes, settling their shoulders, compensating by a balancing movement on one side for the movement they had just made on the other, and puffing out their faces), and who, pretending not to see so as to let it be thought that they were not interested, but covertly watching, for fear of running against the people who were walking beside or coming towards them, did, in fact, butt into them, became entangled with them, because each was mutually the object of the same secret attention veiled beneath the same apparent disdain; their love — and consequently their fear — of the crowd being one of the most powerful motives in all men, whether they seek to please other people or to astonish them, or to shew them that they despise them."
13	14	0.284	Chez le solitaire, la claustration même absolue et durant jusqu’à la fin de la vie, a souvent pour principe un amour déréglé de la foule qui l’emporte tellement sur tout autre sentiment, que, ne pouvant obtenir quand il sort l’admiration de la concierge, des passants, du cocher arrêté, il préfère n’être jamais vu d’eux, et pour cela renoncer à toute activité qui rendrait nécessaire de sortir.	In the case of the solitary, his seclusion, even when it is absolute and ends only with life itself, has often as its primary cause a disordered love of the crowd, which so far overrules every other feeling that, not being able to win, when he goes out, the admiration of his hall porter, of the passers-by, of the cabman whom he hails, he prefers not to be seen by them at all, and with that object abandons every activity that would oblige him to go out of doors.
14	15	0.458	Au milieu de tous ces gens dont quelques-uns poursuivaient une pensée, mais en trahissaient alors la mobilité par une saccade de gestes, une divagation de regards, aussi peu harmonieuses que la circonspecte titubation de leurs voisins, les fillettes que j’avais aperçues, avec la maîtrise de gestes que donne un parfait assouplissement de son propre corps et un mépris sincère du reste de l’humanité, venaient droit devant elles, sans hésitation ni raideur, exécutant exactement les mouvements qu’elles voulaient, dans une pleine indépendance de chacun de leurs membres par rapport aux autres, la plus grande partie de leur corps gardant cette immobilité si remarquable chez les bonnes valseuses.	Among all these people, some of whom were pursuing a train of thought, but if so betrayed its instability by spasmodic gestures, a roving gaze as little in keeping as the circumspect titubation of their neighbours, the girls whom I had noticed, with that mastery over their limbs which comes from perfect bodily condition and a sincere contempt for the rest of humanity, were advancing straight ahead, without hesitation or stiffness, performing exactly the movements that they wished to perform, each of their members in full independence of all the rest, the greater part of their bodies preserving that immobility which is so noticeable in a good waltzer.
15	16	0.300	Elles n’étaient plus loin de moi.	They were now quite near me.
16	17	0.371	Quoique chacune fût d’un type absolument différent des autres, elles avaient toutes de la beauté; mais, à vrai dire, je les voyais depuis si peu d’instants et sans oser les regarder fixement que je n’avais encore individualisé aucune d’elles.	Although each was a type absolutely different from the others, they all had beauty; but to tell the truth I had seen them for so short a time, and without venturing to look them straight in the face, that I had not yet individualised any of them.
17	18	0.361	Sauf une, que son nez droit, sa peau brune mettait en contraste au milieu des autres comme dans quelque tableau de la Renaissance, un roi Mage de type arabe, elles ne m’étaient connues, l’une que par une paire d’yeux durs, butés et rieurs; une autre que par des joues où le rose avait cette teinte cuivrée qui évoque l’idée de géranium; et même ces traits je n’avais encore indissolublement attaché aucun d’entre eux à l’une des jeunes filles plutôt qu’à l’autre; et quand (selon l’ordre dans lequel se déroulait cet ensemble merveilleux parce qu’y voisinaient les aspects les plus différents, que toutes les gammes de couleurs y étaient rapprochées, mais qui était confus comme une musique où je n’aurais pas su isoler et reconnaître au moment de leur passage les phrases, distinguées mais oubliées aussitôt après), je voyais émerger un ovale blanc, des yeux noirs, des yeux verts, je ne savais pas si c’était les mêmes qui m’avaient déjà apporté du charme tout à l’heure, je ne pouvais pas les rapporter à telle jeune fille que j’eusse séparée des autres et reconnue.	Save one, whom her straight nose, her dark complexion pointed in contrast among the rest, like (in a renaissance picture of the Epiphany) a king of Arab cast, they were known to me only, one by a pair of eyes hard, set and mocking; another by cheeks in which the pink had that coppery tint which makes one think of geraniums; and even of these points I had not yet indissolubly attached any one to one of these girls rather than to another; and when (according to the order in which their series met the eye, marvellous because the most different aspects came next one another, because all scales of colours were combined in it, but confused as a piece of music in which I should not have been able to isolate and identify at the moment of their passage the successive phrases, no sooner distinguished than forgotten) I saw emerge a pallid oval, black eyes, green eyes, I knew not if these were the same that had already charmed me a moment ago, I could not bring them home to any one girl whom I might thereby have set apart from the rest and so identified.
18	19	0.365	Et cette absence, dans ma vision, des démarcations que j’établirais bientôt entre elles, propageait à travers leur groupe un flottement harmonieux, la translation continue d’une beauté fluide, collective et mobile.	And this want, in my vision, of the demarcations which I should presently establish between them sent flooding over the group a wave of harmony, the continuous transfusion of a beauty fluid, collective and mobile.
19	20	0.326	Ce n’était peut-être pas, dans la vie, le hasard seul qui, pour réunir ces amies les avait toutes choisies si belles; peut-être ces filles (dont l’attitude suffisait à révéler la nature hardie, frivole et dure), extrêmement sensibles à tout ridicule et à toute laideur, incapables de subir un attrait d’ordre intellectuel ou moral, s’étaient-elles naturellement trouvées, parmi les camarades de leur âge, éprouver de la répulsion pour toutes celles chez qui des dispositions pensives ou sensibles se trahissaient par de la timidité, de la gêne, de la gaucherie, par ce qu’elles devaient appeler «un genre antipathique», et les avaient-elles tenues à l’écart; tandis qu’elles s’étaient liées au contraire avec d’autres vers qui les attiraient un certain mélange de grâce, de souplesse et d’élégance physique, seule forme sous laquelle elles pussent se représenter la franchise d’un caractère séduisant et la promesse de bonnes heures à passer ensemble.	"It was not perhaps, in this life of ours, mere chance that had, in forming this group of friends, chosen them all of such beauty; perhaps these girls (whose attitude was enough to reveal their nature, bold, frivolous and hard), extremely sensitive to everything that was ludicrous or ugly, incapable of yielding to an intellectual or moral attraction, had naturally felt themselves, among companions of their own age, repelled by all those in whom a pensive or sensitive disposition was betrayed by shyness, awkwardness, constraint, by what, they would say, ""didn't appeal"" to them, and from such had held aloof; while they attached themselves, on the other hand, to others to whom they were drawn by a certain blend of grace, suppleness, and physical neatness, the only form in which they were able to picture the frankness of a seductive character and the promise of pleasant hours in one another's company."
20	21	0.344	Peut-être aussi la classe à laquelle elles appartenaient et que je n’aurais pu préciser, était-elle à ce point de son évolution où, soit grâce à l’enrichissement et au loisir, soit grâce aux habitudes nouvelles de sport, répandues même dans certains milieux populaires, et d’une culture physique à laquelle ne s’est pas encore ajoutée celle de l’intelligence, un milieu social pareil aux écoles de sculpture harmonieuses et fécondes qui ne recherchent pas encore l’expression tourmentée, produit naturellement, et en abondance, de beaux corps aux belles jambes, aux belles hanches, aux visages sains et reposés, avec un air d’agilité et de ruse.	Perhaps, too, the class to which they belonged, a class which I should not have found it easy to define, was at that point in its evolution at which, whether thanks to its growing wealth and leisure, or thanks to new athletic habits, extended now even to certain plebeian elements, and a habit of physical culture to which had not yet been added the culture of the mind, a social atmosphere, comparable to that of smooth and prolific schools of sculpture, which have not yet gone in for tortured expressions, produces naturally and in abundance fine bodies with fine legs, fine hips, wholesome and reposeful faces, with an air of agility and guile.
21	22	0.466	Et n’étaient-ce pas de nobles et calmes modèles de beauté humaine que je voyais là, devant la mer, comme des statues exposées au soleil sur un rivage de la Grèce?	And were they not noble and calm models of human beauty that I beheld there, outlined against the sea, like statues exposed to the sunlight upon a Grecian shore?
22	23	0.348	Telles que si, du sein de leur bande qui progressait le long de la digue comme une lumineuse comète, elles eussent jugé que la foule environnante était composée d’êtres d’une autre race et dont la souffrance même n’eût pu éveiller en elles un sentiment de solidarité, elles ne paraissaient pas la voir, forçaient les personnes arrêtées à s’écarter ainsi que sur le passage d’une machine qui eût été lâchée et dont il ne fallait pas attendre qu’elle évitât les piétons, et se contentaient tout au plus, si quelque vieux monsieur dont elles n’admettaient pas l’existence et dont elles repoussaient le contact s’était enfui avec des mouvements craintifs ou furieux, précipités ou risibles, de se regarder entre elles en riant.	"Just as if, in the heart of their band, which progressed along the ""front"" like a luminous comet, they had decided that the surrounding crowd was composed of creatures of another race whose sufferings even could not awaken in them any sense of fellowship, they appeared not to see them, forced those who had stopped to talk to step aside, as though from the path of a machine that had been set going by itself, so that it was no good waiting for it to get out of their way, their utmost sign of consciousness being when, if some old gentleman of whom they did not admit the existence and thrust from them the contact, had fled with a frightened or furious, but a headlong or ludicrous motion, they looked at one another and smiled."
23	24	0.505	Elles n’avaient à l’égard de ce qui n’était pas de leur groupe aucune affectation de mépris, leur mépris sincère suffisait.	They had, for whatever did not form part of their group, no affectation of contempt; their genuine contempt was sufficient.
24	25	0.595	Mais elles ne pouvaient voir un obstacle sans s’amuser à le franchir en prenant leur élan ou à pieds joints, parce qu’elles étaient toutes remplies, exubérantes, de cette jeunesse qu’on a si grand besoin de dépenser même quand on est triste ou souffrant, obéissant plus aux nécessités de l’âge qu’à l’humeur de la journée, on ne laisse jamais passer une occasion de saut ou de glissade sans s’y livrer consciencieusement, interrompant, semant sa marche lente — comme Chopin la phrase la plus mélancolique — de gracieux détours où le caprice se mêle à la virtuosité.	But they could not set eyes on an obstacle without amusing themselves by crossing it, either in a running jump or with both feet together, because they were all filled to the brim, exuberant with that youth which we need so urgently to spend that even when we are unhappy or unwell, obedient rather to the necessities of our age than to the mood of the day, we can never pass anything that can be jumped over or slid down without indulging ourselves conscientiously, interrupting, interspersing our slow progress — as Chopin his most melancholy phrase — with graceful deviations in which caprice is blended with virtuosity.
25	26	0.470	La femme d’un vieux banquier, après avoir hésité pour son mari entre diverses expositions, l’avait assis, sur un pliant, face à la digue, abrité du vent et du soleil par le kiosque des musiciens.	"The wife of an elderly banker, after hesitating between various possible exposures for her husband, had settled him on a folding chair, facing the ""front"", sheltered from wind and sun by the band-stand."
26	27	0.447	Le voyant bien installé, elle venait de le quitter pour aller lui acheter un journal qu’elle lui lirait et qui le distrairait, petites absences pendant lesquelles elle le laissait seul et qu’elle ne prolongeait jamais au delà de cinq minutes, ce qui lui semblait bien long, mais qu’elle renouvelait assez fréquemment pour que le vieil époux à qui elle prodiguait à la fois et dissimulait ses soins eût l’impression qu’il était encore en état de vivre comme tout le monde et n’avait nul besoin de protection.	Having seen him comfortably installed there, she had gone to buy a newspaper which she would read aloud to him, to distract him, one of her little absences which she never prolonged for more than five minutes, which seemed long enough to him but which she repeated at frequent intervals so that this old husband on whom she lavished an attention that she took care to conceal, should have the impression that he was still quite alive and like other people and was in no need of protection.
27	28	0.465	La tribune des musiciens formait au-dessus de lui un tremplin naturel et tentant sur lequel sans une hésitation l’aînée de la petite bande se mit à courir: elle sauta par-dessus le vieillard épouvanté, dont la casquette marine fut effleurée par les pieds agiles, au grand amusement des autres jeunes filles, surtout de deux yeux verts dans une figure poupine qui exprimèrent pour cet acte une admiration et une gaieté où je crus discerner un peu de timidité, d’une timidité honteuse et fanfaronne, qui n’existait pas chez les autres.	"The platform of the band-stand provided, above his head, a natural and tempting springboard, across which, without a moment's hesitation, the eldest of the little band began to run; she jumped over the terrified old man, whose yachting cap was brushed by the nimble feet, to the great delight of the other girls, especially of a pair of green eyes in a ""dashing"" face, which expressed, for that bold act, an admiration and a merriment in which I seemed to discern a trace of timidity, a shamefaced and blustering timidity which did not exist in the others."
28	29	0.441	«C’pauvre vieux, y m’fait d’la peine, il a l’air à moitié crevé», dit l’une de ces filles d’une voix rogommeuse et avec un accent à demi-ironique.	"""Oh, the poor old man; he makes me sick; he looks half dead;"" said a girl with a croaking voice, but with more sarcasm than sympathy."
29	30	0.621	Elles firent quelques pas encore, puis s’arrêtèrent un moment au milieu du chemin sans s’occuper d’arrêter la circulation des passants, en un conciliabule, un agrégat de forme irrégulière, compact, insolite et piaillant, comme des oiseaux qui s’assemblent au moment de s’envoler; puis elles reprirent leur lente promenade le long de la digue, au-dessus de la mer.	"They walked on a little way, then stopped for a moment in the middle of the road, with no thought whether they were impeding the passage of other people, and held a council, a solid body of irregular shape, compact, unusual and shrill, like birds that gather on the ground at the moment of flight; then they resumed their leisurely stroll along the ""front"", against a background of sea."
30	31	0.517	Maintenant, leurs traits charmants n’étaient plus indistincts et mêlés.	By this time their charming features had ceased to be indistinct and impersonal.
31	32	0.614	Je les avais répartis et agglomérés (à défaut du nom de chacune, que j’ignorais) autour de la grande qui avait sauté par dessus le vieux banquier; de la petite qui détachait sur l’horizon de la mer ses joues bouffies et roses, ses yeux verts; de celle au teint bruni, au nez droit, qui tranchait au milieu des autres; d’une autre, au visage blanc comme un œuf dans lequel un petit nez faisait un arc de cercle comme un bec de poussin, visage comme en ont certains très jeunes gens; d’une autre encore, grande, couverte d’une pèlerine (qui lui donnait un aspect si pauvre et démentait tellement sa tournure élégante que l’explication qui se présentait à l’esprit était que cette jeune fille devait avoir des parents assez brillants et plaçant leur amour-propre assez au-dessus des baigneurs de Balbec et de l’élégance vestimentaire de leurs propres enfants pour qu’il leur fût absolument égal de la laisser se promener sur la digue dans une tenue que de petites gens eussent jugée trop modeste); d’une fille aux yeux brillants, rieurs, aux grosses joues mates, sous un «polo» noir, enfoncé sur sa tête, qui poussait une bicyclette avec un dandinement de hanches si dégingandé, en employant des termes d’argot si voyous et criés si fort, quand je passai auprès d’elle (parmi lesquels je distinguai cependant la phrase fâcheuse de «vivre sa vie») qu’abandonnant l’hypothèse que la pèlerine de sa camarade m’avait fait échafauder, je conclus plutôt que toutes ces filles appartenaient à la population qui fréquente les vélodromes, et devaient être les très jeunes maîtresses de coureurs cyclistes.	"I had dealt them like cards into so many heaps to compose (failing their names, of which I was still ignorant) the big one who had jumped over the old banker; the little one who stood out against the horizon of sea with her plump and rosy cheeks, her green eyes; the one with the straight nose and dark complexion, in such contrast to all the rest, another, with a white face like an egg on which a tiny nose described an arc of a circle like a chicken's beak; yet another, wearing a hooded cape (which gave her so poverty-stricken an appearance, and so contradicted the smartness of the figure beneath that the explanation which suggested itself was that this girl must have parents of high position who valued their self-esteem so far above the visitors to Balbec and the sartorial elegance of their own children that it was a matter of the utmost indifference to them that their daughter should stroll on the ""front"" dressed in a way which humbler people would have considered too modest); a girl with brilliant, laughing eyes and plump, colourless cheeks, a black polo-cap pulled down over her face, who was pushing a bicycle with so exaggerated a movement of her hips, with an air borne out by her language, which was so typically of the gutter and was being shouted so loud, when I passed her (although among her expressions I caught that irritating ""live my own life"") that, abandoning the hypothesis which her friend's hooded cape had made me construct, I concluded instead that all these girls belonged to the population which frequents the racing-cracks, and must be the very juvenile mistresses of professional bicyclists."
32	33	0.512	En tous cas, dans aucune de mes suppositions, ne figurait celle qu’elles eussent pu être vertueuses.	In any event, in none of my suppositions was there any possibility of their being virtuous.
33	34	0.516	A première vue — dans la manière dont elles se regardaient en riant, dans le regard insistant de celle aux joues mates — j’avais compris qu’elles ne l’étaient pas.	At first sight — in the way in which they looked at one another and smiled, in the insistent stare of the one with the dull cheeks — I had grasped that they were not.
34	35	0.452	D’ailleurs, ma grand-mère avait toujours veillé sur moi avec une délicatesse trop timorée pour que je ne crusse pas que l’ensemble des choses qu’on ne doit pas faire est indivisible et que des jeunes filles qui manquent de respect à la vieillesse, fussent tout d’un coup arrêtées par des scrupules quand il s’agit de plaisirs plus tentateurs que de sauter par dessus un octogénaire.	Besides, my grandmother had always watched over me with a delicacy too timorous for me not to believe that the sum total of the things one ought not to do was indivisible or that girls who were lacking in respect for their elders would suddenly be stopped short by scruples when there were pleasures at stake more tempting than that of jumping over an octogenarian.
35	36	0.341	Individualisées maintenant, pourtant la réplique que se donnaient les uns aux autres leurs regards animés de suffisance et d’esprit de camaraderie, et dans lesquels se rallumaient d’instant en instant tantôt l’intérêt, tantôt l’insolente indifférence dont brillait chacune, selon qu’il s’agissait de l’une de ses amies ou des passants, cette conscience aussi de se connaître entre elles assez intimement pour se promener toujours ensemble, en faisant «bande à part», mettaient entre leurs corps indépendants et séparés, tandis qu’ils s’avançaient lentement, une liaison invisible, mais harmonieuse comme une même ombre chaude, une même atmosphère, faisant d’eux un tout aussi homogène en ses parties qu’il était différent de la foule au milieu de laquelle se déroulait lentement leur cortège.	Though they were now separately identifiable, still the mutual response which they gave one another with eyes animated my self-sufficiency and the spirit of comradeship, in which were kindled at every moment now the interest now the insolent indifference with which each of them sparkled according as her glance fell on one of her friends or on passing strangers, that consciousness, moreover, of knowing one another intimately enough always to go about together, by making them a 'band apart' established between their independent and separate bodies, as slowly they advanced, a bond invisible but harmonious, like a single warm shadow, a single atmosphere making of them a whole as homogeneous in its parts as it was different from the crowd through which their procession gradually wound.
36	37	0.453	Un instant, tandis que je passais à côté de la brune aux grosses joues qui poussait une bicyclette, je croisai ses regards obliques et rieurs, dirigés du fond de ce monde inhumain qui enfermait la vie de cette petite tribu, inaccessible inconnu où l’idée de ce que j’étais ne pouvait certainement ni parvenir ni trouver place.	For an instant, as I passed the dark one with the fat cheeks who was wheeling a bicycle, I caught her smiling, sidelong glance, aimed from the centre of that inhuman world which enclosed the life of this little tribe, an inaccessible, unknown world to which the idea of what I was could certainly never attain nor find a place in it.
37	38	0.478	Toute occupée à ce que disaient ses camarades, cette jeune fille coiffée d’un polo qui descendait très bas sur son front m’avait-elle vu au moment où le rayon noir émané de ses yeux m’avait rencontré.	Wholly occupied with what her companions were saying, this young girl in her polo-cap, pulled down very low over her brow, had she seen me at the moment in which the dark ray emanating from her eyes had fallen on me?
38	-@39	-0.100	Si elle m’avait vu, qu’avais-je pu lui représenter?	
39	39	0.452	Du sein de quel univers me distinguait-elle?	In the heart of what universe did she distinguish me?
40	40	0.501	Il m’eût été aussi difficile de le dire que, lorsque certaines particularités nous apparaissent grâce au télescope, dans un astre voisin, il est malaisé de conclure d’elles que des humains y habitent, qu’ils nous voient, et quelles idées cette vue a pu éveiller en eux.	It would have been as hard for me to say as, when certain peculiarities are made visible, thanks to the telescope, in a neighbouring planet, it is difficult to arrive at the conclusion that human beings inhabit it, that they can see us, or to say what ideas the sight of us can have aroused in their minds.
41	41	0.482	Si nous pensions que les yeux d’une telle fille ne sont qu’une brillante rondelle de mica, nous ne serions pas avides de connaître et d’unir à nous sa vie.	If we thought that the eyes of a girl like that were merely two glittering sequins of mica, we should not be athirst to know her and to unite her life to ours.
42	42	0.452	Mais nous sentons que ce qui luit dans ce disque réfléchissant n’est pas dû uniquement à sa composition matérielle; que ce sont, inconnues de nous, les noires ombres des idées que cet être se fait, relativement aux gens et aux lieux qu’il connaît — pelouses des hippodromes, sable des chemins où, pédalant à travers champs et bois, m’eût entraîné cette petite péri, plus séduisante pour moi que celle du paradis persan, — les ombres aussi de la maison où elle va rentrer, des projets qu’elle forme ou qu’on a formés pour elle; et surtout que c’est elle, avec ses désirs, ses sympathies, ses répulsions, son obscure et incessante volonté.	But we feel that what shines in those reflecting discs is not due solely to their material composition; that it is, unknown to us, the dark shadows of the ideas that the creature is conceiving, relative to the people and places that she knows — the turf of racecourses, the sand of cycling tracks over which, pedalling on past fields and woods, she would have drawn me after her, that little peri, more seductive to me than she of the Persian paradise — the shadows, too, of the home to which she will presently return, of the plans that she is forming or that others have formed for her; and above all that it is she, with her desires, her sympathies, her revulsions, her obscure and incessant will.
43	43	0.539	Je savais que je ne posséderais pas cette jeune cycliste si je ne possédais aussi ce qu’il y avait dans ses yeux.	I knew that I should never possess this young cyclist if I did not possess also what there was in her eyes.
44	44	0.538	Et c’était par conséquent toute sa vie qui m’inspirait du désir; désir douloureux, parce que je le sentais irréalisable, mais enivrant, parce que ce qui avait été jusque-là ma vie ayant brusquement cessé d’être ma vie totale, n’étant plus qu’une petite partie de l’espace étendu devant moi que je brûlais de couvrir, et qui était fait de la vie de ces jeunes filles, m’offrait ce prolongement, cette multiplication possible de soi-même, qui est le bonheur.	And it was consequently her whole life that filled me with desire; a sorrowful desire because I felt that it was not to be realised, but exhilarating, because what had hitherto been my life, having ceased of a sudden to be my whole life, being no more now than a little part of the space stretching out before me, which I was burning to cover and which was composed of the lives of these girls, offered me that prolongation, that possible multiplication of oneself which is happiness.
45	45	0.359	Et, sans doute, qu’il n’y eût entre nous aucune habitude — comme aucune idée — communes, devait me rendre plus difficile de me lier avec elles et de leur plaire.	And no doubt the fact that we had, these girls and I, not one habit — as we had not one idea — in common, was to make it more difficult for me to make friends with them and to please them.
46	46	0.462	Mais peut-être aussi c’était grâce à ces différences, à la conscience qu’il n’entrait pas dans la composition de la nature et des actions de ces filles, un seul élément que je connusse ou possédasse, que venait en moi de succéder à la satiété, la soif — pareille à celle dont brûle une terre altérée — d’une vie que mon âme, parce qu’elle n’en avait jamais reçu jusqu’ici une seule goutte, absorberait d’autant plus avidement, à longs traits, dans une plus parfaite imbibition.	But perhaps, also, it was thanks to those differences, to my consciousness that there did not enter into the composition of the nature and actions of these girls a single element that I knew or possessed, that there came in place of my satiety a thirst — like that with which a dry land burns — for a life which my soul, because it had never until now received one drop of it, would absorb all the more greedily in long draughts, with a more perfect imbibition.
47	47	0.381	J’avais tant regardé cette cycliste aux yeux brillants qu’elle parut s’en apercevoir et dit à la plus grande un mot que je n’entendis pas mais qui fit rire celle-ci.	I had looked so closely at the dark cyclist with the bright eyes that she seemed to notice my attention, and said to the biggest of the girls something that I could not hear.
48	48	0.404	A vrai dire, cette brune n’était pas celle qui me plaisait le plus, justement parce qu’elle était brune, et que (depuis le jour où dans le petit raidillon de Tansonville, j’avais vu Gilberte), une jeune fille rousse à la peau dorée était restée pour moi l’idéal inaccessible.	To be honest, this dark one was not the one that pleased me most, simply because she was dark and because (since the day on which, from the little path by Tansonville, I had seen Gilberte) a girl with reddish hair and a golden skin had remained for me the inaccessible ideal.
49	49	0.328	Mais Gilberte elle-même ne l’avais-je pas aimée surtout parce qu’elle m’était apparue nimbée par cette auréole d’être l’amie de Bergotte, d’aller visiter avec lui les cathédrales.	But Gilberte herself, had I not loved her principally because she had appeared to me haloed with that aureole of being the friend of Bergotte, of going with him to look at old cathedrals?
50	50	0.401	Et de la même façon ne pouvais-je me réjouir d’avoir vu cette brune me regarder (ce qui me faisait espérer qu’il me serait plus facile d’entrer en relations avec elle d’abord), car elle me présenterait aux autres, à l’impitoyable qui avait sauté par-dessus le vieillard, à la cruelle qui avait dit: «Il me fait de la peine, ce pauvre vieux»; à toutes successivement, desquelles elle avait d’ailleurs le prestige d’être l’inséparable compagne.	"And in the same way could I not rejoice at having seen this dark girl look at me (which made me hope that it would be easier for me to get to know her first), for she would introduce me to the others, to the pitiless one who had jumped over the old man's head, to the cruel one who had said ""He makes me sick, poor old man!"" to all of them in turn, among whom, moreover, she had the distinction of being their inseparable companion?"
51	51	0.282	Et cependant, la supposition que je pourrais un jour être l’ami de telle ou telle de ces jeunes filles, que ces yeux dont les regards inconnus me frappaient parfois en jouant sur moi sans le savoir comme un effet de soleil sur un mur, pourraient jamais par une alchimie miraculeuse laisser transpénétrer entre leurs parcelles ineffables l’idée de mon existence, quelque amitié pour ma personne, que moi-même je pourrais un jour prendre place entre elles, dans la théorie qu’elles déroulaient le long de la mer — cette supposition me paraissait enfermer en elle une contradiction aussi insoluble que si, devant quelque frise attique ou quelque fresque figurant un cortège, j’avais cru possible, moi spectateur, de prendre place, aimé d’elles, entre les divines processionnaires.	And yet the supposition that I might some day be the friend of one or other of these girls, that their eyes, whose incomprehensible gaze struck me now and again, playing upon me unawares, like the play of sunlight upon a wall, might ever, by a miraculous alchemy, allow to interpenetrate among their ineffable particles the idea of my existence, some affection for my person, that I myself might some day take my place among them in the evolution of their course by the sea's edge — that supposition appeared to me to contain within it a contradiction as insoluble as if, standing before some classical frieze or a fresco representing a procession, I had believed it possible for me, the spectator, to take my place, beloved of them, among the god-like hierophants.
52	52	0.509	Le bonheur de connaître ces jeunes filles était-il donc irréalisable?	The happiness of knowing these girls was, then, not to be realised.
53	53	0.580	Certes ce n’eût pas été le premier de ce genre auquel j’eusse renoncé.	Certainly it would not have been the first of its kind that I had renounced.
54	54	0.482	Je n’avais qu’à me rappeler tant d’inconnues que, même à Balbec, la voiture s’éloignant à toute vitesse m’avait fait à jamais abandonner.	I had only to recall the numberless strangers whom, even at Balbec, the carriage bowling away from them at full speed had forced me for ever to abandon.
55	55	0.492	Et même le plaisir que me donnait la petite bande, noble comme si elle était composée de vierges helléniques, venait de ce qu’elle avait quelque chose de la fuite des passantes sur la route.	And indeed the pleasure that was given me by the little band, as noble as if it had been composed of Hellenic virgins, came from some suggestion that there was in it of the flight of passing figures along a road.
56	56	0.462	Cette fugacité des êtres qui ne sont pas connus de nous, qui nous forcent à démarrer de la vie habituelle où les femmes que nous fréquentons finissent par dévoiler leurs tares, nous met dans cet état de poursuite où rien n’arrête plus l’imagination.	This fleetingness of persons who are not known to us, who force us to put out from the harbour of life, in which the women whose society we frequent have all, in course of time, laid bare their blemishes, urges us into that state of pursuit in which there is no longer anything to arrest the imagination.
57	57	0.384	Or dépouiller d’elle nos plaisirs, c’est les réduire à eux-mêmes, à rien.	But to strip our pleasures of imagination is to reduce them to their own dimensions, that is to say to nothing.
58	58	0.446	Offertes chez une de ces entremetteuses que, par ailleurs, on a vu que je ne méprisais pas, retirées de l’élément qui leur donnait tant de nuances et de vague, ces jeunes filles m’eussent moins enchanté.	Offered me by one of those procuresses (whose good offices, all the same, the reader has seen that I by no means scorned), withdrawn from the element which gave them so many fine shades and such vagueness, these girls would have enchanted me less.
59	59	0.522	Il faut que l’imagination, éveillée par l’incertitude de pouvoir atteindre son objet, crée un but qui nous cache l’autre, et en substituant au plaisir sensuel l’idée de pénétrer dans une vie, nous empêche de reconnaître ce plaisir, d’éprouver son goût véritable, de le restreindre à sa portée.	We must have imagination, awakened by the uncertainty of being able to attain our object, to create a goal which hides our other goal from us, and by substituting for sensual pleasures the idea of penetrating into a life prevents us from recognising that pleasure, from tasting its true savour, from restricting it to its own range.
60	60	0.584	Il faut qu’entre nous et le poisson qui si nous le voyions pour la première fois servi sur une table ne paraîtrait pas valoir les mille ruses et détours nécessaires pour nous emparer de lui, s’interpose, pendant les après-midi de pêche, le remous à la surface duquel viennent affleurer, sans que nous sachions bien ce que nous voulons en faire, le poli d’une chair, l’indécision d’une forme, dans la fluidité d’un transparent et mobile azur.	There must be, between us and the fish which, if we saw it for the first time cooked and served on a table, would not appear worth the endless trouble, craft and stratagem that are necessary if we are to catch it, interposed, during our afternoons with the rod, the ripple to whose surface come wavering, without our quite knowing what we intend to do with them, the burnished gleam of flesh, the indefiniteness of a form, in the fluidity of a transparent and flowing azure.
61	61	0.561	Ces jeunes filles bénéficiaient aussi de ce changement des proportions sociales caractéristiques de la vie des bains de mer.	These girls benefited also by that alteration of social values characteristic of seaside life.
62	62	0.501	Tous les avantages qui dans notre milieu habituel nous prolongent, nous agrandissent, se trouvent là devenus invisibles, en fait supprimés; en revanche les êtres à qui on suppose indûment de tels avantages, ne s’avancent qu’amplifiés d’une étendue postiche.	All the advantages which, in our ordinary environment, extend and magnify our importance, we there find to have become invisible, in fact to be eliminated; while on the other hand the people whom we suppose, without reason, to enjoy similar advantages appear to us amplified to artificial dimensions.
63	63	0.418	Elle rendait plus aisé que des inconnues, et ce jour-là ces jeunes filles, prissent à mes yeux une importance énorme, et impossible de leur faire connaître celle que je pouvais avoir.	This made it easy for strange women generally, and to-day for these girls in particular, to acquire an enormous importance in my eyes, and impossible to make them aware of such importance as I might myself possess.
64	64	0.403	Mais si la promenade de la petite bande avait pour elle de n’être qu’un extrait de la fuite innombrable de passantes, laquelle m’avait toujours troublé, cette fuite était ici ramenée à un mouvement tellement lent qu’il se rapprochait de l’immobilité.	But if there was this to be said for the excursion of the little band, that it was but an excerpt from the innumerable flight of passing women, which had always disturbed me, their flight was here reduced to a movement so slow as to approach immobility.
65	65	0.507	Or, précisément, que dans une phase aussi peu rapide, les visages non plus emportés dans un tourbillon, mais calmes et distincts, me parussent encore beaux, cela m’empêchait de croire, comme je l’avais fait si souvent quand m’emportait la voiture de Mme de Villeparisis, que, de plus près, si je me fusse arrêté un instant, tels détails, une peau grêlée, un défaut dans les ailes du nez, un regard benêt, la grimace du sourire, une vilaine taille, eussent remplacé dans le visage et dans le corps de la femme ceux que j’avais sans doute imaginés; car il avait suffi d’une jolie ligne de corps, d’un teint frais entrevu, pour que de très bonne foi j’y eusse ajouté quelque ravissante épaule, quelque regard délicieux dont je portais toujours en moi le souvenir ou l’idée préconçue, ces déchiffrages rapides d’un être qu’on voit à la volée nous exposant ainsi aux mêmes erreurs que ces lectures trop rapides où, sur une seule syllabe et sans prendre le temps d’identifier les autres, on met à la place du mot qui est écrit, un tout différent que nous fournit notre mémoire.	Now, precisely because, in a phase so far from rapid, faces, no longer swept past me in a whirlwind, but calm and distinct, still appeared beautiful, I was prevented from thinking as I had so often thought when Mme. de Villeparisis's carriage bore me away that, at closer quarters, if I had stopped for a moment, certain details, a pitted skin, drooping nostrils, a silly gape, a grimace of a smile, an ugly figure might have been substituted, in the face and body of the woman, for those that I had doubtless imagined; for there had sufficed a pretty outline, a glimpse of a fresh complexion, for me to add, in entire good faith, a fascinating shoulder, a delicious glance of which I carried in my mind for ever a memory or a preconceived idea, these rapid decipherings of a person whom we see in motion exposing us thus to the same errors as those too rapid readings in which, on a single syllable and without waiting to identify the rest, we base instead of the word that is in the text a wholly different word with which our memory supplies us.
66	66	0.447	Il ne pouvait en être ainsi maintenant.	It could not be so with me now.
67	67	0.455	J’avais bien regardé leurs visages; chacun d’eux je l’avais vu, non pas dans tous ses profils, et rarement de face, mais tout de même selon deux ou trois aspects assez différents pour que je pusse faire soit la rectification, soit la vérification et la «preuve» des différentes suppositions de lignes et de couleurs que hasarde la première vue, et pour voir subsister en eux, à travers les expressions successives, quelque chose d’inaltérablement matériel.	"I had looked well at them all; each of them I had seen, not from every angle and rarely in full face, but all the same in two or three aspects different enough to enable me to make either the correction or the verification, to take a ""proof"" of the different possibilities of line and colour that are hazarded at first sight, and to see persist in them, through a series of expressions, something unalterably material."
68	68	0.378	Aussi, je pouvais me dire avec certitude que, ni à Paris, ni à Balbec, dans les hypothèses les plus favorables de ce qu’auraient pu être, même si j’avais pu rester à causer avec elles, les passantes qui avaient arrêté mes yeux, il n’y en avait jamais eu dont l’apparition, puis la disparition sans que je les eusse connues, m’eussent laissé plus de regrets que ne feraient celles-ci, m’eussent donné l’idée que leur amitié pût être une telle ivresse.	I could say to myself with conviction that neither in Paris nor at Balbec, in the most favourable hypotheses of what might have happened, even if I had been able to stop and talk to them, the passing women who had caught my eye, had there ever been one whose appearance, followed by her disappearance without my having managed to know her, had left me with more regret than would these, had given me the idea that her friendship might be a thing so intoxicating.
69	69	0.359	Ni parmi les actrices, ou les paysannes, ou les demoiselles du pensionnat religieux, je n’avais rien vu d’aussi beau, imprégné d’autant d’inconnu, aussi inestimablement précieux, aussi vraisemblablement inaccessible.	Never, among actresses nor among peasants nor among girls from a convent school had I beheld anything so beautiful, impregnated with so much that was unknown, so inestimably precious, so apparently inaccessible.
70	70	0.423	Elles étaient, du bonheur inconnu et possible de la vie, un exemplaire si délicieux et en si parfait état, que c’était presque pour des raisons intellectuelles que j’étais désespéré de ne pas pouvoir faire dans des conditions uniques, ne laissant aucune place à l’erreur possible, l’expérience de ce que nous offre de plus mystérieux la beauté qu’on désire et qu’on se console de ne posséder jamais, en demandant du plaisir — comme Swann avait toujours refusé de faire, avant Odette — à des femmes qu’on n’a pas désirées, si bien qu’on meurt sans avoir jamais su ce qu’était cet autre plaisir.	They were, of the unknown and potential happiness of life, an illustration so delicious and in so perfect a state that it was almost for intellectual reasons that I was desperate with the fear that I might not be able to make, in unique conditions which left no room for any possibility of error, proper trial of what is the most mysterious thing that is offered to us by the beauty which we desire and console ourselves for never possessing, by demanding pleasure — as Swann had always refused to do before Odette's day — from women whom we have not desired, so that, indeed, we die without having ever known what that other pleasure was.
71	71	0.461	Sans doute, il se pouvait qu’il ne fût pas en réalité un plaisir inconnu, que de près son mystère se dissipât, qu’il ne fût qu’une projection, qu’un mirage du désir.	No doubt it was possible that it was not in reality an unknown pleasure, that on a close inspection its mystery would dissipate and vanish, that it was no more than a projection, a mirage of desire.
72	72	0.527	Mais, dans ce cas, je ne pourrais m’en prendre qu’à la nécessité d’une loi de la nature — qui si elle s’appliquait à ces jeunes filles, s’appliquerait à toutes — et non à la défectuosité de l’objet.	But in that case I could blame only the compulsion of a law of nature, — which if it applied to these girls would apply to all — and not the imperfection of the object.
73	73	0.554	Car il était celui que j’eusse choisi entre tous, me rendant bien compte, avec une satisfaction de botaniste, qu’il n’était pas possible de trouver réunies des espèces plus rares que celles de ces jeunes fleurs qui interrompaient en ce moment devant moi la ligne du flot de leur haie légère, pareille à un bosquet de roses de Pennsylvanie, ornement d’un jardin sur la falaise, entre lesquelles tient tout le trajet de l’océan parcouru par quelque steamer, si lent à glisser sur le trait horizontal et bleu qui va d’une tige à l’autre, qu’un papillon paresseux, attardé au fond de la corolle que la coque du navire a depuis longtemps dépassée, peut pour s’envoler en étant sûr d’arriver avant le vaisseau, attendre que rien qu’une seule parcelle azurée sépare encore la proue de celui-ci du premier pétale de la fleur vers laquelle il navigue.	For it was that which I should have chosen above all others, feeling quite certain, with a botanist's satisfaction, that it was not possible to find collected anywhere rarer specimens than these young flowers who were interrupting at this moment before my eyes the line of the sea with their slender hedge, like a bower of Pennsylvania roses adorning a garden on the brink of a cliff, between which is contained the whole tract of ocean crossed by some steamer, so slow in gliding along the blue and horizontal line that stretches from one stem to the next that an idle butterfly, dawdling in the cup of a flower which the moving hull has long since passed, can, if it is to fly and be sure of arriving before the vessel, wait until nothing but the tiniest slice of blue still separates the questing prow from the first petal of the flower towards which it is steering.
74	74	0.531	Je rentrai parce que je devais aller dîner à Rivebelle avec Robert et que ma grand’mère exigeait qu’avant de partir, je m’étendisse ces soirs-là pendant une heure sur mon lit, sieste que le médecin de Balbec m’ordonna bientôt d’étendre à tous les autres soirs.	I went indoors because I was to dine at Rivebelle with Robert, and my grandmother insisted that on those evenings, before going out, I must lie down for an hour on my bed, a rest which the Balbec doctor presently ordered me to extend to the other evenings also.
75	75	0.377	D’ailleurs, il n’y avait même pas besoin pour rentrer de quitter la digue et de pénétrer dans l’hôtel par le hall, c’est-à-dire par derrière.	"However, there was no need, when one went indoors, to leave the ""front"" and to enter the hotel by the hall, that is to say from behind."
76	76	0.526	En vertu d’une avance comparable à celle du samedi où à Combray on déjeunait une heure plus tôt, maintenant avec le plein de l’été les jours étaient devenus si longs que le soleil était encore haut dans le ciel, comme à une heure de goûter, quand on mettait le couvert pour le dîner au Grand-Hôtel de Balbec.	By virtue of an alteration of the clock which reminded me of those Saturdays when, at Combray, we used to have luncheon an hour earlier, now with summer at the full the days had become so long that the sun was still high in the heavens, as though it were only tea-time, when the tables were being laid for dinner in the Grand Hotel.
77	77	0.268	Aussi les grandes fenêtres vitrées et à coulisses restaient-elles ouvertes de plain-pied avec la digue.	And so the great sliding windows were kept open from the ground.
78	78	0.505	Je n’avais qu’à enjamber un mince cadre de bois pour me trouver dans la salle à manger que je quittais aussitôt pour prendre l’ascenseur.	I had but to step across a low wooden sill to find myself in the dining-room, through which I walked and straight across to the lift.
79	79	0.497	En passant devant le bureau j’adressai un sourire au directeur, et sans l’ombre de dégoût, en recueillis un dans sa figure que, depuis que j’étais à Balbec, mon attention compréhensive injectait et transformait peu à peu comme une préparation d’histoire naturelle.	As I passed the office I addressed a smile to the manager, and with no shudder of disgust gathered one for myself from his face which, since I had been at Balbec, my comprehensive study of it was injecting and transforming, little by little, like a natural history preparation.
80	80	0.484	Ses traits m’étaient devenus courants, chargés d’un sens médiocre, mais intelligible comme une écriture qu’on lit et ne ressemblaient plus en rien à ces caractères bizarres, intolérables que son visage m’avait présentés ce premier jour où j’avais vu devant moi un personnage maintenant oublié, ou, si je parvenais à l’évoquer, méconnaissable, difficile à identifier avec la personnalité insignifiante et polie dont il n’était que la caricature, hideuse et sommaire.	His features had become familiar to me, charged with a meaning that was of no importance but still intelligible, like a script which one can read, and had ceased in any way to resemble these queer, intolerable characters which his face had presented to me on that first day, when I had seen before me a personage now forgotten, or, if I succeeded in recalling him, unrecognisable, difficult to identify with this insignificant and polite personality of which the other was but a caricature, a hideous and rapid sketch.
81	81	0.558	Sans la timidité ni la tristesse du soir de mon arrivée, je sonnai le lift qui ne restait plus silencieux pendant que je m’élevais à côté de lui dans l’ascenseur, comme dans une cage thoracique mobile qui se fût déplacée le long de la colonne montante, mais me répétait:	Without either the shyness or the sadness of the evening of my arrival I rang for the attendant, who no longer stood in silence while I rose by his side in the lift as in a mobile thoracic cage propelled upwards along its ascending pillar, but repeated:
82	82	0.597	«Il n’y a plus autant de monde comme il y a un mois.	"""There aren't the people now there were a month back."
83	83	0.457	On va commencer à s’en aller, les jours baissent.»	"They're beginning to go now; the days are drawing in."""
84	84	0.486	Il disait cela, non que ce fût vrai, mais parce qu’ayant un engagement pour une partie plus chaude de la côte, il aurait voulu que nous partîmes tous le plus tôt possible afin que l’hôtel fermât et qu’il eût quelques jours à lui, avant de «rentrer» dans sa nouvelle place.	"He said this not because there was any truth in it but because, having an engagement, presently, for a warmer part of the coast, he would have liked us all to leave, so that the hotel could be shut up and he have a few days to himself before ""rejoining"" in his new place."
85	85	0.446	Rentrer et «nouvelle» n’étaient du reste pas des expressions contradictoires car, pour le lift, «rentrer» était la forme usuelle du verbe «entrer».	"""Rejoin"" and ""new"" were not, by the way, incompatible terms, since, for the lift-boy, ""rejoin"" was the usual form of the verb ""to join""."
86	86	0.516	La seule chose qui m’étonnât était qu’il condescendît à dire «place», car il appartenait à ce prolétariat moderne qui désire effacer dans le langage la trace du régime de la domesticité.	"The only thing that surprised me was that he condescended to say ""place"", for he belonged to that modern proletariat which seeks to efface from our language every trace of the rule of domesticity."
87	87	0.457	Du reste, au bout d’un instant, il m’apprit que dans la «situation» où il allait «rentrer», il aurait une plus jolie «tunique» et un meilleur «traitement»; les mots «livrée» et «gages» lui paraissaient désuets et inconvenants.	"A moment later, however, he informed me that in the ""situation"" which he was about to ""rejoin"", he would have a smarter ""tunic"" and a better ""salary"", the words ""livery"" and ""wages"" sounding to him obsolete and unseemly."
88	88	0.563	Et comme, par une contradiction absurde, le vocabulaire a, malgré tout, chez les «patrons», survécu à la conception de l’inégalité, je comprenais toujours mal ce que me disait le lift.	"And as, by an absurd contradiction, the vocabulary has, through thick and thin, among us ""masters"", survived the conception of inequality, I was always failing to understand what the lift-boy said."
89	89	0.463	Ainsi la seule chose qui m’intéressât était de savoir si ma grand’mère était à l’hôtel.	For instance, the only thing that interested me was to know whether my grandmother was in the hotel.
90	90	0.519	Or, prévenant mes questions, le lift me disait: «Cette dame vient de sortir de chez vous.»	"Now, forestalling my questions, the lift-boy would say to me: ""That lady has just gone out from your rooms."""
91	91	0.533	J’y étais toujours pris, je croyais que c’était ma grand-mère.	I was invariably taken in; I supposed that he meant my grandmother.
92	92	0.507	«Non, cette dame qui est je crois employée chez vous.»	"""No, that lady; I think she's an employee of yours."""
93	93-94	0.347	Comme dans l’ancien langage bourgeois, qui devrait bien être aboli, une cuisinière ne s’appelle pas une employée, je pensais un instant: «Mais il se trompe nous ne possédons ni usine, ni employés.»	"As in the old speech of the middle classes, which ought really to be done away with, a cook is not called an employee, I thought for a moment: ""But he must be mistaken. We don't own a factory; we haven't any employees."""
94	95	0.492	Tout d’un coup, je me rappelais que le nom d’employé est comme le port de la moustache pour les garçons de café, une satisfaction d’amour-propre donnée aux domestiques et que cette dame qui venait de sortir était Françoise (probablement en visite à la caféterie ou en train de regarder coudre la femme de chambre de la dame belge), satisfaction qui ne suffisait pas encore au lift car il disait volontiers en s’apitoyant sur sa propre classe «chez l’ouvrier» ou «chez le petit» se servant du même singulier que Racine quand il dit: «le pauvre…».	"Suddenly I remembered that the title of ""employee"" is, like the wearing of a moustache among waiters, a sop to their self-esteem given to servants, and realised that this lady who had just gone out must be Françoise (probably on a visit to the coffee-maker, or to watch the Belgian lady's little maid at her sewing), though even this sop did not satisfy the lift-boy, for he would say quite naturally, speaking pityingly of his own class, ""with the working man"" or ""the small person"", using the same singular form as Racine when he speaks of ""the poor""."
95	96	0.490	Mais d’habitude, car mon zèle et ma timidité du premier jour étaient loin, je ne parlais plus au lift.	But as a rule, for my zeal and timidity of the first evening were now things of the past, I no longer spoke to the lift-boy.
96	97	0.596	C’était lui maintenant qui restait sans recevoir de réponses dans la courte traversée dont il filait les nœuds à travers l’hôtel, évidé comme un jouet et qui déployait autour de nous, étage par étage, ses ramifications de couloirs dans les profondeurs desquels la lumière se veloutait, se dégradait, amincissait les portes de communication ou les degrés des escaliers intérieurs qu’elle convertissait en cette ambre dorée, inconsistante et mystérieuse comme un crépuscule, où Rembrandt découpe tantôt l’appui d’une fenêtre ou la manivelle d’un puits.	It was he now who stood there and received no answer during the short journey on which he threaded his way through the hotel, hollowed out inside like a toy, which extended round about us, floor by floor, the ramifications of its corridors in the depths of which the light grew velvety, lost its tone, diminished the communicating doors, the steps of the service stairs which it transformed into that amber haze, unsubstantial and mysterious as a twilight, in which Rembrandt picks out here and there a window-sill or a well-head.
97	98	0.602	Et à chaque étage une lueur d’or reflétée sur le tapis annonçait le coucher du soleil et la fenêtre des cabinets.	And on each landing a golden light reflected from the carpet indicated the setting sun and the lavatory window.
98	99	0.628	Je me demandais si les jeunes filles que je venais de voir habitaient Balbec et qui elles pouvaient être.	I asked myself whether the girls I had just seen lived at Balbec, and who they could be.
99	100	0.458	Quand le désir est ainsi orienté vers une petite tribu humaine qu’il sélectionne, tout ce qui peut se rattacher à elle devient motif d’émotion, puis de rêverie.	When our desire is thus concentrated upon a little tribe of humanity which it singles out from the rest, everything that can be associated with that tribe becomes a spring of emotion and then of reflexion.
100	101	0.419	J’avais entendu une dame dire sur la digue: «C’est une amie de la petite Simonet» avec l’air de précision avantageuse de quelqu’un qui explique: «C’est le camarade inséparable du petit La Rochefoucauld.»	"I had heard a lady say on the ""front"": ""She is a friend of the little Simonet girl"" with that self-important air of inside knowledge, as who should say: ""He is the inseparable companion of young La Rochefoucauld."""
101	102	0.466	Et aussitôt on avait senti sur la figure de la personne à qui on apprenait cela une curiosité de mieux regarder la personne favorisée qui était «amie de la petite Simonet».	"And immediately she had detected on the face of the person to whom she gave this information a curiosity to see more of the favoured person who was ""a friend of the little Simonet""."
102	103	0.626	Un privilège assurément qui ne paraissait pas donné à tout le monde.	A privilege, obviously, that did not appear to be granted to all the world.
103	104	0.495	Car l’aristocratie est une chose relative.	For aristocracy is a relative state.
104	105	0.576	Et il y a des petits trous pas cher où le fils d’un marchand de meubles est prince des élégances et règne sur une cour comme un jeune prince de Galles.	And there are plenty of inexpensive little holes and corners where the son of an upholsterer is the arbiter of fashion and reigns over a court like any young Prince of Wales.
105	106	0.494	J’ai souvent cherché depuis à me rappeler comment avait résonné pour moi sur la plage, ce nom de Simonet, encore incertain alors dans sa forme que j’avais mal distinguée, et aussi quant à sa signification, à la désignation par lui de telle personne, ou peut-être de telle autre; en somme empreint de ce vague et de cette nouveauté si émouvants pour nous dans la suite, quand ce nom dont les lettres sont à chaque seconde plus profondément gravées en nous par notre attention incessante, est devenu (ce qui ne devait arriver pour moi, à l’égard de la petite Simonet, que quelques années plus tard) le premier vocable que nous retrouvions, soit au moment du réveil, soit après un évanouissement, même avant la notion de l’heure qu’il est, du lieu où nous sommes, presque avant le mot «je», comme si l’être qu’il nomme était plus nous que nous-même, et comme si après quelques moments d’inconscience, la trêve qui expire avant toute autre était celle pendant laquelle on ne pensait pas à lui.	"I have often since then sought to recall how it first sounded for me there on the beach, that name of Simonet, still quite indefinite as to its form, which I had failed to distinguish, and also as to its significance, to the designation by it of such and such a person, or perhaps of some one else; imprinted, in fact, with that vagueness, that novelty which we find so moving in the sequel, when the name whose letters are every moment engraved more deeply on our hearts by our incessant thought of them has become (though this was not to happen to me with the name of the ""little Simonet"" until several years had passed) the first coherent sound that comes to our lips, whether on waking from sleep or on recovering from a swoon, even before the idea of what o'clock it is or of where we are, almost before the word ""I"", as though the person whom it names were more ""we"" even than we ourself, and as though after a brief spell of unconsciousness the phase that is the first of all to dissolve is that in which we were not thinking of her."
106	107	0.442	Je ne sais pourquoi je me dis dès le premier jour que le nom de Simonet devait être celui d’une des jeunes filles, je ne cessai plus de me demander comment je pourrais connaître la famille Simonet; et cela par des gens qu’elle jugeât supérieurs à elle-même ce qui ne devait pas être difficile si ce n’étaient que de petites grues du peuple, pour qu’elle ne pût avoir une idée dédaigneuse de moi.	"I do not know why I said to myself from the first that the name Simonet must be that of one of the band of girls; from that moment I never ceased to ask myself how I could get to know the Simonet family, get to know them, moreover, through people whom they considered superior to themselves (which ought not to be difficult if the girls were only common little ""bounders"") so that they might not form a disdainful idea of me."
107	108	0.539	Car on ne peut avoir de connaissance parfaite, on ne peut pratiquer l’absorption complète de qui vous dédaigne, tant qu’on n’a pas vaincu ce dédain.	For one cannot have a perfect knowledge, one cannot effect the complete absorption of a person who disdains one, so long as one has not overcome her disdain.
108	109	0.470	Or, chaque fois que l’image de femmes si différentes pénètre en nous, à moins que l’oubli ou la concurrence d’autres images ne l’élimine, nous n’avons de repos que nous n’ayons converti ces étrangères en quelque chose qui soit pareil à nous, notre âme étant à cet égard douée du même genre de réaction et d’activité que notre organisme physique, lequel ne peut tolérer l’immixtion dans son sein d’un corps étranger sans qu’il s’exerce aussitôt à digérer et assimiler l’intrus; la petite Simonet devait être la plus jolie de toutes — celle, d’ailleurs, qui, me semblait-il, aurait pu devenir ma maîtresse, car elle était la seule qui à deux ou trois reprises, détournant à demi la tête, avait paru prendre conscience de mon fixe regard.	And since, whenever the idea of women who are so different from us penetrates our senses, unless we are able to forget it or the competition of other ideas eliminates it, we know no rest until we have converted those aliens into something that is compatible with ourself, our heart being in this respect endowed with the same kind of reaction and activity as our physical organism, which cannot abide the infusion of any foreign body into its veins without at once striving to digest and assimilate it: the little Simonet must be the prettiest of them all — she who, I felt moreover, might yet become my mistress, for she was the only one who, two or three times half-turning her head, had appeared to take cognisance of my fixed stare.
109	110	0.602	Je demandai au lift s’il ne connaissait pas à Balbec, des Simonet.	I asked the lift-boy whether he knew of any people at Balbec called Simonet.
110	111	0.582	N’aimant pas à dire qu’il ignorait quelque chose, il répondit qu’il lui semblait avoir entendu causer de ce nom-là.	Not liking to admit that there was anything which he did not know, he replied that he seemed to have heard the name somewhere.
111	112	0.551	Arrivé au dernier étage, je le priai de me faire apporter les dernières listes d’étrangers.	As we reached the highest landing I told him to have the latest lists of visitors sent up to me.
112	113	0.466	Je sortis de l’ascenseur, mais au lieu d’aller vers ma chambre je m’engageai plus avant dans le couloir, car à cette heure-là le valet de chambre de l’étage, quoiqu’il craignît les courants d’air, avait ouvert la fenêtre du bout, laquelle regardait, au lieu de la mer, le côté de la colline et de la vallée, mais ne les laissait jamais voir, car ses vitres, d’un verre opaque, étaient le plus souvent fermées.	I stepped out of the lift, but instead of going to my room I made my way farther along the corridor, for before my arrival the valet in charge of the landing, despite his horror of draughts, had opened the window at the end, which instead of looking out to the sea faced the hill and valley inland, but never allowed them to be seen, for its panes, which were made of clouded glass, were generally closed.
113	114	0.369	Je m’arrêtai devant elle en une courte station et le temps de faire mes dévotions à la «vue» que pour une fois elle découvrait au delà de la colline à laquelle était adossé l’hôtel et qui ne contenait qu’une maison posée à quelque distance mais à laquelle la perspective et la lumière du soir en lui conservant son volume donnait une ciselure précieuse et un écrin de velours, comme à une de ces architectures en miniature, petit temple ou petite chapelle d’orfèvrerie et d’émaux qui servent de reliquaires et qu’on n’expose qu’à de rares jours à la vénération des fidèles.	"I made a short ""station"" in front of it, time enough just to pay my devotions to the view which for once it revealed over the hill against which the back of the hotel rested, a view that contained but a solitary house, planted in the middle distance, though the perspective and the evening light in which I saw it, while preserving its mass, gave it a sculptural beauty and a velvet background, as though to one of those architectural works in miniature, tiny temples or chapels wrought in gold and enamels, which serve as reliquaries and are exposed only on rare and solemn days for the veneration of the faithful."
114	115	0.499	Mais cet instant d’adoration avait déjà trop duré, car le valet de chambre qui tenait d’une main un trousseau de clefs et de l’autre me saluait en touchant sa calotte de sacristain, mais sans la soulever à cause de l’air pur et frais du soir, venait refermer comme ceux d’une châsse les deux battants de la croisée et dérobait à mon adoration le monument réduit et la relique d’or.	But this moment of adoration had already lasted too long, for the valet, who carried in one hand a bunch of keys and with the other saluted me by touching his verger's skull-cap, though without raising it, on account of the pure, cool evening air, came and drew together, like those of a shrine, the two sides of the window, and so shut off the minute edifice, the glistening relic from my adoring gaze.
115	116	0.556	J’entrai dans ma chambre.	I went into my room.
116	117	0.434	Au fur et à mesure que la saison s’avança, changea le tableau que j’y trouvais dans la fenêtre.	Regularly, as the season advanced, the picture that I found there in my window changed.
117	118	0.516	D’abord il faisait grand jour, et sombre seulement s’il faisait mauvais temps; alors, dans le verre glauque et qu’elle boursoufflait de ses vagues rondes, la mer, sertie entre les montants de fer de ma croisée comme dans les plombs d’un vitrail, effilochait sur toute la profonde bordure rocheuse de la baie des triangles empennés d’une immobile écume linéamentée avec la délicatesse d’une plume ou d’un duvet dessinés par Pisanello, et fixés par cet émail blanc, inaltérable et crémeux qui figure une couche de neige dans les verreries de Gallé.	At first it was broad daylight, and dark only if the weather was bad: and then, in the greenish glass which it distended with the curve of its round waves, the sea, set among the iron uprights of my window like a piece of stained glass in its leads, ravelled out over all the deep rocky border of the bay little plumed triangles of an unmoving spray delineated with the delicacy of a feather or a downy breast from Pisanello's pencil, and fixed in that white, unalterable, creamy enamel which is used to depict fallen snow in Gallé's glass.
118	119	0.391	Bientôt les jours diminuèrent et au moment où j’entrais dans la chambre, le ciel violet semblait stigmatisé par la figure raide, géométrique, passagère et fulgurante du soleil (pareille à la représentation de quelque signe miraculeux, de quelque apparition mystique), s’inclinait vers la mer sur la charnière de l’horizon comme un tableau religieux au-dessus du maître-autel, tandis que les parties différentes du couchant exposées dans les glaces des bibliothèques basses en acajou qui couraient le long des murs et que je rapportais par la pensée à la merveilleuse peinture dont elles étaient détachées, semblaient comme ces scènes différentes que quelque maître ancien exécuta jadis pour une confrérie sur une châsse et dont on exhibe à côté les uns des autres dans une salle de musée les volets séparés que l’imagination seule du visiteur remet à leur place sur les prédelles du retable.	Presently the days grew shorter and at the moment when I entered my room the violet sky seemed branded with the stiff, geometrical, travelling, effulgent figure of the sun (like the representation of some miraculous sign, of some mystical apparition) leaning over the sea from the hinge of the horizon as a sacred picture leans over a high altar, while the different parts of the western sky exposed in the glass fronts of the low mahogany bookcases that ran along the walls, which I carried back in my mind to the marvellous painting from which they had been detached, seemed like those different scenes which some old master executed long ago for a confraternity upon a shrine, whose separate panels are now exhibited side by side upon the wall of a museum gallery, so that the visitor's imagination alone can restore them to their place on the predella of the reredos.
119	120	0.427	Quelques semaines plus tard, quand je remontais, le soleil était déjà couché.	A few weeks later, when I went upstairs, the sun had already set.
120	121	0.456	Pareille à celle que je voyais à Combray au-dessus du Calvaire à mes retours de promenade et quand je m’apprêtais à descendre avant le dîner à la cuisine, une bande de ciel rouge au-dessus de la mer compacte et coupante comme de la gelée de viande, puis bientôt, sur la mer déjà froide et bleue comme le poisson appelé mulet, le ciel du même rose qu’un de ces saumons que nous nous ferions servir tout à l’heure à Rivebelle, ravivaient le plaisir que j’allais avoir à me mettre en habit pour partir dîner.	Like the one that I used to see at Combray, behind the Calvary, when I was coming home from a walk and looking forward to going down to the kitchen before dinner, a band of red sky over the sea, compact and clear-cut as a layer of aspic over meat, then, a little later, over a sea already cold and blue like a grey mullet, a sky of the same pink as the salmon that we should presently be ordering at Rivebelle reawakened the pleasure which I was to derive from the act of dressing to go out to dinner.
121	122	0.478	Sur la mer, tout près du rivage, essayaient de s’élever, les unes par-dessus les autres, à étages de plus en plus larges, des vapeurs d’un noir de suie mais aussi d’un poli, d’une consistance d’agate, d’une pesanteur visible, si bien que les plus élevées penchant au-dessus de la tige déformée et jusqu’en dehors du centre de gravité de celles qui les avaient soutenues jusqu’ici, semblaient sur le point d’entraîner cet échafaudage déjà à demi-hauteur du ciel et de le précipiter dans la mer.	Over the sea, quite near the shore, were trying to rise, one beyond another, at wider and wider intervals, vapours of a pitchy blackness but also of the polish and consistency of agate, of a visible weight, so much so that the highest among them, poised at the end of their contorted stem and overreaching the centre of gravity of the pile that had hitherto supported them, seemed on the point of bringing down in ruin this lofty structure already half the height of the sky, and of precipitating it into the sea.
122	123	0.427	La vue d’un vaisseau qui s’éloignait comme un voyageur de nuit me donnait cette même impression que j’avais eue en wagon, d’être affranchi des nécessités du sommeil et de la claustration dans une chambre.	The sight of a ship that was moving away like a nocturnal traveller gave me the same impression that I had had in the train of being set free from the necessity of sleep and from confinement in a bedroom.
123	124	0.344	D’ailleurs je ne me sentais pas emprisonné dans celle où j’étais puisque dans une heure j’allais la quitter pour monter en voiture.	Not that I felt myself a prisoner in the room in which I now was, since in another hour I should have left it and be getting into the carriage.
124	125	0.423	Je me jetais sur mon lit; et, comme si j’avais été sur la couchette d’un des bateaux que je voyais assez près de moi et que la nuit on s’étonnerait de voir se déplacer lentement dans l’obscurité, comme des cygnes assombris et silencieux mais qui ne dorment pas, j’étais de tous côtés entouré des images de la mer.	I threw myself down on the bed; and, just as if I had been lying in a berth on board one of those steamers which I could see quite near to me and which, when night came, it would be strange to see stealing slowly out into the darkness, like shadowy and silent but unsleeping swans, I was on all sides surrounded by pictures of the sea.
125	126	0.340	Mais bien souvent ce n’était, en effet, que des images; j’oubliais que sous leur couleur se creusait le triste vide de la plage, parcouru par le vent inquiet du soir, que j’avais si anxieusement ressenti à mon arrivée à Balbec; d’ailleurs, même dans ma chambre, tout occupé des jeunes filles que j’avais vu passer, je n’étais plus dans des dispositions assez calmes ni assez désintéressées pour que pussent se produire en moi des impressions vraiment profondes de beauté.	But as often as not they were, indeed, only pictures; I forgot that below their coloured expanse was hollowed the sad desolation of the beach, travelled by the restless evening breeze whose breath I had so anxiously felt on my arrival at Balbec; besides, even in my room, being wholly taken up with thoughts of the girls whom I had seen go past, I was no longer in a state of mind calm or disinterested enough to allow the formation of any really deep impression of beauty.
126	127	0.422	L’attente du dîner à Rivebelle rendait mon humeur plus frivole encore et ma pensée, habitant à ces moments-là la surface de mon corps que j’allais habiller pour tâcher de paraître le plus plaisant possible aux regards féminins qui me dévisageraient dans le restaurant illuminé, était incapable de mettre de la profondeur derrière la couleur des choses.	The anticipation of dinner at Rivebelle made my mood more frivolous still, and my mind, dwelling at such moments upon the surface of the body which I was going to dress up so as to try to appear as pleasing as possible in the feminine eyes which would be scrutinising me in the brilliantly lighted restaurant, was incapable of putting any depth behind the colour of things.
127-128	128	0.402	Et si, sous ma fenêtre, le vol inlassable et doux des martinets et des hirondelles n’avait pas monté comme un jet d’eau, comme un feu d’artifice de vie, unissant l’intervalle de ses hautes fusées par la filée immobile et blanche de longs sillages horizontaux, sans le miracle charmant de ce phénomène naturel et local qui rattachait à la réalité les paysages que j’avais devant les yeux, j’aurais pu croire qu’ils n’étaient qu’un choix, chaque jour renouvelé, de peintures qu’on montrait arbitrairement dans l’endroit où je me trouvais et sans qu’elles eussent de rapport nécessaire avec lui. Une fois c’était une exposition d’estampes japonaises: à côté de la mince découpure de soleil rouge et rond comme la lune, un nuage jaune paraissait un lac contre lequel des glaives noirs se profilaient ainsi que les arbres de sa rive, une barre d’un rose tendre que je n’avais jamais revu depuis ma première boîte de couleurs s’enflait comme un fleuve sur les deux rives duquel des bateaux semblaient attendre à sec qu’on vînt les tirer pour les mettre à flot.	And if, beneath my window, the unwearying, gentle flight of sea-martins and swallows had not arisen like a playing fountain, like living fireworks, joining the intervals between their soaring rockets with the motionless white streaming lines of long horizontal wakes of foam, without the charming miracle of this natural and local phenomenon, which brought into touch with reality the scenes that I had before my eyes, I might easily have believed that they were no more than a selection, made afresh every day, of paintings which were shewn quite arbitrarily in the place in which I happened to be and without having any necessary connexion with that place: At one time it was an exhibition of Japanese colour-prints: beside the neat disc of sun, red and round as the moon, a yellow cloud seemed a lake against which black swords were outlined like the trees upon its shore; a bar of a tender pink which I had never seen again after my first paint-box swelled out into a river on either bank of which boats seemed to be waiting high and dry for some one to push them down and set them afloat.
129	129	0.393	Et avec le regard dédaigneux, ennuyé et frivole d’un amateur ou d’une femme parcourant, entre deux visites mondaines, une galerie, je me disais: «C’est curieux ce coucher de soleil, c’est différent, mais enfin j’en ai déjà vu d’aussi délicats, d’aussi étonnants que celui-ci.»	"And with the contemptuous, bored, frivolous glance of an amateur or a woman hurrying through a picture gallery between two social engagements, I would say to myself: ""Curious sunset, this; it's different from what they usually are but after all I've seen them just as fine, just as remarkable as this."""
130	130	0.295	J’avais plus de plaisir les soirs où un navire absorbé et fluidifié par l’horizon apparaissait tellement de la même couleur que lui, ainsi que dans une toile impressionniste, qu’il semblait aussi de la même matière, comme si on n’eût fait que découper son avant, et les cordages en lesquels elle s’était amincie et filigranée dans le bleu vaporeux du ciel.	I had more pleasure on evenings when a ship, absorbed and liquefied by the horizon so much the same in colour as herself (an Impressionist exhibition this time) that it seemed to be also of the same matter, appeared as if some one had simply cut out with a pair of scissors her bows and the rigging in which she tapered into a slender filigree from the vaporous blue of the sky.
131	131	0.261	Parfois l’océan emplissait presque toute ma fenêtre, surélevée qu’elle était par une bande de ciel bordée en haut seulement d’une ligne qui était du même bleu que celui de la mer, mais qu’à cause de cela je croyais être la mer encore et ne devant sa couleur différente qu’à un effet d’éclairage.	Sometimes the ocean filled almost the whole of my window, when it was enlarged and prolonged by a band of sky edged at the top only by a line that was of the same blue as the sea, so that I supposed it all to be still sea, and the change in colour due only to some effect of light and shade.
132	132	0.218	Un autre jour la mer n’était peinte que dans la partie basse de la fenêtre dont tout le reste était rempli de tant de nuages poussés les uns contre les autres par bandes horizontales, que les carreaux avaient l’air par une préméditation ou une spécialité de l’artiste, de présenter une «étude de nuages», cependant que les différentes vitrines de la bibliothèque montrant des nuages semblables mais dans une autre partie de l’horizon et diversement colorés par la lumière, paraissaient offrir comme la répétition, chère à certains maîtres contemporains, d’un seul et même effet, pris toujours à des heures différentes mais qui maintenant avec l’immobilité de l’art pouvaient être tous vus ensemble dans une même pièce, exécutés au pastel et mis sous verre.	"Another day the sea was painted only in the lower part of the window, all the rest of which was so filled with innumerable clouds, packed one against another in horizontal bands, that its panes seemed to be intended, for some special purpose or to illustrate a special talent of the artist, to present a ""Cloud Study"", while the fronts of the various bookcases shewing similar clouds but in another part of the horizon and differently coloured by the light, appeared to be offering as it were the repetition — of which certain of our contemporaries are so fond — of one and the same effect always observed at different hours but able now in the immobility of art to be seen all together in a single room, drawn in pastel and mounted under glass."
133	133	0.507	Et parfois sur le ciel et la mer uniformément gris, un peu de rose s’ajoutait avec un raffinement exquis, cependant qu’un petit papillon qui s’était endormi au bas de la fenêtre semblait apposer avec ses ailes au bas de cette «harmonie gris et rose» dans le goût de celles de Whistler, la signature favorite du maître de Chelsea.	"And sometimes to a sky and sea uniformly grey a rosy touch would be added with an exquisite delicacy, while a little butterfly that had gone to sleep at the foot of the window seemed to be attaching with its wings at the corner of this ""Harmony in Grey and Pink"" in the Whistler manner the favourite signature of the Chelsea master."
134	134	0.563	Le rose même disparaissait, il n’y avait plus rien à regarder.	The pink vanished; there was nothing now left to look at.
135	135	0.421	Je me mettais debout un instant et avant de m’étendre de nouveau je fermais les grands rideaux.	I rose for a moment and before lying down again drew close the inner curtains.
136	136	0.421	Au-dessus d’eux, je voyais de mon lit la raie de clarté qui y restait encore, s’assombrissant, s’amincissant progressivement, mais c’est sans m’attrister et sans lui donner de regret que je laissais ainsi mourir au haut des rideaux l’heure où d’habitude j’étais à table, car je savais que ce jour-ci était d’une autre sorte que les autres, plus long comme ceux du pôle que la nuit interrompt seulement quelques minutes; je savais que de la chrysalide de ce crépuscule se préparait à sortir, par une radieuse métamorphose, la lumière éclatante du restaurant de Rivebelle.	Above them I could see from my bed the ray of light that still remained, growing steadily fainter and thinner, but it was without any feeling of sadness, without any regret for its passing that I thus allowed to die above the curtains the hour at which, as a rule, I was seated at table, for I knew that this day was of another kind than ordinary days, longer, like those arctic days which night interrupts for a few minutes only; I knew that from the chrysalis of the dusk was preparing to emerge, by a radiant metamorphosis, the dazzling light of the Rivebelle restaurant.
137	137	0.324	Je me disais: «Il est temps»; je m’étirais, sur le lit, je me levais, j’achevais ma toilette; et je trouvais du charme à ces instants inutiles, allégés de tout fardeau matériel, où tandis qu’en bas les autres dînaient, je n’employais les forces accumulées pendant l’inactivité de cette fin de journée qu’à sécher mon corps, à passer un smoking, à attacher ma cravate, à faire tous ces gestes que guidait déjà le plaisir attendu de revoir cette femme que j’avais remarquée la dernière fois à Rivebelle, qui avait paru me regarder, n’était peut-être sortie un instant de table que dans l’espoir que je la suivrais; c’est avec joie que j’ajoutais à moi tous ces appâts pour me donner entier et dispos à une vie nouvelle, libre, sans souci, où j’appuierais mes hésitations au calme de Saint-Loup et choisirais entre les espèces de l’histoire naturelle et les provenances de tous les pays, celles qui, composant les plats inusités, aussitôt commandés par mon ami, auraient tenté ma gourmandise ou mon imagination.	"I said to myself: ""It is time""; I stretched myself on the bed, and rose, and finished dressing; and I found a charm in these idle moments, lightened of every material burden, in which while down below the others were dining I was employing the forces accumulated during the inactivity of this last hour of the day only in drying my washed body, in putting on a dinner jacket, in tying my tie, in making all those gestures which were already dictated by the anticipated pleasure of seeing again some woman whom I had noticed, last time, at Rivebelle, who had seemed to be watching me, had perhaps left the table for a moment only in the hope that I would follow her; it was with joy that I enriched myself with all these attractions so as to give myself, whole, alert, willing, to a new life, free, without cares, in which I would lean my hesitations upon the calm strength of Saint-Loup, and would choose from among the different species of animated nature and the produce of every land those which, composing the unfamiliar dishes that my companion would at once order, might have tempted my appetite or my imagination."
138	138	0.503	Et tout à la fin, les jours vinrent où je ne pouvais plus rentrer de la digue par la salle à manger, ses vitres n’étaient plus ouvertes, car il faisait nuit dehors, et l’essaim des pauvres et des curieux attirés par le flamboiement qu’ils ne pouvaient atteindre pendait, en noires grappes morfondues par la bise, aux parois lumineuses et glissantes de la ruche de verre.	"And then at the end of the season came the days when I could no longer pass indoors from the ""front"" through the dining-room; its windows stood open no more, for it was night now outside and the swarm of poor folk and curious idlers, attracted by the blaze of light which they might not reach, hung in black clusters chilled by the north wind to the luminous sliding walls of that buzzing hive of glass."
139	139	0.432	On frappa; c’était Aimé qui avait tenu à m’apporter lui-même les dernières listes d’étrangers.	There was a knock at my door; it was Aimé who had come upstairs in person with the latest lists of visitors.
140	140	0.541	Aimé, avant de se retirer, tint à me dire que Dreyfus était mille fois coupable.	Aimé could not go away without telling me that Dreyfus was guilty a thousand times over.
141	141-142	0.436	«On saura tout, me dit-il, pas cette année, mais l’année prochaine: c’est un monsieur très lié dans l’état-major qui me l’a dit.	"""It will all come out,"" he assured me, ""not this year, but next. It was a gentleman who's very thick with the General Staff, told me."
142	143	0.580	Je lui demandais si on ne se déciderait pas à tout découvrir tout de suite avant la fin de l’année.	I asked him if they wouldn't decide to bring it all to light at once, before the year is out.
143	144	0.472	Il a posé sa cigarette, continua Aimé en mimant la scène et en secouant la tête et l’index comme avait fait son client voulant dire: il ne faut pas être trop exigeant.	"He laid down his cigarette,"" Aimé went on, acting the scene for my benefit, and shaking his head and his forefinger as his informant had done, as much as to say: ""We mustn't expect too much!"""
144	145	0.409	«Pas cette année, Aimé, qu’il m’a dit en me touchant à l’épaule, ce n’est pas possible.	"— ""'Not this year, Aimé,' those were his very words, putting his hand on my shoulder, 'It isn't possible."
145-146	146	0.410	Mais à Pâques, oui!» Et Aimé me frappa légèrement sur l’épaule en me disant: «Vous voyez je vous montre exactement comme il a fait», soit qu’il fût flatté de cette familiarité d’un grand personnage, soit pour que je pusse mieux apprécier en pleine connaissance de cause la valeur de l’argument et nos raisons d’espérer.	"But next Easter, yes!'"" And Aimé tapped me gently on my shoulder, saying, ""You see, I'm letting you have it exactly as he told me,"" whether because he was flattered at this act of familiarity by a distinguished person or so that I might better appreciate, with a full knowledge of the facts, the worth of the arguments and our grounds for hope."
147	147	0.573	Ce ne fut pas sans un léger choc au cœur qu’à la première page de la liste des étrangers, j’aperçus les mots: «Simonet et sa famille».	"It was not without a slight throb of the heart that on the first page of the list I caught sight of the words ""Simonet and family."""
148	148	0.456	J’avais en moi de vieilles rêveries qui dataient de mon enfance et où toute la tendresse qui était dans mon cœur, mais qui éprouvée par lui ne s’en distinguait pas, m’était apportée par un être aussi différent que possible de moi.	I had in me a store of old dream-memories which dated from my childhood, and in which all the tenderness (tenderness that existed in my heart, but, when my heart felt it, was not distinguishable from anything else) was wafted to me by a person as different as possible from myself.
149	149	0.489	Cet être, une fois de plus je le fabriquais en utilisant pour cela le nom de Simonet et le souvenir de l’harmonie qui régnait entre les jeunes corps que j’avais vus se déployer sur la plage, en une procession sportive, digne de l’antique et de Giotto.	This person, once again I fashioned her, utilising for the purpose the name Simonet and the memory of the harmony that had reigned between the young bodies which I had seen displaying themselves on the beach, in a sportive procession worthy of Greek art or of Giotto.
150	150	0.503	Je ne savais pas laquelle de ces jeunes filles était Mlle Simonet, si aucune d’elles s’appelait ainsi, mais je savais que j’étais aimé de Mlle Simonet et que j’allais grâce à Saint-Loup essayer de la connaître.	I knew not which of these girls was Mlle. Simonet, if indeed any of them were so named, but I did know that I was loved by Mlle. Simonet and that I was going, with Saint-Loup's help, to attempt to know her.
151	151	0.528	Malheureusement n’ayant obtenu qu’à cette condition une prolongation de congé, il était obligé de retourner tous les jours à Doncières; mais, pour le faire manquer à ses obligations militaires, j’avais cru pouvoir compter, plus encore que sur son amitié pour moi, sur cette même curiosité de naturaliste humain que si souvent — même sans avoir vu la personne dont on parlait et rien qu’à entendre dire qu’il y avait une jolie caissière chez un fruitier — j’avais eue de faire connaissance avec une nouvelle variété de la beauté féminine.	Unfortunately, having on that condition only obtained an extension of his leave, he was obliged to report for duty every day at Doncières: but to make him forsake his military duty I had felt that I might count, more even than on his friendship for myself, on that same curiosity, as a human naturalist, which I myself had so often felt — even without having seen the person mentioned, and simply on hearing some one say that there was a pretty cashier at a fruiterer's — to acquaint myself with a new variety of feminine beauty.
152	152	0.506	Or, cette curiosité, c’est à tort que j’avais espéré l’exciter chez Saint-Loup en lui parlant de mes jeunes filles.	But that curiosity I had been wrong in hoping to excite in Saint-Loup by speaking to him of my band of girls.
153	153	0.486	Car elle était pour longtemps paralysée en lui par l’amour qu’il avait pour cette actrice dont il était l’amant.	For it had been and would long remain paralysed in him by his love for that actress whose lover he was.
154	154	0.444	Et même l’eût-il légèrement ressentie qu’il l’eût réprimée, à cause d’une sorte de croyance superstitieuse que de sa propre fidélité pouvait dépendre celle de sa maîtresse.	And even if he had felt it lightly stirring him he would have repressed it, from an almost superstitious belief that on his own fidelity might depend that of his mistress.
155	155	0.575	Aussi fût-ce sans qu’il m’eût promis de s’occuper activement de mes jeunes filles que nous partîmes dîner à Rivebelle.	And so it was without any promise from him that he would take an active interest in my girls that we started out to dine at Rivebelle.
156	156	0.630	Les premiers temps, quand nous arrivions, le soleil venait de se coucher, mais il faisait encore clair; dans le jardin du restaurant dont les lumières n’étaient pas encore allumées, la chaleur du jour tombait, se déposait, comme au fond d’un vase le long des parois duquel la gelée transparente et sombre de l’air semblait si consistante qu’un grand rosier appliqué au mur obscurci qu’il veinait de rose, avait l’air de l’arborisation qu’on voit au fond d’une pierre d’onyx.	At first, when we arrived there, the sun used just to have set, but it was light still; in the garden outside the restaurant, where the lamps had not yet been lighted, the heat of the day fell and settled, as though in a vase along the sides of which the transparent, dusky jelly of the air seemed of such consistency that a tall rose-tree fastened against the dim wall which it streaked with pink veins, looked like the arborescence that one sees at the heart of an onyx.
157	157	0.442	Bientôt ce ne fut qu’à la nuit que nous descendions de voiture, souvent même que nous partions de Balbec si le temps était mauvais et que nous eussions retardé le moment de faire atteler, dans l’espoir d’une accalmie.	Presently night had always fallen when we left the carriage, often indeed before we started from Balbec if the evening was wet and we had put off sending for the carriage in the hope of the weather's improving.
158	158	0.486	Mais ces jours-là, c’est sans tristesse que j’entendais le vent souffler, je savais qu’il ne signifiait pas l’abandon de mes projets, la réclusion dans une chambre, je savais que, dans la grande salle à manger du restaurant où nous entrerions au son de la musique des tziganes, les innombrables lampes triompheraient aisément de l’obscurité et du froid en leur appliquant leurs larges cautères d’or, et je montais gaiement à côté de Saint-Loup dans le coupé qui nous attendait sous l’averse.	But on those days it was without any sadness that I listened to the wind howling, I knew that it did not mean the abandonment of my plans, imprisonment in my bedroom; I knew that in the great dining-room of the restaurant, which we would enter to the sound of the music of the gipsy band, the innumerable lamps would triumph easily over darkness and chill, by applying to them their broad cauteries of molten gold, and I jumped light-heartedly after Saint-Loup into the closed carriage which stood waiting for us in the rain.
159	159	0.404	Depuis quelque temps, les paroles de Bergotte, se disant convaincu que malgré ce que je prétendais, j’étais fait pour goûter surtout les plaisirs de l’intelligence, m’avaient rendu au sujet de ce que je pourrais faire plus tard une espérance que décevait chaque jour l’ennui que j’éprouvais à me mettre devant une table, à commencer une étude critique ou un roman.	For some time past the words of Bergotte, when he pronounced himself positive that, in spite of all I might say, I had been created to enjoy, pre-eminently, the pleasures of the mind, had restored to me, with regard to what I might succeed in achieving later on, a hope that was disappointed afresh every day by the boredom that I felt on setting myself down before a writing-table to start work on a critical essay or a novel.
160	160	0.379	«Après tout, me disais-je, peut-être le plaisir qu’on a eu à l’écrire n’est-il pas le critérium infaillible de la valeur d’une belle page; peut-être n’est-il qu’un état accessoire qui s’y surajoute souvent, mais dont le défaut ne peut préjuger contre elle.	"""After all,"" I said to myself, ""possibly the pleasure that its author has found in writing it is not the infallible test of the literary value of a page; it may be only an accessory, one that is often to be found superadded to that value, but the want of which can have no prejudicial effect on it."
161	161	0.469	Peut-être certains chefs-d’œuvre ont-ils été composés en bâillant.»	"Perhaps some of the greatest masterpieces were written yawning."""
162	162	0.390	Ma grand’mère apaisait mes doutes en me disant que je travaillerais bien et avec joie si je me portais bien.	My grandmother set my doubts at rest by telling me that I should be able to work and should enjoy working as soon as my health improved.
163	163	0.529	Et, notre médecin ayant trouvé plus prudent de m’avertir des graves risques auxquels pouvait m’exposer mon état de santé, et m’ayant tracé toutes les précautions d’hygiène à suivre pour éviter un accident, je subordonnais tous les plaisirs au but que je jugeais infiniment plus important qu’eux, de devenir assez fort pour pouvoir réaliser l’œuvre que je portais peut-être en moi, j’exerçais sur moi-même depuis que j’étais à Balbec un contrôle minutieux et constant.	And, our doctor having thought it only prudent to warn me of the grave risks to which my state of health might expose me, and having outlined all the hygienic precaution that I ought to take to avoid any accident — I subordinated all my pleasures to an object which I judged to be infinitely more important than them, that of becoming strong enough to be able to bring into being the work which I had, possibly, within me; I had been exercising over myself, ever since I had come to Balbec, a scrupulous and constant control.
164	164	0.466	On n’aurait pu me faire toucher à la tasse de café qui m’eût privé du sommeil de la nuit, nécessaire pour ne pas être fatigué le lendemain.	Nothing would have induced me, there, to touch the cup of coffee which would have robbed me of the night's sleep that was necessary if I was not to be tired next day.
165	165	0.606	Mais quand nous arrivions à Rivebelle, aussitôt, à cause de l’excitation d’un plaisir nouveau et me trouvant dans cette zone différente où l’exceptionnel nous fait entrer après avoir coupé le fil, patiemment tissé depuis tant de jours, qui nous conduisait vers la sagesse — comme s’il ne devait plus jamais y avoir de lendemain, ni de fins élevées à réaliser — disparaissait ce mécanisme précis de prudente hygiène qui fonctionnait pour les sauvegarder.	But as soon as we reached Rivebelle, immediately, what with the excitement of a new pleasure, and finding myself in that different zone into which the exception to our rule of life takes us after it has cut the thread, patiently spun throughout so many days, that was guiding us towards wisdom — as though there were never to be any such thing as to-morrow, nor any lofty aims to be realised, vanished all that exact machinery of prudent hygienic measures which had been working to safeguard them.
166-167	166	0.441	Tandis qu’un valet de pied me demandait mon paletot, Saint-Loup me disait: —Vous n’aurez pas froid?	"A waiter was offering to take my coat, whereupon Saint-Loup asked: ""You're sure you won't be cold?"
168	167	0.393	Vous feriez peut-être mieux de le garder, il ne fait pas très chaud.	"Perhaps you'ld better keep it: it's not very warm in here."""
169	168	0.520	Je répondais: «Non, non,» et peut-être je ne sentais pas le froid, mais en tous cas je ne savais plus la peur de tomber malade, la nécessité de ne pas mourir, l’importance de travailler.	"""No, no,"" I assured him; and perhaps I did not feel the cold; but however that might be, I no longer knew the fear of falling ill, the necessity of not dying, the importance of work."
170	169	0.529	Je donnais mon paletot; nous entrions dans la salle du restaurant aux sons de quelque marche guerrière jouée par les tziganes, nous nous avancions entre les rangées des tables servies comme dans un facile chemin de gloire, et, sentant l’ardeur joyeuse imprimée à notre corps par les rythmes de l’orchestre qui nous décernait ses honneurs militaires et ce triomphe immérité, nous la dissimulions sous une mine grave et glacée, sous une démarche pleine de lassitude, pour ne pas imiter ces gommeuses de café-concert qui, venant de chanter sur un air belliqueux un couplet grivois, entrent en courant sur la scène avec la contenance martiale d’un général vainqueur.	"I gave up my coat; we entered the dining-room to the sound of some warlike march played by the gipsies, we advanced between two rows of tables laid for dinner as along an easy path of glory, and, feeling a happy glow imparted to our bodies by the rhythms of the orchestra which rendered us its military honours, gave us this unmerited triumph, we concealed it beneath a grave and frozen mien, beneath a languid, casual gait, so as not to be like those music-hall ""mashers"" who, having wedded a ribald verse to a patriotic air, come running on to the stage with the martial countenance of a victorious general."
171	170	0.472	A partir de ce moment-là j’étais un homme nouveau, qui n’était plus le petit-fils de ma grand’mère et ne se souviendrait d’elle qu’en sortant, mais le frère momentané des garçons qui allaient nous servir.	From that moment I was a new man, who was no longer my grandmother's grandson and would remember her only when it was time to get up and go, but the brother, for the time being, of the waiters who were going to bring us our dinner.
172	171	0.570	La dose de bière, à plus forte raison de champagne, qu’à Balbec je n’aurais pas voulu atteindre en une semaine, alors pourtant qu’à ma conscience calme et lucide la saveur de ces breuvages représentassent un plaisir clairement appréciable mais aisément sacrifié, je l’absorbais en une heure en y ajoutant quelques gouttes de porto, trop distrait pour pouvoir le goûter, et je donnais au violoniste qui venait de jouer les deux «louis» que j’avais économisés depuis un mois en vue d’un achat que je ne me rappelais pas.	The dose of beer — all the more, that of champagne — which at Balbec I should not have ventured to take in a week, albeit to my calm and lucid consciousness the flavour of those beverages represented a pleasure clearly appreciable, since it was also one that could easily be sacrificed, I now imbibed at a sitting, adding to it a few drops of port wine, too much distracted to be able to taste it, and I gave the violinist who had just been playing the two louis which I had been saving up for the last month with a view to buying something, I could not remember what.
173	172	0.482	Quelques-uns des garçons qui servaient, lâchés entre les tables, fuyaient à toute vitesse, ayant sur leur paumes tendues un plat que cela semblait être le but de ce genre de courses de ne pas laisser choir.	Several of the waiters, set going among the tables, were flying along at full speed, each carrying on his outstretched palms a dish which it seemed to be the object of this kind of race not to let fall.
174	173	0.535	Et de fait, les soufflés au chocolat arrivaient à destination sans avoir été renversés, les pommes à l’anglaise, malgré le galop qui avait dû les secouer, rangées comme au départ autour de l’agneau de Pauilhac.	And in fact the chocolate _soufflés_ arrived at their destination unspilled, the potatoes _à l'anglaise_, in spite of the pace which ought to have sent them flying, came arranged as at the start round the Pauilhac lamb.
175	174	0.616	Je remarquai un de ces servants, très grand, emplumé de superbes cheveux noirs, la figure fardée d’un teint qui rappelait davantage certaines espèces d’oiseaux rares que l’espèce humaine et qui, courant sans trêve et, eût-on dit, sans but, d’un bout à l’autre de la salle, faisait penser à quelqu’un de ces «aras» qui remplissent les grandes volières des jardins zoologiques de leur ardent coloris et de leur incompréhensible agitation.	I noticed one of these servants, very tall, plumed with superb black locks, his face dyed in a tint that suggested rather certain species of rare birds than a human being, who, running without pause (and, one would have said, without purpose) from one end of the room to the other, made me think of one of those macaws which fill the big aviaries in zoological gardens with their gorgeous colouring and incomprehensible agitation.
176	175	0.499	Bientôt le spectacle s’ordonna, à mes yeux du moins, d’une façon plus noble et plus calme.	Presently the spectacle assumed an order, in my eyes at least, growing at once more noble and more calm.
177	176	0.535	Toute cette activité vertigineuse se fixait en une calme harmonie.	All this dizzy activity became fixed in a quiet harmony.
178	177	0.476	Je regardais les tables rondes, dont l’assemblée innombrable emplissait le restaurant, comme autant de planètes, telles que celles-ci sont figurées dans les tableaux allégoriques d’autrefois.	I looked at the round tables whose innumerable assemblage filled the restaurant like so many planets, as planets are represented in old allegorical pictures.
179	178	0.423	D’ailleurs, une force d’attraction irrésistible s’exerçait entre ces astres divers et à chaque table les dîneurs n’avaient d’yeux que pour les tables où ils n’étaient pas, exception faite pour quelque riche amphitryon, lequel ayant réussi à amener un écrivain célèbre, s’évertuait à tirer de lui, grâce aux vertus de la table tournante, des propos insignifiants dont les dames s’émerveillaient.	Moreover, there seemed to be some irresistibly attractive force at work among these divers stars, and at each table the diners had eyes only for the tables at which they were not sitting, except perhaps some wealthy amphitryon who, having managed to secure a famous author, was endeavouring to extract from him, thanks to the magic properties of the turning table, a few unimportant remarks at which the ladies marvelled.
180	179	0.516	L’harmonie de ces tables astrales n’empêchait pas l’incessante révolution des servants innombrables, lesquels parce qu’au lieu d’être assis, comme les dîneurs, étaient debout, évoluaient dans une zone supérieure.	The harmony of these astral tables did not prevent the incessant revolution of the countless servants who, because instead of being seated like the diners they were on their feet, performed their evolutions in a more exalted sphere.
181	180	0.433	Sans doute l’un courait porter des hors-d’œuvre, changer le vin, ajouter des verres.	No doubt they were running, one to fetch the _hors d'œuvre_, another to change the wine or with clean glasses.
182	181	0.548	Mais malgré ces raisons particulières, leur course perpétuelle entre les tables rondes finissait par dégager la loi de sa circulation vertigineuse et réglée.	But despite these special reasons, their perpetual course among the round tables yielded, after a time, to the observer the law of its dizzy but ordered circulation.
183	182	0.563	Assises derrière un massif de fleurs, deux horribles caissières, occupées à des calculs sans fin, semblaient deux magiciennes occupées à prévoir par des calculs astrologiques les bouleversements qui pouvaient parfois se produire dans cette voûte céleste conçue selon la science du moyen âge.	Seated behind a bank of flowers, two horrible cashiers, busy with endless calculations, seemed two witches occupied in forecasting by astrological signs the disasters that might from time to time occur in this celestial vault fashioned according to the scientific conceptions of the middle ages.
184	183	0.514	Et je plaignais un peu tous les dîneurs parce que je sentais que pour eux les tables rondes n’étaient pas des planètes et qu’ils n’avaient pas pratiqué dans les choses un sectionnement qui nous débarrasse de leur apparence coutumière et nous permet d’apercevoir des analogies.	And I rather pitied all the diners because I felt that for them the round tables were not planets and that they had not cut through the scheme of things one of those sections which deliver us from the bondage of appearances and enable us to perceive analogies.
185	184	0.585	Ils pensaient qu’ils dînaient avec telle ou telle personne, que le repas coûterait à peu près tant et qu’ils recommenceraient le lendemain.	They thought that they were dining with this or that person, that the dinner would cost roughly so much, and that to-morrow they would begin all over again.
186	185	0.525	Et ils paraissaient absolument insensibles au déroulement d’un cortège de jeunes commis qui, probablement n’ayant pas à ce moment de besogne urgente, portaient processionnellement des pains dans des paniers.	And they appeared absolutely unmoved by the progress through their midst of a train of young assistants who, having probably at that moment no urgent duty, advanced processionally bearing rolls of bread in baskets.
187	186	0.524	Quelques-uns, trop jeunes, abrutis par les taloches que leur donnaient en passant les maîtres d’hôtel, fixaient mélancoliquement leurs yeux sur un rêve lointain et n’étaient consolés que si quelque client de l’hôtel de Balbec où ils avaient jadis été employés, les reconnaissant, leur adressait la parole et leur disait personnellement d’emporter le champagne qui n’était pas buvable, ce qui les remplissait d’orgueil.	Some of them, the youngest, stunned by the cuffs which the head waiters administered to them as they passed, fixed melancholy eyes upon a distant dream and were consoled only if some visitor from the Balbec hotel in which they had once been employed, recognising them, said a few words to them, telling them in person to take away the champagne which was not fit to drink, an order that filled them with pride.
188	187	0.485	J’entendais le grondement de mes nerfs dans lesquels il y avait du bien-être indépendant des objets extérieurs qui peuvent en donner et que le moindre déplacement que j’occasionnais à mon corps, à mon attention, suffisait à me faire éprouver, comme à un œil fermé une légère compression donne la sensation de la couleur.	I could hear the twingeing of my nerves, in which there was a sense of comfort independent of the external objects that might have produced it, a comfort which the least shifting of my body or of my attention was enough to make me feel, just as to a shut eye a slight pressure gives the sensation of colour.
189	188	0.459	J’avais déjà bu beaucoup de porto, et si je demandais à en prendre encore, c’était moins en vue du bien-être que les verres nouveaux m’apporteraient que par l’effet du bien-être produit par les verres précédents.	I had already drunk a good deal of port wine, and if I now asked for more it was not so much with a view to the comfort which the additional glasses would bring me as an effect of the comfort produced by the glasses that had gone before.
190	189	0.554	Je laissais la musique conduire elle-même mon plaisir sur chaque note où, docilement, il venait alors se poser.	I allowed the music itself to guide to each of its notes my pleasure which, meekly following, rested on each in turn.
191	190	0.452	Si, pareil à ces industries chimiques grâce auxquelles sont débités en grandes quantités des corps qui ne se rencontrent dans la nature que d’une façon accidentelle et fort rarement, ce restaurant de Rivebelle réunissait en un même moment plus de femmes au fond desquelles me sollicitaient des perspectives de bonheur que le hasard des promenades ou des voyages ne m’en eût fait rencontrer en une année; d’autre part, cette musique que nous entendions — arrangements de valses, d’opérettes allemandes, de chansons de cafés-concerts, toutes nouvelles pour moi — était elle-même comme un lieu de plaisir aérien superposé à l’autre et plus grisant que lui.	If, like one of those chemical industries by means of which are prepared in large quantities bodies which in a state of nature come together only by accident and very rarely, this restaurant at Rivebelle united at one and the same moment more women to tempt me with beckoning vistas of happiness than the hazard of walks and drives would have made me encounter in a year; on the other hand, this music that greeted our ears, — arrangements of waltzes, of German operettas, of music-hall songs, all of them quite new to me — was itself like an ethereal resort of pleasure superimposed upon the other and more intoxicating still.
192	191	0.384	Car chaque motif, particulier comme une femme, ne réservait pas comme elle eût fait, pour quelque privilégié, le secret de volupté qu’il recélait: il me le proposait, me reluquait, venait à moi d’une allure capricieuse ou canaille, m’accostait, me caressait, comme si j’étais devenu tout d’un coup plus séduisant, plus puissant ou plus riche; je leur trouvais bien, à ces airs, quelque chose de cruel; c’est que tout sentiment désintéressé de la beauté, tout reflet de l’intelligence leur était inconnu; pour eux le plaisir physique existe seul.	For these tunes, each as individual as a woman, were not keeping, as she would have kept, for some privileged person, the voluptuous secret which they contained: they offered me their secrets, ogled me, came up to me with affected or vulgar movements, accosted me, caressed me as if I had suddenly become more seductive, more powerful and more rich; I indeed found in these tunes an element of cruelty; because any such thing as a disinterested feeling for beauty, a gleam of intelligence was unknown to them; for them physical pleasures alone existed.
193	192	0.447	Et ils sont l’enfer le plus impitoyable, le plus dépourvu d’issues pour le malheureux jaloux à qui ils présentent ce plaisir — ce plaisir que la femme aimée goûte avec un autre — comme la seule chose qui existe au monde pour celle qui le remplit tout entier.	And they are the most merciless of hells, the most gateless and imprisoning for the jealous wretch to whom they present that pleasure — that pleasure which the woman he loves is enjoying with another — as the only thing that exists in the world for her who is all the world to him.
194	193	0.429	Mais tandis que je répétais à mi-voix les notes de cet air, et lui rendais son baiser, la volupté à lui spéciale qu’il me faisait éprouver me devint si chère, que j’aurais quitté mes parents pour suivre le motif dans le monde singulier qu’il construisait dans l’invisible, en lignes tour à tour pleines de langueur et de vivacité.	But while I was humming softly to myself the notes of this tune, and returning its kiss, the pleasure peculiar to itself which it made me feel became so dear to me that I would have left my father and mother, to follow it through the singular world which it constructed in the invisible, in lines instinct with alternate languor and vivacity.
195	194	0.359	Quoiqu’un tel plaisir ne soit pas d’une sorte qui donne plus de valeur à l’être auquel il s’ajoute, car il n’est perçu que de lui seul, et quoique, chaque fois que dans notre vie nous avons déplu à une femme qui nous a aperçu, elle ignorât si à ce moment-là nous possédions ou non cette félicité intérieure et subjective qui, par conséquent, n’eût rien changé au jugement qu’elle porta sur nous, je me sentais plus puissant, presque irrésistible.	Although such a pleasure as this is not calculated to enhance the value of the person to whom it comes, for it is perceived by him alone, and although whenever, in the course of our life, we have failed to attract a woman who has caught sight of us, she could not tell whether at that moment we possessed this inward and subjective felicity which, consequently, could in no way have altered the judgment that she passed on us, I felt myself more powerful, almost irresistible.
196	195	0.417	Il me semblait que mon amour n’était plus quelque chose de déplaisant et dont on pouvait sourire mais avait précisément la beauté touchante, la séduction de cette musique, semblable elle-même à un milieu sympathique où celle que j’aimais et moi nous nous serions rencontrés, soudain devenus intimes.	It seemed to me that my love was no longer something unattractive, at which people might smile, but had precisely the touching beauty, the seductiveness of this music, itself comparable to a friendly atmosphere in which she whom I loved and I were to meet, suddenly grown intimate.
197	196	0.391	Le restaurant n’était pas fréquenté seulement par des demi-mondaines, mais aussi par des gens du monde le plus élégant, qui y venaient goûter vers cinq heures ou y donnaient de grands dîners.	This restaurant was the resort not only of light women; it was frequented also by people in the very best society, who came there for afternoon tea or gave big dinner-parties.
198	197	0.423	Les goûters avaient lieu dans une longue galerie vitrée, étroite, en forme de couloir qui, allant du vestibule à la salle à manger, longeait sur un côté le jardin, duquel elle n’était séparée, sauf en exceptant quelques colonnes de pierre, que par le vitrage qu’on ouvrait ici ou là.	The tea-parties were held in a long gallery, glazed and narrow, shaped like a funnel, which led from the entrance hall to the dining-room and was bounded on one side by the garden, from which it was separated (save for a few stone pillars) only by its wall of glass, in which panes would be opened here and there.
199	198	0.335	Il en résultait outre de nombreux courants d’air, des coups de soleil brusques, intermittents, un éclairage éblouissant, empêchant presque de distinguer les goûteuses, ce qui faisait que, quand elles étaient là, empilées deux tables par deux tables dans toute la longueur de l’étroit goulot, comme elles chatoyaient à tous les mouvements qu’elles faisaient pour boire leur thé ou se saluer entre elles, on aurait dit un réservoir, une nasse où le pêcheur a entassé les éclatants poissons qu’il a pris, lesquels à moitié hors de l’eau et baignés de rayons miroitent aux regards en leur éclat changeant.	The result of which, apart from ubiquitous draughts, was sudden and intermittent bursts of sunshine, a dazzling light that made it almost impossible to see the tea-drinkers, so that when they were installed there, at tables crowded pair after pair the whole way along the narrow gully, as they were shot with colours at every movement they made in drinking their tea or in greeting one another, you would have called it a reservoir, a stewpond in which the fisherman has collected all his glittering catch, and the fish, half out of water and bathed in sunlight, dazzle the eye as they mirror an ever-changing iridescence.
200	199	0.317	Quelques heures plus tard, pendant le dîner qui lui, était naturellement servi dans la salle à manger, on allumait les lumières, bien qu’il fît encore clair dehors, de sorte qu’on voyait devant soi, dans le jardin, à côté de pavillons éclairés par le crépuscule et qui semblaient les pâles spectres du soir, des charmilles dont la glauque verdure était traversée par les derniers rayons et qui, de la pièce éclairée par les lampes où on dînait, apparaissaient au delà du vitrage non plus, comme on aurait dit, des dames qui goûtaient à la fin de l’après-midi, le long du couloir bleuâtre et or, dans un filet étincelant et humide, mais comme les végétations d’un pâle et vert aquarium géant à la lumière surnaturelle.	A few hours later, during dinner, which, naturally, was served in the dining-room, the lights would be turned on, although it was still quite light out of doors, so that one saw before one's eyes, in the garden, among summer-houses glimmering in the twilight, like pale spectres of evening, alleys whose greyish verdure was pierced by the last rays of the setting sun and, from the lamp-lit room in which we were dining, appeared through the glass — no longer, as one would have said of the ladies who had been drinking tea there in the afternoon, along the blue and gold corridor, caught in a glittering and dripping net — but like the vegetation of a pale and green aquarium of gigantic size seen by a supernatural light.
201	200	0.454	On se levait de table; et si les convives, pendant le repas, tout en passant leur temps à regarder, à reconnaître, à se faire nommer les convives du dîner voisin, avaient été retenus dans une cohésion parfaite autour de leur propre table, la force attractive qui les faisait graviter autour de leur amphitryon d’un soir perdait de sa puissance, au moment où pour prendre le café ils se rendaient dans ce même couloir qui avait servi aux goûters; il arrivait souvent qu’au moment du passage, tel dîner en marche abandonnait l’un ou plusieurs de ses corpuscules, qui ayant subi trop fortement l’attraction du dîner rival se détachaient un instant du leur, où ils étaient remplacés par des messieurs ou des dames qui étaient venus saluer des amis, avant de rejoindre, en disant: «Il faut que je me sauve retrouver M. X… dont je suis ce soir l’invité.»	"People began to rise from table; and if each party while their dinner lasted, albeit they spent the whole time examining, recognising, naming the party at the next table, had been held in perfect cohesion about their own, the attractive force that had kept them gravitating round their host of the evening lost its power at the moment when, for coffee, they repaired to the same corridor that had been used for the tea-parties; it often happened that in its passage from place to place some party on the march dropped one or more of its human corpuscles who, having come under the irresistible attraction of the rival party, detached themselves for a moment from their own, in which their places were taken by ladies or gentlemen who had come across to speak to friends before hurrying off with an ""I really must fly: I'm dining with M. So-and-So."""
202	201	0.508	Et pendant un instant on aurait dit de deux bouquets séparés qui auraient interchangé quelques-unes de leurs fleurs.	And for the moment you would have been reminded, looking at them, of two separate nosegays that had exchanged a few of their flowers.
203	202	0.492	Puis le couloir lui-même se vidait.	Then the corridor too began to empty.
204	203	0.513	Souvent, comme il faisait même après dîner encore un peu jour, on n’allumait pas ce long corridor, et côtoyé par les arbres qui se penchaient au dehors de l’autre côté du vitrage, il avait l’air d’une allée dans un jardin boisé et ténébreux.	Often, since even after dinner there was still a little light left outside, they left this long corridor unlighted, and, skirted by the trees that overhung it on the other side of the glass, it suggested a pleached alley in a wooded and shady garden.
205	204	0.213	Parfois dans l’ombre une dîneuse s’y attardait.	Here and there, in the gloom, a fair diner lingered.
206	205	0.607	En le traversant pour sortir, j’y distinguai un soir, assise au milieu d’un groupe inconnu, la belle princesse de Luxembourg.	As I passed through this corridor one evening on my way out I saw, sitting among a group of strangers, the beautiful Princesse de Luxembourg.
207	206	0.389	Je me découvris sans m’arrêter.	I raised my hat without stopping.
208	207	0.461	Elle me reconnut, inclina la tête en souriant; très au-dessus de ce salut, émanant de ce mouvement même, s’élevèrent mélodieusement quelques paroles à mon adresse, qui devaient être un bonsoir un peu long, non pour que je m’arrêtasse, mais seulement pour compléter le salut, pour en faire un salut parlé.	She remembered me, and bowed her head with a smile; in the air, far above her bowed head, but emanating from the movement, rose melodiously a few words addressed to myself, which must have been a somewhat amplified good evening, intended not to stop me but simply to complete the gesture, to make it a spoken greeting.
209	208	0.462	Mais les paroles restèrent si indistinctes et le son que seul je perçus se prolongea si doucement et me sembla si musical, que ce fut comme si, dans la ramure assombrie des arbres, un rossignol se fût mis à chanter.	But her words remained so indistinct and the sound which was all that I caught was prolonged so sweetly and seemed to me so musical that it seemed as if among the dim branches of the trees a nightingale had begun to sing.
210	209	0.311	Si par hasard pour finir la soirée avec telle bande d’amis à lui que nous avions rencontrée, Saint-Loup décidait de nous rendre au Casino d’une plage voisine, et partant avec eux, s’il me mettait seul dans une voiture, je recommandais au cocher d’aller à toute vitesse, afin que fussent moins longs les instants que je passerais sans avoir l’aide de personne pour me dispenser de fournir moi-même à ma sensibilité — en faisant machine en arrière et en sortant de la passivité où j’étais pris comme dans un engrenage — ces modifications que depuis mon arrivée à Rivebelle je recevais des autres.	If it so happened that, to finish the evening with a party of his friends whom we had met, Saint-Loup decided to go on to the Casino of a neighbouring village, and, taking them with him, put me in a carriage by myself, I would urge the driver to go as fast as he possibly could, so that the minutes might pass less slowly which I must spend without having anyone at hand to dispense me from the obligation myself to provide my sensibility — reversing the engine, to speak, and emerging from the passivity in which I was caught and held as in the teeth of a machine — with those modifications which, since my arrival at Rivebelle, I had been receiving from other people.
211	210	0.434	Le choc possible avec une voiture venant en sens inverse dans ces sentiers où il n’y avait de place que pour une seule et où il faisait nuit noire, l’instabilité du sol souvent éboulé de la falaise, la proximité de son versant à pic sur la mer, rien de tout cela ne trouvait en moi le petit effort qui eût été nécessaire pour amener la représentation et la crainte du danger jusqu’à ma raison.	The risk of collision with a carriage coming the other way along those lanes where there was barely room for one and it was dark as pitch, the insecurity of the soil, crumbling in many places, at the cliffs edge, the proximity of its vertical drop to the sea, none of these things exerted on me the slight stimulus that would have been required to bring the vision and the fear of danger within the scope of my reasoning.
212	211	0.372	C’est que, pas plus que ce n’est le désir de devenir célèbre, mais l’habitude d’être laborieux qui nous permet de produire une œuvre, ce n’est l’allégresse du moment présent, mais les sages réflexions du passé, qui nous aident à préserver le futur.	For just as it is not the desire to become famous but the habit of being laborious that enables us to produce a finished work, so it is not the activity of the present moment but wise reflexions from the past that help us to safeguard the future.
213	212	0.272	Or, si déjà en arrivant à Rivebelle, j’avais jeté loin de moi ces béquilles du raisonnement, du contrôle de soi-même qui aident notre infirmité à suivre le droit chemin, et me trouvais en proie à une sorte d’ataxie morale, l’alcool, en tendant exceptionnellement mes nerfs, avait donné aux minutes actuelles une qualité, un charme, qui n’avaient pas eu pour effet de me rendre plus apte ni même plus résolu à les défendre; car en me les faisant préférer mille fois au reste de ma vie, mon exaltation les en isolait; j’étais enfermé dans le présent comme les héros, comme les ivrognes; momentanément éclipsé, mon passé ne projetait plus devant moi cette ombre de lui-même que nous appelons notre avenir; plaçant le but de ma vie, non plus dans la réalisation des rêves de ce passé, mais dans la félicité de la minute présente, je ne voyais pas plus loin qu’elle.	But if already, before this point, on my arrival at Rivebelle, I had flung irretrievably away from me those crutches of reason and self-control which help our infirmity to follow the right road, if I now found myself the victim of a sort of moral ataxy, the alcohol that I had drunk, by unduly straining my nerves, gave to the minutes as they came a quality, a charm which did not have the result of leaving me more ready, or indeed more resolute to inhibit them, prevent their coming; for while it made me prefer them a thousand times to anything else in my life, my exaltation made me isolate them from everything else; I was confined to the present, as heroes are or drunkards; eclipsed for the moment, my past no longer projected before me that shadow of itself which we call our future; placing the goal of my life no longer in the realisation of the dreams of that past, but in the felicity of the present moment, I could see nothing now of what lay beyond it.
214	213	0.291	De sorte que, par une contradiction qui n’était qu’apparente, c’est au moment où j’éprouvais un plaisir exceptionnel, où je sentais que ma vie pouvait être heureuse, où elle aurait dû avoir à mes yeux plus de prix, c’est à ce moment que, délivré des soucis qu’elle avait pu m’inspirer jusque-là, je la livrais sans hésitation au hasard d’un accident.	So that, by a contradiction which, however, was only apparent, it was at the very moment in which I was tasting an unfamiliar pleasure, feeling that my life might yet be happy, in which it should have become more precious in my sight; it was at this very moment that, delivered from the anxieties which my life had hitherto contrived to suggest to me, I unhesitatingly abandoned it to the chance of an accident.
215	214	0.375	Je ne faisais, du reste, en somme, que concentrer dans une soirée l’incurie qui pour les autres hommes est diluée dans leur existence entière où journellement ils affrontent sans nécessité le risque d’un voyage en mer, d’une promenade en aéroplane ou en automobile, quand les attend à la maison l’être que leur mort briserait ou quand est encore lié à la fragilité de leur cerveau le livre dont la prochaine mise au jour est la seule raison de leur vie.	After all, I was doing no more than concentrate in a single evening the carelessness that, for most men, is diluted throughout their whole existence, in which every day they face, unnecessarily, the dangers of a sea-voyage, of a trip in an aeroplane or motor-car, when there is waiting for them at home the creature whose life their death would shatter, or when there is still stored in the fragile receptacle of their brain that book the approaching publication of which is their one object, now, in life.
216	215	0.276	Et de même dans le restaurant de Rivebelle, les soirs où nous y restions, si quelqu’un était venu dans l’intention de me tuer, comme je ne voyais plus que dans un lointain sans réalité ma grand-mère, ma vie à venir, mes livres à composer, comme j’adhérais tout entier à l’odeur de la femme qui était à la table voisine, à la politesse des maîtres d’hôtel, au contour de la valse qu’on jouait, que j’étais collé à la sensation présente, n’ayant pas plus d’extension qu’elle ni d’autre but que de ne pas en être séparé, je serais mort contre elle, je me serais laissé massacrer sans offrir de défense, sans bouger, abeille engourdie par la fumée du tabac, qui n’a plus le souci de préserver sa ruche.	And so too in the Rivebelle restaurant, on evenings when we just stayed there after dinner, if anyone had come in with the intention of killing me, as I no longer saw, save in a distant prospect too remote to have any reality, my grandmother, my life to come, the books that I was going to write, as I clung now, body and mind, wholly to the scent of the lady at the next table, the politeness of the waiters, the outline of the waltz that the band was playing, as I was glued to my immediate sensation, with no extension beyond its limits, nor any object other than not to be separated from it, I should have died in and with that sensation, I should have let myself be strangled without offering any resistance, without a movement, a bee drugged with tobacco smoke that had ceased to take any thought for preserving the accumulation of its labours and the hopes of its hive.
217	216	0.498	Je dois du reste dire que cette insignifiance où tombaient les choses les plus graves, par contraste avec la violence de mon exaltation, finissait par comprendre même Mlle Simonet et ses amies.	I ought here to add that this insignificance into which the most serious matters subsided, by contrast with the violence of my exaltation, came in the end to include Mlle. Simonet and her friends.
218	217	0.590	L’entreprise de les connaître me semblait maintenant facile mais indifférente, car ma sensation présente seule, grâce à son extraordinaire puissance, à la joie que provoquaient ses moindres modifications et même sa simple continuité, avait de l’importance pour moi; tout le reste, parents, travail, plaisirs, jeunes filles de Balbec, ne pesait pas plus qu’un flocon d’écume dans un grand vent qui ne le laisse pas se poser, n’existait plus que relativement à cette puissance intérieure: l’ivresse réalise pour quelques heures l’idéalisme subjectif, le phénoménisme pur; tout n’est plus qu’apparences et n’existe plus qu’en fonction de notre sublime nous-même.	The enterprise of knowing them seemed to me easy now but hardly worth the trouble, for my immediate sensation alone, thanks to its extraordinary intensity, to the joy that its slightest modifications, its mere continuity provoked, had any importance for me; all the rest, parents, work, pleasures, girls at Balbec, weighed with me no more than does a flake of foam in a strong wind that will not let it find a resting place, existed no longer save in relation to this internal power: intoxication makes real for an hour or two a subjective idealism, pure phenomenism; nothing is left now but appearances, nothing exists save as a function of our sublime self.
219	218	0.420	Ce n’est pas, du reste, qu’un amour véritable, si nous en avons un, ne puisse subsister dans un semblable état.	This is not to say that a genuine love, if we have one, cannot survive in such conditions.
220	219	0.444	Mais nous sentons si bien, comme dans un milieu nouveau, que des pressions inconnues ont changé les dimensions de ce sentiment que nous ne pouvons pas le considérer pareillement.	But we feel so unmistakably, as though in a new atmosphere, that unknown pressures have altered the dimensions of that sentiment that we can no longer consider it in the old way.
221	220	0.343	Ce même amour, nous le retrouvons bien, mais déplacé, ne pesant plus sur nous, satisfait de la sensation que lui accorde le présent et qui nous suffit, car de ce qui n’est pas actuel nous ne nous soucions pas.	It is indeed still there and we shall find it, but in a different place, no longer weighing upon us, satisfied by the sensation which the present affords it, a sensation that is sufficient for us, since for what is not actually present we take no thought.
222	221	0.618	Malheureusement le coefficient qui change ainsi les valeurs ne les change que dans cette heure d’ivresse.	Unfortunately the coefficient which thus alters our values alters them only in the hour of intoxication.
223	222	0.529	Les personnes qui n’avaient plus d’importance et sur lesquelles nous soufflions comme sur des bulles de savon reprendront le lendemain leur densité; il faudra essayer de nouveau de se remettre aux travaux qui ne signifiaient plus rien.	The people who had lost all their importance, whom we scattered with our breath like soap-bubbles, will to-morrow resume their density; we shall have to try afresh to settle down to work which this evening had ceased to have any significance.
224	223	0.383	Chose plus grave encore, cette mathématique du lendemain, la même que celle d’hier et avec les problèmes de laquelle nous nous retrouverons inexorablement aux prises, c’est celle qui nous régit même pendant ces heures-là, sauf pour nous-même.	A more serious matter still, these mathematics of the morrow, the same as those of yesterday, in whose problems we shall find ourselves inexorably involved, it is they that govern us even in these hours, and we alone are unconscious of their rule.
225	224	0.388	S’il se trouve près de nous une femme vertueuse ou hostile, cette chose si difficile la veille — à savoir que nous arrivions à lui plaire — nous semble maintenant un million de fois plus aisée sans l’être devenue en rien, car ce n’est qu’à nos propres yeux, à nos propres yeux intérieurs que nous avons changé.	If there should happen to be, near us, a woman, virtuous or inimical, that question so difficult an hour ago — to know whether we should succeed in finding favour with her — seems to us now a million times easier of solution without having become easier in any respect, for it is only in our own sight, in our own inward sight that we have altered.
226	225	0.412	Et elle est aussi mécontente à l’instant même que nous nous soyons permis une familiarité que nous le serons le lendemain d’avoir donné cent francs au chasseur et, pour la même raison, qui pour nous a été seulement retardée: l’absence d’ivresse.	And she is as much annoyed with us at this moment as we shall be next day at the thought of our having given a hundred francs to the messenger, and for the same reason which in our case has merely been delayed in its operation, namely the absence of intoxication.
227	226	0.573	Je ne connaissais aucune des femmes qui étaient à Rivebelle, et qui, parce qu’elles faisaient partie de mon ivresse comme les reflets font partie du miroir, me paraissaient mille fois plus désirables que la de moins en moins existante Mlle Simonet.	I knew none of the women who were at Rivebelle and, because they formed a part of my intoxication just as its reflexions form part of a mirror, appeared to me now a thousand times more to be desired than the less and less existent Mlle. Simonet.
228	227	0.445	Une jeune blonde, seule, à l’air triste, sous son chapeau de paille piqué de fleurs des champs me regarda un instant d’un air rêveur et me parut agréable.	One of them, young, fair, by herself, with a sad expression on a face framed in a straw hat trimmed with field-flowers, gazed at me for a moment with a dreamy air and struck me as being attractive.
229	228	0.654	Puis ce fut le tour d’une autre, puis d’une troisième; enfin d’une brune au teint éclatant.	Then it was the turn of another, and of a third; finally of a dark one with glowing cheeks.
230	229	0.620	Presque toutes étaient connues, à défaut de moi, par Saint-Loup.	Almost all of them were known, if not to myself, to Saint-Loup.
231	230	0.483	Avant qu’il eût fait la connaissance de sa maîtresse actuelle, il avait en effet tellement vécu dans le monde restreint de la noce, que de toutes les femmes qui dînaient ces soirs-là à Rivebelle et dont beaucoup s’y trouvaient par hasard, étant venues au bord de la mer, certaines pour retrouver leur amant, d’autres pour tâcher d’en trouver un, il n’y en avait guère qu’il ne connût pour avoir passé — lui-même ou tel de ses amis — au moins une nuit avec elles.	He had, in fact, before he made the acquaintance of his present mistress, lived so much in the restricted world of amorous adventure that all the women who would be dining on these evenings at Rivebelle, where many of them had appeared quite by chance, having come to the coast some to join their lovers, others in the hope of finding fresh lovers there, there was scarcely one that he did not know from having spent — or if not he, one or other of his friends — at least one night in their company.
232	231	0.507	Il ne les saluait pas si elles étaient avec un homme, et elles, tout en le regardant plus qu’un autre parce que l’indifférence qu’on lui savait pour toute femme qui n’était pas son actrice lui donnait aux yeux de celles-ci un prestige singulier, elles avaient l’air de ne pas le connaître.	He did not bow to them if they were with men, and they, albeit they looked more at him than at anyone else, for the indifference which he was known to feel towards every woman who was not his actress gave him in their eyes an exceptional interest, appeared not to know him.
233	232	0.490	Et l’une chuchotait: «C’est le petit Saint-Loup.	"But you could hear them whispering: ""That's young Saint-Loup."
234	233	0.372	Il paraît qu’il aime toujours sa grue.	It seems he's still quite gone on that girl of his.
235	234	-0.049	C’est la grande amour.	Got it bad, he has.
236	235	0.461	Quel joli garçon!	What a dear boy!
237	236	0.497	Moi je le trouve épatant; et quel chic!	I think he's just wonderful; and what style!
238	237	0.212	Il y a tout de même des femmes qui ont une sacrée veine.	Some girls do have all the luck, don't they?
239	238	0.382	Et un chic type en tout.	And he's so nice in every way.
240	239	0.468	Je l’ai bien connu quand j’étais avec d’Orléans.	I saw a lot of him when I was with d'Orléans.
241	240	0.466	C’était les deux inséparables.	They were quite inseparable, those two.
242	241	0.274	Il en faisait une noce à ce moment-là!	He was going the pace, that time.
243	242	0.324	Mais ce n’est plus ça; il ne lui fait pas de queues.	But he's given it all up now, she can't complain.
244	243	0.379	Ah! elle peut dire qu’elle en a une chance.	She's had a good run of luck, that she can say.
245	244	0.556	Et je me demande qu’est-ce qu’il peut lui trouver.	And I ask you, what in the world can he see in her?
246	245	0.293	Il faut qu’il soit tout de même une fameuse truffe.	He must be a bit of a chump, when all's said and done.
247	246	0.560	Elle a des pieds comme des bateaux, des moustaches à l’américaine et des dessous sales!	She's got feet like boats, whiskers like an American, and her undies are filthy.
248	247	0.283	Je crois qu’une petite ouvrière ne voudrait pas de ses pantalons.	I can tell you, a little shop girl would be ashamed to be seen in her knickers.
249	248	0.526	Regardez-moi un peu quels yeux il a, on se jetterait au feu pour un homme comme ça.	Do just look at his eyes a moment; you would jump into the fire for a man like that.
250	249-250	0.274	Tiens, tais-toi, il m’a reconnue, il rit, oh! il me connaissait bien.	Hush, don't say a word; he's seen me; look, he's smiling. Oh, he remembers me all right.
251	251	0.166	On n’a qu’à lui parler de moi.»	"Just you mention my name to him, and see what he says!"""
252	252	0.414	Entre elles et lui je surprenais un regard d’intelligence.	Between these girls and him I surprised a glance of mutual understanding.
253	253	0.385	J’aurais voulu qu’il me présentât à ces femmes, pouvoir leur demander un rendez-vous et qu’elles me l’accordassent même si je n’avais pas pu l’accepter.	I should have liked him to introduce me to them, so that I might ask them for assignations and they give them to me, even if I had been unable to keep them.
254	254	0.454	Car sans cela leur visage resterait éternellement dépourvu, dans ma mémoire, de cette partie de lui-même — et comme si elle était cachée par un voile — qui varie avec toutes les femmes, que nous ne pouvons imaginer chez l’une quand nous ne l’y avons pas vue, et qui apparaît seulement dans le regard qui s’adresse à nous et qui acquiesce à notre désir et nous promet qu’il sera satisfait.	For otherwise their appearance would remain for all time devoid, in my memory, of that part of itself — just as though it had been hidden by a veil — which varies in every woman, which we cannot imagine in any woman until we have actually seen it in her, and which is apparent only in the glance that she directs at us, that acquiesces in our desire and promises that it shall be satisfied.
255	255	0.319	Et pourtant même aussi réduit, leur visage était pour moi bien plus que celui des femmes que j’aurais su vertueuses et ne me semblait pas comme le leur, plat, sans dessous, composé d’une pièce unique et sans épaisseur.	And yet, even when thus reduced, their aspect was for me far more than that of women whom I should have known to be virtuous, and it seemed to me not to be, like theirs, flat, with nothing behind it, fashioned in one piece with no solidity.
256	256	0.407	Sans doute il n’était pas pour moi ce qu’il devait être pour Saint-Loup qui par la mémoire, sous l’indifférence, pour lui transparente, des traits immobiles qui affectaient de ne pas le connaître ou sous la banalité du même salut que l’on eût adressé aussi bien à tout autre, se rappelait, voyait, entre des cheveux défaits, une bouche pâmée et des yeux mi-clos, tout un tableau silencieux comme ceux que les peintres, pour tromper le gros des visiteurs revêtent d’une toile décente.	It was not, of course, for me what it must be for Saint-Loup who, by an act of memory, beneath the indifference, transparent to him, of the motionless features which affected not to know him, or beneath the dull formality of the greeting that might equally well have been addressed to anyone else, could recall, could see, through dishevelled locks, a swooning mouth, a pair of half-closed eyes, a whole silent picture like those that painters, to cheat their visitors' senses, drape with a decent covering.
257	257	0.364	Certes, pour moi au contraire qui sentais que rien de mon être n’avait pénétré en telle ou telle de ces femmes et n’y serait emporté dans les routes inconnues qu’elle suivrait pendant sa vie, ces visages restaient fermés.	Undoubtedly, for me who felt that nothing of my personality had penetrated the surface of this woman or that, or would be borne by her upon the unknown ways which she would tread through life, those faces remained sealed.
258	258	0.433	Mais c’était déjà assez de savoir qu’ils s’ouvraient pour qu’ils me semblassent d’un prix que je ne leur aurais pas trouvé s’ils n’avaient été que de belles médailles, au lieu de médaillons sous lesquels se cachaient des souvenirs d’amour.	But it was quite enough to know that they did open, for them to seem to me of a price which I should not have set on them had they been but precious medals, instead of lockets within which were hidden memories of love.
259	259	0.470	Quand à Robert, tenant à peine en place, quand il était assis, dissimulant sous un sourire d’homme de cour l’avidité d’agir en homme de guerre, à le bien regarder, je me rendais compte combien l’ossature énergique de son visage triangulaire devait être la même que celle de ses ancêtres, plus faite pour un ardent archer que pour un lettré délicat.	As for Robert, scarcely able to keep in his place at table, concealing beneath a courtier's smile his warrior's thirst for action — when I examined him I could see how closely the vigorous structure of his triangular face must have been modelled on that of his ancestors' faces, a face devised rather for an ardent bowman than for a delicate student.
260	260	0.586	Sous la peau fine, la construction hardie, l’architecture féodale apparaissaient.	Beneath his fine skin the bold construction, the feudal architecture were apparent.
261	261	0.580	Sa tête faisait penser à ces tours d’antiques donjons dont les créneaux inutilisés restent visibles, mais qu’on a aménagées intérieurement en bibliothèque.	His head made one think of those old dungeon keeps on which the disused battlements are still to be seen, although inside they have been converted into libraries.
262	262	0.689	En rentrant à Balbec, de telle de ces inconnues à qui il m’avait présenté je me redisais sans m’arrêter une seconde et pourtant sans presque m’en apercevoir: «Quelle femme délicieuse!» comme on chante un refrain.	"On our way back to Balbec, of those of the fair strangers to whom he had introduced me I would repeat to myself without a moment's interruption, and yet almost unconsciously: ""What a delightful woman!"" as one chimes in with the refrain of a song."
263	263	0.566	Certes, ces paroles étaient plutôt dictées par des dispositions nerveuses que par un jugement durable.	I admit that these words were prompted rather by the state of my nerves than by any lasting judgment.
264	264	0.596	Il n’en est pas moins vrai que si j’eusse eu mille francs sur moi et qu’il y eût encore des bijoutiers d’ouverts à cette heure-là, j’eusse acheté une bague à l’inconnue.	It was nevertheless true that if I had had a thousand francs on me and if there had still been a jeweller's shop open at that hour, I should have bought the lady a ring.
265	265	0.521	Quand les heures de notre vie se déroulent ainsi que des plans trop différents, on se trouve donner trop de soi pour des personnes diverses qui le lendemain vous semblent sans intérêt.	When the successive hours of our life are thus displayed against too widely dissimilar backgrounds, we find that we give away too much of ourselves to all sorts of people who next day will not interest us in the least.
266	266	0.467	Mais on se sent responsable de ce qu’on leur a dit la veille et on veut y faire honneur.	But we feel that we are still responsible for what we said to them overnight, and that we must honour our promises.
267	267	0.531	Comme ces soirs-là je rentrais plus tard, je retrouvais avec plaisir dans ma chambre qui n’était plus hostile le lit où, le jour de mon arrivée, j’avais cru qu’il me serait toujours impossible de me reposer et où maintenant mes membres si las cherchaient un soutien; de sorte que successivement mes cuisses, mes hanches, mes épaules tâchaient d’adhérer en tous leurs points aux draps qui enveloppaient le matelas, comme si ma fatigue, pareille à un sculpteur, avait voulu prendre un moulage total d’un corps humain.	As on these evenings I came back later than usual to the hotel, it was with joy that I recognised, in a room no longer hostile, the bed on which, on the day of my arrival, I had supposed that it would always be impossible for me to find any rest, whereas now my weary limbs turned to it for support; so that, in turn, thighs, hips, shoulders burrowed into, trying to adhere at every angle to the sheets that covered its mattress, as if my fatigue, like a sculptor, had wished to take a cast of an entire human body.
268	268	0.499	Mais je ne pouvais m’endormir, je sentais approcher le matin; le calme, la bonne santé n’étaient plus en moi.	But I could not go to sleep; I felt the approach of morning; peace of mind, health of body were no longer mine.
269	269	0.441	Dans ma détresse, il me semblait que jamais je ne les retrouverais plus.	In my distress it seemed that never should I recapture them.
270	270	0.335	Il m’eût fallu dormir longtemps pour les rejoindre.	I should have had to sleep for a long time if I were to overtake them.
271	271	0.426	Or, me fussé-je assoupi, que de toutes façons je serais réveillé deux heures après par le concert symphonique.	But then, had I begun to doze, I must in any event be awakened in a couple of hours by the symphonic concert on the beach.
272	272	0.489	Tout à coup je m’endormais, je tombais dans ce sommeil lourd où se dévoilent pour nous le retour à la jeunesse, la reprise des années passées, des sentiments perdus, la désincarnation, la transmigration des âmes, l’évocation des morts, les illusions de la folie, la régression vers les règnes les plus élémentaires de la nature (car on dit que nous voyons souvent des animaux en rêve, mais on oublie que presque toujours que nous y sommes nous-même un animal privé de cette raison qui projette sur les choses une clarté de certitude; nous n’y offrons au contraire, au spectacle de la vie, qu’une vision douteuse et à chaque minute anéantie par l’oubli, la réalité précédente s’évanouissant devant celle qui lui succède comme une projection de lanterne magique devant la suivante quand on a changé le verre), tous ces mystères que nous croyons ne pas connaître et auxquels nous sommes en réalité initiés presque toutes les nuits ainsi qu’à l’autre grand mystère de l’anéantissement et de la résurrection.	Suddenly I was asleep, I had fallen into that deep slumber in which are opened to us a return to childhood, the recapture of past years, of lost feelings, the disincarnation, the transmigration of the soul, the evoking of the dead, the illusions of madness, retrogression towards the most elementary of the natural kingdoms (for we say that we often see animals in our dreams, but we forget almost always that we are ourself then an animal deprived of that reasoning power which projects upon things the light of certainty; we present on the contrary to the spectacle of life only a dubious vision, destroyed afresh every moment by oblivion, the former reality fading before that which follows it as one projection of a magic lantern fades before the next as we change the slide), all those mysteries which we imagine ourselves not to know and into which we are in reality initiated almost every night, as we are into the other great mystery of annihilation and resurrection.
273	273	0.499	Rendue plus vagabonde par la digestion difficile du dîner de Rivebelle, l’illumination successive et errante de zones assombries de mon passé faisait de moi un être dont le suprême bonheur eût été de rencontrer Legrandin avec lequel je venais de causer en rêve.	Rendered more vagabond by the difficulty of digesting my Rivebelle dinner, the successive and flickering illumination of shadowy zones of my past made of me a being whose supreme happiness would have been that of meeting Legrandin, with whom I had just been talking in my dream.
274	274	0.369	Puis, même ma propre vie m’était entièrement cachée par un décor nouveau, comme celui planté tout au bord du plateau et devant lequel pendant que, derrière, on procède aux changements de tableaux, des acteurs donnent un divertissement.	"And then, even my own life was entirely hidden from me by a new setting, like the ""drop"" lowered right at the front of the stage before which, while the scene shifters are busy behind, actors appear in a fresh ""turn""."
275	275	0.488	Celui où je tenais alors mon rôle, était dans le goût des contes orientaux, je n’y savais rien de mon passé ni de moi-même, à cause de cet extrême rapprochement d’un décor interposé; je n’étais qu’un personnage qui recevait la bastonnade et subissais des châtiments variés pour une faute que je n’apercevais pas mais qui était d’avoir bu trop de porto.	The turn in which I was now cast for a part was in the manner of an Oriental fairy tale; I retained no knowledge of my past or of myself, on account of the intense proximity of this interpolated scenery; I was merely a person who received the bastinado and underwent various punishments for a crime the nature of which I could not distinguish, though it was actually that of having taken too much port wine.
276	276	0.433	Tout à coup je m’éveillais, je m’apercevais qu’à la faveur d’un long sommeil, je n’avais pas entendu le concert symphonique.	Suddenly I awoke and discovered that, thanks to a long sleep, I had not heard a note of the concert.
277	277	0.450	C’était déjà l’après-midi; je m’en assurais à ma montre, après quelques efforts pour me redresser, efforts infructueux d’abord et interrompus par des chutes sur l’oreiller, mais de ces chutes courtes qui suivent le sommeil comme les autres ivresses, que ce soit le vin qui les procure, ou une convalescence; du reste avant même d’avoir regardé l’heure j’étais certain que midi était passé.	It was already afternoon; I verified this by my watch after several efforts to sit up in bed, efforts fruitless at first and interrupted by backward falls on to my pillow, but those short falls which are a sequel of sleep as of other forms of intoxication, whether due to wine or to convalescence; besides, before I had so much as looked at the time, I was certain that it was past midday.
278	278	0.343	Hier soir, je n’étais plus qu’un être vidé, sans poids (et comme il faut avoir été couché pour être capable de s’asseoir et avoir dormi pour l’être de se taire), je ne pouvais cesser de remuer ni de parler, je n’avais plus de consistance, de centre de gravité, j’étais lancé, il me semblait que j’aurais pu continuer ma morne course jusque dans la lune.	Last night I had been nothing more than an empty vessel, without weight, and (since I must first have gone to bed to be able to keep still, and have been asleep to be able to keep silent) had been unable to refrain from moving about and talking; I had no longer any stability, any centre of gravity, I was set in motion and it seemed that I might have continued on my dreary course until I reached the moon.
279	279	0.333	Or, si en dormant mes yeux n’avaient pas vu l’heure, mon corps avait su la calculer, il avait mesuré le temps non pas sur un cadran superficiellement figuré, mais par la pesée progressive de toutes mes forces refaites que comme une puissante horloge il avait cran par cran laissé descendre de mon cerveau dans le reste de mon corps où elles entassaient maintenant jusque au-dessus de mes genoux l’abondance intacte de leurs provisions.	But if, while I slept, my eyes had not seen the time, my body had nevertheless contrived to calculate it; had measured the hours; not on a dial superficially marked and figured, but by the steadily growing weight of all my replenished forces which, like a powerful clockwork, it had allowed, notch by notch, to descend from my brain into the rest of my body in which there had risen now to above my knees the unbroken abundance of their store.
280	280	0.321	S’il est vrai que la mer ait été autrefois notre milieu vital où il faille replonger notre sang pour retrouver nos forces, il en est de même de l’oubli, du néant mental; on semble alors absent du temps pendant quelques heures; mais les forces qui se sont rangées pendant ce temps-là sans être dépensées le mesurent par leur quantité aussi exactement que les poids de l’horloge où les croulants monticules du sablier.	If it is true that the sea was once upon a time our native element, into which we must plunge our cooling blood if we are to recover our strength, it is the same with the oblivion, the mental non-existence of sleep; we seem then to absent ourselves for a few hours from Time, but the forces which we have gathered in that interval without expending them, measure it by their quantity as accurately as the pendulum of the clock or the crumbling pyramid of the sandglass.
281	281	0.444	On ne sort, d’ailleurs, pas plus aisément d’un tel sommeil que de la veille prolongée, tant toutes choses tendent à durer et s’il est vrai que certains narcotiques font dormir, dormir longtemps est un narcotique plus puissant encore, après lequel on a bien de la peine à se réveiller.	Nor does one emerge more easily from such sleep than from a prolonged spell of wakefulness, so strongly does everything tend to persist; and if it is true that certain narcotics make us sleep, to have slept for any time is an even stronger narcotic, after which we have great difficulty in making ourselves wake up.
282	282	0.504	Pareil à un matelot qui voit bien le quai où amarrer sa barque, secouée cependant encore par les flots, j’avais bien l’idée de regarder l’heure et de me lever, mais mon corps était à tout instant rejeté dans le sommeil; l’atterrissage était difficile, et avant de me mettre debout pour atteindre ma montre et confronter son heure avec celle qu’indiquait la richesse de matériaux dont disposaient mes jambes rompues, je retombais encore deux ou trois fois sur mon oreiller.	Like a sailor who sees plainly the harbour in which he can moor his vessel, still tossed by the waves, I had a quite definite idea of looking at the time and of getting up, but my body was at every moment cast back upon the tide of sleep; the landing was difficult, and before I attained a position in which I could reach my watch and confront with its time that indicated by the wealth of accumulated material which my stiffened limbs had at their disposal, I fell back two or three times more upon my pillow.
283	283-284	0.267	Enfin je voyais clairement: «deux heures de l’après-midi!» je sonnais, mais aussitôt je rentrais dans un sommeil qui cette fois devait être infiniment plus long, si j’en jugeais par le repos et la vision d’une immense nuit dépassée, que je trouvais au réveil.	"At length I could reach and read it: ""Two o'clock in the afternoon!"" I rang; but at once I returned to a slumber which, this time, must have lasted infinitely longer, if I was to judge by the refreshment, the vision of an immense night overpassed, which I found on awakening."
284	285	0.444	Pourtant comme celui-ci était causé par l’entrée de Françoise, entrée qu’avait elle-même motivée mon coup de sonnette, ce nouveau sommeil qui me paraissait avoir dû être plus long que l’autre et avait amené en moi tant de bien-être et d’oubli, n’avait duré qu’une demi-minute.	And yet as my awakening was caused by the entry of Françoise, and as her entry had been prompted by my ringing the bell, this second sleep which, it seemed to me, must have been longer than the other, and had brought me so much comfort and forgetfulness, could not have lasted for more than half a minute.
285	286	0.634	Ma grand-mère ouvrait la porte de ma chambre, je lui posais mille questions sur la famille Legrandin.	My grandmother opened the door of my bedroom; I asked her various questions about the Legrandin family.
286	287	0.565	Ce n’est pas assez de dire que j’avais rejoint le calme et la santé, car c’était plus qu’une simple distance qui les avait la veille séparés de moi, j’avais eu toute la nuit à lutter contre un flot contraire, et puis je ne me retrouvais pas seulement auprès d’eux, ils étaient rentrés en moi.	It is not enough to say that I had returned to tranquillity and health, for it was more than a mere interval of space that had divided them from me yesterday, I had had all night long to struggle against a contrary tide, and now I not only found myself again in their presence, they had once more entered into me.
287	288	0.486	A des points précis et encore un peu douloureux de ma tête vide et qui serait un jour brisée, laissant mes idées s’échapper à jamais, celles-ci avaient une fois encore repris leur place, et retrouvé cette existence dont hélas! jusqu’ici elles n’avaient pas su profiter.	At certain definite and still somewhat painful points beneath the surface of my empty head which would one day be broken, letting my ideas escape for all time, those ideas had once again taken their proper places and resumed that existence by which hitherto, alas, they had failed to profit.
288	289	0.387	Une fois de plus j’avais échappé à l’impossibilité de dormir, au déluge, au naufrage des crises nerveuses.	Once again I had escaped from the impossibility of sleeping, from the deluge, the shipwreck of my nervous storms.
289	290	0.359	Je ne craignais plus du tout ce qui me menaçait la veille au soir quand j’étais démuni de repos.	I feared now not at all the menaces that had loomed over me the evening before, when I was dismantled of repose.
290	291	0.570	Une nouvelle vie s’ouvrait devant moi; sans faire un seul mouvement, car j’étais encore brisé quoique déjà dispos, je goûtais ma fatigue avec allégresse; elle avait isolé et rompu les os de mes jambes, de mes bras, que je sentais assemblés devant moi, prêts à se rejoindre, et que j’allais relever rien qu’en chantant comme l’architecte de la fable.	A new life was opening before me; without making a single movement, for I was still shattered, although quite alert and well, I savoured my weariness with a light heart; it had isolated and broken asunder the bones of my legs and arms, which I could feel assembled before me, ready to cleave together, and which I was to raise to life merely by singing, like the builder in the fable.
291	292	0.480	Tout à coup je me rappelai la jeune blonde à l’air triste que j’avais vue à Rivebelle et qui m’avait regardé un instant.	Suddenly I thought of the fair girl with the sad expression whom I had seen at Rivebelle, where she had looked at me for a moment.
292	293	0.435	Pendant toute la soirée, bien d’autres m’avaient semblé agréables, maintenant elle venait seule de s’élever du fond de mon souvenir.	Many others, in the course of the evening, had seemed to me attractive; now she alone arose from the dark places of my memory.
293	294	0.343	Il me semblait qu’elle m’avait remarqué, je m’attendais à ce qu’un des garçons de Rivebelle vînt me dire un mot de sa part.	I had felt that she noticed me, had expected one of the waiters to come to me with a whispered message from her.
294	295	0.487	Saint-Loup ne la connaissait pas et croyait qu’elle était comme il faut.	Saint-Loup did not know her and fancied that she was respectable.
295	296	0.625	Il serait bien difficile de la voir, de la voir sans cesse.	It would be very difficult to see her, to see her constantly.
296	297	0.601	Mais j’étais prêt à tout pour cela, je ne pensais plus qu’à elle.	But I was prepared to make any sacrifice, I thought now only of her.
297	298	0.606	La philosophie parle souvent d’actes libres et d’actes nécessaires.	Philosophy distinguishes often between free and necessary acts.
298	299	0.423	Peut-être n’en est-il pas de plus complètement subi par nous, que celui qui en vertu d’une force ascensionnelle comprimée pendant l’action, fait jusque-là, une fois notre pensée au repos, remonter ainsi un souvenir nivelé avec les autres par la force oppressive de la distraction, et s’élancer parce qu’à notre insu il contenait plus que les autres un charme dont nous ne nous apercevons que vingt quatre heures après.	Perhaps there is none to the necessity of which we are more completely subjected than that which, by virtue of an ascending power held in check during the act itself, makes so unfailingly (once our mind is at rest) spring up a memory that was levelled with other memories by the distributed pressure of our indifference, and rush to the surface, because unknown to us it contained, more than any of the others, a charm of which we do not become aware until the following day.
299	300	0.463	Et peut-être n’y a-t-il pas non plus d’acte aussi libre, car il est encore dépourvu de l’habitude, de cette sorte de manie mentale qui, dans l’amour, favorise la renaissance exclusive de l’image d’une certaine personne.	And perhaps there is not, either, any act so free, for it is still unprompted by habit, by that sort of mental hallucination which, when we are in love, facilitates the invariable reappearance of the image of one particular person.
300	301	0.543	Ce jour-là était justement le lendemain de celui où j’avais vu défiler devant la mer le beau cortège de jeunes filles.	This was the day immediately following that on which I had seen file past me against a background of sea the beautiful procession of young girls.
301	302	0.588	J’interrogeai à leur sujet plusieurs clients de l’hôtel, qui venaient presque tous les ans à Balbec.	I put questions about them to a number of the visitors in the hotel, people who came almost every year to Balbec.
302	303	0.402	Ils ne purent me renseigner.	They could tell me nothing.
303	304	0.499	Plus tard une photographie m’expliqua pourquoi.	Later on, a photograph shewed me why.
304	305	0.524	Qui eût pu reconnaître maintenant en elles, à peine mais déjà sorties d’un âge où on change si complètement, telle masse amorphe et délicieuse, encore tout enfantine, de petites filles que, quelques années seulement auparavant, on pouvait voir assises en cercle sur le sable, autour d’une tente: sorte de blanche et vague constellation où l’on n’eût distingué deux yeux plus brillants que les autres, un malicieux visage, des cheveux blonds, que pour les reperdre et les confondre bien vite au sein de la nébuleuse indistincte et lactée.	Who could ever recognise now in them, scarcely and yet quite definitely beyond an age in which one changes so utterly, that amorphous, delicious mass, still wholly infantine, of little girls who, only a few years back, might have been seen sitting in a ring on the sand round a tent; a sort of white and vague constellation in which one would have distinguished a pair of eyes that sparkled more than the rest, a mischievous face, flaxen hair, only to lose them again and to confound them almost at once in the indistinct and milky nebula.
305	306	0.409	Sans doute en ces années-là encore si peu éloignées, ce n’était pas comme la veille dans leur première apparition devant moi, la vision du groupe, mais le groupe lui-même qui manquait de netteté.	No doubt, in those earlier years that were still so recent, it was not, as it had been yesterday when they appeared for the first time before me, one's impression of the group, but the group itself that had been lacking in clearness.
306	307	0.431	Alors, ces enfants trop jeunes étaient encore à ce degré élémentaire de formation où la personnalité n’a pas mis son sceau sur chaque visage.	Then those children, mere babies, had been still at that elementary stage in their formation when personality has not set its seal on every face.
307	308	0.393	Comme ces organismes primitifs où l’individu n’existe guère par lui-même, est plutôt constitué par le polypier que par chacun des polypes qui le composent, elles restaient pressées les unes contre les autres.	Like those primitive organisms in which the individual barely exists by itself, consists in the reef rather than in the coral insects that compose it, they were still pressed one against another.
308	309	0.424	Parfois l’une faisait tomber sa voisine, et alors un fou rire qui semblait la seule manifestation de leur vie personnelle, les agitait toutes à la fois, effaçant, confondant ces visages indécis et grimaçants dans la gelée d’une seule grappe scintillatrice et tremblante.	Sometimes one pushed her neighbour over, and then a wild laugh, which seemed the sole manifestation of their personal life, convulsed them all at once, obliterating, confounding those indefinite, grinning faces in the congealment of a single cluster, scintillating and tremulous.
309	310	0.235	Dans une photographie ancienne qu’elles devaient me donner un jour, et que j’ai gardée, leur troupe enfantine offre déjà le même nombre de figurantes que plus tard leur cortège féminin; on y sent qu’elles devaient déjà faire sur la plage une tache singulière qui forçait à les regarder; mais on ne peut les y reconnaître individuellement que par le raisonnement, en laissant le champ libre à toutes les transformations possibles pendant la jeunesse jusqu’à la limite où ces formes reconstituées empiéteraient sur une autre individualité qu’il faut identifier aussi et dont le beau visage, à cause de la concomitance d’une grande taille et de cheveux frisés, a chance d’avoir été jadis ce ratatinement de grimace rabougrie présenté par la carte-album; et la distance parcourue en peu de temps par les caractères physiques de chacune de ces jeunes filles, faisant d’eux un critérium fort vague et d’autre part ce qu’elles avaient de commun et comme de collectif étant dès lors marqué, il arrivait parfois à leurs meilleures amies de les prendre l’une pour l’autre sur cette photographie, si bien que le doute ne pouvait finalement être tranché que par tel accessoire de toilette que l’une était certaine d’avoir porté, à l’exclusion des autres.	In an old photograph of themselves, which they were one day to give me, and which I have kept ever since, their infantile troop already presents the same number of participants as, later, their feminine procession; one can see from it that their presence must, even then, have made on the beach an unusual mark which forced itself on the attention; but one cannot recognise them individually in it save by a process of reasoning, leaving a clear field to all the transformations possible during girlhood, up to the point at which one reconstructed form would begin to encroach upon another individuality, which must be identified also, and whose handsome face, owing to the accessories of a large build and curly hair, may quite possibly have been, once, that wizened and impish little grin which the photograph album presents to us; and the distance traversed in a short interval of time by the physical characteristics of each of these girls making of them a criterion too vague to be of any use, whereas what they had in common and, so to speak, collectively, had at that early date been strongly marked, it sometimes happened that even their most intimate friends mistook one for another in this photograph, so much so that the question could in the last resort be settled only by some detail of costume which one of them could be certain that she herself, and not any of the others, had worn.
310	311	0.324	Depuis ces jours si différents de celui où je venais de les voir sur la digue, si différents et pourtant si proches, elles se laissaient encore aller au rire comme je m’en étais rendu compte la veille, mais à un rire qui n’était pas celui intermittent et presque automatique de l’enfance, détente spasmodique qui autrefois faisait à tous moments faire un plongeon à ces têtes comme les blocs de vairons dans la Vivonne se dispersaient et disparaissaient pour se reformer un instant après; leurs physionomies maintenant étaient devenues maîtresses d’elles-mêmes, leurs yeux étaient fixés sur le but qu’ils poursuivaient; et il avait fallu hier l’indécision et le tremblé de ma perception première pour confondre indistinctement, comme l’avait fait l’hilarité ancienne et la vieille photographie, les sporades aujourd’hui individualisées et désunies du pâle madrépore.	"Since those days, so different from the day on which I had just seen them strolling along the ""front"", so different and yet so close in time, they still gave way to fits of laughter, as I had observed that afternoon, but to laughter of a kind that was no longer the intermittent and almost automatic laughter of childhood, a spasmodic discharge which, in those days, had continually sent their heads dipping out of the circle, as the clusters of minnows in the Vivonne used to scatter and vanish only to gather again a moment later; each countenance was now mistress of itself, their eyes were fixed on the goal towards which they were marching; and it had taken, yesterday, the indecision and tremulousness of my first impression to make me confuse vaguely (as their childish hilarity and the old photograph had confused) the spores now individualised and disjoined of the pale madrepore."
311	312	0.446	Sans doute bien des fois, au passage de jolies jeunes filles, je m’étais fait la promesse de les revoir.	Repeatedly, I dare say, when pretty girls went by, I had promised myself that I would see them again.
312	313	0.521	D’habitude, elles ne reparaissent pas; d’ailleurs la mémoire qui oublie vite leur existence, retrouverait difficilement leurs traits; nos yeux ne les reconnaîtraient peut-être pas, et déjà nous avons vu passer de nouvelles jeunes filles que nous ne reverrons pas non plus.	As a rule, people do not appear a second time; moreover our memory, which speedily forgets their existence, would find it difficult to recall their appearance; our eyes would not recognise them, perhaps, and in the mean time we have seen new girls go by, whom we shall not see again either.
313	314	0.390	Mais d’autres fois, et c’est ainsi que cela devait arriver pour la petite bande insolente, le hasard les ramène avec insistance devant nous.	But at other times, and this was what was to happen with the pert little band at Balbec, chance brings them back insistently before our eyes.
314	315	0.595	Il nous paraît alors beau, car nous discernons en lui comme un commencement d’organisation, d’effort, pour composer notre vie; il nous rend facile, inévitable et quelquefois — après des interruptions qui ont pu faire espérer de cesser de nous souvenir — cruelle, la fidélité des images à la possession desquelles nous nous croirons plus tard avoir été prédestinés, et que sans lui nous aurions pu, tout au début, oublier, comme tant d’autres, si aisément.	Chance seems to us then a good and useful thing, for we discern in it as it were rudiments of organisation, of an attempt to arrange our life; and it makes easy to us, inevitable, and sometimes — after interruptions that have made us hope that we may cease to remember — cruel, the retention in our minds of images to the possession of which we shall come in time to believe that we were predestined, and which but for chance we should from the very first have managed to forget, like so many others, with so little difficulty.
315	316	0.618	Bientôt le séjour de Saint-Loup toucha à sa fin.	Presently Saint-Loup's visit drew to an end.
316	317	0.606	Je n’avais pas revu ces jeunes filles sur la plage.	I had not seen that party of girls again on the beach.
317	318	0.492	Il restait trop peu l’après-midi à Balbec pour pouvoir s’occuper d’elles et tâcher de faire, à mon intention, leur connaissance.	He was too little at Balbec in the afternoons to have time to bother about them, or to attempt, in my interest, to make their acquaintance.
318	319	0.603	Le soir il était plus libre et continuait à m’emmener souvent à Rivebelle.	In the evenings he was more free, and continued to take me constantly to Rivebelle.
319	320	0.576	Il y a dans ces restaurants, comme dans les jardins publics et les trains, des gens enfermés dans une apparence ordinaire et dont le nom nous étonne, si l’ayant par hasard demandé, nous découvrons qu’ils sont non l’inoffensif premier venu que nous supposions, mais rien de moins que le ministre ou le duc dont nous avons si souvent entendu parler.	There are, in those restaurants, as there are in public gardens and railway trains, people embodied in a quite ordinary appearance, whose name astonishes us when, having happened to ask it, we discover that this is not the mere inoffensive stranger whom we supposed but nothing less than the Minister or Duke of whom we have so often heard.
320	321	0.467	Déjà deux ou trois fois dans le restaurant de Rivebelle, nous avions, Saint-Loup et moi, vu venir s’asseoir à une table quand tout le monde commençait à partir un homme de grande taille, très musclé, aux traits réguliers, à la barbe grisonnante, mais de qui le regard songeur restait fixé avec application dans le vide.	Two or three times already, in the Rivebelle restaurant, we had — Saint-Loup and I — seen come in and sit down at a table when everyone else was getting ready to go, a man of large stature, very muscular, with regular features and a grizzled beard, gazing, with concentrated attention, into the empty air.
321	322	0.551	Un soir que nous demandions au patron qui était ce dîneur obscur, isolé et retardataire: «Comment, vous ne connaissiez pas le célèbre peintre Elstir?» nous dit-il.	"One evening, on our asking the landlord who was this obscure, solitary and belated diner, ""What!"" he exclaimed, ""do you mean to say you don't know the famous painter Elstir?"""
322	323	0.598	Swann une fois prononcé son nom devant moi, j’avais entièrement oublié à quel propos; mais l’omission d’un souvenir, comme celui d’un membre de phrase dans une lecture, favorise parfois non l’incertitude, mais l’éclosion d’une certitude prématurée.	Swann had once mentioned his name to me, I had entirely forgotten in what connexion; but the omission of a particular memory, like that of part of a sentence when we are reading, leads sometimes not to uncertainty but to a birth of certainty that is premature.
323	324	0.550	«C’est un ami de Swann, et un artiste très connu, de grande valeur», dis-je à Saint-Loup.	"""He is a friend of Swann, a very well known artist, extremely good,"" I told Saint-Loup."
324	325	0.505	Aussitôt passa sur lui et sur moi, comme un frisson, la pensée qu’Elstir était un grand artiste, un homme célèbre, puis, que nous confondant avec les autres dîneurs, il ne se doutait pas de l’exaltation où nous jetait l’idée de son talent.	Whereupon there passed over us both, like a wave of emotion, the thought that Elstir was a great artist, a celebrated man, and that, confounding us with the rest of the diners, he had no suspicion of the ecstasy into which we were thrown by the idea of his talent.
325	326	0.454	Sans doute, qu’il ignorât notre admiration, et que nous connaissions Swann, ne nous eût pas été pénible si nous n’avions pas été aux bains de mer.	Doubtless, his unconsciousness of our admiration and of our acquaintance with Swann would not have troubled us had we not been at the seaside.
326	327	0.570	Mais attardés à un âge où l’enthousiasme ne peut rester silencieux, et transportés dans une vie où l’incognito semble étouffant, nous écrivîmes une lettre signée de nos noms, où nous dévoilions à Elstir dans les deux dîneurs assis à quelques pas de lui deux amateurs passionnés de son talent, deux amis de son grand ami Swann et où nous demandions à lui présenter nos hommages.	But since we were still at an age when enthusiasm cannot keep silence, and had been transported into a life in which not to be known is unendurable, we wrote a letter, signed with both our names, in which we revealed to Elstir in the two diners seated within a few feet of him two passionate admirers of his talent, two friends of his great friend Swann, and asked to be allowed to pay our homage to him in person.
327	328	0.424	Un garçon se chargea de porter cette missive à l’homme célèbre.	A waiter undertook to convey this missive to the celebrity.
328	329	0.437	Célèbre, Elstir ne l’était peut-être pas encore à cette époque tout à fait autant que le prétendait le patron de l’établissement, et qu’il le fut d’ailleurs bien peu d’années plus tard.	A celebrity Elstir was, perhaps, not yet at this period quite to the extent claimed by the landlord, though he was to reach the height of his fame within a very few years.
329	330	0.452	Mais il avait été un des premiers à habiter ce restaurant alors que ce n’était encore qu’une sorte de ferme et à y amener une colonie d’artistes (qui avaient du reste tous émigré ailleurs dès que la ferme où l’on mangeait en plein air sous un simple auvent, était devenue un centre élégant; Elstir lui-même ne revenait en ce moment à Rivebelle qu’à cause d’une absence de sa femme avec laquelle il habitait non loin de là).	But he had been one of the first to frequent this restaurant when it was still only a sort of farmhouse, and had brought to it a whole colony of artists (who had all, as it happened, migrated elsewhere as soon as the farm-yard in which they used to feed in the open air, under a lean-to roof, had become a fashionable centre); Elstir himself had returned to Rivebelle this evening only on account of a temporary absence of his wife, from the house which he had taken in the neighbourhood.
330	331	0.441	Mais un grand talent, même quand il n’est pas encore reconnu, provoque nécessairement quelques phénomènes d’admiration, tels que le patron de la ferme avait été à même d’en distinguer dans les questions de plus d’une Anglaise de passage, avide de renseignements sur la vie que menait Elstir, ou dans le nombre de lettres que celui-ci recevait de l’étranger.	But great talent, even when its existence is not yet recognised, will inevitably provoke certain phenomena of admiration, such as the landlord had managed to detect in the questions asked by more than one English lady visitor, athirst for information as to the life led by Elstir, or in the number of letters that he received from abroad.
331	332	0.530	Alors le patron avait remarqué davantage qu’Elstir n’aimait pas être dérangé pendant qu’il travaillait, qu’il se relevait la nuit pour emmener un petit modèle poser nu au bord de la mer, quand il y avait clair de lune, et il s’était dit que tant de fatigues n’étaient pas perdues, ni l’admiration des touristes injustifiée, quand il avait dans un tableau d’Elstir reconnu une croix de bois qui était plantée à l’entrée de Rivebelle.	Then the landlord had further remarked that Elstir did not like to be disturbed when he was working, that he would rise in the middle of the night and take a little model down to the water's edge to pose for him, nude, if the moon was shining; and had told himself that so much labour was not in vain, nor the admiration of the tourists unjustified when he had, in one of Elstir's pictures, recognised a wooden cross which stood by the roadside as you came into Rivebelle.
332-333	333	0.422	«C’est bien elle, répétait-il avec stupéfaction. Il y a les quatre morceaux!	"""It's all right!"" he would repeat with stupefaction, ""there are all the four beams!"
334	334	0.397	Ah! aussi il s’en donne une peine!	"Oh, he does take a lot of trouble!"""
335	335	0.606	Et il ne savait pas si un petit «lever de soleil sur la mer» qu’Elstir lui avait donné, ne valait pas une fortune.	And he did not know whether a little _Sunrise over the Sea_ which Elstir had given him might not be worth a fortune.
336	336	0.491	Nous le vîmes lire notre lettre, la remettre dans sa poche, continuer à dîner, commencer à demander ses affaires, se lever pour partir, et nous étions tellement sûrs de l’avoir choqué par notre démarche que nous eussions souhaité maintenant (tout autant que nous l’avions redouté) de partir sans avoir été remarqués par lui.	We watched him read our letter, put it in his pocket, finish his dinner, begin to ask for his things, get up to go; and we were so convinced that we had shocked him by our overture that we would now have hoped (as keenly as at first we had dreaded) to make our escape without his noticing us.
337	337	0.466	Nous ne pensions pas un seul instant à une chose qui aurait dû pourtant nous sembler la plus importante, c’est que notre enthousiasme pour Elstir, de la sincérité duquel nous n’aurions pas permis qu’on doutât et dont nous aurions pu, en effet, donner comme témoignage notre respiration entrecoupée par l’attente, notre désir de faire n’importe quoi de difficile ou d’héroïque pour le grand homme, n’était pas, comme nous nous le figurions, de l’admiration, puisque nous n’avions jamais rien vu d’Elstir; notre sentiment pouvait avoir pour objet l’idée creuse de «un grand artiste», non pas une oeuvre qui nous était inconnue.	"We did not bear in mind for a single instant a consideration which should, nevertheless, have seemed to us most important, namely that our enthusiasm for Elstir, on the sincerity of which we should not have allowed the least doubt to be cast, which we could indeed have supported with the evidence of our breathing arrested by expectancy, our desire to do no matter what that was difficult or heroic for the great man, was not, as we imagined it to be, admiration, since neither of us had ever seen anything that he had painted; our feeling might have as its object the hollow idea of a ""great artist"", but not a body of work which was unknown to us."
338	338	0.538	C’était tout au plus de l’admiration à vide, le cadre nerveux, l’armature sentimentale d’une admiration sans contenu, c’est-à-dire quelque chose d’aussi indissolublement attaché à l’enfance que certains organes qui n’existent plus chez l’homme adulte; nous étions encore des enfants.	It was, at the most, admiration in the abstract, the nervous envelope, the sentimental structure of an admiration without content, that is to say a thing as indissolubly attached to boyhood as are certain organs which have ceased to exist in the adult man; we were still boys.
339	339	0.624	Elstir cependant allait arriver à la porte, quand tout à coup il fit un crochet et vint à nous.	Elstir meanwhile was reaching the door when suddenly he turned and came towards us.
340	340	0.602	J’étais transporté d’une délicieuse épouvante comme je n’aurais pu en éprouver quelques années plus tard, parce que, en même temps que l’âge diminue la capacité, l’habitude du monde ôte toute idée de provoquer d’aussi étranges occasions, de ressentir ce genre d’émotions.	I was transported by a delicious thrill of terror such as I could not have felt a few years later, because, while age diminishes our capacity, familiarity with the world has meanwhile destroyed in us any inclination to provoke such strange encounters, to feel that kind of emotion.
341	341	0.594	Dans les quelques mots qu’Elstir vint nous dire, en s’asseyant à notre table, il ne me répondit jamais, les diverses fois où je lui parlai de Swann.	In the course of the few words that Elstir had come back to say to us, sitting down at our table, he never gave any answer on the several occasions on which I spoke to him of Swann.
342	342	0.493	Je commençai à croire qu’il ne le connaissait pas.	I began to think that he did not know him.
343	343	0.500	Il ne m’en demanda pas moins d’aller le voir à son atelier de Balbec, invitation qu’il n’adressa pas à Saint-Loup, et que me valurent, ce que n’aurait peut-être pas fait la recommandation de Swann si Elstir eût été lié avec lui (car la part des sentiments désintéressés est plus grande qu’on ne croit dans la vie des hommes) quelques paroles qui lui firent penser que j’aimais les arts.	He asked me, nevertheless, to come and see him at his Balbec studio, an invitation which he did not extend to Saint-Loup, and which I had earned (as I might not, perhaps, from Swann's recommendation, had Elstir been intimate with him, for the part played by disinterested motives is greater than we are inclined to think in peopled lives) by a few words which made him think that I was devoted to the arts.
344	344	0.408	Il prodigua pour moi une amabilité, qui était aussi supérieure à celle de Saint-Loup que celle-ci à l’affabilité d’un petit bourgeois.	He lavished on me a friendliness which was as far above that of Saint-Loup as that was above the affability of a mere tradesman.
345	345	0.420	A côté de celle d’un grand artiste, l’amabilité d’un grand seigneur, si charmante soit-elle, a l’air d’un jeu d’acteur, d’une simulation.	Compared with that of a great artist, the friendliness of a great gentleman, charming as it may be, has the effect of an actor's playing a part, of being feigned.
346	346	0.678	Saint-Loup cherchait à plaire, Elstir aimait à donner, à se donner.	Saint-Loup sought to please; Elstir loved to give, to give himself.
347	347	0.586	Tout ce qu’il possédait, idées, œuvres, et le reste qu’il comptait pour bien moins, il l’eût donné avec joie à quelqu’un qui l’eût compris.	Everything that he possessed, ideas, work, and the rest which he counted for far less, he would have given gladly to anyone who could understand him.
348	348	0.457	Mais faute d’une société supportable, il vivait dans un isolement, avec une sauvagerie que les gens du monde appelaient de la pose et de la mauvaise éducation, les pouvoirs publics un mauvais esprit, ses voisins, de la folie, sa famille de l’égoïsme et de l’orgueil.	But, failing society that was endurable, he lived in an isolation, with a savagery which fashionable people called pose and ill breeding, public authorities a recalcitrant spirit, his neighbours madness, his family selfishness and pride.
349	349	0.379	Et sans doute les premiers temps avait-il pensé, dans la solitude même, avec plaisir que, par le moyen de ses œuvres, il s’adressait à distance, il donnait une plus haute idée de lui, à ceux qui l’avaient méconnu ou froissé.	And no doubt at first he had thought, even in his solitude, with enjoyment that, thanks to his work, he was addressing, in spite of distance, he was giving a loftier idea of himself to those who had misunderstood or hurt him.
350	350	0.317	Peut-être alors vécut-il seul, non par indifférence, mais par amour des autres, et, comme j’avais renoncé à Gilberte pour lui réapparaître un jour sous des couleurs plus aimables, destinait-il son oeuvre à certains, comme un retour vers eux, où sans le revoir lui-même, on l’aimerait, on l’admirerait, on s’entretiendrait de lui; un renoncement n’est pas toujours total dès le début, quand nous le décidons avec notre âme ancienne et avant que par réaction il n’ait agi sur nous, qu’il s’agisse du renoncement d’un malade, d’un moine, d’un artiste, d’un héros.	Perhaps, in those days, he lived alone not from indifference but from love of his fellows, and, just as I had renounced Gilberte to appear to her again one day in more attractive colours, dedicated his work to certain people as a way of approaching them again, by which without actually seeing him they would be made to love him, admire him, talk about him; a renunciation is not always complete from the start, when we decide upon it in our original frame of mind and before it has reacted upon us, whether it be the renunciation of an invalid, a monk, an artist or a hero.
351	351	0.410	Mais s’il avait voulu produire en vue de quelques personnes, en produisant, lui avait vécu pour lui-même, loin de la société à laquelle il était indifférent; la pratique de la solitude lui en avait donné l’amour comme il arrive pour toute grande chose que nous avons crainte d’abord, parce que nous la savions incompatible avec de plus petites auxquelles nous tenions et dont elle nous prive moins qu’elle ne nous détache.	But if he had wished to produce with certain people in his mind, in producing he had lived for himself, remote from the society to which he had become indifferent; the practice of solitude had given him a love for it, as happens with every big thing which we have begun by fearing, because we knew it to be incompatible with smaller things to which we clung, and of which it does not so much deprive us as it detaches us from them.
352	352	0.558	Avant de la connaître, toute notre préoccupation est de savoir dans quelle mesure nous pourrons la concilier avec certains plaisirs qui cessent d’en être dès que nous l’avons connue.	Before we experience it, our whole preoccupation is to know to what extent we can reconcile it with certain pleasures which cease to be pleasures as soon as we have experienced it.
353	353	0.595	Elstir ne resta pas longtemps à causer avec nous.	Elstir did not stay long talking to us.
354	354	0.415	Je me promettais d’aller à son atelier dans les deux ou trois jours suivants, mais le lendemain de cette soirée, comme j’avais accompagné ma grand-mère tout au bout de la digue vers les falaises de Canapville, en revenant, au coin d’une des petites rues qui débouchent perpendiculairement sur la plage, nous croisâmes une jeune fille qui, tête basse comme un animal qu’on fait rentrer malgré lui dans l’étable, et tenant des clubs de golf, marchait devant une personne autoritaire, vraisemblablement son «anglaise», ou celle d’une de ses amies, laquelle ressemblait au portrait de _Jeffries_ par Hogarth, le teint rouge comme si sa boisson favorite avait été plutôt le gin que le thé, et prolongeant par le croc noir d’un reste de chique une moustache grise, mais bien fournie.	"I made up my mind that I would go to his studio during the next few days, but on the following afternoon, when I had accompanied my grandmother right to the point at which the ""front"" ended, near the cliffs of Canapville, on our way back, at the foot of one of the little streets which ran down at right angles to the beach, we came upon a girl who, with lowered head like an animal that is being driven reluctant to its stall, and carrying golf-clubs, was walking in front of a person in authority, in all probability her or her friends' ""Miss"", who suggested a portrait of Jeffreys by Hogarth, with a face as red as if her favourite beverage were gin rather than tea, on which a dried smear of tobacco at the corner of her mouth prolonged the curve of a moustache that was grizzled but abundant."
355	355	0.403	La fillette qui la précédait ressemblait à celle de la petite bande qui, sous un polo noir, avait dans un visage immobile et joufflu des yeux rieurs.	The girl who preceded her was like that one of the little band who, beneath a black polo-cap, had shewn in an inexpressive chubby face a pair of laughing eyes.
356	356	0.332	Or, celle qui rentrait en ce moment avait aussi un polo noir, mais elle me semblait encore plus jolie que l’autre, la ligne de son nez était plus droite, à la base l’aile en était plus large et plus charnue.	Now, the girl who was now passing me had also a black polo-cap, but she struck me as being even prettier than the other, the line of her nose was straighter, the curve of nostril at its base fuller and more fleshy.
357	357	0.345	Puis l’autre m’était apparue comme une fière jeune fille pâle, celle-ci comme une enfant domptée et de teint rose.	Besides, the other had seemed a proud, pale girl, this one a child well-disciplined and of rosy complexion.
358	358	0.447	Pourtant, comme elle poussait une bicyclette pareille et comme elle portait les mêmes gants de renne, je conclus que les différences tenaient peut-être à la façon dont j’étais placé et aux circonstances, car il était peu probable qu’il y eût à Balbec une seconde jeune fille, de visage malgré tout si semblable, et qui dans son accoutrement réunît les mêmes particularités.	And yet, as she was pushing a bicycle just like the other's, and was wearing the same reindeer gloves, I concluded that the differences arose perhaps from the angle and circumstances in which I now saw her, for it was hardly likely that there could be at Balbec a second girl, with a face that, when all was said, was so similar and with the same details in her accoutrements.
359	359	0.438	Elle jeta dans ma direction un regard rapide; les jours suivants, quand je revis la petite bande sur la plage, et même plus tard quand je connus toutes les jeunes filles qui la composaient, je n’eus jamais la certitude absolue qu’aucune d’elles — même celle qui de toutes lui ressemblait le plus, la jeune fille à la bicyclette — fût bien celle que j’avais vue ce soir-là au bout de la plage, au coin de la rue, jeune fille, qui n’était guère, mais qui était tout de même un peu, différente de celle que j’avais remarquée dans le cortège.	"She cast a rapid glance in my direction; for the next few days, when I saw the little band again on the beach, and indeed long afterwards when I knew all the girls who composed it, I could never be absolutely certain that any of them — even she who among them all was most like her, the girl with the bicycle — was indeed the one that I had seen that evening at the end of the ""front"", where a street ran down to the beach, a girl who differed hardly at all, but was still just perceptibly different from her whom I had noticed in the procession."
360	360	0.473	A partir de cet après-midi-là, moi, qui les jours précédents avais surtout pensé à la grande, ce fut celle aux clubs de golf, présumée être Mlle Simonet, qui recommença à me préoccuper.	From that moment, whereas for the last few days my mind had been occupied chiefly by the tall one, it was the one with the golf-clubs, presumed to be Mlle. Simonet, who began once more to absorb my attention.
361	361	0.492	Au milieu des autres, elle s’arrêtait souvent, forçant ses amies qui semblaient la respecter beaucoup à interrompre aussi leur marche.	When walking with the others she would often stop, forcing her friends, who seemed greatly to respect her, to stop also.
362	362	0.564	C’est ainsi, faisant halte, les yeux brillants sous son «polo» que je la revois encore maintenant silhouettée sur l’écran que lui fait, au fond, la mer, et séparée de moi par un espace transparent et azuré, le temps écoulé depuis lors, première image, toute mince dans mon souvenir, désirée, poursuivie, puis oubliée, puis retrouvée, d’un visage que j’ai souvent depuis projeté dans le passé pour pouvoir me dire d’une jeune fille qui était dans ma chambre: «c’est elle!»	"Thus it is, calling a halt, her eyes sparkling beneath her polo-cap, that I see her again to-day, outlined against the screen which the sea spreads out behind her, and separated from me by a transparent, azure space, the interval of time that has elapsed since then, a first impression, faint and fine in my memory, desired, pursued, then forgotten, then found again, of a face which I have many times since projected upon the cloud of the past to be able to say to myself, of a girl who was actually in my room: ""It is she!"""
363	363	0.502	Mais c’est peut-être encore celle au teint de géranium, aux yeux verts que j’aurais le plus désiré connaître.	But it was perhaps yet another, the one with geranium cheeks and green eyes, whom I should have liked most to know.
364	364	0.541	Quelle que fût, d’ailleurs, tel jour donné, celle que je préférais apercevoir, les autres, sans celle-là, suffisaient à m’émouvoir, mon désir même se portant une fois plutôt sur l’une, une fois plutôt sur l’autre, continuait — comme le premier jour ma confuse vision — à les réunir, à faire d’elles le petit monde à part, animé d’une vie commune qu’elles avaient, sans doute, d’ailleurs, la prétention de constituer; j’eusse pénétré en devenant l’ami de l’une elle — comme un païen raffiné ou un chrétien scrupuleux chez les barbares — dans une société rajeunissante où régnaient la santé, l’inconscience, la volupté, la cruauté, l’inintellectualité et la joie.	And yet, whichever of them it might be, on any given day, that I preferred to see, the others, without her, were sufficient to excite my desire which, concentrated now chiefly on one, now on another, continued — as, on the first day, my confused vision — to combine and blend them, to make of them the little world apart, animated by a life in common, which for that matter they doubtless imagined themselves to form; and I should have penetrated, in becoming a friend of one of them — like a cultivated pagan or a meticulous Christian going among barbarians — into a rejuvenating society in which reigned health, unconsciousness of others, sensual pleasures, cruelty, unintellectuality and joy.
365	365	0.567	Ma grand-mère, à qui j’avais raconté mon entrevue avec Elstir et qui se réjouissait de tout le profit intellectuel que je pouvais tirer de son amitié, trouvait absurde et peu gentil que je ne fusse pas encore allé lui faire une visite.	My grandmother, who had been told of my meeting with Elstir, and rejoiced at the thought of all the intellectual profit that I might derive from his friendship, considered it absurd and none too polite of me not to have gone yet to pay him a visit.
366	366	0.530	Mais je ne pensais qu’à la petite bande, et incertain de l’heure où ces jeunes filles passeraient sur la digue, je n’osais pas m’éloigner.	But I could think only of the little band, and being uncertain of the hour at which the girls would be passing along the front, I dared not absent myself.
367	367	0.498	Ma grand-mère s’étonnait aussi de mon élégance car je m’étais soudain souvenu des costumes que j’avais jusqu’ici laissés au fond de ma malle.	My grandmother was astonished, too, at the smartness of my attire, for I had suddenly remembered suits which had been lying all this time at the bottom of my trunk.
368	368	0.459	J’en mettais chaque jour un différent et j’avais même écrit à Paris pour me faire envoyer de nouveaux chapeaux, et de nouvelles cravates.	I put on a different one every day, and had even written to Paris ordering new hats and neckties.
369	369	0.449	C’est un grand charme ajouté à la vie dans une station balnéaire comme était Balbec, si le visage d’une jolie fille, une marchande de coquillages, de gâteaux ou de fleurs, peint en vives couleurs dans notre pensée, est quotidiennement pour nous dès le matin le but de chacune de ces journées oisives et lumineuses qu’on passe sur la plage.	It adds a great charm to life in a watering-place like Balbec if the face of a pretty girl, a vendor of shells, cakes or flowers, painted in vivid colours in our mind, is regularly, from early morning, the purpose of each of those leisured, luminous days which we spend upon the beach.
370	370	0.366	Elles sont alors, et par là, bien que désœuvrées, alertes comme des journées de travail, aiguillées, aimantées, soulevées légèrement vers un instant prochain, celui où tout en achetant des sablés, des roses, des ammonites, on se délectera à voir sur un visage féminin, les couleurs étalées aussi purement que sur une fleur.	They become then, and for that reason, albeit unoccupied by any business, as alert as working-days, pointed, magnetised, raised slightly to meet an approaching moment, that in which, while we purchase sand-cakes, roses, ammonites, we will delight in seeing upon a feminine face its colours displayed as purely as on a flower.
371	371	0.520	Mais au moins, ces petites marchandes, d’abord on peut leur parler, ce qui évite d’avoir à construire avec l’imagination les autres côtés que ceux que nous fournit la simple perception visuelle, et à recréer leur vie, à s’exagérer son charme, comme devant un portrait; surtout, justement parce qu’on leur parle, on peut apprendre où, à quelles heures on peut les retrouver.	But at least, with these little traffickers, first of all we can speak to them, which saves us from having to construct with our imagination their aspects other than those with which the mere visual perception of them furnishes us, and to recreate their life, magnifying its charm, as when we stand before a portrait; moreover, just because we speak to them, we can learn where and at what time it will be possible to see them again.
372	372	0.261	Or il n’en était nullement ainsi pour moi en ce qui concernait les jeunes filles de la petite bande.	Now I had none of these advantages with respect to the little band.
373	373	0.521	Leurs habitudes m’étant inconnues, quand certains jours je ne les apercevais pas, ignorant la cause de leur absence, je cherchais si celle-ci était quelque chose de fixe, si on ne les voyait que tous les deux jours, ou quand il faisait tel temps, ou s’il y avait des jours où on ne les voyait jamais.	Their habits were unknown to me; when on certain days I failed to catch a glimpse of them, not knowing the cause of their absence I sought to discover whether it was something fixed and regular, if they were to be seen only every other day, or in certain states of the weather, or if there were days on which no one ever saw them.
374	374-375	0.447	Je me figurais d’avance ami avec elles et leur disant «Mais vous n’étiez pas là tel jour?»	"I imagined myself already friends with them, and saying: ""But you weren't there the other day?"" ""Weren't we?"
375	376-377	0.371	«Ah! oui, c’est parce que c’était un samedi, le samedi nous ne venons jamais parce que…»	"Oh, no, of course not; that was because it was a Saturday. On Saturdays we don't ever come, because . . ."""
376	378	0.492	Encore si c’était aussi simple que de savoir que le triste samedi il est inutile de s’acharner, qu’on pourrait parcourir la plage en tous sens, s’asseoir à la devanture du pâtissier, faire semblant de manger un éclair, entrer chez le marchand de curiosités, attendre l’heure du bain, le concert, l’arrivée de la marée, le coucher du soleil, la nuit sans voir la petite bande désirée.	If it were only as simple as that, to know that on black Saturday it was useless to torment oneself, that one might range the beach from end to end, sit down outside the pastry-cook's and pretend to be nibbling an eclair, poke into the curiosity shop, wait for bathing time, the concert, high tide, sunset, night, all without seeing the longed-for little band.
377	379	0.385	Mais le jour fatal ne revenait peut-être pas une fois par semaine.	But the fatal day did not, perhaps, come once a week.
378	380	0.387	Il ne tombait peut-être pas forcément un samedi.	It did not, perhaps, of necessity fall on Saturdays.
379	381	0.438	Peut-être certaines conditions atmosphériques influaient-elles sur lui ou lui étaient-elles entièrement étrangères.	Perhaps certain atmospheric conditions influenced it or were entirely unconnected with it.
380	382	0.526	Combien d’observations patientes mais non point sereines, il faut recueillir sur les mouvements en apparence irréguliers de ces mondes inconnus avant de pouvoir être sûr qu’on ne s’est pas laissé abuser par des coïncidences, que nos prévisions ne seront pas trompées, avant de dégager les lois certaines, acquises au prix d’expériences cruelles, de cette astronomie passionnée.	How many observations, patient but not at all serene, must one accumulate of the movements, to all appearance irregular, of those unknown worlds before being able to be sure that one has not allowed oneself to be led astray by mere coincidence, that one's forecasts will not be proved wrong, before one elucidates the certain laws, acquired at the cost of so much painful experience, of that passionate astronomy.
381	383	0.434	Me rappelant que je ne les avais pas vues le même jour qu’aujourd’hui, je me disais qu’elles ne viendraient pas, qu’il était inutile de rester sur la plage.	Remembering that I had not yet seen them on some particular day of the week, I assured myself that they would not be coming, that it was useless to wait any longer on the beach.
382	384	0.362	Et justement je les apercevais.	And at that very moment I caught sight of them.
383	385	0.440	En revanche, un jour où, autant que j’avais pu supposer que des lois réglaient le retour de ces constellations, j’avais calculé devoir être un jour faste, elles ne venaient pas.	And yet on another day which, so far as I could suppose that there were laws that guided the return of those constellations, must, I had calculated, prove an auspicious day, they did not come.
384	386	0.440	Mais à cette première incertitude si je les verrais ou non le jour même venait s’en ajouter une plus grave, si je les reverrais jamais, car j’ignorais en somme si elles ne devaient pas partir pour l’Amérique, ou rentrer à Paris.	But to this primary uncertainty whether I should see them or not that day, there was added another, more disquieting: whether I should ever set eyes on them again, for I had no reason, after all, to know that they were not about to sail for America, or to return to Paris.
385	387	0.589	Cela suffisait pour me faire commencer à les aimer.	This was enough to make me begin to love them.
386	388	0.380	On peut avoir du goût pour une personne.	One can feel an attraction towards a particular person.
387	389	0.498	Mais pour déchaîner cette tristesse, ce sentiment de l’irréparable, ces angoisses, qui préparent l’amour, il faut — et il est peut-être ainsi, plutôt que ne l’est une personne, l’objet même que cherche anxieusement à étreindre la passion — le risque d’une impossibilité.	But to release that fount of sorrow, that sense of the irreparable, those agonies which prepare the way for love, there must be — and this is, perhaps, more than any person can be, the actual object which our passion seeks so anxiously to embrace — the risk of an impossibility.
388	390	0.362	Ainsi agissaient déjà ces influences qui se répètent au cours d’amours successives, pouvant du reste se produire, mais alors plutôt dans l’existence des grandes villes au sujet d’ouvrières dont on ne sait pas les jours de congé et qu’on s’effraye de ne pas avoir vues à la sortie de l’atelier, ou du moins qui se renouvelèrent au cours des miennes.	Thus there were acting upon me already those influences which recur in the course of our successive love-affairs, which can, for that matter, be provoked, (but then rather in the life of cities) by the thought of little working girls whose half-holiday is we know not on what day, and whom we are afraid of having missed as they came out of the factory; or which at least have recurred in mine.
389	391	0.583	Peut-être sont-elles inséparables de l’amour; peut-être tout ce qui fut une particularité du premier vient-il s’ajouter aux suivants, par souvenir, suggestion, habitude et, à travers les périodes successives de notre vie, donner à ses aspects différents un caractère général.	Perhaps they are inseparable from love; perhaps everything that formed a distinctive feature of our first love attaches itself to those that come after, by recollection, suggestion, habit, and through the successive periods of our life gives to its different aspects a general character.
390	392	0.506	Je prenais tous les prétextes pour aller sur la plage aux heures où j’espérais pouvoir les rencontrer.	I seized every pretext for going down to the beach at the hours when I hoped to succeed in finding them there.
391	393	0.427	Les ayant aperçues une fois pendant notre déjeuner je n’y arrivais plus qu’en retard, attendant indéfiniment sur la digue qu’elles y passassent; restant le peu de temps que j’étais assis dans la salle à manger à interroger des yeux l’azur du vitrage; me levant bien avant le dessert pour ne pas les manquer dans le cas où elles se fussent promenées à une autre heure et m’irritant contre ma grand-mère, inconsciemment méchante, quand elle me faisait rester avec elle au delà de l’heure qui me semblait propice.	"Having caught sight of them once while we were at luncheon, I now invariably came in late for it, waiting interminably upon the ""front"" for them to pass; devoting all the short time that I did spend in the dining-room to interrogating with my eyes its azure wall of glass; rising long before the dessert, so as not to miss them should they have gone out at a different hour, and chafing with irritation at my grandmother, when, with unwitting malevolence, she made me stay with her past the hour that seemed to me propitious."
392	394	0.294	Je tâchais de prolonger l’horizon en mettant ma chaise de travers; si par hasard j’apercevais n’importe laquelle des jeunes filles, comme elles participaient toutes à la même essence spéciale, c’était comme si j’avais vu projeté en face de moi dans une hallucination mobile et diabolique un peu de rêve ennemi et pourtant passionnément convoité qui l’instant d’avant encore, n’existait, y stagnant d’ailleurs d’une façon permanente, que dans mon cerveau.	I tried to prolong the horizon by setting my chair aslant; if, by chance, I did catch sight of no matter which of the girls, since they all partook of the same special essence, it was as if I had seen projected before my face in a shifting, diabolical hallucination, a little of the unfriendly and yet passionately coveted dream which, but a moment ago, had existed only — where it lay stagnant for all time — in my brain.
393	395	0.397	Je n’en aimais aucune les aimant toutes, et pourtant leur rencontre possible était pour mes journées le seul élément délicieux, faisait seule naître en moi de ces espoirs où on briserait tous les obstacles, espoirs souvent suivis de rage, si je ne les avais pas vues.	I was in love with none of them, loving them all, and yet the possibility of meeting them was in my daily life the sole element of delight, alone made to burgeon in me those high hopes by which every obstacle is surmounted, hopes ending often in fury if I had not seen them.
394	396	0.384	En ce moment, ces jeunes filles éclipsaient pour moi ma grand-mère; un voyage m’eût tout de suite souri si ç’avait été pour aller dans un lieu où elles dussent se trouver.	For the moment, these girls eclipsed my grandmother in my affection; the longest journey would at once have seemed attractive to me had it been to a place in which they might be found.
395	397	0.505	C’était à elles que ma pensée s’était agréablement suspendue quand je croyais penser à autre chose ou à rien.	It was to them that my thoughts comfortably clung when I supposed myself to be thinking of something else or of nothing.
396	398	0.490	Mais quand, même ne le sachant pas, je pensais à elles, plus inconsciemment encore, elles, c’était pour moi les ondulations montueuses et bleues de la mer, le profil d’un défilé devant la mer.	But when, even without knowing it, I thought of them, they, more unconsciously still, were for me the mountainous blue undulations of the sea, a troop seen passing in outline against the waves.
397	-@399	-0.100	C’était la mer que j’espérais retrouver, si j’allais dans quelque ville où elles seraient.	
398	399	0.552	L’amour le plus exclusif pour une personne est toujours l’amour d’autre chose.	Our most intensive love for a person is always the love, really, of something else as well.
399	400	0.516	Ma grand’mère me témoignait, parce que maintenant je m’intéressais extrêmement au golf et au tennis et laissais échapper l’occasion de regarder travailler et entendre discourir un artiste qu’elle savait des plus grands, un mépris qui me semblait procéder de vues un peu étroites.	Meanwhile my grandmother was shewing, because now I was keenly interested in golf and lawn-tennis and was letting slip an opportunity of seeing at work and hearing talk an artist whom she knew to be one of the greatest of his time, a disapproval which seemed to me to be based on somewhat narrow views.
400	401	0.324	J’avais autrefois entrevu aux Champs-Élysées et je m’étais rendu mieux compte depuis qu’en étant amoureux d’une femme nous projetons simplement en elle un état de notre âme; que par conséquent l’important n’est pas la valeur de la femme mais la profondeur de l’état; et que les émotions qu’une jeune fille médiocre nous donne peuvent nous permettre de faire monter à notre conscience des parties plus intimes de nous-même, plus personnelles, plus lointaines, plus essentielles, que ne ferait le plaisir que nous donne la conversation d’un homme supérieur ou même la contemplation admirative de ses œuvres.	I had guessed long ago in the Champs-Elysées, and had since established to my own satisfaction, that when we are in love with a woman we simply project into her a state of our own soul, that the important thing is, therefore, not the worth of the woman but the depth of the state; and that the emotions which a young girl of no kind of distinction arouses in us can enable us to bring to the surface of our consciousness some of the most intimate parts of our being, more personal, more remote, more essential than would be reached by the pleasure that we derive from the conversation of a great man or even from the admiring contemplation of his work.
401	402	0.381	Je dus finir par obéir à ma grand-mère avec d’autant plus d’ennui qu’Elstir habitait assez loin de la digue, dans une des avenues les plus nouvelles de Balbec.	"I was to end by complying with my grandmother's wishes, all the more reluctantly in that Elstir lived at some distance from the ""front"" in one of the newest of Balbec's avenues."
402	403	0.404	La chaleur du jour m’obligea à prendre le tramway qui passait par la rue de la Plage, et je m’efforçais, pour penser que j’étais dans l’antique royaume des Cimmériens, dans la patrie peut-être du roi Mark ou sur l’emplacement de la forêt de Brocéliande, de ne pas regarder le luxe de pacotille des constructions qui se développaient devant moi et entre lesquelles la villa d’Elstir était peut-être la plus somptueusement laide, louée malgré cela par lui, parce que de toutes celles qui existaient à Balbec, c’était la seule qui pouvait lui offrir un vaste atelier.	The heat of the day obliged me to take the tramway which passed along the Rue de la Plage, and I made an effort (so as still to believe that I was in the ancient realm of the Cimmerians, in the country it might be, of King Mark, or upon the site of the Forest of Broceliande) not to see the gimcrack splendour of the buildings that extended on either hand, among which Elstir's villa was perhaps the most sumptuously hideous, in spite of which he had taken it, because, of all that there were to be had at Balbec, it was the only one that provided him with a really big studio.
403	404	0.392	C’est aussi en détournant les yeux que je traversai le jardin qui avait une pelouse — en plus petit comme chez n’importe quel bourgeois dans la banlieue de Paris — une petite statuette de galant jardinier, des boules de verre où l’on se regardait, des bordures de bégonias et une petite tonnelle sous laquelle des rocking-chairs étaient allongés devant une table de fer.	It was also with averted eyes that I crossed the garden, which had a lawn — in miniature, like any little suburban villa round Paris — a statuette of an amorous gardener, glass balls in which one saw one's distorted reflexion, beds of begonias and a little arbour, beneath which rocking chairs were drawn up round an iron table.
404	405	0.431	Mais après tous ces abords empreints de laideur citadine, je ne fis plus attention aux moulures chocolat des plinthes quand je fus dans l’atelier; je me sentis parfaitement heureux, car par toutes les études qui étaient autour de moi, je sentais la possibilité de m’élever à une connaissance poétique, féconde en joies, de maintes formes que je n’avais pas isolées jusque-là du spectacle total de la réalité.	But after all these preliminaries hall-marked with philistine ugliness, I took no notice of the chocolate mouldings on the plinths once I was in the studio; I felt perfectly happy, for, with the help of all the sketches and studies that surrounded me, I foresaw the possibility of raising myself to a poetical understanding, rich in delights, of many forms which I had not, hitherto, isolated from the general spectacle of reality.
405	406	0.509	Et l’atelier d’Elstir m’apparut comme le laboratoire d’une sorte de nouvelle création du monde, où, du chaos que sont toutes choses que nous voyons, il avait tiré, en les peignant sur divers rectangles de toile qui étaient posés dans tous les sens, ici une vague de la mer écrasant avec colère sur le sable son écume lilas, là un jeune homme en coutil blanc accoudé sur le pont d’un bateau.	And Elstir's studio appeared to me as the laboratory of a sort of new creation of the world in which, from the chaos that is all the things we see, he had extracted, by painting them on various rectangles of canvas that were hung everywhere about the room, here a wave of the sea crushing angrily on the sand its lilac foam, there a young man in a suit of white linen, leaning upon the rail of a vessel.
406	407	0.510	Le veston du jeune homme et la vague éclaboussante avaient pris une dignité nouvelle du fait qu’ils continuaient à être, encore que dépourvus de ce en quoi ils passaient pour consister, la vague ne pouvant plus mouiller, ni le veston habiller personne.	His jacket and the spattering wave had acquired fresh dignity from the fact that they continued to exist, even although they were deprived of those qualities in which they might be supposed to consist, the wave being no longer able to splash nor the jacket to clothe anyone.
407	408	0.581	Au moment où j’entrai, le créateur était en train d’achever, avec le pinceau qu’il tenait dans sa main, la forme du soleil à son coucher.	At the moment at which I entered, the creator was just finishing, with the brush which he had in his hand, the form of the sun at its setting.
408	409	0.654	Les stores étaient clos de presque tous les côtés, l’atelier était assez frais, et, sauf à un endroit où le grand jour apposait au mur sa décoration éclatante et passagère, obscur; seule était ouverte une petite fenêtre rectangulaire encadrée de chèvrefeuilles, qui après une bande de jardin, donnait sur une avenue; de sorte que l’atmosphère de la plus grande partie de l’atelier était sombre, transparente et compacte dans la masse, mais humide et brillante aux cassures où la sertissait la lumière, comme un bloc de cristal de roche dont une face déjà taillée et polie, çà et là, luit comme un miroir et s’irise.	The shutters were closed almost everywhere round the studio, which was fairly cool and, except in one place where daylight laid against the wall its brilliant but fleeting decoration, dark; there was open only one little rectangular window embowered in honeysuckle, which, over a strip of garden, gave on an avenue; so that the atmosphere of the greater part of the studio was dusky, transparent and compact in the mass, but liquid and sparkling at the rifts where the golden clasp of sunlight banded it, like a lump of rock crystal of which one surface, already cut and polished, here and there, gleams like a mirror with iridescent rays.
409	410	0.446	Tandis qu’Elstir sur ma prière, continuait à peindre, je circulais dans ce clair-obscur, m’arrêtant devant un tableau puis devant un autre.	While Elstir, at my request, went on painting, I wandered about in the half-light, stopping to examine first one picture, then another.
410	411	0.508	Le plus grand nombre de ceux qui m’entouraient n’étaient pas ce que j’aurais le plus aimé à voir de lui, les peintures appartenant à ses première et deuxième manières, comme disait une revue d’Art anglaise qui traînait sur la table du salon du Grand Hôtel, la manière mythologique et celle où il avait subi l’influence du Japon, toutes deux admirablement représentées, disait-on, dans la collection de Mme de Guermantes.	Most of those that covered the walls were not what I should chiefly have liked to see of his work, paintings in what an English art journal which lay about on the reading-room table in the Grand Hotel called his first and second manners, the mythological manner and the manner in which he shewed signs of Japanese influence, both admirably exemplified, the article said, in the collection of Mme. de Guermantes.
411	412	0.468	Naturellement, ce qu’il avait dans son atelier, ce n’était guère que des marines prises ici, à Balbec.	Naturally enough, what he had in his studio were almost all seascapes done here, at Balbec.
412	413	0.575	Mais j’y pouvais discerner que le charme de chacune consistait en une sorte de métamorphose des choses représentées, analogue à celle qu’en poésie on nomme métaphore et que si Dieu le Père avait créé les choses en les nommant, c’est en leur ôtant leur nom, ou en leur en donnant un autre qu’Elstir les recréait.	But I was able to discern from these that the charm of each of them lay in a sort of metamorphosis of the things represented in it, analogous to what in poetry we call metaphor, and that, if God the Father had created things by naming them, it was by taking away their names or giving them other names that Elstir created them anew.
413	414	0.560	Les noms qui désignent les choses répondent toujours à une notion de l’intelligence, étrangère à nos impressions véritables et qui nous force à éliminer d’elles tout ce qui ne se rapporte pas à cette notion.	The names which denote things correspond invariably to an intellectual notion, alien to our true impressions, and compelling us to eliminate from them everything that is not in keeping with itself.
414	415	0.613	Parfois à ma fenêtre, dans l’hôtel de Balbec, le matin quand Françoise défaisait les couvertures qui cachaient la lumière, le soir quand j’attendais le moment de partir avec Saint-Loup, il m’était arrivé grâce à un effet de soleil, de prendre une partie plus sombre de la mer pour une côte éloignée, ou de regarder avec joie une zone bleue et fluide sans savoir si elle appartenait à la mer ou au ciel.	Sometimes in my window in the hotel at Balbec, in the morning when Françoise undid the fastenings of the curtains that shut out the light, in the evening when I was waiting until it should be time to go out with Saint-Loup, I had been led by some effect of sunlight to mistake what was only a darker stretch of sea for a distant coast-line, or to gaze at a belt of liquid azure without knowing whether it belonged to sea or sky.
415	416	0.328	Bien vite mon intelligence rétablissait entre les éléments la séparation que mon impression avait abolie.	But presently my reason would re-establish between the elements that distinction which in my first impression I had overlooked.
416	417	0.536	C’est ainsi qu’il m’arrivait à Paris, dans ma chambre, d’entendre une dispute, presque une émeute, jusqu’à ce que j’eusse rapporté à sa cause, par exemple une voiture dont le roulement approchait, ce bruit dont j’éliminais alors ces vociférations aiguës et discordantes que mon oreille avait réellement entendues, mais que mon intelligence savait que des roues ne produisaient pas.	In the same way I used, in Paris, in my bedroom, to hear a dispute, almost a riot, in the street below, until I had referred back to its cause — a carriage for instance that was rattling towards me — this noise, from which I now eliminated the shrill and discordant vociferations which my ear had really heard but which my reason knew that wheels did not produce.
417	418	0.551	Mais les rares moments où l’on voit la nature telle qu’elle est, poétiquement, c’était de ceux-là qu’était faite l’œuvre d’Elstir.	But the rare moments in which we see nature as she is, with poetic vision, it was from those that Elstir's work was taken.
418	419	0.491	Une de ses métaphores les plus fréquentes dans les marines qu’il avait près de lui en ce moment était justement celle qui, comparant la terre à la mer, supprimait entre elles toute démarcation.	One of his metaphors that occurred most commonly in the seascapes which he had round him was precisely that which, comparing land with sea, suppressed every line of demarcation between them.
419	420	0.431	C’était cette comparaison, tacitement et inlassablement répétée dans une même toile, qui y introduisait cette multiforme et puissante unité, cause, parfois non clairement aperçue par eux, de l’enthousiasme qu’excitait chez certains amateurs la peinture d’Elstir.	It was this comparison, tacitly and untiringly repeated on a single canvas, which gave it that multiform and powerful unity, the cause (not always clearly perceived by themselves) of the enthusiasm which Elstir's work aroused in certain collectors.
420	421	0.417	C’est par exemple à une métaphore de ce genre — dans un tableau, représentant le port de Carquethuit, tableau qu’il avait terminé depuis peu de jours et que je regardai longuement — qu’Elstir avait préparé l’esprit du spectateur en n’employant pour la petite ville que des termes marins, et que des termes urbains pour la mer.	It was, for instance, for a metaphor of this sort — in a picture of the harbour of Carquethuit, a picture which he had finished a few days earlier and at which I now stood gazing my fill — that Elstir had prepared the mind of the spectator by employing, for the little town, only marine terms, and urban terms for the sea.
421	422	0.428	Soit que les maisons cachassent une partie du port, un bassin de calfatage ou peut-être la mer même s’enfonçant en golfe dans les terres ainsi que cela arrivait constamment dans ce pays de Balbec, de l’autre côté de la pointe avancée où était construite la ville, les toits étaient dépassés (comme ils l’eussent été par des cheminées ou par des clochers) par des mâts lesquels avaient l’air de faire des vaisseaux auxquels ils appartenaient, quelque chose de citadin, de construit sur terre, impression qu’augmentaient d’autres bateaux, demeurés le long de la jetée, mais en rangs si pressés que les hommes y causaient d’un bâtiment à l’autre sans qu’on pût distinguer leur séparation et l’interstice de l’eau, et ainsi cette flottille de pêche avait moins l’air d’appartenir à la mer que, par exemple, les églises de Criquebec qui, au loin, entourées d’eau de tous côtés parce qu’on les voyait sans la ville, dans un poudroiement de soleil et de vagues, semblaient sortir des eaux, soufflées en albâtre ou en écume et, enfermées dans la ceinture d’un arc-en-ciel versicolore, former un tableau irréel et mystique.	Whether its houses concealed a part of the harbour, a dry dock, or perhaps the sea itself came cranking in among the land, as constantly happened on the Balbec coast, on the other side of the promontory on which the town was built the roofs were overtopped (as it had been by mill-chimneys or church-steeples) by masts which had the effect of making the vessels to which they belonged appear town-bred, built on land, an impression which was strengthened by the sight of other boats, moored along the jetty but in such serried ranks that you could see men talking across from one deck to another without being able to distinguish the dividing line, the chink of water between them, so that this fishing fleet seemed less to belong to the water than, for instance, the churches of Criquebec which, in the far distance, surrounded by water on every side because you saw them without seeing the town, in a powdery haze of sunlight and crumbling waves, seemed to be emerging from the waters, blown in alabaster or in sea-foam, and, enclosed in the band of a particoloured rainbow, to form an unreal, a mystical picture.
422	423	0.505	Dans le premier plan de la plage, le peintre avait su habituer les yeux à ne pas reconnaître de frontière fixe, de démarcation absolue, entre la terre et l’océan.	On the beach in the foreground the painter had arranged that the eye should discover no fixed boundary, no absolute line of demarcation between earth and ocean.
423	424	0.395	Des hommes qui poussaient des bateaux à la mer, couraient aussi bien dans les flots que sur le sable, lequel mouillé, réfléchissait déjà les coques comme s’il avait été de l’eau.	The men who were pushing down their boats into the sea were running as much through the waves as along the sand, which, being wet, reflected their hulls as if they were already in the water.
424	425	0.313	La mer elle-même ne montait pas régulièrement, mais suivait les accidents de la grève, que la perspective déchiquetait encore davantage, si bien qu’un navire en pleine mer, à demi-caché par les ouvrages avancés de l’arsenal semblait voguer au milieu de la ville; des femmes qui ramassaient des crevettes dans les rochers, avaient l’air, parce qu’elles étaient entourées d’eau et à cause de la dépression qui, après la barrière circulaire des roches, abaissait la plage (des deux côtés les plus rapprochés de terre) au niveau de la mer, d’être dans une grotte marine surplombée de barques et de vagues, ouverte et protégée au milieu des flots écartés miraculeusement.	The sea itself did not come up in an even line but followed the irregularities of the shore, which the perspective of the picture increased still further, so that a ship actually at sea, half-hidden by the projecting works of the arsenal, seemed to be sailing across the middle of the town; women who were gathering shrimps among the rocks had the appearance, because they were surrounded by water and because of the depression which, after the ringlike barrier of rocks, brought the beach (on the side nearest the land) down to sea-level, of being in a marine grotto overhung by ships and waves, open yet unharmed in the path of a miraculously averted tide.
425	426	0.139	Si tout le tableau donnait cette impression des ports où la mer entre dans la terre, où la terre est déjà marine, et la population amphibie, la force de l’élément marin éclatait partout; et près des rochers, à l’entrée de la jetée, où la mer était agitée, on sentait aux efforts des matelots et à l’obliquité des barques couchées en angle aigu devant la calme verticalité de l’entrepôt, de l’église, des maisons de la ville, où les uns rentraient, d’où les autres partaient pour la pêche, qu’ils trottaient rudement sur l’eau comme sur un animal fougueux et rapide dont les soubresauts, sans leur adresse, les eût jetés à terre.	If the whole picture gave this impression of harbours in which the sea entered into the land, in which the land was already subaqueous and the population amphibian, the strength of the marine element was everywhere apparent; and round about the rocks, at the mouth of the harbour, where the sea was rough, you felt from the muscular efforts of the fishermen and the obliquity of the boats leaning over at an acute angle, compared with the calm erectness of the warehouse on the harbour, the church, the houses of the town to which some of the figures were returning while others were coming out to fish, that they were riding bareback on the water, as it might be a swift and fiery animal whose rearing, but for their skill, must have unseated them.
426	427	0.360	Une bande de promeneurs sortait gaiement en une barque secouée comme une carriole; un matelot joyeux, mais attentif aussi la gouvernait comme avec des guides, menait la voile fougueuse, chacun se tenait bien à sa place pour ne pas faire trop de poids d’un côté et ne pas verser, et on courait ainsi par les champs ensoleillés dans les sites ombreux, dégringolant les pentes.	A party of holiday makers were putting gaily out to sea in a boat that tossed like a jaunting-car on a rough road; their boatman, blithe but attentive, also, to what he was doing, trimmed the bellying sail, every one kept in his place, so that the weight should not be all on one side of the boat, which might capsize, and so they went racing over sunlit fields into shadowy places, dashing down into the troughs of waves.
427	428	0.451	C’était une belle matinée malgré l’orage qu’il avait fait.	It was a fine morning in spite of the recent storm.
428	429	0.499	Et même on sentait encore les puissantes actions qu’avait à neutraliser le bel équilibre des barques immobiles, jouissant du soleil et de la fraîcheur, dans les parties où la mer était si calme que les reflets avaient presque plus de solidité et de réalité que les coques vaporisées par un effet de soleil et que la perspective faisait s’enjamber les unes les autres.	Indeed, one could still feel the powerful activities that must first be neutralised in order to attain the easy balance of the boats that lay motionless, enjoying sunshine and breeze, in parts where the sea was so calm that its reflexions had almost more solidity and reality than the floating hulls, vaporised by an effect of the sunlight, parts which the perspective of the picture dovetailed in among others.
429	430	0.501	Ou plutôt on n’aurait pas dit d’autres parties de la mer.	Or rather you would not have called them other parts of the sea.
430	431	0.470	Car entre ces parties, il y avait autant de différence qu’entre l’une d’elles et l’église sortant des eaux, et les bateaux derrière la ville.	For between those parts there was as much difference as there was between one of them and the church rising from the water, or the ships behind the town.
431	432	0.311	L’intelligence faisait ensuite un même élément de ce qui était, ici noir dans un effet d’orage, plus loin tout d’une couleur avec le ciel et aussi verni que lui, et là si blanc de soleil, de brume et d’écume, si compact, si terrien, si circonvenu de maisons, qu’on pensait à quelque chaussée de pierres ou à un champ de neige, sur lequel on était effrayé de voir un navire s’élever en pente raide et à sec comme une voiture qui s’ébroue en sortant d’un gué, mais qu’au bout d’un moment, en y voyant sur l’étendue haute et inégale du plateau solide des bateaux titubants, on comprenait, identique en tous ces aspects divers, être encore la mer.	Your reason then set to work and made a single element of what was here black beneath a gathering storm, a little farther all of one colour with the sky and as brightly burnished, and elsewhere so bleached by sunshine, haze and foam, so compact, so terrestrial, so circumscribed with houses that you thought of some white stone causeway or of a field of snow, up the surface of which it was quite frightening to see a ship go climbing high and dry, as a carriage climbs dripping from a ford, but which a moment later, when you saw on the raised and broken surface of the solid plain boats drunkenly heaving, you understood, identical in all these different aspects, to be still the sea.
432	433	0.541	Bien qu’on dise avec raison qu’il n’y a pas de progrès, pas de découvertes en art, mais seulement dans les sciences, et que chaque artiste recommençant pour son compte un effort individuel ne peut y être aidé ni entravé par les efforts de tout autre, il faut pourtant reconnaître que dans la mesure où l’art met en lumière certaines lois, une fois qu’une industrie les a vulgarisées, l’art antérieur perd rétrospectivement un peu de son originalité.	Although we are justified in saying that there can be no progress, no discovery in art, but only in the sciences, and that the artist who begins afresh upon his own account an individual effort cannot be either helped or hindered by the efforts of all the others, we must nevertheless admit that, in so far as art brings into prominence certain laws, once an industry has taken those laws and vulgarised them, the art that was first in the field loses, in retrospect, a little of its originality.
433	434	0.567	Depuis les débuts d’Elstir, nous avons connu ce qu’on appelle «d’admirables» photographies de paysages et de villes.	"Since Elstir began to paint, we have grown familiar with what are called ""admirable"" photographs of scenery and towns."
434	435	0.410	Si on cherche à préciser ce que les amateurs désignent dans ce cas par cette épithète, on verra qu’elle s’applique d’ordinaire à quelque image singulière d’une chose connue, image différente de celles que nous avons l’habitude de voir, singulière et pourtant vraie et qui à cause de cela est pour nous doublement saisissante parce qu’elle nous étonne, nous fait sortir de nos habitudes, et tout à la fois nous fait rentrer en nous-même en nous rappelant une impression.	If we press for a definition of what their admirers mean by the epithet, we shall find that it is generally applied to some unusual picture of a familiar object, a picture different from those that we are accustomed to see, unusual and yet true to nature, and for that reason doubly impressive to us because it startles us, makes us emerge from our habits and at the same time brings us back to ourselves by recalling to us an earlier impression.
435	436	0.429	Par exemple telle de ces photographies «magnifiques», illustrera une loi de la perspective, nous montrera telle cathédrale que nous avons l’habitude de voir au milieu de la ville, prise au contraire d’un point choisi d’où elle aura l’air trente fois plus haute que les maisons et faisant éperon au bord du fleuve d’où elle est en réalité distante.	"For instance, one of these ""magnificent"" photographs will illustrate a law of perspective, will shew us some cathedral which we are accustomed to see in the middle of a town, taken instead from a selected point of view from which it will appear to be thirty times the height of the houses and to be thrusting a spur out from the bank of the river, from which it is actually a long way off."
436	437	0.519	Or, l’effort d’Elstir de ne pas exposer les choses telles qu’il savait qu’elles étaient mais selon ces illusions optiques dont notre vision première est faite, l’avait précisément amené à mettre en lumière certaines de ces lois de perspective, plus frappantes alors, car l’art était le premier à les dévoiler.	Now the effort made by Elstir to reproduce things not as he knew them to be but according to the optical illusions of which our first sight of them is composed, had led him exactly to this point; he gave special emphasis to certain of these laws of perspective, which were thus all the more striking, since his art had been their first interpreter.
437	438	0.504	Un fleuve, à cause du tournant de son cours, un golfe à cause du rapprochement apparent des falaises, avaient l’air de creuser au milieu de la plaine ou des montagnes un lac absolument fermé de toutes parts.	A river, because of the windings of its course, a bay because of the apparent contact of the cliffs on either side of it, would look as though there had been hollowed out in the heart of the plain or of the mountains a lake absolutely landlocked on every side.
438	439	0.485	Dans un tableau pris de Balbec par une torride journée d’été, un rentrant de la mer semblait enfermé dans des murailles de granit rose, n’être pas la mer, laquelle commençait plus loin.	In a picture of a view from Balbec painted upon a scorching day in summer an inlet of the sea appeared to be enclosed in walls of pink granite, not to be the sea, which began farther out.
439	440	0.324	La continuité de l’océan n’était suggérée que par des mouettes qui, tournoyant sur ce qui semblait au spectateur de la pierre, humaient au contraire l’humidité du flot.	The continuity of the ocean was suggested only by the gulls which, wheeling over what, when one looked at the picture, seemed to be solid rock, were as a matter of fact inhaling the moist vapour of the shifting tide.
440	441	0.442	D’autres lois se dégageaient de cette même toile comme, au pied des immenses falaises, la grâce lilliputienne des voiles blanches sur le miroir bleu où elles semblaient des papillons endormis, et certains contrastes entre la profondeur des ombres et la pâleur de la lumière.	Other laws were discernible in the same canvas, as, at the foot of immense cliffs, the lilliputian grace of white sails on the blue mirror on whose surface they looked like butterflies asleep, and certain contrasts between the depth of the shadows and the pallidity of the light.
441	442	0.447	Ces jeux des ombres, que la photographie a banalisés aussi, avaient intéressé Elstir au point qu’il s’était complu autrefois à peindre de véritables mirages, où un château coiffé d’une tour apparaissait comme un château circulaire complètement prolongé d’une tour à son faîte, et en bas d’une tour inverse, soit que la pureté extraordinaire d’un beau temps donnât à l’ombre qui se reflétait dans l’eau la dureté et l’éclat de la pierre, soit que les brumes du matin rendissent la pierre aussi vaporeuse que l’ombre.	This play of light and shade, which also photography has rendered common-place, had interested Elstir so much that at one time he had painted what were almost mirages, in which a castle crowned with a tower appeared as a perfect circle of castle prolonged by a tower at its summit, and at its foot by an inverted tower, whether because the exceptional purity of the atmosphere on a fine day gave the shadow reflected in the water the hardness and brightness of the stone, or because the morning mists rendered the stone as vaporous as the shadow.
442	443	0.412	De même au delà de la mer, derrière une rangée de bois une autre mer commençait, rosée par le coucher du soleil et qui était le ciel.	And similarly, beyond the sea, behind a line of woods, began another sea roseate with the light of the setting sun, which was, in fact, the sky.
443	444	0.367	La lumière, inventant comme de nouveaux solides, poussait la coque du bateau qu’elle frappait, en retrait de celle qui était dans l’ombre, et disposait comme les degrés d’un escalier de cristal la surface matériellement plane, mais brisée par l’éclairage de la mer au matin.	The light, as it were precipitating new solids, thrust back the hull of the boat on which it fell behind the other hull that was still in shadow, and rearranged like the steps of a crystal staircase what was materially a plane surface, but was broken up by the play of light and shade upon the morning sea.
444	445	0.292	Un fleuve qui passe sous les ponts d’une ville était pris d’un point de vue tel qu’il apparaissait entièrement disloqué, étalé ici en lac, aminci là en filet, rompu ailleurs par l’interposition d’une colline couronnée de bois où le citadin va le soir respirer la fraîcheur du soir; et le rythme même de cette ville bouleversée n’était assuré que par la verticale inflexible des clochers qui ne montaient pas, mais plutôt, selon le fil à plomb de la pesanteur marquant la cadence comme dans une marche triomphale, semblaient tenir en suspens au-dessous d’eux toute la masse plus confuse des maisons étagées dans la brume, le long du fleuve écrasé et décousu.	A river running beneath the bridges of a town was caught from a certain point of view so that it appeared entirely dislocated, now broadened into a lake, now narrowed into a rivulet, broken elsewhere by the interruption of a hill crowned with trees among which the burgher would repair at evening to taste the refreshing breeze; and the rhythm of this disintegrated town was assured only by the inflexible uprightness of the steeples which did not rise but rather, following the plumb line of the pendulum marking its cadence as in a triumphal march, seemed to hold in suspense beneath them all the confused mass of houses that rose vaguely in the mist along the banks of the crushed, disjointed stream.
445	446	0.397	Et (comme les premières œuvres d’Elstir dataient de l’époque où on agrémentait les paysages par la présence d’un personnage) sur la falaise ou dans la montagne, le chemin, cette partie à demi-humaine de la nature, subissait comme le fleuve ou l’océan les éclipses de la perspective.	And (since Elstir's earliest work belonged to the time in which a painter would make his landscape attractive by inserting a human figure), on the cliff's edge or among the mountains, the road, that half human part of nature, underwent, like river or ocean, the eclipses of perspective.
446	447	0.446	Et soit qu’une arête montagneuse, ou la brume d’une cascade, ou la mer, empêchât de suivre la continuité de la route, visible pour le promeneur mais non pour nous, le petit personnage humain en habits démodés perdu dans ces solitudes semblait souvent arrêté devant un abîme, le sentier qu’il suivait finissant là, tandis que, trois cents mètres plus haut dans ces bois de sapins, c’est d’un œil attendri et d’un cœur rassuré que nous voyions reparaître la mince blancheur de son sable hospitalier au pas du voyageur, mais dont le versant de la montagne nous avait dérobé, contournant la cascade ou le golfe, les lacets intermédiaires.	And whether a sheer wall of mountain, or the mist blown from a torrent, or the sea prevented the eye from following the continuity of the path, visible to the traveller but not to us, the little human personage in old-fashioned attire seemed often to be stopped short on the edge of an abyss, the path which he had been following ending there, while, a thousand feet above him in those pine-forests, it was with a melting eye and comforted heart that we saw reappear the threadlike whiteness of its dusty surface, hospitable to the wayfaring foot, whereas from us the side of the mountain had hidden, where it turned to avoid waterfall or gully, the intervening bends.
447	448	0.547	L’effort qu’Elstir faisait pour se dépouiller en présence de la réalité de toutes les notions de son intelligence était d’autant plus admirable que cet homme qui, avant de peindre, se faisait ignorant, oubliait tout par probité, car ce qu’on sait n’est pas à soi, avait justement une intelligence exceptionnellement cultivée.	The effort made by Elstir to strip himself, when face to face with reality, of every intellectual concept, was all the more admirable in that this man who, before sitting down to paint, made himself deliberately ignorant, forgot, in his honesty of purpose, everything that he knew, since what one knows ceases to exist by itself, had in reality an exceptionally cultivated mind.
448	449-450	0.458	Comme je lui avouais la déception que j’avais eue devant l’église de Balbec: «Comment, me dit-il, vous avez été déçu par ce porche, mais c’est la plus belle Bible historiée que le peuple ait jamais pu lire.	"When I confessed to him the disappointment that I had felt upon seeing the porch at Balbec: ""What!"" he had exclaimed, ""you were disappointed by the porch! Why, it's the finest illustrated Bible that the people have ever had."
449	451	0.526	Cette vierge et tous les bas-reliefs qui racontent sa vie, c’est l’expression la plus tendre, la plus inspirée de ce long poème d’adoration et de louanges que le moyen âge déroulera à la gloire de la Madone.	That Virgin, and all the bas-reliefs telling the story of her life, they are the most loving, the most inspired expression of that endless poem of adoration and praise in which the middle ages extolled the glory of the Madonna.
450	452	0.437	Si vous saviez à côté de l’exactitude la plus minutieuse à traduire le texte saint, quelles trouvailles de délicatesse a eues le vieux sculpteur, que de profondes pensées, quelle délicieuse poésie!	If you only knew, side by side with the most scrupulous accuracy in rendering the sacred text, what exquisite ideas the old carver had, what profound thoughts, what delicious poetry!
451	453	0.374	«L’idée de ce grand voile dans lequel les Anges portent le corps de la Vierge, trop sacré pour qu’ils osent le toucher directement (Je lui dis que le même sujet était traité à Saint-André-des-Champs; il avait vu des photographies du porche de cette dernière église mais me fit remarquer que l’empressement de ces petits paysans qui courent tous à la fois autour de la Vierge était autre chose que la gravité des deux grands anges presque italiens, si élancés, si doux); l’ange qui emporte l’âme de la Vierge pour la réunir à son corps; dans la rencontre de la Vierge et d’Elisabeth, le geste de cette dernière qui touche le sein de Marie et s’émerveille de le sentir gonflé; et le bras bandé de la sage-femme qui n’avait pas voulu croire, sans toucher, à l’Immaculée-Conception; et la ceinture jetée par la Vierge à saint Thomas pour lui donner la preuve de sa résurrection; ce voile aussi que la Vierge arrache de son sein pour en voiler la nudité de son fils d’un côté de qui l’Église recueille le sang, la liqueur de l’Eucharistie, tandis que, de l’autre, la Synagogue dont le règne est fini, a les yeux bandés, tient un sceptre à demi-brisé et laisse échapper avec sa couronne qui lui tombe de la tête, les tables de l’ancienne Loi; et l’époux qui aidant, à l’heure du Jugement dernier, sa jeune femme à sortir du tombeau lui appuie la main contre son propre cœur pour la rassurer et lui prouver qu’il bat vraiment, est-ce aussi assez chouette comme idée, assez trouvé?	"""A wonderful idea, that great sheet in which the angels are carrying the body of the Virgin, too sacred for them to venture to touch it with their hands""; (I mentioned to him that this theme had been treated also at Saint-André-des-Champs; he had seen photographs of the porch there, and agreed, but pointed out that the bustling activity of those little peasant figures, all hurrying at once towards the Virgin, was not the same thing as the gravity of those two great angels, almost Italian, so springing, so gentle) ""the angel who is carrying the Virgin's soul, to reunite it with her body; in the meeting of the Virgin with Elizabeth, Elizabeth's gesture when she touches the Virgin's Womb and marvels to feel that it is great with child; and the bandaged arm of the midwife who had refused, unless she touched, to believe the Immaculate Conception; and the linen cloth thrown by the Virgin to Saint Thomas to give him a proof of the Resurrection; that veil, too, which the Virgin tears from her own bosom to cover the nakedness of her Son, from Whose Side the Church receives in a chalice the Wine of the Sacrament, while, on His other side the Synagogue, whose kingdom is at an end, has its eyes bandaged, holds a half-broken sceptre and lets fall, with the crown that is slipping from its head, the tables of the old law; and the husband who, on the Day of Judgment, as he helps his young wife to rise from her grave, lays her hand against his own heart to reassure her, to prove to her that it is indeed beating, is that such a trumpery idea, do you think, so stale and common-place?"
452	454	0.472	Et l’ange qui emporte le soleil et la lune devenus inutiles puisqu’il est dit que la Lumière de la Croix sera sept fois plus puissante que celle des astres; et celui qui trempe sa main dans l’eau du bain de Jésus pour voir si elle est assez chaude; et celui qui sort des nuées pour poser sa couronne sur le front de la Vierge; et tous ceux qui penchés du haut du ciel, entre les balustres de la Jérusalem céleste lèvent les bras d’épouvante ou de joie à la vue des supplices des méchants et du bonheur des élus!	And the angel who is taking away the sun and the moon, henceforth useless, since it is written that the Light of the Cross shall be seven times brighter than the light of the firmament; and the one who is dipping his hand in the water of the Child's bath, to see whether it is warm enough; and the one emerging from the clouds to place the crown upon the Virgin's brow, and all the angels who are leaning from the vault of heaven, between the balusters of the New Jerusalem, and throwing up their arms with terror or joy at the sight of the torments of the wicked or the bliss of the elect!
453	455	0.522	Car c’est tous les cercles du ciel, tout un gigantesque poème théologique et symbolique que vous avez là.	For it is all the circles of heaven, a whole gigantic poem full of theology and symbolism that you have before you there.
454	456	0.541	C’est fou, c’est divin, c’est mille fois supérieur à tout ce que vous verrez en Italie où d’ailleurs ce tympan a été littéralement copié par des sculpteurs de bien moins de génie.	It is fantastic, mad, divine, a thousand times better than anything you will see in Italy, where for that matter this very tympanum has been carefully copied by sculptors with far less genius.
455	457	0.417	Il n’y a pas eu d’époque où tout le monde a du génie, tout ça c’est des blagues, ça serait plus fort que l’âge d’or.	There never was a time when genius was universal; that is all nonsense; it would be going beyond the age of gold.
456	458	0.615	Le type qui a sculpté cette façade-là, croyez bien qu’il était aussi fort, qu’il avait des idées aussi profondes que les gens de maintenant que vous admirez le plus.	The fellow who carved that front, you may make up your mind that he was every bit as great, that he had just as profound ideas as the men you admire most at the present day.
457	459	0.582	Je vous montrerais cela, si nous y allions ensemble.	I could shew you what I mean if we went there together.
458	460	0.578	Il y a certaines paroles de l’office de l’Assomption qui ont été traduites avec une subtilité qu’un Redon n’a pas égalée.»	"There are certain passages from the Office of the Assumption which have been rendered with a subtilty of expression that Redon himself has never equalled."""
459	461	0.446	Cette vaste vision céleste dont il me parlait, ce gigantesque poème théologique que je comprenais avoir été écrit là, pourtant quand mes yeux pleins de désirs s’étaient ouverts devant la façade, ce n’est pas eux que j’avais vus.	This vast celestial vision of which he spoke to me, this gigantic theological poem which, I understood, had been inscribed there in stone, yet when my eyes, big with desire, had opened to gaze upon the front of Balbec church, it was not these things that I had seen.
460	462	0.459	Je lui parlai de ces grandes statues de saints qui montées sur des échasses forment une sorte d’avenue.	I spoke to him of those great statues of saints, which, mounted on scaffolds, formed a sort of avenue on either side.
461	463	0.448	—Elle part des fonds des âges pour aboutir à Jésus-Christ, me dit-il.	"""It starts from the mists of antiquity to end in Jesus Christ,"" he explained."
462	464	0.538	Ce sont d’un côté, ses ancêtres selon l’esprit, de l’autre, les Rois de Judas, ses ancêtres selon la chair.	"""You see on one side His ancestors after the spirit, on the other the Kings of Judah, His ancestors after the flesh."
463	465	0.618	Tous les siècles sont là.	All the ages are there.
464	466	0.569	Et si vous aviez mieux regardé ce qui vous a paru des échasses, vous auriez pu nommer ceux qui y étaient perchés.	And if you had looked more closely at what you took for scaffolds you would have been able to give names to the figures standing on them.
465	467	0.551	Car sous les pieds de Moïse, vous auriez reconnu le veau d’or, sous les pieds d’Abraham, le bélier, sous ceux de Joseph, le démon conseillant la femme de Putiphar.	"At the feet of Moses you would have recognised the calf of gold, at Abraham's the ram and at Joseph's the demon counselling Potiphar's wife."""
466	468	0.564	Je lui dis aussi que je m’étais attendu à trouver un monument presque persan et que ç’avait sans doute été là une des causes de mon mécompte.	I told him also that I had gone there expecting to find an almost Persian building, and that this had doubtless been one of the chief factors in my disappointment.
467	469	0.450	«Mais non, me répondit-il, il y a beaucoup de vrai.	"""Indeed, no,"" he assured me, ""it is perfectly true."
468	470	0.604	Certaines parties sont tout orientales; un chapiteau reproduit si exactement un sujet persan, que la persistance des traditions orientales ne suffit pas à l’expliquer.	Some parts of it are quite oriental; one of the capitals reproduces so exactly a Persian subject that you cannot account for it by the persistence of Oriental traditions.
469	471	0.497	Le sculpteur a dû copier quelque coffret apporté par des navigateurs.»	"The carver must have copied some casket brought from the East by explorers."""
470	472	0.530	Et en effet il devait me montrer plus tard la photographie d’un chapiteau où je vis des dragons quasi chinois qui se dévoraient, mais à Balbec ce petit morceau de sculpture avait passé pour moi inaperçu dans l’ensemble du monument qui ne ressemblait pas à ce que m’avaient montré ces mots: «église presque persane».	"And he did indeed shew me, later on, the photograph of a capital on which I saw dragons that were almost Chinese devouring one another, but at Balbec this little piece of carving had passed unnoticed by me in the general effect of the building which did not conform to the pattern traced in my mind by the words, ""an almost Persian church""."
471	473	0.490	Les joies intellectuelles que je goûtais dans cet atelier ne m’empêchaient nullement de sentir, quoiqu’ils nous entourassent comme malgré nous, les tièdes glacis, la pénombre étincelante de la pièce, et au bout de la petite fenêtre encadrée de chèvrefeuilles, dans l’avenue toute rustique, la résistante sécheresse de la terre brûlée de soleil que voilait seulement la transparence de l’éloignement et de l’ombre des arbres.	The intellectual pleasures which I enjoyed in this studio did not in the least prevent me from feeling, although they enveloped us as it were in spite of ourselves, the warm polish, the sparkling gloom of the place itself and, through the little window framed in honeysuckle, in the avenue that was quite rustic, the resisting dryness of the sun-parched earth, screened only by the diaphanous gauze woven of distance and of a tree-cast shade.
472	474	0.373	Peut-être l’inconscient bien-être que me causait ce jour d’été venait-il agrandir comme un affluent la joie que me causait la vue du «Port de Carquethuit».	Perhaps the unaccountable feeling of comfort which this summer day was giving me came like a tributary to swell the flood of joy that had surged in me at the sight of Elstir's _Carquethuit Harbour._
473	475	0.506	J’avais cru Elstir modeste mais je compris que je m’étais trompé, en voyant son visage se nuancer de tristesse quand dans une phrase de remerciements je prononçai le mot de gloire.	"I had supposed Elstir to be a modest man, but I realised my mistake on seeing his face cloud with melancholy when, in a little speech of thanks, I uttered the word ""fame""."
474	476	0.533	Ceux qui croient leurs œuvres durables — et c’était le cas pour Elstir — prennent l’habitude de les situer dans une époque où eux-mêmes ne seront plus que poussière.	Men who believe that their work will last — as was the case with Elstir — form the habit of placing that work in a period when they themselves will have crumbled into dust.
475	477	0.502	Et ainsi en les forçant à réfléchir au néant, l’idée de la gloire les attriste parce qu’elle est inséparable de l’idée de la mort.	And thus, by obliging them to reflect on their own extinction, the thought of fame saddens them because it is inseparable from the thought of death.
476	478	0.531	Je changeai de conversation pour dissiper ce nuage d’orgueilleuse mélancolie dont j’avais sans le vouloir chargé le front d’Elstir.	I changed the conversation in the hope of driving away the cloud of ambitious melancholy with which unwittingly I had loaded Elstir's brow.
477	479	0.405	«On m’avait conseillé, lui dis-je en pensant à la conversation que nous avions eue avec Legrandin à Combray et sur laquelle j’étais content d’avoir son avis, de ne pas aller en Bretagne, parce que c’était malsain pour un esprit déjà porté au rêve.	"""Some one advised me once,"" I began, thinking of the conversation we had had with Legrandin at Combray, as to which I was glad of an opportunity of learning Elstir's views, ""not to visit Brittany, because it would not be wholesome for a mind with a natural tendency to dream."""
478	480-481	0.234	— Mais non, me répondit-il, quand un esprit est porté au rêve, il ne faut pas l’en tenir écarté, le lui rationner.	"""Not at all;"" he replied. ""When the mind has a tendency to dream, it is a mistake to keep dreams away from it, to ration its dreams."
479	482	0.434	Tant que vous détournerez votre esprit de ses rêves, il ne les connaîtra pas; vous serez le jouet de mille apparences parce que vous n’en aurez pas compris la nature.	So long as you distract your mind from its dreams, it will not know them for what they are; you will always be being taken in by the appearance of things, because you will not have grasped their true nature.
480	483	0.482	Si un peu de rêve est dangereux, ce qui en guérit, ce n’est pas moins de rêve, mais plus de rêve, mais tout le rêve.	If a little dreaming is dangerous, the cure for it is not to dream less but to dream more, to dream all the time.
481	484	0.485	Il importe qu’on connaisse entièrement ses rêves pour n’en plus souffrir; il y a une certaine séparation du rêve et de la vie qu’il est si souvent utile de faire que je me demande si on ne devrait pas à tout hasard la pratiquer préventivement, comme certains chirurgiens prétendent qu’il faudrait, pour éviter la possibilité d’une appendicite future, enlever l’appendice chez tous les enfants.»	"One must have a thorough understanding of one's dreams if one is not to be troubled by them; there is a way of separating one's dreams from one's life which so often produces good results that I ask myself whether one ought not, at all costs, to try it, simply as a preventive, just as certain surgeons make out that we ought, to avoid the risk of appendicitis later on, to have all our appendices taken out when we are children."""
482	485	0.558	Elstir et moi nous étions allés jusqu’au fond de l’atelier, devant la fenêtre qui donnait derrière le jardin sur une étroite avenue de traverse, presque un petit chemin rustique.	Elstir and I had meanwhile been walking about the studio, and had reached the window that looked across the garden on to a narrow avenue, a side-street that was almost a country lane.
483	486	0.465	Nous étions venus là pour respirer l’air rafraîchi de l’après-midi plus avancé.	We had gone there to breathe the cooler air of the late afternoon.
484	487	0.592	Je me croyais bien loin des jeunes filles de la petite bande et c’est en sacrifiant pour une fois l’espérance de les voir que j’avais fini par obéir à la prière de ma grand-mère et aller voir Elstir.	I supposed myself to be nowhere near the girls of the little band, and it was only by sacrificing for once the hope of seeing them that I had yielded to my grandmother's prayers and had gone to see Elstir.
485	488	0.479	Car où se trouve ce qu’on cherche on ne le sait pas, et on fuit souvent pendant bien longtemps le lieu où, pour d’autres raisons, chacun nous invite.	For where the thing is to be found that we are seeking we never know, and often we steadily, for a long time, avoid the place to which, for quite different reasons, everyone has been asking us to go.
486	489	0.573	Mais nous ne soupçonnons pas que nous y verrions justement l’être auquel nous pensons.	But we never suspect that we shall there see the very person of whom we are thinking.
487	490	0.569	Je regardais vaguement le chemin campagnard qui, extérieur à l’atelier, passait tout près de lui mais n’appartenait pas à Elstir.	I looked out vaguely over the country road which, outside the studio, passed quite close to it but did not belong to Elstir.
488	491	0.485	Tout à coup y apparut, le suivant à pas rapides, la jeune cycliste de la petite bande avec, sur ses cheveux noirs, son polo abaissé vers ses grosses joues, ses yeux gais et un peu insistants; et dans ce sentier fortuné miraculeusement rempli de douces promesses, je la vis sous les arbres, adresser à Elstir un salut souriant d’amie, arc-en-ciel qui unit pour moi notre monde terraqué à des régions que j’avais jugées jusque-là inaccessibles.	Suddenly there appeared on it, coming along it at a rapid pace, the young bicyclist of the little band, with, over her dark hair, her polo-cap pulled down towards her plump cheeks, her eyes merry and almost importunate; and on that auspicious path, miraculously filled with promise of delights, I saw her beneath the trees throw to Elstir the smiling greeting of a friend, a rainbow that bridged the gulf for me between our terraqueous world and regions which I had hitherto regarded as inaccessible.
489	492	0.530	Elle s’approcha même pour tendre la main au peintre, sans s’arrêter, et je vis qu’elle avait un petit grain de beauté au menton.	She even came up to give her hand to the painter, though without stopping, and I could see that she had a tiny beauty spot on her chin.
490	493-494	0.514	«Vous connaissez cette jeune fille, monsieur?» dis-je à Elstir, comprenant qu’il pourrait me présenter à elle, l’inviter chez lui.	"""Do you know that girl, sir?"" I asked Elstir, realising that he could if he chose make me known to her, could invite us both to the house."
491	495	0.553	Et cet atelier paisible avec son horizon rural s’était rempli d’un surcroît délicieux, comme il arrive d’une maison où un enfant se plaisait déjà et où il apprend que, en plus, de par la générosité qu’ont les belles choses et les nobles gens à accroître indéfiniment leurs dons, se prépare pour lui un magnifique goûter.	And this peaceful studio with its rural horizon was at once filled with a surfeit of delight such as a child might feel in a house where he was already happily playing when he learned that, in addition, out of that bounteousness which enables lovely things and noble hosts to increase their gifts beyond all measure, there was being prepared for him a sumptuous repast.
492	496	0.564	Elstir me dit qu’elle s’appelait Albertine Simonet et me nomma aussi ses autres amies que je lui décrivis avec assez d’exactitude pour qu’il n’eût guère d’hésitation.	Elstir told me that she was called Albertine Simonet, and gave me the names also of her friends, whom I described to him with sufficient accuracy for him to identify them almost without hesitation.
493	497	0.626	J’avais commis à l’égard de leur situation sociale une erreur, mais pas dans le même sens que d’habitude à Balbec.	I had, with regard to their social position, made a mistake, but not the mistake that I usually made at Balbec.
494	498	0.394	J’y prenais facilement pour des princes des fils de boutiquiers montant à cheval.	I was always ready to take for princes the sons of shopkeepers when they appeared on horseback.
495	499	0.463	Cette fois j’avais situé dans un milieu interlope des filles d’une petite bourgeoisie fort riche, du monde de l’industrie et des affaires.	This time I had placed in an interloping class the daughters of a set of respectable people, extremely rich, belonging to the world of industry and business.
496	500	0.368	C’était celui qui de prime-abord m’intéressait le moins, n’ayant pour moi le mystère ni du peuple, ni d’une société comme celle des Guermantes.	It was the class which, on first thoughts, interested me least, since it held for me neither the mystery of the lower orders nor that of a society such as the Guermantes frequented.
497	501	0.453	Et sans doute si un prestige préalable qu’elles ne perdraient plus ne leur avait été conféré, devant mes yeux éblouis, par la vacuité éclatante de la vie de plage, je ne serais peut-être pas arrivé à lutter victorieusement contre l’idée qu’elles étaient les filles de gros négociants.	And no doubt if an inherent quality, a rank which they could never forfeit had not been conferred on them, in my dazzled eyes, by the glaring vacuity of the seaside life all round them, I should perhaps not have succeeded in resisting and overcoming the idea that they were the daughters of prosperous merchants.
498	502	0.492	Je ne pus qu’admirer combien la bourgeoisie française était un atelier merveilleux de sculpture la plus généreuse et la plus variée.	I could not help marvelling to see how the French middle class was a wonderful studio full of sculpture of the noblest and most varied kind.
499	503	0.589	Que de types imprévus, quelle invention dans le caractère des visages, quelle décision, quelle fraîcheur, quelle naïveté dans les traits.	What unimagined types, what richness of invention in the character of their faces, what firmness, what freshness, what simplicity in their features.
500	504	0.514	Les vieux bourgeois avares d’où étaient issues ces Dianes et ces nymphes me semblaient les plus grands des statuaires.	The shrewd old money-changers from whose loins these Dianas and these nymphs had sprung seemed to me to have been the greatest of statuaries.
501	505	0.507	Avant que j’eusse eu le temps de m’apercevoir de la métamorphose sociale de ces jeunes filles, et tant ces découvertes d’une erreur, ces modifications de la notion qu’on a d’une personne ont l’instantanéité d’une réaction chimique, s’était déjà installée derrière le visage d’un genre si voyou de ces jeunes filles que j’avais prises pour des maîtresses de coureurs cyclistes, de champions de boxe, l’idée qu’elles pouvaient très bien être liées avec la famille de tel notaire que nous connaissions.	Before I had time to register the social metamorphosis of these girls — so are these discoveries of a mistake, these modifications of the notion one has of a person instantaneous as a chemical combination — there was already installed behind their faces, so street-arab in type that I had taken them for the mistresses of racing bicyclists, of boxing champions, the idea that they might easily be connected with the family of some lawyer or other whom we knew.
502-503	506	0.343	Je ne savais guère ce qu’était Albertine Simonet. Elle ignorait certes ce qu’elle devait être un jour pour moi.	I was barely conscious of what was meant by Albertine Simonet; she had certainly no conception of what she was one day to mean to me.
504	507	0.522	Même ce nom de Simonet que j’avais déjà entendu sur la plage, si on m’avait demandé de l’écrire je l’aurais orthographié avec deux _n_, ne me doutant pas de l’importance que cette famille attachait à n’en posséder qu’un seul.	Even the name, Simonet, which I had already heard spoken on the beach, if I had been asked to write it down I should have spelt with a double 'n' never dreaming of the importance which this family attached to there being but one in their name.
505	508	0.627	Au fur et à mesure que l’on descend dans l’échelle sociale, le snobisme s’accroche à des riens qui ne sont peut-être pas plus nuls que les distinctions de l’aristocratie, mais qui plus obscurs, plus particuliers à chacun, surprennent davantage.	In proportion as we descend the social scale our snobbishness fastens on to mere nothings which are perhaps no more null than the distinctions observed by the aristocracy, but, being more obscure, more peculiar to the individual, take us more by surprise.
506	509	0.547	Peut-être y avait-il eu des Simonet qui avaient fait de mauvaises affaires ou pis encore.	Possibly there had been Simonets who had done badly in business, or something worse still even.
507	510	0.209	Toujours est-il que les Simonet s’étaient, paraît-il, toujours irrités comme d’une calomnie quand on doublait leur _n_.	The fact remains that the Simonets never failed, it appeared, to be annoyed if anyone doubled their 'n'.
508	511	0.478	Ils avaient l’air d’être les seuls Simonet avec un _n_ au lieu de deux, autant de fierté peut-être que les Montmorency d’être les premiers barons de France.	They wore the air of being the only Simonets in the world with one 'n' instead of two, and were as proud of it, perhaps, as the Montmorency family were of being the premier barons of France.
509	512	0.541	Je demandai à Elstir si ces jeunes filles habitaient Balbec, il me répondit oui pour certaines d’entre elles.	I asked Elstir whether these girls lived at Balbec; yes, he told me, some of them at any rate.
510	513	0.576	La villa de l’une était précisément située tout au bout de la plage, là où commencent les falaises du Canapville.	The villa in which one of them lived was at that very spot, right at the end of the beach, where the cliffs of Canapville began.
511	514	0.543	Comme cette jeune fille était une grande amie d’Albertine Simonet, ce me fut une raison de plus de croire que c’était bien cette dernière que j’avais rencontrée, quand j’étais avec ma grand-mère.	As this girl was a great friend of Albertine Simonet, this was another reason for me to believe that it was indeed the latter whom I had met that day when I was with my grandmother.
512	515	0.562	Certes il y avait tant de ces petites rues perpendiculaires à la plage où elles faisaient un angle pareil, que je n’aurais pu spécifier exactement laquelle c’était.	There were of course so many of those little streets running down to the beach, and all at the same angle, that I could not have pointed out exactly which of them it had been.
513	516	0.450	On voudrait avoir un souvenir exact mais au moment même la vision a été trouble.	One would like always to remember a thing accurately, but at the time one's vision was clouded.
514	517	0.477	Pourtant qu’Albertine et cette jeune fille entrant chez son amie fussent une seule et même personne, c’était pratiquement une certitude.	And yet that Albertine and the girl whom I had seen going to her friend's house were one and the same person was a practical certainty.
515	518	0.349	Malgré cela, tandis que les innombrables images que m’a présentées dans la suite la brune joueuse de golf, si différentes qu’elles soient les unes des autres, se superposent (parce que je sais qu’elles lui appartiennent toutes), et que si je remonte le fil de mes souvenirs, je peux, sous le couvert de cette identité et comme dans un chemin de communication intérieure, repasser par toutes ces images sans sortir d’une même personne, en revanche, si je veux remonter jusqu’à la jeune fille que je croisai le jour où j’étais avec ma grand-mère, il me faut ressortir à l’air libre.	In spite of which, whereas the countless images that have since been furnished me by the dark young golfer, however different they may have been from one another, have overlaid one another (because I now know that they all belong to her), and if I retrace the thread of my memories I can, under cover of that identity, and as though along a tunnelled passage, pass through all those images in turn without losing my consciousness of the same person behind them all, if, on the other hand, I wish to revert to the girl whom I passed that day when I was with my grandmother, I must escape first into freer air.
516	519	0.173	Je suis persuadé que c’est Albertine que je retrouve, la même que celle qui s’arrêtait souvent, au milieu de ses amies, dans sa promenade dépassant l’horizon de la mer; mais toutes ces images restent séparées de cette autre parce que je ne peux pas lui conférer rétrospectivement une identité qu’elle n’avait pas pour moi au moment où elle a frappé mes yeux; quoi que puisse m’assurer le calcul des probabilités, cette jeune fille aux grosses joues qui me regarda si hardiment au coin de la petite rue et de la plage et par qui je crois que j’aurais pu être aimé, au sens strict du mot revoir, je ne l’ai jamais revue.	I am convinced that it is Albertine whom I find there, the same girl as her who would often stop dead among her moving comrades, in her walk along the foreground of the sea; but all those more recent images remain separate from that earlier one because I am unable to confer on her retrospectively an identity which she had not for me at the moment in which she caught my eye; whatever assurance I may derive from the law of probabilities, that girl with plump cheeks who stared at me so boldly from the angle of the little street and the beach, and by whom I believe that I might have been loved, I have never, in the strict sense of the words, seen again.
517	520	0.322	Mon hésitation entre les diverses jeunes filles de la petite bande lesquelles gardaient toutes un peu du charme collectif qui m’avait d’abord troublé, s’ajouta-t-il aussi à ces causes pour me laisser plus tard, même au temps de mon plus grand — de mon second — amour pour Albertine, une sorte de liberté intermittente, et bien brève, de ne l’aimer pas.	My hesitation between the different girls of the little band, all of whom retained something of the collective charm which had at first disturbed me, combined with the reasons already given to allow me later on, even at the time of my greater — my second — passion for Albertine, a sort of intermittent and very brief liberty to abstain from loving her.
518	521	0.268	Pour avoir erré entre toutes ses amies avant de se porter définitivement sur elle, mon amour garda parfois entre lui et l’image d’Albertine certain «jeu» qui lui permettait, comme un éclairage mal adapté, de se poser sur d’autres avant de revenir s’appliquer à elle; le rapport entre le mal que je ressentais au cœur et le souvenir d’Albertine ne me semblait pas nécessaire, j’aurais peut-être pu le coordonner avec l’image d’une autre personne.	"From having strayed among all her friends before it finally concentrated itself on her, my love kept, now and then, between itself and the image of Albertine a certain ""play"" of light and shade which enabled it, like a badly fitted lamp, to flit over the surface of each of the others before settling its focus upon her; the connexion between the pain which I felt in my heart and the memory of Albertine did not seem to me necessary; I might perhaps have managed to coordinate it with the image of another person."
519	522	0.436	Ce qui me permettait, l’éclair d’un instant, de faire évanouir la réalité, non pas seulement la réalité extérieure comme dans mon amour pour Gilberte (que j’avais reconnu pour un état intérieur où je tirais de moi seul la qualité particulière, le caractère spécial de l’être que j’aimais, tout ce qui le rendait indispensable à mon bonheur) mais même la réalité intérieure et purement subjective.	Which enabled me, in a momentary flash, to banish reality altogether, not only external reality, as in my love for Gilberte (which I had recognised to be an internal state in which I drew from myself alone the particular quality, the special character of the person whom I loved, everything that rendered her indispensable to my happiness), but even the other reality, internal and purely subjective.
520	523	0.411	«Il n’y a pas de jour qu’une ou l’autre d’entre elles ne passe devant l’atelier et n’entre me faire un bout de visite», me dit Elstir, me désespérant ainsi par la pensée que si j’avais été le voir aussitôt que ma grand-mère m’avait demandé de le faire, j’eusse probablement, depuis longtemps déjà, fait la connaissance d’Albertine.	"""Not a day passes but one or the other of them comes by here, and looks in for a minute or two,"" Elstir told me, plunging me in despair when I thought that if I had gone to see him at once, when my grandmother had begged me to do so, I should, in all probability, long since have made Albertine's acquaintance."
521	524	0.559	Elle s’était éloignée; de l’atelier on ne la voyait plus.	She had passed on; from the studio she was no longer in sight.
522	525	0.501	Je pensai qu’elle était allée rejoindre ses amies sur la digue.	"I supposed that she had gone to join her friends on the ""front""."
523	526	0.447	Si j’avais pu m’y trouver avec Elstir, j’eusse fait leur connaissance.	Could I have appeared there suddenly with Elstir, I should have got to know them all.
524	527	0.534	J’inventai mille prétextes pour qu’il consentît à venir faire un tour de plage avec moi.	I thought of endless pretexts for inducing him to take a turn with me on the beach.
525	528	0.654	Je n’avais plus le même calme qu’avant l’apparition de la jeune fille dans le cadre de la petite fenêtre si charmante jusque-là sous ses chèvrefeuilles et maintenant bien vide.	I had no longer the same peace of mind as before the apparition of the girl in the frame of the little window; so charming until then in its fringe of honeysuckle, and now so drearily empty.
526	529	0.529	Elstir me causa une joie mêlée de torture en me disant qu’il ferait quelques pas avec moi, mais qu’il était obligé de terminer d’abord le morceau qu’il était en train de peindre.	Elstir caused me a joy that was tormenting also when he said that he would go a little way with me, but that he must first finish the piece of work on which he was engaged.
527	530	0.445	C’était des fleurs, mais pas de celles dont j’eusse mieux aimé lui commander le portrait que celui d’une personne, afin d’apprendre par la révélation de son génie ce que j’avais si souvent cherché en vain devant elles — aubépines, épines roses, bluets, fleurs de pommiers.	It was a flower study but not one of any of the flowers, portraits of which I would rather have commissioned him to paint than the portrait of a person, so that I might learn from the revelation of his genius what I had so often sought in vain from the flowers themselves — hawthorn white, and pink, cornflowers, apple-blossom.
528	531	0.517	Elstir tout en peignant me parlait de botanique, mais je ne l’écoutais guère; il ne se suffisait plus à lui-même, il n’était plus que l’intermédiaire nécessaire entre ces jeunes filles et moi; le prestige que quelques instants encore auparavant, lui donnait pour moi son talent, ne valait plus qu’en tant qu’il m’en conférait un peu à moi-même aux yeux de la petite bande à qui je serais présenté par lui.	Elstir as he worked talked botany to me, but I scarcely listened; he was no longer sufficient in himself, he was now only the necessary intermediary between these girls and me; the distinction which, only a few moments ago, his talent had still given him in my eyes was now worthless save in so far as it might confer a little on me also in the eyes of the little band to whom I should be presented by him.
529	532	0.471	J’allais et venais, impatient qu’il eût fini de travailler; je saisissais pour les regarder des études dont beaucoup tournées contre le mur, étaient empilées les unes sur les autres.	I paced up and down the room, impatient for him to finish what he was doing; I picked up and examined various sketches, any number of which were stacked against the walls.
530	533	0.502	Je me trouvais ainsi mettre au jour une aquarelle qui devait être d’un temps bien plus ancien de la vie d’Elstir et me causa cette sorte particulière d’enchantement que dispensent des œuvres, non seulement d’une exécution délicieuse mais aussi d’un sujet si singulier et si séduisant, que c’est à lui que nous attribuons une partie de leur charme, comme si, ce charme, le peintre n’avait eu qu’à le découvrir, qu’à l’observer, matériellement réalisé déjà dans la nature et à le reproduire.	In this way I happened to bring to light a water-colour which evidently belonged to a much earlier period in Elstir's life, and gave me that particular kind of enchantment which is diffused by works of art not only deliciously executed but representing a subject so singular and so seductive that it is to it that we attribute a great deal of their charm, as if the charm were something that the painter had merely to uncover, to observe, realised already in a material form by nature, and to reproduce in art.
531	534	0.464	Que de tels objets puissent exister, beaux en dehors même de l’interprétation du peintre, cela contente en nous un matérialisme inné, combattu par la raison, et sert de contre-poids aux abstractions de l’esthétique.	That such objects can exist, beautiful quite apart from the painter's interpretation of them, satisfies a sort of innate materialism in us, against which our reason contends and acts as a counterpoise to the abstractions of aesthetics.
532	535	0.548	C’était — cette aquarelle — le portrait d’une jeune femme pas jolie, mais d’un type curieux, que coiffait un serre-tête assez semblable à un chapeau melon bordé d’un ruban de soie cerise; une de ses mains gantées de mitaines tenait une cigarette allumée, tandis que l’autre élevait à la hauteur du genou une sorte de grand chapeau de jardin, simple écran de paille contre le soleil.	"It was — this water-colour — the portrait of a young woman, by no means beautiful but of a curious type, in a close-fitting mob-cap not unlike a ""billy-cock"" hat, trimmed with a ribbon of cherry-coloured silk; in one of her mittened hands was a lighted cigarette, while the other held, level with her knee, a sort of broad-brimmed garden hat, nothing more than a fire-screen of plaited straw to keep off the sun."
533	536	0.532	A côté d’elle, un porte-bouquet plein de roses sur une table.	On a table by her side, a tall vase filled with pink carnations.
534	537	0.584	Souvent, et c’était le cas ici, la singularité de ces œuvres tient surtout à ce qu’elles ont été exécutées dans des conditions particulières dont nous ne nous rendons pas clairement compte d’abord, par exemple si la toilette étrange d’un modèle féminin, est un déguisement de bal costumé, ou si au contraire le manteau rouge d’un vieillard qui a l’air de l’avoir revêtu pour se prêter à une fantaisie du peintre, est sa robe de professeur ou de conseiller, ou son camail de cardinal.	Often (and it was the case here) the singularity of such works is due principally to their having been executed in special conditions for which we do not at first sight make proper allowance, if, for instance, the strange attire of a feminine model is her costume for a masked ball, or conversely the scarlet cloak which an elderly man looks as though he had put on to humour some whim in the painter is his gown as a professor or alderman or his cardinal's cassock.
535	538	0.347	Le caractère ambigu de l’être dont j’avais le portrait sous les yeux tenait sans que je le comprisse à ce que c’était une jeune actrice d’autrefois en demi-travesti.	The ambiguous character of the person whose portrait now confronted me arose, without my understanding it, from the fact that she was a young actress of an earlier generation half dressed for a part.
536	539	0.390	Mais son melon, sous lequel ses cheveux étaient bouffants, mais courts, son veston de velours sans revers ouvrant sur un plastron blanc me firent hésiter sur la date de la mode et le sexe du modèle, de façon que je ne savais pas exactement ce que j’avais sous les yeux, sinon le plus clair des morceaux de peinture.	But the cap or hat, beneath which the hair stuck out but was cut short, the velvet coat opening without lapels over a white shirt-front, made me hesitate as to the period of the clothes and the sex of the model, so that I did not know what it was exactly that I was holding before my eyes, unless simply the brightest coloured of these scraps of painting.
537	540	0.486	Et le plaisir qu’il me donnait était troublé seulement par la peur qu’Elstir en s’attardant encore me fît manquer les jeunes filles, car le soleil était déjà oblique et bas dans la petite fenêtre.	And the pleasure which it afforded me was disturbed only by the fear that Elstir, by delaying further, would make me miss the girls, for the sun was now declining and hung low in the little window.
538	541	0.416	Aucune chose dans cette aquarelle n’était simplement constatée en fait et peinte à cause de son utilité dans la scène, le costume parce qu’il fallait que la femme fût habillée, le porte-bouquet pour les fleurs.	Nothing in this water-colour was merely stated there as a fact and painted because of its utility to the composition, the costume because the young woman must be wearing something, the vase to hold the flowers.
539	542	0.340	Le verre du porte-bouquet, aimé pour lui-même, avait l’air d’enfermer l’eau où trempaient les tiges des œillets dans quelque chose d’aussi limpide, presque d’aussi liquide qu’elle; l’habillement de la femme l’entourait d’une manière qui avait un charme indépendant, fraternel, et si les œuvres de l’industrie pouvaient rivaliser de charme avec les merveilles de la nature, aussi délicates, aussi savoureuses au toucher du regard, aussi fraîchement peintes que la fourrure d’une chatte, les pétales d’un œillet, les plumes d’une colombe.	The glass of the vase, cherished for its own sake, seemed to be holding the water in which the stems of the carnations were dipped in something as limpid, almost as liquid as itself; the woman's dress encompassed her in a manner that had an independent, a brotherly charm, and, if the works of man can compete in charm with the wonders of nature, as delicate, as pleasing to the touch of the eye, as freshly painted as the fur of a cat, the petals of a flower, the feathers of a dove.
540	543	0.213	La blancheur du plastron, d’une finesse de grésil et dont le frivole plissage avait des clochettes comme celles du muguet, s’étoilait des clairs reflets de la chambre, aigus eux-mêmes et finement nuancés comme des bouquets de fleurs qui auraient broché le linge.	The whiteness of the shirt-front, fine as driven rain, with its gay pleats gathered into little bells like lilies of the valley, was starred with bright gleams of light from the room, as sharply edged and as finely shaded as though they had been posies of flowers stitched on the woven lawn.
541	544	0.298	Et le velours du veston, brillant et nacré, avait çà et là quelque chose de hérissé, de déchiqueté et de velu qui faisait penser à l’ébouriffage des œillets dans le vase.	And the velvet of the coat, brilliant with a milky sheen, had here and there a roughness, a scoring, a shagginess on its surface which made one think of the crumpled brightness of the carnations in the vase.
542	545	0.447	Mais surtout on sentait qu’Elstir, insoucieux de ce que pouvait présenter d’immoral ce travesti d’une jeune actrice pour qui le talent avec lequel elle jouerait son rôle avait sans doute moins d’importance que l’attrait irritant qu’elle allait offrir aux sens blasés ou dépravés de certains spectateurs, s’était au contraire attaché à ces traits d’ambiguïté comme à un élément esthétique qui valait d’être mis en relief et qu’il avait tout fait pour souligner.	But above all one felt that Elstir, sublimely indifferent to whatever immoral suggestion there might be in this disguise of a young actress for whom the talent with which she would play her part on the stage was doubtless of less importance than the irritant attraction which she would offer to the jaded or depraved senses of some of her audience, had on the contrary fastened upon those ambiguous points as on an aesthetic element which deserved to be brought into prominence, and which he had done everything in his power to emphasise.
543	546	0.541	Le long des lignes du visage, le sexe avait l’air d’être sur le point d’avouer qu’il était celui d’une fille un peu garçonnière, s’évanouissait, et plus loin se retrouvait, suggérant plutôt l’idée d’un jeune efféminé vicieux et songeur, puis fuyait encore, restait insaisissable.	Along the lines of the face, the latent sex seemed to be on the point of confessing itself to be that of a somewhat boyish girl, then vanished and farther on reappeared with a suggestion rather of an effeminate youth, vicious and pensive, then fled once more to remain uncapturable.
544	547	0.427	Le caractère de tristesse rêveuse du regard, par son contraste même avec les accessoires appartenant au monde de la noce et du théâtre, n’était pas ce qui était le moins troublant.	The dreamy sadness in the expression of her eyes, by the mere fact of its contrast with the accessories belonging to the world of love-making and play-acting, was not the least disturbing element in the picture.
545	548	0.473	On pensait du reste qu’il devait être factice et que le jeune être qui semblait s’offrir aux caresses dans ce provocant costume avait probablement trouvé piquant d’y ajouter l’expression romanesque d’un sentiment secret, d’un chagrin inavoué.	One imagined moreover that it must be feigned, and that the young person who seemed ready to submit to caresses in this provoking costume had probably thought it effective to enhance the provocation with this romantic expression of a secret longing, an unspoken grief.
546	549	0.630	Au bas du portrait était écrit: _Miss Sacripant_, octobre 1872.	"At the foot of the picture was inscribed ""_Miss Sacripant_: October, 1872."""
547	550	0.698	Je ne pus contenir mon admiration.	I could not contain my admiration.
548	551	0.573	«Oh! ce n’est rien, c’est une pochade de jeunesse, c’était un costume pour une Revue des Variétés.	"""Oh, it's nothing, only a rough sketch I did when I was young; it was a costume for a variety show."
549	552	0.208	Tout cela est bien loin.	"It's all ages ago now."""
550	553	0.637	— Et qu’est devenu le modèle?»	"""And what has become of the model?"""
551	554	0.459	Un étonnement provoqué par mes paroles précéda sur la figure d’Elstir l’air indifférent et distrait qu’au bout d’une seconde il y étendit.	A bewilderment provoked by my words preceded on Elstir's face the indifferent, absent-minded air which, a moment later, he displayed there.
552	555	0.459	«Tenez, passez-moi vite cette toile, me dit-il, j’entends Madame Elstir qui arrive et bien que la jeune personne au melon n’ait joué, je vous assure, aucun rôle dans ma vie, il est inutile que ma femme ait cette aquarelle sous les yeux.	"""Quick, give it to me!"" he cried, ""I hear Madame Elstir coming, and, though, I assure you, the young person in the billy-cock hat never played any part in my life, still there's no point in my wife's coming in and finding it staring her in the face."
553	556	0.547	Je n’ai gardé cela que comme un document amusant sur le théâtre de cette époque.»	"I have kept it only as an amusing sidelight on the theatre of those days."""
554	557	0.609	Et avant de cacher l’aquarelle derrière lui, Elstir qui peut-être ne l’avait pas vue depuis longtemps y attacha un regard attentif.	And, before putting it away behind the pile, Elstir, who perhaps had not set eyes on the sketch for years, gave it his careful scrutiny.
555	558	0.694	«Il faudra que je ne garde que la tête, murmura-t-il, le bas est vraiment trop mal peint, les mains sont d’un commençant.»	"""I must keep just the head,"" he murmured, ""the lower part is really too shockingly bad, the hands are a beginner's work."""
556	559	0.648	J’étais désolé de l’arrivée de Mme Elstir qui allait encore nous retarder.	I was miserable at the arrival of Mme. Elstir, who could only delay us still further.
557	560	0.424	Le rebord de la fenêtre fut bientôt rose.	The window-sill was already aglow.
558	561	0.443	Notre sortie serait en pure perte.	Our excursion would be a pure waste of time.
559	562	0.518	Il n’y avait plus aucune chance de voir les jeunes filles, par conséquent plus aucune importance à ce que Mme Elstir nous quittât plus ou moins vite.	There was no longer the slightest chance of our seeing the girls, consequently it mattered now not at all how soon Mme. Elstir left us or how long she stayed.
560	563	0.404	Elle ne resta, d’ailleurs, pas très longtemps.	Not that she did stay for any length of time.
561	564	0.495	Je la trouvai très ennuyeuse; elle aurait pu être belle, si elle avait eu vingt ans, conduisant un bœuf dans la campagne romaine; mais ses cheveux noirs blanchissaient; et elle était commune sans être simple, parce qu’elle croyait que la solennité des manières et la majesté de l’attitude étaient requises par sa beauté sculpturale à laquelle, d’ailleurs, l’âge avait enlevé toutes ses séductions.	I found her most tedious; she might have been beautiful, once, at twenty, driving an ox in the Roman Campagna, but her dark hair was streaked with grey and she was common without being simple, because she believed that a pompous manner and majestic attitudes were required by her statuesque beauty, which, however, advancing age had robbed of all its charm.
562	565	0.502	Elle était mise avec la plus grande simplicité.	She was dressed with the utmost simplicity.
563	566	0.479	Et on était touché mais surpris d’entendre Elstir dire à tout propos et avec une douceur respectueuse, comme si rien que prononcer ces mots lui causait de l’attendrissement et de la vénération: «Ma belle Gabrielle!»	"And it was touching, but at the same time surprising to hear Elstir, whenever he opened his mouth, and with a respectful gentleness, as if merely uttering the words moved him to tenderness and veneration, repeat: ""My beautiful Gabrielle!"""
564	567	0.510	Plus tard, quand je connus la peinture mythologique d’Elstir, Mme Elstir prit pour moi aussi de la beauté.	Later on, when I had become familiar with Elstir's mythological paintings, Mme. Elstir acquired beauty in my eyes also.
565	568	0.479	Je compris qu’à certain type idéal résumé en certaines lignes, en certaines arabesques qui se retrouvaient sans cesse dans son oeuvre, à un certain canon, il avait attribué en fait un caractère presque divin, puisque tout son temps, tout l’effort de pensée dont il était capable, en un mot toute sa vie, il l’avait consacrée à la tâche de distinguer mieux ces lignes, de les reproduire plus fidèlement.	I understood then that to a certain ideal type illustrated by certain lines, certain arabesques which reappeared incessantly throughout his work, to a certain canon of art he had attributed a character that was almost divine, since the whole of his time, all the mental effort of which he was capable, in a word his whole life he had consecrated to the task of distinguishing those lines as clearly and of reproducing them as faithfully as possible.
566	569	0.378	Ce qu’un tel idéal inspirait à Elstir, c’était vraiment un culte si grave, si exigeant, qu’il ne lui permettait jamais d’être content, c’était la partie la plus intime de lui-même: aussi n’avait-il pu le considérer avec détachement, en tirer des émotions, jusqu’au jour où il le rencontra, réalisé au dehors, dans le corps d’une femme, le corps de celle qui était par la suite devenue Madame Elstir et chez qui il avait pu — comme cela ne nous est possible que pour ce qui n’est pas nous-mêmes — le trouver méritoire, attendrissant, divin.	What such an ideal inspired in Elstir was indeed a cult so solemn, so exacting that it never allowed him to be satisfied with what he had achieved; was the most intimate part of himself; and so he had never been able to look at it from a detached standpoint, to extract emotion from it, until the day on which he encountered it realised outside, apart from himself, in the body of a woman, the body of her who in due course became Mme. Elstir and in whom he had been able (as one is able only with something that is not oneself) to find it meritorious, moving, god-like.
567	570	0.411	Quel repos, d’ailleurs, de poser ses lèvres sur ce Beau que jusqu’ici il fallait avec tant de peine extraire de soi, et qui maintenant mystérieusement incarné, s’offrait à lui pour une suite de communions efficaces!	How comforting, moreover, to let his lips rest upon that Beauty which hitherto he had been obliged with so great labour to extract from within himself, whereas now, mysteriously incarnate, it offered itself to him in a series of communions, filled with saving grace.
568	571	0.522	Elstir à cette époque n’était plus dans la première jeunesse où l’on n’attend que de la puissance de la pensée, la réalisation de son idéal.	Elstir at this period was no longer in that early youth in which we look only to the power of our own mind for the realisation of our ideal.
569	572	0.379	Il approchait de l’âge où l’on compte sur les satisfactions du corps pour stimuler la force de l’esprit, où la fatigue de celui-ci, en nous inclinant au matérialisme, et la diminution de l’activité à la possibilité d’influences passivement reçues, commencent à nous faire admettre qu’il y a peut-être bien certains corps, certains métiers, certains rythmes privilégiés, réalisant si naturellement notre idéal, que même sans génie, rien qu’en copiant le mouvement d’une épaule, la tension d’un cou, nous ferions un chef-d’œuvre; c’est l’âge où nous aimons à caresser la Beauté du regard, hors de nous, près de nous, dans une tapisserie, dans une belle esquisse de Titien découverte chez un brocanteur, dans une maîtresse aussi belle que l’esquisse de Titien.	He was nearing the age at which we count on bodily satisfactions to stimulate the forces of the brain, at which the exhaustion of the brain inclining us to materialism and the diminution of our activity to the possibility of influences passively received, begin to make us admit that there may indeed be certain bodies, Certain callings, certain rhythms that are privileged, realising so naturally our ideal that even without genius, merely by copying the movement of a shoulder, the tension of a throat, we can achieve a masterpiece, it is the age at which we like to caress Beauty with our eyes objectively, outside ourselves, to have it near us, in a tapestry, in a lovely sketch by Titian picked up in a second-hand shop, in a mistress as lovely as Titian's sketch.
570	573	0.575	Quand j’eus compris cela, je ne pus plus voir sans plaisir Mme Elstir, et son corps perdit de sa lourdeur, car je le remplis d’une idée, l’idée qu’elle était une créature immatérielle, un portrait d’Elstir.	When I understood this I could no longer look without pleasure at Mme. Elstir, and her body began to lose its heaviness, for I filled it with an idea, the idea that she was an immaterial creature, a portrait by Elstir.
571	574	0.479	Elle en était un pour moi et pour lui aussi sans doute.	She was one for me, and for him also I dare say.
572	575	0.647	Les données de la vie ne comptent pas pour l’artiste, elles ne sont pour lui qu’une occasion de mettre à nu son génie.	The facts of life have no meaning for the artist, they are to him merely an opportunity for exposing the naked blaze of his genius.
573	576	0.700	On sent bien à voir les uns à côté des autres dix portraits de personnes différentes peintes par Elstir, que ce sont avant tout des Elstir.	One feels unmistakably, when one sees side by side ten portraits of different people painted by Elstir, that they are all, first and foremost, Elstirs.
574	577	0.579	Seulement, après cette marée montante du génie qui recouvre la vie, quand le cerveau se fatigue, peu à peu l’équilibre se rompt et comme un fleuve qui reprend son cours après le contreflux d’une grande marée, c’est la vie qui reprend le dessus.	Only, after this rising tide of genius, which sweeps over and submerges a man's life, when the brain begins to tire, gradually the balance is upset and, like a river that resumes its course after the counterflow of a spring tide, it is life that once more takes the upper hand.
575	578	0.523	Or, pendant que durait la première période, l’artiste a, peu à peu, dégagé la loi, la formule de son don inconscient.	While the first period lasted, the artist has gradually evolved the law, the formula of his unconscious gift.
576	579	0.493	Il sait quelles situations s’il est romancier, quels paysages s’il est peintre, lui fournissent la matière, indifférente en soi, mais nécessaire à ses recherches comme serait un laboratoire ou un atelier.	He knows what situations, should he be a novelist — if a painter, what scenes furnish him with the subject matter, which may be anything in the world but, whatever it is, is essential to his researches as a laboratory might be or a workshop.
577	580	0.412	Il sait qu’il a fait ses chefs d’œuvre avec des effets de lumière atténuée, avec des remords modifiant l’idée d’une faute, avec des femmes posées sous les arbres ou à demi plongées dans l’eau, comme des statues.	He knows that he has created his masterpieces out of effects of attenuated light, the action of remorse upon consciousness of guilt, out of women posed beneath trees or half-immersed in water, like statues.
578	581	0.369	Un jour viendra où par l’usure de son cerveau, il n’aura plus, devant ces matériaux dont se servait son génie, la force de faire l’effort intellectuel qui seul peut produire son oeuvre, et continuera pourtant à les rechercher, heureux de se trouver près d’eux à cause du plaisir spirituel, amorce du travail, qu’ils éveillent en lui; et les entourant d’ailleurs d’une sorte de superstition comme s’ils étaient supérieurs à autre chose, si en eux résidait déjà une bonne part de l’œuvre d’art qu’ils porteraient en quelque sorte toute faite, il n’ira pas plus loin que la fréquentation, l’adoration des modèles.	A day will come when, owing to the exhaustion of his brain, he will no longer have the strength, when provided with those materials which his genius was wont to use, to make the intellectual effort which alone can produce his work, and will yet continue to seek them out, happy when he finds himself in their presence, because of the spiritual pleasure, the allurement to work that they arouse in him; and, surrounding them besides with a kind of hedge of superstition as if they were superior to all things else, as if in them already dwelt a great part of the work of art which they might be said to carry within them ready made, he will confine himself to the company, to the adoration of his models.
579	582	0.484	Il causera indéfiniment avec des criminels repentis, dont les remords, la régénération a fait l’objet de ses romans; il achètera une maison de campagne dans un pays où la brume atténue la lumière; il passera de longues heures à regarder des femmes se baigner; il collectionnera les belles étoffes.	He will hold endless conversations with the repentant criminals whose remorse, their regeneration formed, when he still wrote, the subject of his novels; he will buy a country house in a district where mists attentuate the light, he will spend long hours gazing at the limbs of bathing women; will collect sumptuous stuffs.
580	583	0.500	Et ainsi la beauté de la vie, mot en quelque sorte dépourvu de signification, stade situé en deçà de l’art et auquel j’avais vu s’arrêter Swann, était celui où par ralentissement du génie créateur, idolâtrie des formes qui l’avaient favorisé, désir du moindre effort, devait un jour rétrograder peu à peu un Elstir.	And thus the beauty of life, a phase that has to some extent lost its meaning, a stage beyond the boundaries of art at which I had already seen Swann come to rest, was that also which, by a slackening of the creative ardour, idolatry of the forms which had inspired it, desire to avoid effort, must ultimately arrest an Elstir's progress.
581	584	0.584	Il venait enfin de donner un dernier coup de pinceau à ses fleurs; je perdis un instant à les regarder; je n’avais pas de mérite à le faire, puisque je savais que les jeunes filles ne se trouveraient plus sur la plage; mais j’aurais cru qu’elles y étaient encore et que ces minutes perdues me les faisaient manquer que j’aurais regardé tout de même, car je me serais dit qu’Elstir s’intéressait plus à ses fleurs qu’à ma rencontre avec les jeunes filles.	At last he had applied the final brush-stroke to his flowers; I sacrificed a minute to look at them; I acquired no merit by the act, for I knew that there was no chance now of our finding the girls on the beach; and yet, had I believed them to be still there, and that these wasted moments would make me miss them, I should have stopped to look none the less, for I should have told myself that Elstir was more interested in his flowers than in my meeting with the girls.
582	585	0.513	La nature de ma grand-mère, nature qui était juste l’opposé de mon total égoïsme, se reflétait pourtant dans la mienne.	My grandmother's nature, a nature that was the exact counterpart of my complete egoism; was nevertheless reflected in certain aspects of my own.
583	586	0.475	Dans une circonstance où quelqu’un qui m’était indifférent, pour qui j’avais toujours feint de l’affection ou du respect, ne risquait qu’un désagrément tandis que je courais un danger, je n’aurais pas pu faire autrement que de le plaindre de son ennui comme d’une chose considérable et de traiter mon danger comme un rien, parce qu’il me semblait que c’était avec ces proportions que les choses devaient lui apparaître.	In circumstances in which someone to whom I was indifferent, for whom I had always made a show of affection or respect, ran the risk merely of some unpleasantness whereas I was in real danger, I could not have done otherwise than commiserate with him on his annoyance as though it had been something important, and treat my own danger as nothing, because I would feel that these were the proportions in which he must see things.
584	587	0.352	Pour dire les choses telles qu’elles sont, c’est même un peu plus que cela, et pas seulement ne pas déplorer le danger que je courais moi-même, mais aller au devant de ce danger-là, et pour celui qui concernait les autres, tâcher au contraire, dussé-je avoir plus de chances d’être atteint moi-même, de le leur éviter.	To be quite accurate, I would go even farther, and not only not complain of the danger in which I myself stood but go half-way to meet it, and with that which involved other people try, on the contrary, were I to increase the risk of my being caught myself, to avert it from them.
585	588	0.366	Cela tient à plusieurs raisons qui ne sont point à mon honneur.	The reasons for this are several, none of which does me the slightest credit.
586	589	0.411	L’une est que si, tant que je ne faisais que raisonner, je croyais surtout tenir à la vie, chaque fois qu’au cours de mon existence, je me suis trouvé obsédé par des soucis moraux ou seulement par des inquiétudes nerveuses, quelquefois si puériles que je n’oserais pas les rapporter, si une circonstance imprévue survenait alors, amenant pour moi le risque d’être tué, cette nouvelle préoccupation était si légère, relativement aux autres, que je l’accueillais avec un sentiment de détente qui allait jusqu’à l’allégresse.	One is that if, while only my reason was employed, I have always believed in self-preservation, whenever in the course of my existence I have found myself obsessed by moral anxieties, or merely by nervous scruples, so puerile often that I dare not enumerate them here, if an unforeseen circumstance then arose, involving for me the risk of being killed, this new preoccupation was so trivial in comparison with the others that I welcomed it with a sense of relief, almost of hilarity.
587	590	0.370	Je me trouve ainsi avoir connu, quoique étant l’homme le moins brave du monde, cette chose qui me semblait quand je raisonnais, si étrangère à ma nature, si inconcevable, l’ivresse du danger.	Thus I find myself, albeit the least courageous of men, to have known that feeling which has always seemed to me, in my reasoning moods, so foreign to my nature, so inconceivable, the intoxication of danger.
588	591	0.429	Mais même fussé-je quand il y en a un, et mortel, qui se présente, dans une période entièrement calme et heureuse, je ne pourrais pas, si je suis avec une autre personne, ne pas la mettre à l’abri et choisir pour moi la place dangereuse.	But even although I were, when any, even a deadly peril threatened me, passing through an entirely calm and happy phase, I could not, were I with another person, refrain from sheltering him behind me and choosing for myself the post of danger.
589	592	0.482	Quand un assez grand nombre d’expériences m’eurent appris que j’agissais toujours ainsi, et avec plaisir, je découvris et à ma grande honte, que contrairement à ce que j’avais toujours cru et affirmé j’étais très sensible à l’opinion des autres.	When a sufficient store of experience had taught me that I invariably acted, and enjoyed acting thus, I discovered — and was deeply ashamed by the discovery — that it was because, in contradiction of what I had always believed and asserted, I was extremely sensitive to the opinions of others.
590	593	0.310	Cette sorte d’amour-propre inavoué n’a pourtant aucun rapport avec la vanité ni avec l’orgueil.	Not that this kind of unconfessed self-esteem is in any sense vanity or conceit.
591	594	0.443	Car ce qui peut contenter l’une ou l’autre, ne me causerait aucun plaisir et je m’en suis toujours abstenu.	For what might satisfy one or other of those failings would give me no pleasure, and I have always refrained from indulging them.
592	595	0.504	Mais les gens devant qui j’ai réussi à cacher le plus complètement les petits avantages qui auraient pu leur donner une moins piètre idée de moi, je n’ai jamais pu me refuser le plaisir de leur montrer que je mets plus de soin à écarter la mort de leur route que de la mienne.	But with the people in whose company I have succeeded in concealing most effectively the slight advantages a knowledge of which might have given them a less derogatory idea of myself, I have never been able to deny myself the pleasure of shewing them that I take more trouble to avert the risk of death from their path than from my own.
593	596	0.356	Comme son mobile est alors l’amour-propre et non la vertu, je trouve bien naturel qu’en toute circonstance ils agissent autrement.	As my motive is then self-esteem and not valour, I find it quite natural that in any crisis they should act differently.
594	597	0.338	Je suis bien loin de les en blâmer, ce que je ferais, peut-être, si j’avais été mû par l’idée d’un devoir qui me semblerait dans ce cas être obligatoire pour eux aussi bien que pour moi.	I am far from blaming them for it, as I should perhaps if I had been moved by a sense of duty, a duty which would seem to me, in that case, to be as incumbent upon them as upon myself.
595	598	0.338	Au contraire, je les trouve fort sages de préserver leur vie, tout en ne pouvant m’empêcher de faire passer au second plan la mienne, ce qui est particulièrement absurde et coupable, depuis que j’ai cru reconnaître que celle de beaucoup de gens devant qui je me place, quand éclate une bombe, est plus dénuée de prix.	On the contrary, I feel that it is eminently sensible of them to safeguard their lives, though at the same time I cannot prevent my own safety from receding into the background, which is particularly silly and culpable of me since I have come to realise that the lives of many of the people in front of whom I plant myself when a bomb bursts are more valueless even than my own.
596	599	0.532	D’ailleurs le jour de cette visite à Elstir les temps étaient encore loin où je devais prendre conscience de cette différence de valeur, et il ne s’agissait d’aucun danger, mais simplement, signe avant-coureur du pernicieux amour-propre, de ne pas avoir l’air d’attacher au plaisir que je désirais si ardemment plus d’importance qu’à la besogne d’aquarelliste qu’il n’avait pas achevée.	However, on the day of this first visit to Elstir, the time was still distant at which I was to become conscious of this difference in value, and there was no question of danger, but simply — a harbinger this of that pernicious self-esteem — the question of my not appearing to attach to the pleasure which I so ardently desired more importance than to the work which the painter had still to finish.
597	600	0.376	Elle le fut enfin.	It was finished at last.
598	601	0.531	Et, une fois dehors, je m’aperçus que — tant les jours étaient longs dans cette saison là — il était moins tard que je ne croyais; nous allâmes sur la digue.	"And, once we were out of doors, I discovered that — so long were the days still at this season — it was not so late as I had supposed; we strolled down to the ""front""."
599	602	0.506	Que de ruses j’employai pour faire demeurer Elstir à l’endroit où je croyais que ces jeunes filles pouvaient encore passer.	What stratagems I employed to keep Elstir standing at the spot where I thought that the girls might still come past.
600	603	0.497	Lui montrant les falaises qui s’élevaient à côté de nous je ne cessais de lui demander de me parler d’elles, afin de lui faire oublier l’heure et de le faire rester.	Pointing to the cliffs that towered beside us, I kept on asking him to tell me about them, so as to make him forget the time and stay there a little longer.
601	604	0.462	Il me semblait que nous avions plus de chance de cerner la petite bande en allant vers l’extrémité de la plage.	I felt that we had a better chance of waylaying the little band if we moved towards the end of the beach.
602	605	0.453	«J’aurais voulu voir d’un tout petit peu près avec vous ces falaises», dis-je à Elstir, ayant remarqué qu’une de ces jeunes filles s’en allait souvent de ce côté.	"""I should like to look at those cliffs with you from a little nearer,"" I said to him, having noticed that one of the girls was in the habit of going in that direction."
603	606	0.400	Et pendant ce temps-là, parlez-moi de Carquethuit.	"""And as we go, do tell me about Carquethuit."
604	607	0.427	Ah! que j’aimerais aller à Carquethuit!» ajoutai-je sans penser que le caractère si nouveau qui se manifestait avec tant de puissance dans le «Port de Carquethuit» d’Elstir, tenait peut-être plus à la vision du peintre qu’à un mérite spécial de cette plage.	"I should so like to see Carquethuit,"" I went on, without thinking that the so novel character which manifested itself with such force in Elstir's Carquethuit Harbour, might belong perhaps rather to the painter's vision than to any special quality in the place itself."
605	608	0.347	«Depuis que j’ai vu ce tableau, c’est peut-être ce que je désire le plus connaître avec la Pointe-du-Raz qui serait, d’ailleurs, d’ici, tout un voyage.	"""Since I've seen your picture, I think that is where I should most like to go, there and to the Pointe du Raz, but of course that would be quite a journey from here."""
606	609	0.413	— Et puis même si ce n’était pas plus près, je vous conseillerais peut-être tout de même davantage Carquethuit, me répondit Elstir.	"""Yes, and besides, even if it weren't nearer, I should advise you perhaps all the same to visit Carquethuit,"" he replied."
607	610	0.539	La Pointe-du-Raz est admirable, mais enfin c’est toujours la grande falaise normande ou bretonne que vous connaissez.	"""The Pointe du Raz is magnificent, but after all it is simply the high cliff of Normandy or Brittany which you know already."
608	611	0.444	Carquethuit c’est tout autre chose avec ces roches sur une plage basse.	Carquethuit is quite different, with those rocks bursting from a level shore.
609	612	0.610	Je ne connais rien en France d’analogue, cela me rappelle plutôt certains aspects de la Floride.	I know nothing in France like it, it reminds me rather of what one sees in some parts of Florida.
610	613	0.590	C’est très curieux, et du reste extrêmement sauvage aussi.	It is most interesting, and for that matter extremely wild too.
611	614	0.515	C’est entre Clitourps et Nehomme et vous savez combien ces parages sont désolés; la ligne des plages est ravissante.	It is between Clitourps and Nehomme; you know how desolate those parts are; the sweep of the coast-line is delicious.
612	615	0.500	Ici, la ligne de la plage est quelconque; mais là-bas, je ne peux vous dire quelle grâce elle a, quelle douceur.»	"Here, the coast-line is like anywhere else; but along there I can't tell you what charm it has, what softness."""
613	616	0.318	Le soir tombait: il fallut revenir; je ramenais Elstir vers sa villa, quand tout d’un coup, tel Méphistophélès surgissant devant Faust, apparurent au bout de l’avenue — comme une simple objectivation irréelle et diabolique du tempérament opposé au mien, de la vitalité quasi-barbare et cruelle dont était si dépourvue ma faiblesse, mon excès de sensibilité douloureuse et d’intellectualité — quelques taches de l’essence impossible à confondre avec rien d’autre, quelques sporades de la bande zoophytique des jeunes filles, lesquelles avaient l’air de ne pas me voir, mais sans aucun doute n’en étaient pas moins en train de porter sur moi un jugement ironique.	Night was falling; it was time to be turning homewards; I was escorting Elstir in the direction of his villa when suddenly, as it were Mephistopheles springing up before Faust, there appeared at the end of the avenue — like simply an objectification, unreal, diabolical, of the temperament diametrically opposed to my own, of the semi-barbarous and cruel vitality of which I, in my weakness, my excess of tortured sensibility and intellectuality was so destitute — a few spots of the essence impossible to mistake for anything else in the world, a few spores of the zoophytic band of girls, who wore an air of not having seen me but were unquestionably, for all that, proceeding as they advanced to pass judgment on me in their ironic vein.
614	617	0.339	Sentant qu’il était inévitable que la rencontre entre elles et nous se produisît, et qu’Elstir allait m’appeler, je tournai le dos comme un baigneur qui va recevoir la lame; je m’arrêtai net et laissant mon illustre compagnon poursuivre son chemin, je restai en arrière, penché, comme si j’étais subitement intéressé par elle, vers la vitrine du marchand d’antiquités devant lequel nous passions en ce moment; je n’étais pas fâché d’avoir l’air de pouvoir penser à autre chose qu’à ces jeunes filles, et je savais déjà obscurément que quand Elstir m’appellerait pour me présenter, j’aurais la sorte de regard interrogateur qui décèle non la surprise, mais le désir d’avoir l’air surpris — tant chacun est un mauvais acteur ou le prochain un bon physiognomoniste, — que j’irais même jusqu’à indiquer ma poitrine avec mon doigt pour demander: «C’est bien moi que vous appelez» et accourir vite, la tête courbée par l’obéissance et la docilité, le visage dissimulant froidement l’ennui d’être arraché à la contemplation de vieilles faïences pour être présenté à des personnes que je ne souhaitais pas de connaître.	"Feeling that a collision between them and us was now inevitable, and that Elstir would be certain to call me, I turned my back, like a bather preparing to meet the shock of a wave; I stopped dead and, leaving my eminent companion to pursue his way, remained where I was, stooping, as if I had suddenly become engrossed in it, towards the window of the curiosity shop which we happened to be passing at the moment, I was not sorry to give the appearance of being able to think of something other than these girls, and I was already dimly aware that when Elstir did call me up to introduce me to them I should wear that sort of challenging expression which betokens not surprise but the wish to appear as though one were surprised — so far is every one of us a bad actor, or everyone else a good thought-reader; — that I should even go so far as to point a finger to my breast, as who should ask ""It is me, really, that you want?"" and then run to join him, my head lowered in compliance and docility and my face coldly masking my annoyance at being torn from the study of old pottery in order to be introduced to people whom I had no wish to know."
615	618	0.514	Cependant je considérais la devanture en attendant le moment où mon nom crié par Elstir viendrait me frapper comme une balle attendue et inoffensive.	Meanwhile I explored the window and waited for the moment in which my name, shouted by Elstir, would come to strike me like an expected and innocuous bullet.
616	619	0.518	La certitude de la présentation à ces jeunes filles avait eu pour résultat, non seulement de me faire à leur égard, jouer, mais éprouver, l’indifférence.	The certainty of being introduced to these girls had had the result of making me not only feign complete indifference to them, but actually to feel it.
617	620	0.450	Désormais inévitable, le plaisir de les connaître fut comprimé, réduit, me parut plus petit que celui de causer avec Saint-Loup, de dîner avec ma grand-mère, de faire dans les environs des excursions que je regretterais d’être probablement, par le fait de relations avec des personnes qui devaient peu s’intéresser aux monuments historiques, contraint de négliger.	Inevitable from this point, the pleasure of knowing them began at once to shrink, became less to me than the pleasure of talking to Saint-Loup, of dining with my grandmother, of making, in the neighbourhood of Balbec, excursions which I would regret the probability, in consequence of my having to associate with people who could scarcely be much interested in old buildings, of my being forced to abandon.
618	621	0.632	D’ailleurs, ce qui diminuait le plaisir que j’allais avoir, ce n’était pas seulement l’imminence mais l’incohérence de sa réalisation.	Moreover, what diminished the pleasure which I was about to feel was not merely the imminence but the incoherence of its realisation.
619	622	0.658	Des lois aussi précises que celles de l’hydrostatique, maintiennent la superposition des images que nous formons dans un ordre fixe que la proximité de l’événement bouleverse.	Laws as precise as those of hydrostatics maintain the relative position of the images which we form in a fixed order, which the coming event at once upsets.
620	623	0.563	Elstir allait m’appeler.	Elstir was just about to call me.
621	624	0.639	Ce n’était pas du tout de cette façon que je m’étais souvent, sur la plage, dans ma chambre, figuré que je connaîtrais ces jeunes filles.	This was not at all the fashion in which I had so often, on the beach, in my bedroom, imagined myself making these girls' acquaintance.
622	625	0.536	Ce qui allait avoir lieu, c’était un autre événement auquel je n’étais pas préparé.	What was about to happen was a different event, for which I was not prepared.
623	626	0.620	Je ne reconnaissais ni mon désir, ni son objet; je regrettais presque d’être sorti avec Elstir.	I recognised neither my desire nor its object; I regretted almost that I had come out with Elstir.
624	627	0.557	Mais, surtout, la contraction du plaisir que j’avais auparavant cru avoir était due à la certitude que rien ne pouvait plus me l’enlever.	But, above all, the shrinking of the pleasure that I expected to feel was due to the certainty that nothing, now, could take that pleasure from me.
625	628	0.536	Et il reprit comme en vertu d’une force élastique, toute sa hauteur, quand il cessa de subir l’étreinte de cette certitude, au moment où m’étant décidé à tourner la tête, je vis Elstir arrêté quelques pas plus loin avec les jeunes filles, leur dire au revoir.	And it resumed, as though by some latent elasticity in itself, its whole extent when it ceased to be subjected to the pressure of that certainty, at the moment when, having decided to turn my head, I saw Elstir, standing where he had stopped a few feet away with the girls, bidding them good-bye.
626	629	0.351	La figure de celle qui était le plus près de lui, grosse et éclairée par ses regards, avait l’air d’un gâteau où on eût réservé de la place pour un peu de ciel.	The face of the girl who stood nearest to him, round and plump and glittering with the light in her eyes, reminded me of a cake on the top of which a place has been kept for a morsel of blue sky.
627	630	0.353	Ses yeux, même fixes, donnaient l’impression de la mobilité comme il arrive par ces jours de grand vent où l’air, quoique invisible, laisse percevoir la vitesse avec laquelle il passe sur le fond de l’azur.	Her eyes, even when fixed on an object, gave one the impression of motion, just as on days of high wind the air, although invisible, lets us perceive the speed with which it courses between us and the unchanging azure.
628-629	631	0.292	Un instant ses regards croisèrent les miens, comme ces ciels voyageurs des jours d’orage qui approchent d’une nuée moins rapide, la côtoient, la touchent, la dépassent. Mais ils ne se connaissent pas et s’en vont loin l’un de l’autre.	For a moment her gaze intersected mine, like those travelling skies on stormy days which hurry after a rain-cloud that moves less rapidly than they, overtake, touch, cover, pass it and are gone; but they do not know one another, and are soon driven far apart.
630	632	0.426	Tels nos regards furent un instant face à face, ignorant chacun ce que le continent céleste qui était devant lui contenait de promesses et de menaces pour l’avenir.	So our eyes were for a moment confronted, neither pair knowing what the celestial continent that lay before their gaze held of future blessing or disaster.
631	633	0.436	Au moment seulement où son regard passa exactement sous le mien, sans ralentir sa marche, il se voila légèrement.	Only at the moment when her gaze was directly coincident with mine, without slackening its movement it grew perceptibly duller.
632	634	0.538	Ainsi, par une nuit claire, la lune emportée par le vent passe sous un nuage et voile un instant son éclat, puis reparaît bien vite.	So on a starry night the wind-swept moon passes behind a cloud and veils her brightness for a moment, but soon will shine again.
633	635	0.621	Mais déjà Elstir avait quitté les jeunes filles sans m’avoir appelé.	But Elstir had already said good-bye to the girls, and had never summoned me.
634	636	0.659	Elles prirent une rue de traverse, il vint vers moi.	They disappeared down a cross street; he came towards me.
635	637	0.194	Tout était manqué.	My whole plan was spoiled.
636	638	0.546	J’ai dit qu’Albertine ne m’était pas apparue ce jour-là la même que les précédents, et que chaque fois elle devait me sembler différente.	I have said that Albertine had not seemed to me that day to be the same as on previous days and that afterwards, each time I saw her, she was to appear different.
637	639	0.418	Mais je sentis à ce moment que certaines modifications dans l’aspect, l’importance, la grandeur d’un être peuvent tenir aussi à la variabilité de certains états interposés entre cet être et nous.	But I felt at that moment that certain modifications in the appearance, the importance, the stature of a person may also be due to the variability of certain states of consciousness interposed between that person and us.
638	640	0.406	L’un de ceux qui jouent à cet égard le rôle le plus considérable est la croyance (ce soir-là la croyance puis l’évanouissement de la croyance, que j’allais connaître Albertine, l’avait, à quelques secondes d’intervalle, rendue presque insignifiante puis infiniment précieuse à mes yeux; quelques années plus tard, la croyance, puis la disparition de la croyance qu’Albertine m’était fidèle, amena des changements analogues).	One of those that play an important part in such transformations is belief (that evening my belief, then the vanishing of my belief that I was about to know Albertine had, with a few seconds' interval only, rendered her almost insignificant then infinitely precious in my sight; some years later, the belief, then the disappearance of the belief that Albertine was faithful to me brought about similar changes.)
639	641	0.355	Certes, à Combray déjà j’avais vu diminuer ou grandir selon les heures, selon que j’entrais dans l’un ou l’autre des deux grands modes qui se partageaient ma sensibilité, le chagrin de n’être pas près de ma mère, aussi imperceptible tout l’après-midi que la lumière de la lune tant que brille le soleil et, la nuit venue, régnant seul dans mon âme anxieuse à la place de souvenirs effacés et récents.	Of course, long ago, at Combray, I had seen shrink or stretch, according to the time of day, according as I was entering one or the other of the two dominant moods that governed my sensibility in turn, my grief at not having my mother with me, as imperceptible all afternoon as is the moon's light when the sun is shining, and then, when night had come, reigning alone in my anxious heart in the place of recent memories now obliterated.
640	642	0.360	Mais ce jour-là, en voyant qu’Elstir quittait les jeunes filles sans m’avoir appelé, j’appris que les variations de l’importance qu’ont à nos yeux un plaisir ou un chagrin peuvent ne pas tenir seulement à cette alternance de deux états, mais au déplacement de croyances invisibles, lesquelles par exemple nous font paraître indifférente la mort parce qu’elles répandent sur celle-ci une lumière d’irréalité, et nous permettent ainsi d’attacher de l’importance à nous rendre à une soirée musicale qui perdrait de son charme si, à l’annonce que nous allons être guillotinés, la croyance qui baigne cette soirée se dissipait tout à coup; ce rôle des croyances, il est vrai que quelque chose en moi le savait, c’était la volonté, mais elle le sait en vain si l’intelligence, la sensibilité continuent à l’ignorer; celles-ci sont de bonne foi quand elles croient que nous avons envie de quitter une maîtresse à laquelle seule notre volonté sait que nous tenons.	But on that day at Balbec, when I saw that Elstir was leaving the girls and had not called me, I learned for the first time that the variations in the importance which a pleasure or a pain has in our eyes may depend not merely on this alternation of two moods, but on the displacement of invisible beliefs, such, for example, as make death seem to us of no account because they bathe it in a glow of unreality, and thus enable us to attach importance to our attending an evening party, which would lose much of its charm for if, on the announcement that we were sentenced to die by the guillotine, the belief that had bathed the party in its warm glow was instantly shattered; and this part that belief plays, it is true that something in me was aware of it; this was my will; but its knowledge is vain if the mind, the heart continue in ignorance; these last act in good faith when they believe that we are anxious to forsake a mistress to whom our will alone knows that we are still attached.
641	643	0.424	C’est qu’elles sont obscurcies par la croyance que nous la retrouverons dans un instant.	This is because they are clouded by the belief that we shall see her again at any moment.
642	644	0.405	Mais que cette croyance se dissipe, qu’elles apprennent tout d’un coup que cette maîtresse est partie pour toujours, alors l’intelligence et la sensibilité ayant perdu leur mise au point sont comme folles, le plaisir infime s’agrandit à l’infini.	But let this belief be shattered, let them suddenly become aware that this mistress is gone from us for ever, then the mind and heart, having lost their focus, are driven like mad things, the meanest pleasure becomes infinitely great.
643	645	0.471	Variation d’une croyance, néant de l’amour aussi, lequel, préexistant et mobile, s’arrête à l’image d’une femme simplement parce que cette femme sera presque impossible à atteindre.	Variance of a belief, annulment also of love, which, pre-existent and mobile, comes to rest at the image of any one woman simply because that woman will be almost impossible of attainment.
644	646	0.353	Dès lors on pense moins à la femme qu’on se représente difficilement, qu’aux moyens de la connaître.	Thenceforward we think not so much of the woman of whom we find difficulty in forming an exact picture, as of the means of getting to know her.
645	647	0.362	Tout un processus d’angoisses se développe et suffit pour fixer notre amour sur celle qui en est l’objet à peine connu de nous.	A whole series of agonies develops and is sufficient to fix our love definitely upon her who is its almost unknown object.
646	648	0.447	L’amour devient immense, nous ne songeons pas combien la femme réelle y tient peu de place.	Our love becomes immense; we never dream how small a place in it the real woman occupies.
647	649	0.471	Et si tout d’un coup, comme au moment où j’avais vu Elstir s’arrêter avec les jeunes filles, nous cessons d’être inquiets, d’avoir de l’angoisse, comme c’est elle qui est tout notre amour, il semble brusquement qu’il se soit évanoui au moment où nous tenons enfin la proie à la valeur de laquelle nous n’avons pas assez pensé.	And if suddenly, as at the moment when I had seen Elstir stop to talk to the girls, we cease to be uneasy, to suffer pain, since it is this pain that is the whole of our love, it seems to us as though love had abruptly vanished at the moment when at length we grasp the prey to whose value we had not given enough thought before.
648	650	0.569	Que connaissais-je d’Albertine?	What did I know of Albertine?
649	651	0.545	Un ou deux profils sur la mer, moins beaux assurément que ceux des femmes de Véronèse que j’aurais dû, si j’avais obéi à des raisons purement esthétiques, lui préférer.	One or two glimpses of a profile against the sea, less beautiful, assuredly, than those of Veronese's women whom I ought, had I been guided by purely aesthetic reasons, to have preferred to her.
650	652	0.421	Or, pouvais-je avoir d’autres raisons, puisque, l’anxiété tombée, je ne pouvais retrouver que ces profils muets, je ne possédais rien d’autre?	By what other reasons could I be guided, since, my anxiety having subsided, I could recapture only those mute profiles; I possessed nothing of her besides.
651	653	0.515	Depuis que j’avais vu Albertine, j’avais fait chaque jour à son sujet des milliers de réflexions, j’avais poursuivi avec ce que j’appelais elle, tout un entretien intérieur, où je la faisais questionner, répondre, penser, agir, et dans la série indéfinie d’Albertines imaginées qui se succédaient en moi heure par heure, l’Albertine réelle, aperçue sur la plage, ne figurait qu’en tête, comme la créatrice d’un rôle, l’étoile, ne paraît, dans une longue série de représentations, que dans les toutes premières.	Since my first sight of Albertine I had meditated upon her daily, a thousandfold, I had carried on with what I called by her name an interminable unspoken dialogue in which I made her question me, answer me, think and act, and in the infinite series of imaginary Albertines who followed one after the other in my fancy, hour after hour, the real Albertine, a glimpse caught on the beach, figured only at the head, just as the actress who creates a part, the star, appears, out of a long series of performances, in the few first alone.
652	654	0.403	Cette Albertine-là n’était guère qu’une silhouette, tout ce qui était superposé était de mon cru, tant dans l’amour les apports qui viennent de nous l’emportent — à ne se placer même qu’au point de vue quantité — sur ceux qui nous viennent de l’être aimé.	That Albertine was scarcely more than a silhouette, all that was superimposed being of my own growth, so far when we are in love does the contribution that we ourself make outweigh — even if we consider quantity only — those that come to us from the beloved object.
653	655	0.317	Et cela est vrai des amours les plus effectifs.	And the same is true of love that is given its full effect.
654	656	0.621	Il en est qui peuvent non seulement se former mais subsister autour de bien peu de chose — et même parmi ceux qui ont reçu leur exaucement charnel.	There are loves that manage not only to be formed but to subsist around a very little core — even among those whose prayer has been answered after the flesh.
655	657	0.428	Un ancien professeur de dessin de ma grand’mère avait eu d’une maîtresse obscure une fille.	An old drawing-master who had taught my grandmother had been presented by some obscure mistress with a daughter.
656	658	0.395	La mère mourut peu de temps après la naissance de l’enfant et le professeur de dessin en eut un chagrin tel qu’il ne survécut pas longtemps.	The mother died shortly after the birth of her child, and the drawing-master was so broken-hearted that he did not long survive her.
657	659	0.454	Dans les derniers mois de sa vie, ma grand’mère et quelques dames de Combray, qui n’avaient jamais voulu faire même allusion devant leur professeur à cette femme, avec laquelle d’ailleurs il n’avait pas officiellement vécu et n’avait eu que peu de relations, songèrent à assurer le sort de la petite fille en se cotisant pour lui faire une rente viagère.	"In the last months of his life my grandmother and some of the Combray ladies, who had never liked to make any allusion in the drawing-master's presence to the woman, with whom, for that matter, he had not officially ""lived"" and had had comparatively slight relations, took it into their heads to ensure the little girl's future by combining to purchase an annuity for her."
658	660	0.420	Ce fut ma grand’mère qui le proposa, certaines amies se firent tirer l’oreille, cette petite fille était-elle vraiment si intéressante, était-elle seulement la fille de celui qui s’en croyait le père; avec des femmes comme était la mère, on n’est jamais sûr.	It was my grandmother who suggested this; several of her friends made difficulties; after all was the child really such a very interesting case, was she even the child of her reputed father; with women like that, it was never safe to say.
659	661	0.335	Enfin on se décida.	Finally, everything was settled.
660	662	0.592	La petite fille vint remercier.	The child came to thank the ladies.
661	663	0.574	Elle était laide et d’une ressemblance avec le vieux maître de dessin qui ôta tous les doutes; comme ses cheveux étaient tout ce qu’elle avait de bien, une dame dit au père qui l’avait conduite: «Comme elle a de beaux cheveux».	"She was plain, and so absurdly like the old drawing-master as to remove every shadow of doubt; her hair being the only nice thing about her, one of the ladies said to her father, who had come with her: ""What pretty hair she has."""
662	664	0.418	Et pensant que maintenant, la femme coupable étant morte et le professeur à demi-mort, une allusion à ce passé qu’on avait toujours feint d’ignorer n’avait plus de conséquence, ma grand-mère ajouta: «Ça doit être de famille.	"And thinking that now, the woman who had sinned being dead and the old man only half alive, a discreet allusion to that past of which they had always pretended to know nothing could do no harm, my grandmother added: ""It runs in families."
663	665	0.502	Est-ce que sa mère avait ces beaux cheveux-là?	"Did her mother have pretty hair like that?"""
664-665	666	0.474	— Je ne sais pas, répondit naïvement le père. Je ne l’ai jamais vue qu’en chapeau.»	"""I don't know,"" was the old man's quaint answer ""I never saw her except with a hat on."""
666	667	0.266	Il fallait rejoindre Elstir.	But I must not keep Elstir waiting.
667	668	0.450	Je m’aperçus dans une glace.	I caught sight of myself in a glass.
668	669-670	0.527	En plus du désastre de ne pas avoir été présenté, je remarquai que ma cravate était tout de travers, mon chapeau laissait voir mes cheveux longs, ce qui m’allait mal; mais c’était une chance tout de même qu’elles m’eussent, même ainsi, rencontré avec Elstir et ne pussent pas m’oublier; c’en était une autre que j’eusse ce jour-là, sur le conseil de ma grand’mère, mis mon joli gilet qu’il s’en était fallu de si peu que j’eusse remplacé par un affreux, et pris ma plus belle canne; car un événement que nous désirons, ne se produisant jamais comme nous avons pensé, à défaut des avantages sur lesquels nous croyions pouvoir compter, d’autres que nous n’espérions pas se sont présentés, le tout se compense; et nous redoutions tellement le pire que nous sommes finalement enclins à trouver que dans l’ensemble pris en bloc, le hasard nous a, somme toute, plutôt favorisés.	To add to the disaster of my not having been introduced to the girls, I noticed that my necktie was all crooked, my hat left long wisps of hair shewing, which did not become me; but it was a piece of luck, all the same, that they should have seen me, even thus attired, in Elstir's company and so could not forget me; also that I should have put on, that morning, at my grandmother's suggestion, my smart waistcoat, when I might so easily have been wearing one that was simply hideous, and be carrying my best stick. For while an event for which we are longing never happens quite in the way we have been expecting, failing the advantages on which we supposed that we might count, others present themselves for which we never hoped, and make up for our disappointment; and we have been so dreading the worst that in the end we are inclined to feel that, taking one thing with another, chance has, on the whole, been rather kind to us.
669	671	0.464	«J’aurais été si content de les connaître», dis-je à Elstir en arrivant près de lui.	"""I did so much want to know them,"" I said as I reached Elstir."
670	672	0.458	— Aussi pourquoi restez-vous à des lieues?»	"""Then why did you stand a mile away?"""
671	673	0.490	Ce furent les paroles qu’il prononça, non qu’elles exprimassent sa pensée, puisque si son désir avait été d’exaucer le mien, m’appeler lui eût été bien facile, mais peut-être parce qu’il avait entendu des phrases de ce genre, familier aux gens vulgaires pris en faute, et parce que même les grands hommes sont, en certaines choses, pareils aux gens vulgaires, prennent les excuses journalières dans le même répertoire qu’eux, comme le pain quotidien chez le même boulanger; soit que de telles paroles qui doivent en quelque sorte être lues à l’envers, puisque leur lettre signifie le contraire de la vérité, soient l’effet nécessaire, le graphique négatif d’un réflexe.	"These were his actual words, not that they expressed what was in his mind, since, if his desire had been to grant mine, to call me up to him would have been quite easy, but perhaps because he had heard phrases of this sort, in familiar use among common people when they are in the wrong, and because even great men are in certain respects much the same as common people, take their every day excuses from the same common stock just as they get their daily bread from the same baker; or it may be that such expressions (which ought, one might almost say, to be read ""backwards"", since their literal interpretation is the opposite of the truth) are the instantaneous effect, the negative exposure of a reflex action."
672	674	0.503	«Elles étaient pressées.»	"""They were in a hurry."""
673	675	0.574	Je pensai que surtout elles l’avaient empêché d’appeler quelqu’un qui leur était peu sympathique; sans cela il n’y eût pas manqué, après toutes les questions que je lui avais posées sur elles, et l’intérêt qu’il avait bien vu que je leur portais.	It struck me that of course they must have stopped him from summoning a person who did not greatly attract them; otherwise he would not have failed, after all the questions that I had put to him about them, and the interest which he must have seen that I took in them, to call me.
674	676	0.418	—Je vous parlais de Carquethuit, me dit-il, avant que je l’eusse quitté à sa porte.	"""We were speaking just now of Carquethuit,"" he began, as we walked towards his villa."
675	677	0.512	J’ai fait une petite esquisse où on voit bien mieux la cernure de la plage.	"""I have done a little sketch, in which you can see much better how the beach curves."
676	678	0.475	Le tableau n’est pas trop mal, mais c’est autre chose.	The painting is not bad, but it is different.
677	679	0.498	Si vous le permettez, en souvenir de notre amitié, je vous donnerai mon esquisse, ajouta-t-il, car les gens qui vous refusent les choses qu’on désire vous en donnent d’autres.	"If you will allow me, just to cement our friendship, I would like to give you the sketch,"" he went on, for the people who refuse us the objects of our desire are always ready to offer us something else."
678-679	680	0.456	—J’aurais beaucoup aimé, si vous en possédiez, avoir une photographie du petit portrait de Miss Sacripant! Mais qu’est-ce que c’est que ce nom?	"""I should very much like, if you have such a thing, a photograph of the little picture of Miss Sacripant. 'Sacripant' — that's not a real name, surely?"""
680	681	0.378	— C’est celui d’un personnage que tint le modèle dans une stupide petite opérette.	"""It is the name of a character the sitter played in a stupid little musical comedy."""
681	682	0.604	— Mais vous savez que je ne la connais nullement, monsieur, vous avez l’air de croire le contraire.	"""But, I assure you, sir, I have never set eyes on her; you look as though you thought that I knew her."""
682	683	0.505	Elstir se tut.	Elstir was silent.
683	684-685	0.662	«Ce n’est pourtant pas Mme Swann avant son mariage», dis-je par une de ces brusques rencontres fortuites de la vérité, qui sont somme toute assez rares, mais qui suffisent après coup à donner un certain fondement à la théorie des pressentiments si on prend soin d’oublier toutes les erreurs qui l’infirmeraient.	"""It isn't Mme. Swann, before she was married?"" I hazarded, in one of those sudden fortuitous stumblings upon the truth, which are rare enough in all conscience, and yet give, in the long run, a certain cumulative support to the theory of presentiments, provided that one takes care to forget all the wrong guesses that would invalidate it."
684	686	0.622	Elstir ne me répondit pas.	Elstir did not reply.
685	687	0.646	C’était bien un portrait d’Odette de Crécy.	The portrait was indeed that of Odette de Crécy.
686	688	0.410	Elle n’avait pas voulu le garder pour beaucoup de raisons dont quelques-unes sont trop évidentes.	She had preferred not to keep it for many reasons, some of them obvious.
687	689	0.249	Il y en avait d’autres.	But there were others less apparent.
688	690	0.539	Le portrait était antérieur au moment où Odette disciplinant ses traits avait fait de son visage et de sa taille cette création dont, à travers les années, ses coiffeurs, ses couturiers, elle-même — dans sa façon de se tenir, de parler, de sourire, de poser ses mains, ses regards, de penser — devaient respecter les grandes lignes.	The portrait dated from before the point at which Odette, disciplining her features, had made of her face and figure that creation the broad outlines of which her hairdressers, her dressmakers, she herself — in her way of standing, of speaking, of smiling, of moving her hands, her eyes, of thinking — were to respect throughout the years to come.
689	691	0.347	Il fallait la dépravation d’un amant rassasié pour que Swann préférât aux nombreuses photographies de l’Odette _ne varietur_ qu’était sa ravissante femme, la petite photographie qu’il avait dans sa chambre, et où sous un chapeau de paille orné de pensées on voyait une maigre jeune femme assez laide, aux cheveux bouffants, aux traits tirés.	"It required the vitiated tastes of a surfeited lover to make Swann prefer to all the countless photographs of the ""sealed pattern"" Odette which was his charming wife the little photographs which he kept in his room and in which, beneath a straw hat trimmed with pansies, you saw a thin young woman, not even good-looking, with bunched out hair and drawn features."
690	692	0.441	Mais d’ailleurs le portrait eût-il été, non pas antérieur, comme la photographie préférée de Swann, à la systématisation des traits d’Odette en un type nouveau, majestueux et charmant, mais postérieur, qu’il eût suffi de la vision d’Elstir pour désorganiser ce type.	But apart from this, had the portrait been not anterior, like Swann's favourite photograph, to the systematisation of Odette's features in a fresh type, majestic and charming, but subsequent to it, Elstir's vision would alone have sufficed to disorganise that type.
691	693	0.478	Le génie artistique agit à la façon de ces températures extrêmement élevées qui ont le pouvoir de dissocier les combinaisons d’atomes et de grouper ceux-ci suivant un ordre absolument contraire, répondant à un autre type.	Artistic genius in its reactions is like those extremely high temperatures which have the power to disintegrate combinations of atoms which they proceed to combine afresh in a diametrically opposite order, following another type.
692	694	0.521	Toute cette harmonie factice que la femme a imposée à ses traits et dont chaque jour avant de sortir elle surveille la persistance dans sa glace, changeant l’inclinaison du chapeau, le lissage des cheveux, l’enjouement du regard, afin d’en assurer la continuité, cette harmonie, le coup d’œil du grand peintre la détruit en une seconde, et à sa place il fait un regroupement des traits de la femme, de manière à donner satisfaction à un certain idéal féminin et pictural qu’il porte en lui.	All that artificially harmonious whole into which a woman has succeeded in bringing her limbs and features, the persistence of which every day, before going out, she studies in her glass, changing the angle of her hat, smoothing her hair, exercising the sprightliness in her eyes, so as to ensure its continuity, that harmony the keen eye of the great painter instantly destroys, substituting for it a rearrangement of the woman's features such as will satisfy a certain pictorial ideal of femininity which he carries in his head.
693	695	0.494	De même, il arrive souvent qu’à partir d’un certain âge, l’œil d’un grand chercheur trouve partout les éléments nécessaires à établir les rapports qui seuls l’intéressent.	Similarly it often happens that, after a certain age, the eye of a great seeker after truth will find everywhere the elements necessary to establish those relations which alone are of interest to him.
694	696	0.347	Comme ces ouvriers et ces joueurs qui ne font pas d’embarras et se contentent de ce qui leur tombe sous la main, ils pourraient dire de n’importe quoi: cela fera l’affaire.	Like those craftsmen, those players who, instead of making a fuss and asking for what they cannot have, content themselves with the instrument that comes to their hand, the artist might say of anything, no matter what, that it would serve his purpose.
695	697	0.570	Ainsi une cousine de la princesse de Luxembourg, beauté des plus altières, s’étant éprise autrefois d’un art qui était nouveau à cette époque, avait demandé au plus grand des peintres naturalistes de faire son portrait.	Thus a cousin of the Princesse de Luxembourg, a beauty of the most queenly type, having succumbed to a form of art which was new at that time, had asked the leading painter of the naturalist school to do her portrait.
696	698	0.529	Aussitôt l’œil de l’artiste avait trouvé ce qu’il cherchait partout.	At once the artist's eye had found what he sought everywhere in life.
697	699	0.535	Et sur la toile il y avait à la place de la grande dame un trottin, et derrière lui un vaste décor incliné et violet qui faisait penser à la place Pigalle.	And on his canvas there appeared, in place of the proud lady, a street-boy, and behind him a vast, sloping, purple background which made one think of the Place Pigalle.
698	700	0.380	Mais même sans aller jusque-là, non seulement le portrait d’une femme par un grand artiste ne cherchera aucunement à donner satisfaction à quelques-unes des exigences de la femme — comme celles qui, par exemple, quand elle commence à vieillir la font se faire photographier dans des tenues presque de fillettes qui font valoir sa taille restée jeune et la font paraître comme la sœur ou même la fille de sa fille, celle-ci au besoin «fagotée» pour la circonstance, à côté d’elle — et mettra au contraire en relief les désavantages qu’elle cherche à cacher et qui, comme un teint fiévreux, voire verdâtre, le tentent d’autant plus parce qu’ils ont du «caractère»; mais ils suffisent à désenchanter le spectateur vulgaire et réduisent pour lui en miettes l’idéal dont la femme soutenait si fièrement l’armature et qui la plaçait dans sa forme unique, irréductible, si en dehors, si au-dessus du reste de l’humanité.	"But even without going so far as that, not only will the portrait of a woman by a great artist not seek in the least to give satisfaction to various demands on the woman's part — such as for instance, when she begins to age, make her have herself photographed in dresses that are almost those of a young girl, which bring out her still youthful figure and make her appear like the sister, or even the daughter of her own daughter, who, if need be, is tricked out for the occasion as a ""perfect fright"" by her side — it will, on the contrary, emphasise those very drawbacks which she seeks to hide, and which (as for instance a feverish, that is to say a livid complexion) are all the more tempting to him since they give his picture ""character""; they are quite enough, however, to destroy all the illusions of the ordinary man who, when he sees the picture, sees crumble into dust the ideal which the woman herself has so proudly sustained for him, which has placed her in her unique, her unalterable form so far apart, so far above the rest of humanity."
699	701	0.324	Maintenant déchue, située hors de son propre type où elle trônait invulnérable, elle n’est plus qu’une femme quelconque en la supériorité de qui nous avons perdu toute foi.	Fallen now, represented otherwise than in her own type in which she sat unassailably enthroned, she is become nothing more than just an ordinary woman, in the legend of whose superiority we have lost all faith.
700	702	0.457	Ce type, nous faisions tellement consister en lui, non seulement la beauté d’une Odette, mais sa personnalité, son identité, que devant le portrait qui l’a dépouillée de lui, nous sommes tentés de nous écrier non pas seulement: «Comme c’est enlaidi», mais: «Comme c’est peu ressemblant».	"In this type we are so accustomed to regard as included not only the beauty of an Odette but her personality, her identity, that standing before the portrait which has thus transposed her from it we are inclined to protest not simply ""How plain he has made her!"" but ""Why, it isn't the least bit like her!"""
701	703	0.407	Nous avons peine à croire que ce soit elle.	We find it hard to believe that it can be she.
702	704	0.419	Nous ne la reconnaissons pas.	We do not recognise her.
703	705	0.366	Et pourtant il y a là un être que nous sentons bien que nous avons déjà vu.	And yet there is a person there on the canvas whom we are quite conscious of having seen before.
704	706	0.423	Mais cet être-là ce n’est pas Odette; le visage de cet être, son corps, son aspect, nous sont bien connus.	But that person is not Odette; the face of the person, her body, her general appearance seem familiar.
705	707	0.364	Ils nous rappellent, non pas la femme, qui ne se tenait jamais ainsi, dont la pose habituelle ne dessine nullement une telle étrange et provocante arabesque, mais d’autres femmes, toutes celles qu’à peintes Elstir et que toujours, si différentes qu’elles puissent être, il a aimé à camper ainsi de face, le pied cambré dépassant de la jupe, le large chapeau rond tenu à la main, répondant symétriquement à la hauteur du genou qu’il couvre à cet autre disque vu de face, le visage.	They recall to us not this particular woman who never held herself like that, whose natural pose had no suggestion of any such strange and teasing arabesque in its outlines, but other women, all the women whom Elstir has ever painted, women whom invariably, however they may differ from one another, he has chosen to plant thus on his canvas facing you, with an arched foot thrust out from under the skirt, a large round hat in one hand, symmetrically corresponding at the level of the knee which it hides to what also appears as a disc, higher up in the picture, the face.
706	708	0.271	Et enfin non seulement un portrait génial disloque le type d’une femme, tel que l’ont défini sa coquetterie et sa conception égoïste de la beauté, mais s’il est ancien, il ne se contente pas de vieillir l’original de la même manière que la photographie, en le montrant dans des atours démodés.	And furthermore, not only does a portrait by the hand of genius disintegrate and destroy a woman's type, as it has been defined by her coquetry and her selfish conception of beauty, but if it is also old, it is not content with ageing the original in the same way as a photograph ages its sitter, by shewing her dressed in the fashions of long ago.
707	709	0.343	Dans le portrait, ce n’est pas seulement la manière que la femme avait de s’habiller qui date, c’est aussi la manière que l’artiste avait de peindre.	In a portrait, it is not only the manner the woman then had of dressing that dates it, there is also the manner the artist had of painting.
708	710	0.352	Cette manière, la première manière d’Elstir, était l’extrait de naissance le plus accablant pour Odette parce qu’il faisait d’elle non pas seulement comme ses photographies d’alors une cadette de cocottes connues, mais parce qu’il faisait de son portrait le contemporain d’un des nombreux portraits que Manet ou Whistler ont peints d’après tant de modèles disparus qui appartiennent déjà à l’oubli ou à l’histoire.	And this, Elstir's earliest manner, was the most damaging of birth certificates for Odette because it not only established her, as did her photographs of the same period, as the younger sister of various time-honoured courtesans, but made her portrait contemporary with the countless portraits that Manet or Whistler had painted of all those vanished models, models who already belonged to oblivion or to history.
709	711	0.476	C’est dans ces pensées silencieusement ruminées à côté d’Elstir, tandis que je le conduisais chez lui, que m’entraînait la découverte que je venais de faire relativement à l’identité de son modèle, quand cette première découverte m’en fit faire une seconde, plus troublante encore pour moi, concernant l’identité de l’artiste.	It was along this train of thought, meditated in silence by the side of Elstir, as I accompanied him to his door, that I was being led by the discovery that I had just made of the identity of his model, when this original discovery caused me to make a second, more disturbing still, involving the identity of the artist.
710	712	0.685	Il avait fait le portrait d’Odette de Crécy.	He had painted the portrait of Odette de Crécy.
711	713	0.556	Serait-il possible que cet homme de génie, ce sage, ce solitaire, ce philosophe à la conversation magnifique et qui dominait toutes choses, fût le peintre ridicule et pervers, adopté jadis par les Verdurin?	"Could it possibly be that this man of genius, this sage, this eremite, this philosopher with his marvellous flow of conversation, who towered over everyone and everything, was the foolish, corrupt little painter who had at one time been ""taken up"" by the Verdurins?"
712	714	0.522	Je lui demandai s’il les avait connus, si par hasard ils ne le surnommaient pas alors M. Biche.	I asked him if he had known them, whether by any chance it was he that they used to call M. Biche.
713	715	0.405	Il me répondit que si, sans embarras, comme s’il s’agissait d’une partie déjà un peu ancienne de son existence et s’il ne se doutait pas de la déception extraordinaire qu’il éveillait en moi, mais levant les yeux, il la lut sur mon visage.	He answered me in the affirmative, with no trace of embarrassment, as if my question referred to a period in his life that was ended and already somewhat remote, with no suspicion of what a cherished illusion his words were shattering in me, until looking up he read my disappointment upon my face.
714	716	0.427	Le sien eut une expression de mécontentement.	His own assumed an expression of annoyance.
715	717	0.541	Et comme nous étions déjà presque arrivés chez lui, un homme moins éminent par l’intelligence et par le cœur m’eût peut-être simplement dit au revoir un peu sèchement et après cela eût évité de me revoir.	"And, as we were now almost at the gate of his house, a man of less outstanding eminence, in heart and brain, might simply have said ""good-bye"" to me, a trifle dryly, and taken care to avoid seeing me again."
716	718	0.568	Mais ce ne fut pas ainsi qu’Elstir agit avec moi; en vrai maître — et c’était peut-être au point de vue de la création pure son seul défaut d’en être un, dans ce sens du mot maître, car un artiste pour être tout à fait dans la vérité de la vie spirituelle doit être seul, et ne pas prodiguer de son moi, même à des disciples, — de toute circonstance, qu’elle fût relative à lui ou à d’autres, il cherchait à extraire pour le meilleur enseignement des jeunes gens la part de vérité qu’elle contenait.	This however was not Elstir's way with me; like the master that he was — and this was, perhaps, from the point of view of sheer creative genius, his one fault, that he was a master in that sense of the word, for an artist if he is to live the true life of the spirit in its full extent, must be alone and not bestow himself with profusion, even upon disciples — from every circumstance, whether involving himself or other people, he sought to extract, for the better edification of the young, the element of truth that it contained.
717	719	0.273	Il préféra donc aux paroles qui auraient pu venger son amour-propre celles qui pouvaient m’instruire.	He chose therefore, rather than say anything that might have avenged the injury to his pride, to say what he thought would prove instructive to me.
718	720	0.368	«Il n’y a pas d’homme si sage qu’il soit, me dit-il qui n’ait à telle époque de sa jeunesse prononcé des paroles, ou même mené une vie, dont le souvenir lui soit désagréable et qu’il souhaiterait être aboli.	"""There is no man,"" he began, ""however wise, who has not at some period of his youth said things, or lived in a way the consciousness of which is so unpleasant to him in later life that he would gladly, if he could, expunge it from his memory."
719	721	0.461	Mais il ne doit pas absolument le regretter, parce qu’il ne peut être assuré d’être devenu un sage, dans la mesure où cela est possible, que s’il a passé par toutes les incarnations ridicules ou odieuses qui doivent précéder cette dernière incarnation-là.	And yet he ought not entirely to regret it, because he cannot be certain that he has indeed become a wise man — so far as it is possible for any of us to be wise — unless he has passed through all the fatuous or unwholesome incarnations by which that ultimate stage must be preceded.
720	722	0.501	Je sais qu’il y a des jeunes gens, fils et petits-fils d’hommes distingués, à qui leurs précepteurs ont enseigné la noblesse de l’esprit et l’élégance morale dès le collège.	I know that there are young fellows, the sons and grandsons of famous men, whose masters have instilled into them nobility of mind and moral refinement in their schooldays.
721	723	0.302	Ils n’ont peut-être rien à retrancher de leur vie, ils pourraient publier et signer tout ce qu’ils ont dit, mais ce sont de pauvres esprits, descendants sans force de doctrinaires, et de qui la sagesse est négative et stérile.	They have, perhaps, when they look back upon their past lives, nothing to retract; they can, if they choose, publish a signed account of everything they have ever said or done; but they are poor creatures, feeble descendants of doctrinaires, and their wisdom is negative and sterile.
722	724	0.364	On ne reçoit pas la sagesse, il faut la découvrir soi-même après un trajet que personne ne peut faire pour nous, ne peut nous épargner, car elle est un point de vue sur les choses.	We are not provided with wisdom, we must discover it for ourselves, after a journey through the wilderness which no one else can take for us, an effort which no one can spare us, for our wisdom is the point of view from which we come at last to regard the world.
723	725	0.465	Les vies que vous admirez, les attitudes que vous trouvez nobles n’ont pas été disposées par le père de famille ou par le précepteur, elles ont été précédées de débuts bien différents, ayant été influencées par ce qui régnait autour d’elles de mal ou de banalité.	The lives that you admire, the attitudes that seem noble to you are not the result of training at home, by a father, or by masters at school, they have sprung from beginnings of a very different order, by reaction from the influence of everything evil or common-place that prevailed round about them.
724	726	0.623	Elles représentent un combat et une victoire.	They represent a struggle and a victory.
725	727	0.435	Je comprends que l’image de ce que nous avons été dans une période première ne soit plus reconnaissable et soit en tous cas déplaisante.	I can see that the picture of what we once were, in early youth, may not be recognisable and cannot, certainly, be pleasing to contemplate in later life.
726	728	0.509	Elle ne doit pas être reniée pourtant, car elle est un témoignage que nous avons vraiment vécu, que c’est selon les lois de la vie et de l’esprit, que nous avons, des éléments communs de la vie, de la vie des ateliers, des coteries artistiques s’il s’agit d’un peintre, extrait quelque chose qui les dépasse.»	"But we must not deny the truth of it, for it is evidence that we have really lived, that it is in accordance with the laws of life and of the mind that we have, from the common elements of life, of the life of studios, of artistic groups — assuming that one is a painter — extracted something that goes beyond them."""
727	729	0.476	Nous étions arrivés devant sa porte.	Meanwhile we had reached his door.
728	730	0.498	J’étais déçu de ne pas avoir connu ces jeunes filles.	I was disappointed at not having met the girls.
729	731	0.429	Mais enfin maintenant il y aurait une possibilité de les retrouver dans la vie; elles avaient cessé de ne faire que passer à un horizon où j’avais pu croire que je ne les verrais plus jamais apparaître.	But after all there was now the possibility of meeting them again later on; they had ceased to do no more than pass beyond a horizon on which I had been ready to suppose that I should never see them reappear.
730	732	0.349	Autour d’elles ne flottait plus comme ce grand remous qui nous séparait et qui n’était que la traduction du désir en perpétuelle activité, mobile, urgent, alimenté d’inquiétudes, qu’éveillaient en moi leur inaccessibilité, leur fuite peut-être pour toujours.	Around them no longer swirled that sort of great eddy which had separated me from them, which had been merely the expression of the perpetually active desire, mobile, compelling, fed ever on fresh anxieties, which was aroused in me by their inaccessibility, their flight from me, possibly for ever.
731	733	0.466	Mon désir d’elles, je pouvais maintenant le mettre au repos, le garder en réserve, à côté de tant d’autres dont, une fois que je la savais possible, j’ajournais la réalisation.	My desire for them, I could now set it at rest, hold it in reserve, among all those other desires the realisation of which, as soon as I knew it to be possible, I would cheerfully postpone.
732	734	0.508	Je quittai Elstir, je me retrouvai seul.	I took leave of Elstir; I was alone once again.
733	735	0.493	Alors tout d’un coup, malgré ma déception, je vis dans mon esprit tous ces hasards que je n’eusse pas soupçonné pouvoir se produire, qu’Elstir fût justement lié avec ces jeunes filles, que celles qui le matin encore étaient pour moi des figures dans un tableau ayant pour fond la mer, m’eussent vu, m’eussent vu lié avec un grand peintre, lequel savait maintenant mon désir de les connaître et le seconderait sans doute.	Then all of a sudden, despite my recent disappointment, I saw in my mind's eye all that chain of coincidence which I had not supposed could possibly come about, that Elstir should be a friend of those very girls, that they who only that morning had been to me merely figures in a picture with the sea for background had seen me, had seen me walking in friendly intimacy with a great painter, who was now informed of my secret longing and would no doubt do what he could to assuage it.
734	736	0.504	Tout cela avait causé pour moi du plaisir, mais ce plaisir m’était resté caché; il était de ces visiteurs qui attendent, pour nous faire savoir qu’ils sont là, que les autres nous aient quitté, que nous soyons seuls.	All this had been a source of pleasure to me, but that pleasure had remained hidden; it was one of those visitors who wait before letting us know that they are in the room until all the rest have gone and we are by ourselves.
735	737	0.394	Alors nous les apercevons, nous pouvons leur dire: je suis tout à vous, et les écouter.	"Then only do we catch sight of them, and can say to them, ""I am at your service,"" and listen to what they have to tell us."
736	738	0.470	Quelquefois entre le moment où ces plaisirs sont entrés en nous et le moment où nous pouvons y rentrer nous-même, il s’est écoulé tant d’heures, nous avons vu tant de gens dans l’intervalle que nous craignons qu’ils ne nous aient pas attendu.	Sometimes between the moment at which these pleasures have entered our consciousness and the moment at which we are free to entertain them, so many hours have passed, we have in the interval seen so many people that we are afraid lest they should have grown tired of waiting.
737	739	0.487	Mais ils sont patients, ils ne se lassent pas et dès que tout le monde est parti nous les trouvons en face de nous.	But they are patient, they do not grow tired, and as soon as the crowd has gone we find them there ready for us.
738	740	0.529	Quelquefois c’est nous alors qui sommes si fatigués qu’il nous semble que nous n’aurons plus dans notre pensée défaillante assez de force pour retenir ces souvenirs, ces impressions, pour qui notre moi fragile est le seul lieu habitable, l’unique mode de réalisation.	Sometimes it is then we who are so exhausted that it seems as though our weary mind will not have the strength left to seize and retain those memories, those impressions for which our frail self is the one habitable place, the sole means of realisation.
739	741	0.449	Et nous le regretterions car l’existence n’a guère d’intérêt que dans les journées où la poussière des réalités est mêlée de sable magique, où quelque vulgaire incident de la vie devient un ressort romanesque.	And we should regret that failure, for existence to us is hardly interesting save on the days on which the dust of realities is shot with magic sand, on which some trivial incident of life becomes a spring of romance.
740	742	0.500	Tout un promontoire du monde inaccessible surgit alors de l’éclairage du songe et entre dans notre vie, dans notre vie où comme le dormeur éveillé nous voyons les personnes dont nous avions si ardemment rêvé que nous avions cru que nous ne les verrions jamais qu’en rêve.	Then a whole promontory of the inaccessible world rises dear in the light of our dream, and enters into our life, our life in which, like the sleeper awakened, we actually see the people of whom we have been so ardently dreaming that we came to believe that we should never behold them save in our dreams.
741	743	0.484	L’apaisement apporté par la probabilité de connaître maintenant ces jeunes filles quand je le voudrais me fut d’autant plus précieux que je n’aurais pu continuer à les guetter les jours suivants, lesquels furent pris par les préparatifs du départ de Saint-Loup.	The sense of comfort that I drew from the probability of my now being able to meet the little band whenever I chose was all the more precious to me because I should not have been able to keep watch for them during the next few days, which would be taken up with preparations for Saint-Loup's departure.
742	744	0.492	Ma grand’mère était désireuse de témoigner à mon ami sa reconnaissance de tant de gentillesses qu’il avait eues pour elle et pour moi.	My grandmother was anxious to offer my friend some proof of her gratitude for all the kindnesses that he had shewn to her and myself.
743	745	0.488	Je lui dis qu’il était grand admirateur de Proudhon et je lui donnai l’idée de faire venir de nombreuses lettres autographes de ce philosophe qu’elle avait achetées; Saint-Loup vint les voir à l’hôtel, le jour où elles arrivèrent qui était la veille de son départ.	I told her that he was a great admirer of Proudhon, and this put it into her head to send for a collection of autograph letters by that philosopher which she had once bought; Saint-Loup came to her room to look at them on the day of their arrival, which was also his last day at Balbec.
744-745	746	0.402	Il les lut avidement, maniant chaque feuille avec respect, tâchant de retenir les phrases, puis s’étant levé, s’excusait déjà auprès de ma grand’mère d’être resté aussi longtemps, quand il l’entendit lui répondre: —Mais non, emportez-les, c’est à vous, c’est pour vous les donner que je les ai fait venir.	"He read them eagerly, fingering each page with reverence, trying to get the sentences by heart; and then, rising from the table, was beginning to apologise to my grandmother for having stayed so long, when he heard her say: ""No, no; take them with you; they are for you to keep; that was why I sent for them, to give them to you."""
746	747-748	0.518	Il fut pris d’une joie dont il ne fut pas plus le maître que d’un état physique qui se produit sans intervention de la volonté, il devint écarlate comme un enfant qu’on vient de punir, et ma grand’mère fut beaucoup plus touchée de voir tous les efforts qu’il avait faits (sans y réussir) pour contenir la joie qui le secouait, que par tous les remerciements qu’il aurait pu proférer.	He was overpowered by a joy which he could no more control than we can a physical condition that arises without the intervention of our will. He blushed scarlet as a child who has just been whipped, and my grandmother was a great deal more touched to see all the efforts that he was making (without success) to control the joy that convulsed him than she would have been to hear any words of thanks that he could have uttered.
747	749	0.562	Mais lui craignant d’avoir mal témoigné sa reconnaissance me priait encore de l’en excuser, le lendemain, penché à la fenêtre du petit chemin de fer d’intérêt local qu’il prit pour rejoindre sa garnison.	But he, fearing that he had failed to shew his gratitude properly, begged me to make his excuses to her again, next day, leaning from the window of the little train of the local railway company which was to take him back to his regiment.
748	750	0.418	Celle-ci était, en effet, très peu éloignée.	The distance was, as a matter of fact, nothing.
749	751	0.371	Il avait pensé s’y rendre, comme il faisait souvent quand il devait revenir le soir et qu’il ne s’agissait pas d’un départ définitif, en voiture.	He had thought of going, as he had frequently done that summer, when he was to return the same evening and was not encumbered with luggage, by road.
750	752	0.517	Mais il eût fallu cette fois-ci qu’il mît ses nombreux bagages dans le train.	But this time he would have had, anyhow, to put all his heavy luggage in the train.
751	753	0.485	Et il trouva plus simple d’y monter aussi lui-même, suivant en cela l’avis du directeur qui consulté, répondit que, voiture ou petit chemin de fer, «ce serait à peu près équivoque».	"And he found it simpler to take the train himself also, following the advice of the manager who, on being consulted, replied that ""Carriage or train, it was more or less equivocal."""
752	754	0.474	Il entendait signifier par là que ce serait équivalent (en somme, à peu près ce que Françoise eût exprimé en disant que «cela reviendrait du pareil au même»).	"He meant us to understand that they were equivalent (in fact, very much what Françoise would have expressed as ""coming to as near as made no difference"")."
753	755	0.584	«Soit, avait conclu Saint-Loup, je prendrai le petit «tortillard».	"""Very well,"" Saint-Loup had decided, ""I will take the 'little crawler'."""
754	756	0.445	Je l’aurais pris aussi si je n’avais été fatigué et aurais accompagné mon ami jusqu’à Doncières; je lui promis du moins, tout le temps que nous restâmes à la gare de Balbec — c’est-à-dire que le chauffeur du petit train passa à attendre des amis retardataires, sans lesquels il ne voulait pas s’en aller, et aussi à prendre quelques rafraîchissements — d’aller le voir plusieurs fois par semaine.	I should have taken it too, had I not been tired, and gone with my friend to Doncières; failing this I kept on promising, all the time that we waited in the Balbec station — the time, that is to say, which the driver of the little train spent in waiting for unpunctual friends, without whom he refused to start, and also in seeking some refreshment for himself — to go over there and see him several times a week.
755	757	0.371	Comme Bloch était venu aussi à la gare — au grand ennui de Saint-Loup — ce dernier voyant que notre camarade l’entendait me prier de venir déjeuner, dîner, habiter à Doncières, finit par lui dire d’un ton extrêmement froid lequel était chargé de corriger l’amabilité forcée de l’invitation et d’empêcher Bloch de la prendre au sérieux: «Si jamais vous passez par Doncières une après-midi où je sois libre, vous pourrez me demander au quartier, mais libre, je ne le suis à peu près jamais.»	"As Bloch had come to the station also — much to Saint-Loup's disgust — the latter, seeing that our companion could hear him begging me to come to luncheon, to dinner, to stay altogether at Doncières, finally turned to him and, in the most forbidding tone, intended to counteract the forced civility of the invitation and to prevent Bloch from taking it seriously: ""If you ever happen to be passing through Doncières any afternoon when I am off duty, you might ask for me at the barracks; but I hardly ever am off duty."""
756	758	0.322	Peut-être aussi Robert craignait-il que, seul, je ne vinsse pas et pensant que j’étais plus lié avec Bloch que je ne le disais, me mettait-il ainsi en mesure d’avoir un compagnon de route, un entraîneur.	Perhaps, also, Robert feared lest, if left to myself, I might not come, and, thinking that I was more intimate with Bloch than I made out, was providing me in this way with a travelling companion, one who would urge me on.
757	759	0.347	J’avais peur que ce ton, cette manière d’inviter quelqu’un en lui conseillant de ne pas venir, n’eût froissé Bloch, et je trouvais que Saint-Loup eût mieux fait de ne rien dire.	I was afraid that this tone, this way of inviting a person while warning him not to come, might have wounded Bloch, and felt that Saint-Loup would have done better, saying nothing.
758	760	0.498	Mais je m’étais trompé, car après le départ du train, tant que nous fîmes route ensemble jusqu’au croisement de deux avenues où il fallait nous séparer, l’une allant à l’hôtel, l’autre à la villa de Bloch, celui-ci ne cessa de me demander quel jour nous irions à Doncières, car après «toutes les amabilités que Saint-Loup lui avait faites», il eût été «trop grossier de sa part» de ne pas se rendre à son invitation.	"But I was mistaken, for after the train had gone, while we were walking back together as far as the cross-roads at which we should have to part, one road going to the hotel, the other to the Blochs' villa, he never ceased from asking me on what day we should go to Doncières, for after ""all the civilities that Saint-Loup had shewn"" him, it would be ""too unmannerly"" on his part not to accept the invitation."
759	761	0.568	J’étais content qu’il n’eût pas remarqué, ou fût assez peu mécontent pour désirer feindre de ne pas avoir remarqué, sur quel ton moins que pressant, à peine poli, l’invitation avait été faite.	I was glad that he had not noticed, or was so little displeased as to wish to let it be thought that he had not noticed on how far from pressing, how barely polite a note the invitation had been sounded.
760	762	0.398	J’aurais pourtant voulu pour Bloch qu’il s’évitât le ridicule d’aller tout de suite à Doncières.	At the same time I should have liked Bloch, for his own sake, to refrain from making a fool of himself by going over at once to Doncières.
761	763	0.539	Mais je n’osais pas lui donner un conseil qui n’eût pu que lui déplaire en lui montrant que Saint-Loup avait été moins pressant que lui n’était empressé.	But I dared not offer a piece of advice which could only have offended him by hinting that Saint-Loup had been less pressing than himself impressed.
762	764	0.470	Il l’était beaucoup trop, et bien que tous les défauts qu’il avait dans ce genre fussent compensés chez lui par de remarquables qualités que d’autres plus réservés n’auraient pas eues, il poussait l’indiscrétion à un point dont on était agacé.	He was a great deal too ready to respond, and even if all his faults of this nature were atoned for by remarkable qualities which others, with more reserve than he, would not possess, he carried indiscretion to a pitch that was almost maddening.
763	765	0.551	La semaine ne pouvait, à l’entendre, se passer sans que nous allions à Doncières (il disait «nous», car je crois qu’il comptait un peu sur ma présence pour excuser la sienne).	"The week must not, to hear him speak, pass without our going to Doncières (he said ""our"" for I think that he counted to some extent on my presence there as an excuse for his own)."
764	766	0.506	Tout le long de la route, devant le gymnase perdu dans ses arbres, devant le terrain de tennis, devant la maison, devant le marchand de coquillages, il m’arrêta, me suppliant de fixer un jour et comme je ne le fis pas, me quitta fâché en me disant: «A ton aise, messire.	"All the way home, opposite the gymnasium, in its grove of trees, opposite the lawn-tennis courts, the mayor's office, the shell-fish stall, he stopped me, imploring me to fix a day, and, as I did not, left me in a towering rage, saying: ""As your lordship pleases."
765	767	0.483	Moi en tous cas, je suis obligé d’y aller puisqu’il m’a invité.»	"For my part, I am obliged to go since he has invited me."""
766	768	0.604	Saint-Loup avait si peur d’avoir mal remercié ma grand-mère qu’il me chargeait encore de lui dire sa gratitude le surlendemain, dans une lettre que je reçus de lui de la ville où il était en garnison et qui semblait sur l’enveloppe où la poste en avait timbré le nom, accourir vite vers moi, me dire qu’entre ses murs, dans le quartier de cavalerie Louis XVI, il pensait à moi.	Saint-Loup was still so much afraid of not having thanked my grandmother properly that he charged me once again to express his gratitude to her a day or two later in a letter I received from him from the town in which he was quartered, a town which seemed, on the envelope where the post-mark had stamped its name, to be hastening to me across country, to tell me that within its walls, in the Louis XVI cavalry barracks, he was thinking of me.
767	769	0.517	Le papier était aux armes de Marsantes dans lesquelles je distinguais un lion que surmontait une couronne fermée par un bonnet de pair de France.	The paper was embossed with the arms of Marsantes, in which I could make out a lion, surmounted by a coronet formed by the cap of a Peer of France.
768	770	0.579	«Après un trajet qui, me disait-il, s’est bien effectué, en lisant un livre acheté à la gare, qui est par Arvède Barine (c’est un auteur russe je pense, cela m’a paru remarquablement écrit pour un étranger, mais donnez-moi votre appréciation, car vous devez connaître cela vous, puits de science qui avez tout lu), me voici revenu, au milieu de cette vie grossière, où hélas, je me sens bien exilé, n’y ayant pas ce que j’ai laissé à Balbec; cette vie où je ne retrouve aucun souvenir d’affection, aucun charme d’intellectualité; vie dont vous mépriseriez sans doute l’ambiance et qui n’est pourtant pas sans charme.	"""After a journey which,"" he wrote, ""passed pleasantly enough, with a book I bought at the station, by Arvède Barine (a Russian author, I fancy; it seemed to me remarkably well written for a foreigner, but you shall give me your critical opinion, you are bound to know all about it, you fount of knowledge who have read everything), here I am again in the thick of this debased existence, where, alas, I feel a sad exile, not having here what I had to leave at Balbec; this life in which I cannot discover one affectionate memory, any intellectual attraction; an environment on which you would probably look with contempt — and yet it has a certain charm."
769	771	0.579	Tout m’y semble avoir changé depuis que j’en étais parti, car dans l’intervalle, une des ères les plus importantes de ma vie, celle d’où notre amitié date, a commencé.	Everything seems to have changed since I was last here, for in the interval one of the most important periods in my life, that from which our friendship dates, has begun.
770	772	0.585	J’espère qu’elle ne finira jamais.	I hope that it may never come to an end.
771	773	0.529	Je n’ai parlé d’elle, de vous, qu’à une seule personne, qu’à mon amie qui m’a fait la surprise de venir passer une heure auprès de moi.	I have spoken of our friendship, of you, to one person only, to the friend I told you of, who has just paid me a surprise visit here.
772	774	0.609	Elle aimerait beaucoup vous connaître et je crois que vous vous accorderiez car elle est aussi extrêmement littéraire.	She would like immensely to know you, and I feel that you would get on well together, for she too is extremely literary.
773	775	0.444	En revanche, pour repenser à nos causeries, pour revivre ces heures que je n’oublierai jamais, je me suis isolé de mes camarades, excellents garçons mais qui eussent été bien incapables de comprendre cela.	I, on the other hand, to go over in my mind all our talk, to live over again those hours which I never shall forget, have shut myself off from my comrades, excellent fellows, but altogether incapable of understanding that sort of thing.
774	776	0.420	Ce souvenir des instants passés avec vous, j’aurais presque mieux aimé, pour le premier jour, l’évoquer pour moi seul et sans vous écrire.	This remembrance of moments spent with you I should almost have preferred, on my first day here, to call up for my own solitary enjoyment, without writing.
775	777	0.440	Mais j’ai craint que vous, esprit subtil et cœur ultra-sensitif, ne vous mettiez martel en tête en ne recevant pas de lettre, si toutefois vous avez daigné abaisser votre pensée sur le rude cavalier que vous aurez fort à faire pour dégrossir et rendre un peu plus subtil et plus digne de vous.»	"But I was afraid lest you, with your subtle mind and ultra-sensitive heart, might, if you did not hear from me, needlessly torment yourself, if, that is to say, you still condescend to occupy your thoughts with this blunt trooper whom you will have a hard task to polish and refine, and make a little more subtle and worthier of your company."""
776	778	0.429	Au fond cette lettre ressemblait beaucoup par sa tendresse à celles que, quand je ne connaissais pas encore Saint-Loup, je m’étais imaginé qu’il m’écrirait, dans ces songeries d’où la froideur de son premier accueil m’avait tiré en me mettant en présence d’une réalité glaciale qui ne devait pas être définitive.	On the whole this letter, in its affectionate spirit, was not at all unlike those which, when I did not yet know Saint-Loup, I had imagined that he would write to me, in those daydreams from which the coldness of his first greeting had shaken me by bringing me face to face with an icy reality which was not, however, to endure.
777	779	0.427	Une fois que je l’eus reçue, chaque fois qu’à l’heure du déjeuner on apportait le courrier, je reconnaissais tout de suite quand c’était de lui que venait une lettre, car elle avait toujours ce second visage qu’un être montre quand il est absent et dans les traits duquel (les caractères de l’écriture) il n’y a aucune raison pour que nous ne croyions pas saisir une âme individuelle aussi bien que dans la ligne du nez ou les inflexions de la voix.	Once I had received this letter, whenever, at luncheon-time, the post was brought in, I could tell at once when it was from him that a letter came, for it had always that second face which a person assumes when he is absent, in the features of which (the characters of his script) there is no reason why we should not suppose that we are tracing an individual soul just as much as in the line of a nose or the inflexions of a voice.
778	780	0.450	Je restais maintenant volontiers à table pendant qu’on desservait, et si ce n’était pas un moment où les jeunes filles de la petite bande pouvaient passer, ce n’était plus uniquement du côté de la mer que je regardais.	I would now gladly remain at the table while it was being cleared, and, if it was not a moment at which the girls of the little band might be passing, it was no longer solely towards the sea that I would turn my eyes.
779	781	0.375	Depuis que j’en avais vu dans des aquarelles d’Elstir, je cherchais à retrouver dans la réalité, j’aimais comme quelque chose de poétique, le geste interrompu des couteaux encore de travers, la rondeur bombée d’une serviette défaite où le soleil intercale un morceau de velours jaune, le verre à demi vidé qui montre mieux ainsi le noble évasement de ses formes et au fond de son vitrage translucide et pareil à une condensation du jour, un reste de vin sombre, mais scintillant de lumières, le déplacement des volumes, la transmutation des liquides par l’éclairage, l’altération des prunes qui passent du vert au bleu et du bleu à l’or dans le compotier déjà à demi dépouillé, la promenade des chaises vieillottes qui deux fois par jour viennent s’installer autour de la nappe dressée sur la table ainsi que sur un autel où sont célébrées les fêtes de la gourmandise, et sur laquelle au fond des huîtres quelques gouttes d’eau lustrale restent comme dans de petits bénitiers de pierre; j’essayais de trouver la beauté là où je ne m’étais jamais figuré qu’elle fût, dans les choses les plus usuelles, dans la vie profonde des «natures mortes».	"Since I had seen such things depicted in water-colours by Elstir, I sought to find again in reality, I cherished, as though for their poetic beauty, the broken gestures of the knives still lying across one another, the swollen convexity of a discarded napkin upon which the sun would patch a scrap of yellow velvet, the half-empty glass which thus shewed to greater advantage the noble sweep of its curved sides, and, in the heart of its translucent crystal, clear as frozen daylight, a dreg of wine, dusky but sparkling with reflected lights, the displacement of solid objects, the transmutation of liquids by the effect of light and shade, the shifting colour of the plums which passed from green to blue and from blue to golden yellow in the half-plundered dish, the chairs, like a group of old ladies, that came twice daily to take their places round the white cloth spread on the table as on an altar at which were celebrated the rites of the palate, where in the hollows of oyster-shells a few drops of lustral water had gathered as in tiny holy water stoups of stone; I tried to find beauty there where I had never imagined before that it could exist, in the most ordinary things, in the profundities of ""still life""."
780	782	0.429	Quand quelques jours après le départ de Saint-Loup, j’eus réussi à ce qu’Elstir donnât une petite matinée où je rencontrerais Albertine, le charme et l’élégance tout momentanés qu’on me trouva au moment où je sortais du Grand-Hôtel (et qui était dus à un repos prolongé, à des frais de toilette spéciaux), je regrettai de ne pas pouvoir les réserver (et aussi le crédit d’Elstir) pour la conquête de quelque autre personne plus intéressante, je regrettai de consommer tout cela pour le simple plaisir de faire la connaissance d’Albertine.	When, some days after Saint-Loup's departure, I had succeeded in persuading Elstir to give a small tea-party, at which I was to meet Albertine, that freshness of appearance, that smartness of attire, both (alas) fleeting, which were to be observed in me at the moment of my starting out from the Grand Hotel, and were due respectively to a longer rest than usual and to special pains over my toilet, I regretted my inability to reserve them (and also the credit accruing from Elstir's friendship) for the captivation of some other, more interesting person; I regretted having to use them all up on the simple pleasure of making Albertine's acquaintance.
781	783	0.482	Mon intelligence jugeait ce plaisir fort peu précieux, depuis qu’il était assuré.	My brain assessed this pleasure at a very low value now that it was assured me.
782	784	0.531	Mais en moi la volonté ne partagea pas un instant cette illusion, la volonté qui est le serviteur, persévérant et immuable, de nos personnalités successives; cachée dans l’ombre, dédaignée, inlassablement fidèle, travaillant sans cesse, et sans se soucier des variations de notre moi, à ce qu’il ne manque jamais du nécessaire.	But, inside, my will did not for a moment share this illusion, that will which is the persevering and unalterable servant of our successive personalities; hiding itself in secret places, despised, downtrodden, untiringly faithful, toiling without intermission and with no thought for the variability of the self, its master, if only that master may never lack what he requires.
783	785	0.408	Pendant qu’au moment où va se réaliser un voyage désiré, l’intelligence et la sensibilité commencent à se demander s’il vaut vraiment la peine d’être entrepris, la volonté qui sait que ces maîtres oisifs recommenceraient immédiatement à trouver merveilleux ce voyage, si celui-ci ne pouvait avoir lieu, la volonté les laisse disserter devant la gare, multiplier les hésitations; mais elle s’occupe de prendre les billets et de nous mettre en wagon pour l’heure du départ.	Whereas at the moment when we are just about to start on a long-planned and eagerly awaited holiday, our brain, our nerves begin to ask themselves whether it is really worth all the trouble involved, the will, knowing that those lazy masters would at once begin to consider their journey the most wonderful experience, if it became impossible for them to take it, the will leaves them explaining their difficulties outside the station, multiplying their hesitations; but busies itself with taking the tickets and putting us into the carriage before the train starts.
784	786	0.439	Elle est aussi invariable que l’intelligence et la sensibilité sont changeantes, mais comme elle est silencieuse, ne donne pas ses raisons, elle semble presque inexistante; c’est sa ferme détermination que suivent les autres parties de notre moi, mais sans l’apercevoir tandis qu’elles distinguent nettement leurs propres incertitudes.	It is as invariable as brain and nerves are fickle, but as it is silent, gives no account of its actions, it seems almost non-existent; it is by its dogged determination that the other constituent parts of our personality are led, but without seeing it, while they distinguish clearly all their own uncertainties.
785	787	0.485	Ma sensibilité et mon intelligence instituèrent donc une discussion sur la valeur du plaisir qu’il y aurait à connaître Albertine tandis que je regardais dans la glace de vains et fragiles agréments qu’elles eussent voulu garder intacts pour une autre occasion.	My nerves and brain then started a discussion as to the real value of the pleasure that there would be in knowing Albertine, while I studied in the glass vain and perishable attractions which nerves and brain would have preserved intact for use on some other occasion.
786	788	0.561	Mais ma volonté ne laissa pas passer l’heure où il fallait partir, et ce fut l’adresse d’Elstir qu’elle donna au cocher.	But my will would not let the hour pass at which I must start, and it was Elstir's address that it called out to the driver.
787	789	0.232	Mon intelligence et ma sensibilité eurent le loisir, puisque le sort en était jeté, de trouver que c’était dommage.	"Brain and nerves were at liberty, now that the die was cast, to think this ""a pity."""
788	790	0.490	Si ma volonté avait donné une autre adresse, elles eussent été bien attrapées.	"If my will had given the man a different address, they would have been finely ""sold""."
789	791	0.586	Quand j’arrivai chez Elstir, un peu plus tard, je crus d’abord que Mlle Simonet n’était pas dans l’atelier.	When I arrived at Elstir's, a few minutes later, my first impression was that Mlle. Simonet was not in the studio.
790	792	0.491	Il y avait bien une jeune fille assise, en robe de soie, nu tête, mais de laquelle je ne connaissais pas la magnifique chevelure, ni le nez, ni ce teint et où je ne retrouvais pas l’entité que j’avais extraite d’une jeune cycliste se promenant coiffée d’un polo, le long de la mer.	There was certainly a girl sitting there in a silk frock, bare-headed, but one whose marvellous hair, her nose, meant nothing to me, in whom I did not recognise the human entity that I had formed out of a young cyclist strolling past, in a polo-cap, between myself and the sea.
791	793	0.590	C’était pourtant Albertine.	It was Albertine, nevertheless.
792	794	0.439	Mais même quand je le sus, je ne m’occupai pas d’elle.	But even when I knew it to be her, I gave her no thought.
793	795	0.521	En entrant dans toute réunion mondaine, quand on est jeune, on meurt à soi-même, on devient un homme différent, tout salon étant un nouvel univers où, subissant la loi d’une autre perspective morale, on darde son attention, comme si elles devaient nous importer à jamais, sur des personnes, des danses, des parties de cartes, que l’on aura oubliées le lendemain.	On entering any social gathering, when we are young, we lose consciousness of our old self, we become a different man, every drawing-room being a fresh universe, in which, coming under the sway of a new moral perspective, we fasten our attention, as if they were to matter to us for all time, on people, dances, card-tables, all of which we shall have forgotten by the morning.
794	796	0.396	Obligé de suivre, pour me diriger vers une causerie avec Albertine, un chemin nullement tracé par moi et qui s’arrêtait d’abord devant Elstir, passait par d’autres groupes d’invités à qui on me nommait, puis le long du buffet, où m’étaient offertes, et où je mangeais, des tartes aux fraises, cependant que j’écoutais, immobile, une musique qu’on commençait d’exécuter, je me trouvais donner à ces divers épisodes la même importance qu’à ma présentation à Mlle Simonet, présentation qui n’était plus que l’un d’entre eux et que j’avais entièrement oubliée avoir été, quelques minutes auparavant, le but unique de ma venue.	Obliged to follow, if I was to arrive at the goal of conversation with Albertine, a road in no way of my own planning, which first brought me to a halt at Elstir, passed by other groups of guests to whom I was presented, then along the table, at which I was offered, and ate a strawberry tart or two, while I listened, motionless, to the music that was beginning in another part of the room, I found myself giving to these various incidents the same importance as to my introduction to Mlle. Simonet, an introduction which was now nothing more than one among several such incidents, having entirely forgotten that it had been, but a few minutes since, my sole object in coming there that day.
795	797	0.423	D’ailleurs n’en est-il pas ainsi, dans la vie active, de nos vrais bonheurs, de nos grands malheurs.	But is it not ever thus in the bustle of daily life, with every true happiness, every great sorrow.
796	798	0.495	Au milieu d’autres personnes, nous recevons de celle que nous aimons la réponse favorable ou mortelle que nous attendions depuis une année.	In a room full of other people we receive from her whom we love the answer, propitious or fatal, which we have been awaiting for the last year.
797	799	0.457	Mais il faut continuer à causer, les idées s’ajoutent les unes aux autres, développant une surface sous laquelle c’est à peine si de temps à autre vient sourdement affleurer le souvenir autrement profond mais fort étroit que le malheur est venu pour nous.	But we must go on talking, ideas come, one after another, forming a smooth surface which is pricked, at the very most, now and then by a dull throb from within of the memory, deep-rooted enough but of very slender growth, that misfortune has come upon us.
798	800	0.438	Si, au lieu du malheur, c’est le bonheur il peut arriver que ce ne soit que plusieurs années après que nous nous rappelons que le plus grand événement de notre vie sentimentale s’est produit, sans que nous eussions le temps de lui accorder une longue attention, presque d’en prendre conscience, dans une réunion mondaine par exemple, et où nous ne nous étions rendus que dans l’attente de cet événement.	If, instead of misfortune, it is happiness, it may be that not until many years have elapsed will we recall that the most important event in our sentimental life occurred without our having time to give it any prolonged attention, or even to become aware of it almost, at a social gathering, it may have been, to which we had gone solely in expectation of that event.
799	801	0.542	Au moment où Elstir me demanda de venir pour qu’il me présentât à Albertine, assise un peu plus loin, je finis d’abord de manger un éclair au café et demandai avec intérêt à un vieux monsieur dont je venais de faire connaissance et auquel je crus pouvoir offrir la rose qu’il admirait à ma boutonnière, de me donner des détails sur certaines foires normandes.	When Elstir asked me to come with him so that he might introduce me to Albertine, who was sitting a little farther down the room, I first of all finished eating a coffee éclair and, with a show of keen interest, asked an old gentleman whose acquaintance I had just made (and thought that I might, perhaps, offer him the rose in my buttonhole which he had admired) to tell me more about the old Norman fairs.
800	802	0.563	Ce n’est pas à dire que la présentation qui suivit ne me causa aucun plaisir et n’offrit pas, à mes yeux, une certaine gravité.	This is not to say that the introduction which followed did not give me any pleasure, nor assume a definite importance in my eyes.
801	803	0.424	Pour le plaisir, je ne le connus naturellement qu’un peu plus tard, quand, rentré à l’hôtel, resté seul, je fus redevenu moi-même.	But so far as the pleasure was concerned, I was not conscious of it, naturally, until some time later, when, once more in the hotel, and in my room alone, I had become myself again.
802	804	0.436	Il en est des plaisirs comme des photographies.	Pleasure in this respect is like photography.
803	805	0.561	Ce qu’on prend en présence de l’être aimé, n’est qu’un cliché négatif, on le développe plus tard, une fois chez soi, quand on a retrouvé à sa disposition cette chambre noire intérieure dont l’entrée est «condamnée» tant qu’on voit du monde.	What we take, in the presence of the beloved object, is merely a negative film; we develop it later, when we are at home, and have once again found at our disposal that inner dark-room, the entrance to which is barred to us so long as we are with other people.
804	806	0.426	Si la connaissance du plaisir fut ainsi retardée pour moi de quelques heures, en revanche la gravité de cette présentation, je la ressentis tout de suite.	If my consciousness of the pleasure it had brought me was thus retarded by a few hours, the importance of this introduction I felt immediately.
805	807	0.337	Au moment de la présentation, nous avons beau nous sentir tout à coup gratifiés et porteurs d’un «bon», valable pour des plaisirs futurs, après lequel nous courions depuis des semaines, nous comprenons bien que son obtention met fin pour nous, non pas seulement à de pénibles recherches — ce qui ne pourrait que nous remplir de joie — mais aussi à l’existence d’un certain être, celui que notre imagination avait dénaturé, que notre crainte anxieuse de ne jamais pouvoir être connus de lui avait grandi.	At such moments of introduction, for all that we feel ourselves to have been suddenly enriched, to have been furnished with a pass that will admit us henceforward to pleasures which we have been pursuing for weeks past, but in vain, we realise only too clearly that this acquisition puts an end for us not merely to hours of toilsome search — a relief that could only fill us with joy — but also to the very existence of a certain person, her whom our imagination had wildly distorted, our anxious fear that we might never become known to her enlarged.
806	808	0.265	Au moment où notre nom résonne dans la bouche du présentateur, surtout si celui-ci l’entoure comme fit Elstir de commentaires élogieux, ce moment sacramentel, analogue à celui où, dans une féérie, le génie ordonne à une personne d’en être soudain une autre, celle que nous avons désiré d’approcher, s’évanouit; d’abord comment resterait-elle pareille à elle-même puisque — de par l’attention que l’inconnue est obligée de prêter à notre nom et de marquer à notre personne — dans les yeux hier situés à l’infini (et que nous croyions que les nôtres, errants, mal réglés, désespérés, divergents, ne parviendraient jamais à rencontrer) le regard conscient, la pensée inconnaissable que nous cherchions, vient d’être miraculeusement et tout simplement remplacée par notre propre image peinte comme au fond d’un miroir qui sourirait.	At the moment when our name sounds on the lips of the person introducing us, especially if he amplifies it, as Elstir was now doing, with a flattering account of us — in that sacramental moment, as when in a fairy tale the magician commands a person suddenly to become someone else, she to whose presence we have been longing to attain vanishes; how could she remain the same when, for one thing — owing to the attention which the stranger is obliged to pay to the announcement of our name and the sight of our person — in the eyes that only yesterday were situated at an infinite distance (where we supposed that our eyes, wandering, uncontrolled, desperate, divergent, would never succeed in meeting them) the conscious gaze, the incommunicable thought which we have been seeking have been miraculously and quite simply replaced by our own image, painted in them as though behind the glass of a smiling mirror.
807	809	0.388	Si l’incarnation de nous même en ce qui nous en semblait le plus différent est ce qui modifie le plus la personne à qui on vient de nous présenter, la forme de cette personne reste encore assez vague; et nous pouvons nous demander si elle sera dieu, table ou cuvette.	If this incarnation of ourself in the person who seems to differ most from us is what does most to modify the appearance of the person to whom we have just been introduced, the form of that person still remains quite vague; and we are free to ask ourself whether she will turn out to be a god, a table or a basin.
808	810	0.401	Mais, aussi agiles que ces ciroplastes qui font un buste devant nous en cinq minutes, les quelques mots que l’inconnue va nous dire, préciseront cette forme et lui donneront quelque chose de définitif qui exclura toutes les hypothèses auxquelles se livraient la veille notre désir et notre imagination.	But, as nimble as the wax-modellers who will fashion a bust before our eyes in five minutes, the few words which the stranger is now going to say to us will substantiate her form, will give her something positive and final that will exclude all the hypotheses by which, a moment ago, our desire, our imagination were being tempted.
809	811	0.502	Sans doute, même avant de venir à cette matinée, Albertine n’était plus tout à fait pour moi ce seul fantôme digne de hanter notre vie que reste une passante dont nous ne savons rien, que nous avons à peine discernée.	Doubtless, even before her coming to this party, Albertine had ceased to be to me simply that sole phantom worthy to haunt our life which is what remains of a passing stranger, of whom we know nothing and have caught but the barest glimpse.
810	812	0.544	Sa parenté avec Mme Bontemps avait déjà restreint ces hypothèses merveilleuses, en aveuglant une des voies par lesquelles elles pouvaient se répandre.	Her relation to Mme. Bontemps had already restricted the scope of those marvellous hypotheses, by stopping one of the channels along which they might have spread.
811	813	0.483	Au fur et à mesure que je me rapprochais de la jeune fille, et la connaissais davantage, cette connaissance se faisait par soustraction, chaque partie d’imagination et de désir étant remplacée par une notion qui valait infiniment moins, notion à laquelle il est vrai que venait s’ajouter une sorte d’équivalent, dans le domaine de la vie, de ce que les Sociétés financières donnent après le remboursement de l’action primitive, et qu’elles appellent action de jouissance.	As I drew closer to the girl, and began to know her better, my knowledge of her underwent a process of subtraction, all the factors of imagination and desire giving place to a notion which was worth infinitely less, a notion to which, it must be admitted, there was added presently what was more or less the equivalent, in the domain of real life, of what joint stock companies give one, after paying interest on one's capital, and call a bonus.
812	814	0.580	Son nom, ses parentés avaient été une première limite apportée à mes suppositions.	Her name, her family connexions had been the original limit set to my suppositions.
813	815	0.536	Son amabilité, tandis que tout près d’elle je retrouvais son petit grain de beauté sur la joue au-dessous de l’œil fut une autre borne; enfin, je fus étonné de l’entendre se servir de l’adverbe «parfaitement» au lieu de «tout à fait», en parlant de deux personnes, disant de l’une «elle est parfaitement folle, mais très gentille tout de même» et de l’autre «c’est un monsieur parfaitement commun et parfaitement ennuyeux».	"Her friendly greeting while, standing close beside her, I saw once again the tiny mole on her cheek, below her eye, marked another stage; last of all, I was surprised to hear her use the adverb ""perfectly"" (in place of ""quite"") of two people whom she mentioned, saying of one: ""She is perfectly mad, but very nice for all that,"" and of the other, ""He is a perfectly common man, a perfect bore."""
814	816	0.508	Si peu plaisant que soit cet emploi de «parfaitement», il indique un degré de civilisation et de culture auquel je n’aurais pu imaginer qu’atteignait la bacchante à bicyclette, la muse orgiaque du golf.	"However little to be commended this use of ""perfectly"" may be, it indicates a degree of civilisation and culture which I could never have imagined as having been attained by the bacchante with the bicycle, the frenzied muse of the golf-course."
815	817	0.497	Il n’empêche d’ailleurs qu’après cette première métamorphose, Albertine devait changer encore bien des fois pour moi.	Nor did it mean that after this first transformation Albertine was not to change again for me, many times.
816	818	0.503	Les qualités et les défauts qu’un être présente disposés au premier plan de son visage, se rangent selon une formation tout autre si nous l’abordons par un côté différent — comme dans une ville les monuments répandus en ordre dispersé sur une seule ligne, d’un autre point de vue s’échelonnent en profondeur et échangent leurs grandeurs relatives.	The good and bad qualities which a person presents to us, exposed to view on the surface of his or her face, rearrange themselves in a totally different order if we approach them from another angle — just as, in a town, buildings that appear strung irregularly along a single line, from another aspect retire into a graduated distance, and their relative heights are altered.
817	819	0.558	Pour commencer je trouvai Albertine l’air assez intimidée à la place d’implacable; elle me sembla plus comme il faut que mal élevée à en juger par les épithètes de «elle a un mauvais genre, elle a un drôle de genre», qu’elle appliqua à toutes les jeunes filles dont je lui parlai; elle avait enfin comme point de mire du visage une tempe assez enflammée et peu agréable à voir, et non plus le regard singulier auquel j’avais toujours repensé jusque-là.	"To begin with, Albertine now struck me as not implacable so much as almost frightened; she seemed to me rather respectably than ill-bred, judging by the description, ""bad style,"" ""a comic manner"" which she applied to each in turn of the girls of whom I spoke to her; finally, she presented as a target for my line of sight a temple that was distinctly flushed and hardly attractive to the eye, and no longer the curious gaze which I had always connected with her until then."
818	820	0.533	Mais ce n’était qu’une seconde vue et il y en avait d’autres sans doute par lesquelles je devrais successivement passer.	But this was merely a second impression and there were doubtless others through which I was successively to pass.
819	821	0.311	Ainsi ce n’est qu’après avoir reconnu non sans tâtonnements les erreurs d’optique du début qu’on pourrait arriver à la connaissance exacte d’un être si cette connaissance était possible.	Thus it can be only after one has recognised, not without having had to feel one's way, the optical illusions of one's first impression that one can arrive at an exact knowledge of another person, supposing such knowledge to be ever possible.
820	822	0.413	Mais elle ne l’est pas; car tandis que se rectifie la vision que nous avons de lui, lui-même qui n’est pas un objectif inerte change pour son compte, nous pensons le rattraper, il se déplace, et, croyant le voir enfin plus clairement, ce n’est que les images anciennes que nous en avions prises que nous avons réussi à éclaircir, mais qui ne le représentent plus.	But it is not; for while our original impression of him undergoes correction, the person himself, not being an inanimate object, changes in himself, we think that we have caught him, he moves, and, when we imagine that at last we are seeing him clearly, it is only the old impressions which we had already formed of him that we have succeeded in making clearer, when they no longer represent him.
821	823	0.313	Pourtant, quelques déceptions inévitables qu’elle doive apporter, cette démarche vers ce qu’on n’a qu’entrevu, ce qu’on a eu le loisir d’imaginer, cette démarche est la seule qui soit saine pour les sens, qui y entretienne l’appétit.	And yet, whatever the inevitable disappointments that it must bring in its train, this movement towards what we have only half seen, what we have been free to dwell upon and imagine at our leisure, this movement is the only one that is wholesome for the senses, that whets the appetite.
822	824	0.404	De quel morne ennui est empreinte la vie des gens qui par paresse ou timidité, se rendent directement en voiture chez des amis qu’ils ont connus sans avoir d’abord rêvé d’eux, sans jamais oser sur le parcours s’arrêter auprès de ce qu’ils désirent.	How dreary a monotony must pervade those people's lives who, from indolence or timidity, drive in their carriages straight to the doors of friends whom they have got to know without having first dreamed of knowing them, without ever daring, on the way, to stop and examine what arouses their desire.
823	825	0.376	Je rentrai en pensant à cette matinée, en revoyant l’éclair au café que j’avais fini de manger avant de me laisser conduire par Elstir auprès d’Albertine, la rose que j’avais donnée au vieux monsieur, tous ces détails choisis à notre insu par les circonstances et qui composent pour nous, en un arrangement spécial et fortuit, le tableau d’une première rencontre.	I returned home, my mind full of the party, the coffee _éclair_ which I had finished eating before I let Elstir take me up to Albertine, the rose which I had given the old gentleman, all the details selected without our knowledge by the circumstances of the occasion, which compose in a special and quite fortuitous order the picture that we retain of a first meeting.
824	826	0.342	Mais ce tableau, j’eus l’impression de le voir d’un autre point de vue, de très loin de moi-même, comprenant qu’il n’avait pas existé que pour moi, quand quelques mois plus tard, à mon grand étonnement, comme je parlais à Albertine du premier jour où je l’avais connue, elle me rappela l’éclair, la fleur que j’avais donnée, tout ce que je croyais, je ne peux pas dire n’être important que pour moi, mais n’avoir été aperçu que de moi, que je retrouvais ainsi, transcrit en une version dont je ne soupçonnais pas l’existence, dans la pensée d’Albertine.	But this picture, I had the impression that I was seeing it from a fresh point of view, a long way remote from myself, realising that it had not existed only for me, when some months later, to my great surprise, on my speaking to Albertine on the day on which I had first met her, she reminded me of the éclair, the flower that I had given away, all those things which I had supposed to have been — I will not say of importance only to myself but — perceived only by myself, and which I now found thus transcribed, in a version the existence of which I had never suspected, in the mind of Albertine.
825	827	0.269	Dès ce premier jour, quand en entrant je pus voir le souvenir que je rapportais, je compris quel tour de muscade avait été parfaitement exécuté, et comment j’avais causé un moment avec une personne qui, grâce à l’habileté du prestidigitateur, sans avoir rien de celle que j’avais suivie si longtemps au bord de la mer, lui avait été substituée.	On this first day itself, when, on my return to the hotel, I was able to visualise the memory which I had brought away with me, I realised the consummate adroitness with which the sleight of hand had been performed, and how I had talked for a moment or two with a person who, thanks to the skill of the conjurer, without actually embodying anything of that other person whom I had for so long been following as she paced beside the sea, had been effectively substituted for her.
826	828	0.443	J’aurais du reste pu le deviner d’avance, puisque la jeune fille de la plage avait été fabriquée par moi.	I might, for that matter, have guessed as much in advance, since the girl of the beach was a fabrication invented by myself.
827	829	0.549	Malgré cela, comme je l’avais, dans mes conversations avec Elstir, identifiée à Albertine, je me sentais envers celle-ci l’obligation morale de tenir les promesses d’amour faites à l’Albertine imaginaire.	In spite of which, as I had, in my conversations with Elstir, identified her with this other girl, I felt myself in honour bound to fulfil to the real the promises of love made to the imagined Albertine.
828	830	0.573	On se fiance par procuration, et on se croit obligé d’épouser ensuite la personne interposée.	We betroth ourselves by proxy, and think ourselves obliged, in the sequel, to marry the person who has intervened.
829	831	0.605	D’ailleurs, si avait disparu provisoirement du moins de ma vie une angoisse qu’eût suffi à apaiser le souvenir des manières comme il faut, de cette expression «parfaitement commun» et de la tempe enflammée, ce souvenir éveillait en moi un autre genre de désir qui, bien que doux et nullement douloureux, semblable à un sentiment fraternel, pouvait à la longue devenir aussi dangereux en me faisant ressentir à tout moment le besoin d’embrasser cette personne nouvelle dont les bonnes façons et la timidité, la disponibilité inattendue, arrêtaient la course inutile de mon imagination, mais donnaient naissance à une gratitude attendrie.	"Moreover, if there had disappeared, provisionally at any rate, from my life, an anguish that found adequate consolation in the memory of polite manners, of that expression ""perfectly common"" and of the glowing temple, that memory awakened in me desire of another kind which, for all that it was placid and not at all painful, resembling rather brotherly love, might in the long run become fully as dangerous by making me feel at every moment a compelling need to kiss this new person, whose charming ways, her shyness, her unlooked-for accessibility, arrested the futile process of my imagination but gave birth to a sentimental gratitude."
830	832	0.530	Et puis comme la mémoire commence tout de suite à prendre des clichés indépendants les uns des autres, supprime tout lien, tout progrès, entre les scènes qui y sont figurées, dans la collection de ceux qu’elle expose, le dernier ne détruit pas forcément les précédents.	And then, since memory begins at once to record photographs independent of one another, eliminates every link, any kind of sequence from between the scenes portrayed in the collection which it exposes to our view, the most recent does not necessarily destroy or cancel those that came before.
831	833	0.416	En face de la médiocre et touchante Albertine à qui j’avais parlé, je voyais la mystérieuse Albertine en face de la mer.	Confronted with the common-place though appealing Albertine to whom I had spoken that afternoon, I still saw the other, mysterious Albertine outlined against the sea.
832	834	0.590	C’était maintenant des souvenirs, c’est-à-dire des tableaux dont l’un ne me semblait pas plus vrai que l’autre.	These were now memories, that is to say pictures neither of which now seemed to me any more true than the other.
833	835	0.397	Pour en finir avec ce premier soir de présentation, en cherchant à revoir ce petit grain de beauté sur la joue au-dessous de l’œil, je me rappelai que de chez Elstir, quand Albertine était partie, j’avais vu ce grain de beauté sur le menton.	But, to make an end of this first afternoon of my introduction to Albertine, when trying to recapture that little mole on her cheek, just under the eye, I remembered that, looking from Elstir's window, when Albertine had gone by, I had seen the mole on her chin.
834	836	0.262	En somme, quand je la voyais, je remarquais qu’elle avait un grain de beauté, mais ma mémoire errante le promenait ensuite sur la figure d’Albertine et le plaçait tantôt ici tantôt là.	In fact, whenever I saw her I noticed that she had a mole, but my inaccurate memory made it wander about the face of Albertine, fixing it now in one place, now in another.
835	837	0.502	J’avais beau être assez désappointé d’avoir trouvé en Mlle Simonet une jeune fille trop peu différente de tout ce que je connaissais, de même que ma déception devant l’église de Balbec ne m’empêchait pas de désirer aller à Quimperlé, à Pont-Aven et à Venise je me disais que par Albertine du moins, si elle-même n’était pas ce que j’avais espéré, je pourrais connaître ses amies de la petite bande.	Whatever my disappointment in finding in Mlle. Simonet a girl so little different from those that I knew already, just as my rude awakening when I saw Balbec church did not prevent me from wishing still to go to Quimperlé, Pont-Aven and Venice, I comforted myself with the thought that through Albertine at any rate, even if she herself was not all that I had hoped, I might make the acquaintance of her comrades of the little band.
836	838	0.493	Je crus d’abord que j’y échouerais.	I thought at first that I should fail.
837	839	0.494	Comme elle devait rester fort longtemps encore à Balbec et moi aussi, j’avais trouvé que le mieux était de ne pas trop chercher à la voir et d’attendre une occasion qui me fît la rencontrer.	As she was to be staying (and I too) for a long time still at Balbec, I had decided that the best thing was not to make my efforts to meet her too apparent, but to wait for an accidental encounter.
838	840	0.357	Mais cela arrivât-il tous les jours, il était fort à craindre qu’elle se contentât de répondre de loin à mon salut, lequel dans ce cas, répété quotidiennement pendant toute la saison, ne m’avancerait à rien.	But should this occur every day, even, it was greatly to be feared that she would confine herself to acknowledging my bow from a distance, and such meetings, repeated day after day throughout the whole season, would benefit me not at all.
839	841	0.484	Peu de temps après, un matin où il avait plu et où il faisait presque froid, je fus abordé sur la digue par une jeune fille portant un toquet et un manchon, si différente de celle que j’avais vue à la réunion d’Elstir que reconnaître en elle la même personne semblait pour l’esprit une opération impossible; le mien y réussit cependant, mais après une seconde de surprise qui je crois n’échappa pas à Albertine.	"Shortly after this, one morning when it had been raining and was almost cold, I was accosted on the ""front"" by a girl wearing a close-fitting toque and carrying a muff, so different from the girl whom I had met at Elstir's party that to recognise in her the same person seemed an operation beyond the power of the human mind; mine was, nevertheless, successful in performing it, but after a momentary surprise which did not, I think, escape Albertine's notice."
840	842	0.435	D’autre part me souvenant à ce moment-là des «bonnes façons» qui m’avaient frappé, elle me fit éprouver l’étonnement inverse par son ton rude et ses manières «petite bande».	"On the other hand, when I instinctively recalled the good-breeding which had so impressed me before, she filled me with a converse astonishment by her rude tone and manners typical of the ""little band""."
841	843	0.450	Au reste la tempe avait cessé d’être le centre optique et rassurant du visage, soit que je fusse placé de l’autre côté, soit que le toquet la recouvrît, soit que son inflammation ne fût pas constante.	Apart from these, her temple had ceased to be the optical centre, on which the eye might comfortably rest, of her face, either because I was now on her other side, or because her toque hid it, or else possibly because its inflammation was not a constant thing.
842	844-845	0.465	«Quel temps, me dit-elle, au fond l’été sans fin à Balbec est une vaste blague.	"""What weather!"" she began. ""Really the perpetual summer of Balbec is all stuff and nonsense."
843	846	0.241	Vous ne faites rien ici?	You don't go in for anything special here, do you?
844	847-848	0.528	On ne vous voit jamais au golf, aux bals du Casino; vous ne montez pas à cheval non plus.	We don't ever see you playing golf, or dancing at the Casino. You don't ride, either.
845	849	0.259	Comme vous devez vous raser.	You must be bored stiff.
846	850	0.377	Vous ne trouvez pas qu’on se bêtifie à rester tout le temps sur la plage?	You don't find it too deadly, staying about on the beach all day.
847	851	0.111	Ah! vous aimez à faire le lézard?	I see, you just bask in the sun like a lizard; you enjoy that.
848	852	0.319	Vous avez du temps de reste.	You must have plenty of time on your hands.
849	853	0.532	Je vois que vous n’êtes pas comme moi, j’adore tous les sports!	I can see you're not like me; I simply adore all sports.
850	854	0.396	Vous n’étiez pas aux courses de la Sogne?	You weren't at the Sogne races!
851	855-856	0.425	Nous y sommes allés par le tram et je comprends que ça ne vous amuse pas de prendre un tacot pareil! nous avons mis deux heures!	We went in the 'tram', and I can quite believe you don't see the fun of going in an old 'tin-pot' like that. It took us two whole hours!
852	857	0.526	J’aurais fait trois fois l’aller et retour avec ma bécane.»	"I could have gone there and back three times on my bike."""
853	858	0.500	Moi qui avais admiré Saint-Loup quand il avait appelé tout naturellement le petit chemin de fer d’intérêt local, le tortillard, à cause des innombrables détours qu’il faisait, j’étais intimidé par la facilité avec laquelle Albertine disait le «tram», le «tacot».	"I, who had been lost in admiration of Saint-Loup when he, in the most natural manner in the world, called the little local train the ""crawler"", because of the ceaseless windings of its line, was positively alarmed by the glibness with which Albertine spoke of the ""tram"", and called it a ""tin-pot""."
854	859	0.500	Je sentais sa maîtrise dans un mode de désignations où j’avais peur qu’elle ne constatât et ne méprisât mon infériorité.	I could feel her mastery of a form of speech in which I was afraid of her detecting and scorning my inferiority.
855	860	0.655	Encore la richesse de synonymes que possédait la petite bande pour désigner ce chemin de fer ne m’était-elle pas encore révélée.	And yet the full wealth of the synonyms that the little band possessed to denote this railway had not yet been revealed to me.
856	861	0.727	En parlant, Albertine gardait la tête immobile, les narines serrées, ne faisait remuer que le bout des lèvres.	In speaking, Albertine kept her head motionless, her nostrils closed, allowing only the corners of her lips to move.
857	862	0.574	Il en résultait ainsi un son traînard et nasal dans la composition duquel entraient peut-être des hérédités provinciales, une affectation juvénile de flegme britannique, les leçons d’une institutrice étrangère et une hypertrophie congestive de la muqueuse du nez.	The result of this was a drawling, nasal sound, into the composition of which there entered perhaps a provincial descent, a juvenile affectation of British phlegm, the teaching of a foreign governess and a congestive hypertrophy of the mucus of the nose.
858	863	0.454	Cette émission qui cédait bien vite du reste quand elle connaissait plus les gens et redevenait naturellement enfantine, aurait pu passer pour désagréable.	This enunciation which, as it happened, soon disappeared when she knew people better, giving place to a natural girlish tone, might have been thought unpleasant.
859	864	0.591	Mais elle était particulière et m’enchantait.	But it was peculiar to herself, and delighted me.
860	865	0.543	Chaque fois que j’étais quelques jours sans la rencontrer, je m’exaltais en me répétant: «On ne vous voit jamais au golf», avec le ton nasal sur lequel elle l’avait dit, toute droite sans bouger la tête.	"Whenever I had gone for several days without seeing her, I would refresh my spirit by repeating to myself: ""We don't ever see you playing golf,"" with the nasal intonation in which she had uttered the words, point blank, without moving a muscle of her face."
861	866	0.631	Et je pensais alors qu’il n’existait pas de personne plus désirable.	And I thought then that there could be no one in the world so desirable.
862	867	0.620	Nous formions ce matin-là un de ces couples qui piquent çà et là la digue de leur conjonction, de leur arrêt, juste le temps d’échanger quelques paroles avant de se désunir pour reprendre séparément chacun sa promenade divergente.	"We formed that morning one of those couples who dotted the ""front"" here and there with their conjunction, their stopping together for time enough just to exchange a few words before breaking apart, each to resume separately his or her divergent stroll."
863	868	0.293	Je profitai de cette immobilité pour regarder et savoir définitivement où était situé le grain de beauté.	I seized the opportunity, while she stood still, to look again and discover once and for all where exactly the little mole was placed.
864	869	0.508	Or, comme une phrase de Vinteuil qui m’avait enchanté dans la Sonate et que ma mémoire faisait errer de l’andante au final jusqu’au jour où ayant la partition en main je pus la trouver et l’immobiliser dans mon souvenir à sa place, dans le scherzo, de même le grain de beauté que je m’étais rappelé tantôt sur la joue, tantôt sur le menton, s’arrêta à jamais sur la lèvre supérieure au-dessous du nez.	Then, just as a phrase of Vinteuil which had delighted me in the sonata, and which my recollection allowed to wander from the andante to the finale, until the day when, having the score in my hands, I was able to find it, and to fix it in my memory in its proper place, in the scherzo, so this mole, which I had visualised now on her cheek, now on her chin, came to rest for ever on her upper lip, just below her nose.
865	870	0.411	C’est ainsi encore que nous rencontrons avec étonnement des vers que nous savons par cœur, dans une pièce où nous ne soupçonnions pas qu’ils se trouvassent.	In the same way, too, do we not come with amazement upon lines that we know by heart in a poem in which we never dreamed that they were to be found.
866	871	0.570	A ce moment, comme pour que devant la mer se multipliât en liberté, dans la variété de ses formes, tout le riche ensemble décoratif qu’était le beau déroulement des vierges, à la fois dorées et roses, cuites par le soleil et par le vent, les amies d’Albertine, aux belles jambes, à la taille souple, mais si différentes les unes des autres, montrèrent leur groupe qui se développa, s’avançant dans notre direction, plus près de la mer, sur une ligne parallèle.	At that moment, as if in order that against the sea there might multiply in freedom, in the variety of its forms, all the rich decorative whole which was the lovely unfolding of the train of maidens, at once golden and rosy, baked by sun and wind, Albertine's friends, with their shapely limbs, their supple figures, but so different one from another, came into sight in a cluster that expanded as it approached, advancing towards us, but keeping closer to the sea, along a parallel line.
867	872	0.404	Je demandai à Albertine la permission de l’accompagner pendant quelques instants.	I asked Albertine's permission to walk for a little way with her.
868	873	0.586	Malheureusement elle se contenta de leur faire bonjour de la main.	Unfortunately, all she did was to wave her hand to them in greeting.
869	874	0.657	«Mais vos amies vont se plaindre si vous les laissez», lui-dis-je, espérant que nous nous promènerions ensemble.	"""But your friends will be disappointed if you don't go with them,"" I hinted, hoping that we might all walk together."
870	875	0.531	Un jeune homme aux traits réguliers, qui tenait à la main des raquettes, s’approcha de nous.	A young man with regular features, carrying a bag of golf-clubs, sauntered up to us.
871	876	0.521	C’était le joueur de baccarat dont les folies indignaient tant la femme du premier président.	It was the baccarat-player, whose fast ways so enraged the chief magistrate's wife.
872	877	0.595	D’un air froid, impassible, en lequel il se figurait évidemment que consistait la distinction suprême, il dit bonjour à Albertine.	In a frigid, impassive tone, which he evidently regarded as an indication of the highest refinement, he bade Albertine good day.
873	878	0.475	«Vous venez du golf, Octave? lui demanda-t-elle.	"""Been playing golf, Octave?"" she asked."
874	879-880	0.249	Ça a-t-il bien marché, étiez-vous en forme?	"""How did the game go? Were you in form?"""
875	881	0.446	— Oh! ça me dégoûte, je suis dans les choux», répondit-il.	"""Oh, it's too sickening; I can't play for nuts,"" he replied."
876	882	0.393	— Est-ce qu’Andrée y était?	"""Was Andrée playing?"""
877	883	0.426	— Oui, elle a fait soixante-dix-sept.	"""Yes, she went round in seventy-seven."""
878	884	0.321	— Oh! mais c’est un record.	"""Why, that's a record!"""
879	885	0.532	— J’avais fait quatre-vingt-deux hier.»	"""I went round in eighty-two yesterday."""
880	886	0.578	Il était le fils d’un très riche industriel qui devait jouer un rôle assez important dans l’organisation de la prochaine Exposition Universelle.	He was the son of an immensely rich manufacturer who was to take an important part in the organisation of the coming World's Fair.
881	887	0.530	Je fus frappé à quel point chez ce jeune homme et les autres très rares amis masculins de ces jeunes filles la connaissance de tout ce qui était vêtements, manière de les porter, cigares, boissons anglaises, cheveux, et qu’il possédait jusque dans ses moindres détails avec une infaillibilité orgueilleuse qui atteignait à la silencieuse modestie du savant — s’était développée isolément sans être accompagnée de la moindre culture intellectuelle.	I was struck by the extreme degree to which, in this young man and in the other by no means numerous male friends of the band of girls, the knowledge of everything that pertained to clothes and how to wear them, cigars, English drinks, horses, a knowledge which he possessed in its minutest details with a haughty infallibility that approached the reticent modesty of the true expert, had been developed in complete isolation, unaccompanied by the least trace of any intellectual culture.
882	888	0.402	Il n’avait aucune hésitation sur l’opportunité du smoking ou du pyjama, mais ne se doutait pas du cas où on peut ou non employer tel mot, même des règles les plus simples du français.	He had no hesitation as to the right time and place for dinner jacket or pyjamas, but neither had he any suspicion of the circumstances in which one might or might not employ this or that word, or even of the simplest rules of grammar.
883	889	0.526	Cette disparité entre les deux cultures devait être la même chez son père, président du Syndicat des propriétaires de Balbec, car dans une lettre ouverte aux électeurs, qu’il venait de faire afficher sur tous les murs, il disait: «J’ai voulu voir le maire pour lui en causer, il n’a pas voulu écouter mes justes griefs.»	"This disparity between the two forms of culture must have existed also in his father, the President of the Syndicate that ""ran"" Balbec, for, in an open letter to the electors which he had recently had posted on all the walls, he announced: ""I desired to see the Mayor, to speak to him of the matter; he would not listen to my righteous plaint."""
884	890	0.511	Octave obtenait, au casino, des prix dans tous les concours de boston, de tango, etc., ce qui lui ferait faire s’il le voulait un joli mariage dans ce milieu des «bains de mer» où ce n’est pas au figuré mais au propre que les jeunes filles épousent leur «danseur».	"Octave, at the Casino, took prizes in all the dancing competitions, for bostons, tangos and what-not, an accomplishment that would entitle him, if he chose, to make a fine marriage in that seaside society where it is not figuratively but in sober earnest that the young women ""marry their dancing-partners""."
885	891	0.497	Il alluma un cigare en disant à Albertine: «Vous permettez», comme on demande l’autorisation de terminer tout en causant un travail pressé.	"He lighted a cigar with a ""D'you mind?"" to Albertine, as one who asks permission to finish, while going on talking, an urgent piece of work."
886	892	0.318	Car il ne pouvait jamais «rester sans rien faire» quoiqu’il ne fît d’ailleurs jamais rien.	"For he was one of those people who can never be ""doing nothing"", although there was nothing, for that matter, that he could ever be said to do."
887	893	0.570	Et comme l’inactivité complète finit par avoir les mêmes effets que le travail exagéré, aussi bien dans le domaine moral que dans la vie du corps et des muscles, la constante nullité intellectuelle qui habitait sous le front songeur d’Octave avait fini par lui donner, malgré son air calme, d’inefficaces démangeaisons de penser qui la nuit l’empêchaient de dormir, comme il aurait pu arriver à un métaphysicien surmené.	And as complete inactivity has the same effect on us, in the end, as prolonged overwork, and on the character as much as on the life of body and muscles, the unimpaired nullity of intellect that was enshrined behind Octave's meditative brow had ended by giving him, despite his air of unruffled calm, ineffectual longings to think which kept him awake at night, for all the world like an overwrought philosopher.
888	894	0.564	Pensant que si je connaissais leurs amis j’aurais plus d’occasions de voir ces jeunes filles, j’avais été sur le point de lui demander à être présenté.	Supposing that if I knew their male friends I should have more opportunities of seeing the girls, I had been on the point of asking for an introduction to Octave.
889	895	0.467	Je le dis à Albertine, dès qu’il fut parti en répétant: «Je suis dans les choux.»	"I told Albertine this, as soon as he had left us, still muttering, ""I couldn't play for nuts!"""
890	896	0.667	Je pensais lui inculquer ainsi l’idée de le faire la prochaine fois.	I thought I would thus put into her head the idea of doing it next time.
891	897	0.528	«Mais voyons, s’écria-t-elle, je ne peux pas vous présenter à un gigolo!	"""But I can't,"" she cried, ""introduce you to a tame cat like that."
892	898	0.246	Ici ça pullule de gigolos.	This place simply swarms with them.
893	899	0.424	Mais ils ne pourraient pas causer avec vous.	But what on earth would they have to say to you?
894	900	0.602	Celui-ci joue très bien au golf, un point c’est tout.	That one plays golf quite well, and that's all there is to it.
895	901	0.356	Je m’y connais, il ne serait pas du tout votre genre.	"I know what I'm talking about; you'ld find he wasn't at all your sort."""
896	902	0.472	— Vos amies vont se plaindre si vous les laissez ainsi, lui dis-je, espérant qu’elle allait me proposer d’aller avec elle les rejoindre.	"""Your friends will be cross with you if you desert them like this,"" I repeated, hoping that she would then suggest my joining the party."
897	903	0.351	— Mais non, elles n’ont aucun besoin de moi».	"""Oh, no, they don't want me."""
898	904	0.542	Nous croisâmes Bloch qui m’adressa un sourire fin et insinuant, et, embarrassé au sujet d’Albertine qu’il ne connaissait pas ou du moins connaissait «sans la connaître», abaissa sa tête vers son col d’un mouvement raide et rébarbatif.	"We ran into Bloch, who directed at me a subtle, insinuating smile, and, embarrassed by the presence of Albertine, whom he did not know, or, rather, knew ""without knowing"" her, bent his head with a stiff, almost irritated jerk."
899	905-906	0.361	«Comment s’appelle-t-il, cet ostrogoth-là?, me demanda Albertine.	"""What's he called, that Ostrogoth?"" Albertine asked."
900	907	0.357	Je ne sais pas pourquoi il me salue puisqu’il ne me connaît pas.	"""I can't think why he should bow to me; he doesn't know me."
901	908	0.424	Aussi je ne lui ai pas rendu son salut.»	"And I didn't bow to him, either."""
902	909	0.490	Je n’eus pas le temps de répondre à Albertine, car marchant droit sur nous: «Excuse-moi, dit-il, de t’interrompre, mais je voulais t’avertir que je vais demain à Doncières.	"I had no time to explain to her, for, bearing straight down upon us, ""Excuse me,"" he began, ""for interrupting you, but I must tell you that I am going to Doncières to-morrow."
903	910	0.573	Je ne peux plus attendre sans impolitesse et je me demande ce que Saint-Loup-en-Bray doit penser de moi.	I cannot put it off any longer without discourtesy; indeed, I ask myself, what must de Saint-Loup-en-Bray think of me.
904	911	0.528	Je te préviens que je prends le train de deux heures.	I just came to let you know that I shall take the two o'clock train.
905	912	0.668	A ta disposition.»	"At your service."""
906	913	0.625	Mais je me pensais plus qu’à revoir Albertine et à tâcher de connaître ses amies, et Doncières, comme elles n’y allaient pas et me ferait rentrer après l’heure où elles allaient sur la plage, me paraissait au bout du monde.	But I thought now only of seeing Albertine again, and of trying to get to know her friends, and Doncières, since they were not going there, and my going would bring me back too late to see them still on the beach, seemed to me to be situated at the other end of the world.
907	914	0.540	Je dis à Bloch que cela m’était impossible.	I told Bloch that it was impossible.
908	915	0.518	«Hé bien, j’irai seul.	"""Oh, very well, I shall go alone."
909	916-917	0.363	Selon les deux ridicules alexandrins du sieur Arouet, je dirai à Saint-Loup, pour charmer son cléricalisme: «Apprends que mon devoir ne dépend pas du sien, qu’il y manque s’il veut; je dois faire le mien.»	"In the fatuous words of Master Arouet, I shall say to Saint-Loup, to beguile his clericalism:"" 'My duty stands alone, by his in no way bound; Though he should choose to fail, yet faithful I'll be found.'"
910	918	0.395	«Je reconnais qu’il est assez joli garçon, me dit Albertine, mais ce qu’il me dégoûte!»	"""I admit he's not a bad looking boy,"" was Albertine's comment, ""but he makes me feel quite sick."""
911	919	0.355	Je n’avais jamais songé que Bloch pût être joli garçon; il l’était, en effet.	"I had never thought that Bloch might be ""not a bad looking boy""; and yet, when one came to think of it, so he was."
912	920	0.563	Avec une tête un peu proéminente, un nez très busqué, un air d’extrême finesse et d’être persuadé de sa finesse, il avait un visage agréable.	With his rather prominent brow, very aquiline nose, and his air of extreme cleverness and of being convinced of his cleverness, he had a pleasing face.
913	921	0.591	Mais il ne pouvait pas plaire à Albertine.	But he could not succeed in pleasing Albertine.
914	922	0.517	C’était peut-être du reste à cause des mauvais côtés de celle-ci, de la dureté, de l’insensibilité de la petite bande, de sa grossièreté avec tout ce qui n’était pas elle.	This was perhaps due, to some extent, to her own disadvantages, the harshness, the want of feeling of the little band, its rudeness towards everything that was not itself.
915	923	0.611	D’ailleurs plus tard quand je les présentai, l’antipathie d’Albertine ne diminua pas.	And later on, when I introduced them, Albertine's antipathy for him grew no less.
916	924	0.561	Bloch appartenait à un milieu où, entre la blague exercée contre le monde et pourtant le respect suffisant des bonnes manières que doit avoir un homme qui a «les mains propres», on a fait une sorte de compromis spécial qui diffère des manières du monde et est malgré tout une sorte particulièrement odieuse de mondanité.	"Bloch belonged to a section of society in which, between the free and easy customs of the ""smart set"" and the regard for good manners which a man is supposed to shew who ""does not soil his hands"", a sort of special compromise has been reached which differs from the manners of the world and is nevertheless a peculiarly unpleasant form of worldliness."
917	925	0.356	Quand on le présentait, il s’inclinait à la fois avec un sourire de scepticisme et un respect exagéré et si c’était à un homme disait: «Enchanté, Monsieur», d’une voix qui se moquait des mots qu’elle prononçait mais avait conscience d’appartenir à quelqu’un qui n’était pas un mufle.	"When he was introduced to anyone he would bow with a sceptical smile, and at the same time with an exaggerated show of respect, and, if it was to a man, would say: ""Pleased to meet you, sir,"" in a voice which ridiculed the words that it was uttering, though with a consciousness of belonging to some one who was no fool."
918	926	0.389	Cette première seconde donnée à une coutume qu’il suivait et raillait à la fois (comme il disait le premier janvier: «Je vous la souhaite bonne et heureuse») il prenait un air fin et rusé et «proférait des choses subtiles» qui étaient souvent pleines de vérité mais «tapaient sur les nerfs» d’Albertine.	"Having sacrificed this first moment to a custom which he at once followed and derided (just as on the first of January he would greet you with a ""Many happy!"") he would adopt an air of infinite cunning, and would ""proffer subtle words"" which were often true enough but ""got on"" Albertine's nerves."
919	927	0.581	Quand je lui dis ce premier jour qu’il s’appelait Bloch, elle s’écria: «Je l’aurais parié que c’était un youpin.	"When I told her on this first day that his name was Bloch, she exclaimed: ""I would have betted anything he was a Jew-boy."
920	928	0.258	C’est bien leur genre de faire les punaises.»	"Trust them to put their foot in it!"""
921	929	0.588	Du reste, Bloch devait dans la suite irriter Albertine d’autre façon.	Moreover, Bloch was destined to give Albertine other grounds for annoyance later on.
922	930	0.556	Comme beaucoup d’intellectuels il ne pouvait pas dire simplement les choses simples.	Like many intellectuals, he was incapable of saying a simple thing in a simple way.
923	931	0.423	Il trouvait pour chacune d’elles un qualificatif précieux, puis généralisait.	He would find some precious qualification for every statement, and would sweep from particular to general.
924	932	0.522	Cela ennuyait Albertine, laquelle n’aimait pas beaucoup qu’on s’occupât de ce qu’elle faisait, que quand elle s’était foulé le pied et restait tranquille, Bloch dît: «Elle est sur sa chaise longue, mais par ubiquité ne cesse pas de fréquenter simultanément de vagues golfs et de quelconques tennis.»	"It vexed Albertine, who was never too well pleased at other people's shewing an interest in what she was doing, that when she had sprained her ankle and was keeping quiet, Bloch said of her: ""She is outstretched on her chair, but in her ubiquity has not ceased to frequent simultaneously vague golf-courses and dubious tennis-courts."""
925	933	0.439	Ce n’était que de la «littérature», mais qui, à cause des difficultés qu’Albertine sentait que cela pouvait lui créer avec des gens chez qui elle avait refusé une invitation en disant qu’elle ne pouvait pas remuer, eût suffi pour lui faire prendre en grippe la figure, le son de la voix, du garçon qui disait ces choses.	"He was simply being ""literary"", of course, but this, in view of the difficulties which Albertine felt that it might create for her with friends whose invitations she had declined on the plea that she was unable to move, was quite enough to disgust her with the face, the sound of the voice of the young man who could say such things about her."
926	934	0.452	Nous nous quittâmes, Albertine et moi, en nous promettant de sortir une fois ensemble.	We parted, Albertine and I, after promising to take a walk together later.
927	935	0.522	J’avais causé avec elle sans plus savoir où tombaient mes paroles, ce qu’elles devenaient, que si j’eusse jeté des cailloux dans un abîme sans fond.	I had talked to her without being any more conscious of where my words were falling, of what became of them, than if I were dropping pebbles into a bottomless pit.
928	936	0.399	Qu’elles soient remplies en général par la personne à qui nous les adressons d’un sens qu’elle tire de sa propre substance et qui est très différent de celui que nous avions mis dans ces mêmes paroles, c’est un fait que la vie courante nous révèle perpétuellement.	That our words are, as a general rule, filled, by the person to whom we address them, with a meaning which that person derives from her own substance, a meaning widely different from that which we had put into the same words when we uttered them, is a fact which the daily round of life is perpetually demonstrating.
929	937	0.353	Mais si de plus nous nous trouvons auprès d’une personne dont l’éducation (comme pour moi celle d’Albertine) nous est inconcevable, inconnus les penchants, les lectures, les principes, nous ne savons pas si nos paroles éveillent en elle quelque chose qui y ressemble plus que chez un animal à qui pourtant on aurait à faire comprendre certaines choses.	But if we find ourself as well in the company of a person whose education (as Albertine's was to me) is inconceivable, her tastes, her reading, her principles unknown, we cannot tell whether our words have aroused in her anything that resembles their meaning, any more than in an animal, although there are things that even an animal may be made to understand.
930	938	0.390	De sorte qu’essayer de me lier avec Albertine m’apparaissait comme une mise en contact avec l’inconnu sinon avec l’impossible, comme un exercice aussi malaisé que dresser un cheval, aussi reposant qu’élever des abeilles ou que cultiver des rosiers.	So that to attempt any closer friendship with Albertine seemed to me like placing myself in contact with the unknown, if not the impossible, an occupation as arduous as breaking a horse, as reposeful as keeping bees or growing roses.
931	939	0.440	J’avais cru, il y avait quelques heures, qu’Albertine ne répondrait à mon salut que de loin.	I had thought, a few hours before, that Albertine would acknowledge my bow but would not speak to me.
932	940	0.449	Nous venions de nous quitter en faisant le projet d’une excursion ensemble.	We had now parted, after planning to make some excursion soon together.
933	941	0.569	Je me promis, quand je rencontrerais Albertine, d’être plus hardi avec elle, et je m’étais tracé d’avance le plan de tout ce que je lui dirais et même (maintenant que j’avais tout à fait l’impression qu’elle devait être légère) de tous les plaisirs que je lui demanderais.	I vowed that when I next met Albertine I would treat her with greater boldness, and I had sketched out in advance a draft of all that I would say to her, and even (being now quite convinced that she was not strait-laced) of all the favours that I would demand of her.
934	942	0.633	Mais l’esprit est influençable comme la plante, comme la cellule, comme les éléments chimiques, et le milieu qui le modifie si on l’y plonge, ce sont des circonstances, un cadre nouveau.	But the mind is subject to external influences, as plants are, and cells and chemical elements, and the medium in which its immersion alters it is a change of circumstances, or new surroundings.
935	943	0.502	Devenu différent par le fait de sa présence même, quand je me trouvai de nouveau avec Albertine, je lui dis tout autre chose que ce que j’avais projeté.	Grown different by the mere fact of her presence, when I found myself once again in Albertine's company, what I said to her was not at all what I had meant to say.
936	944	0.315	Puis me souvenant de la tempe enflammée je me demandais si Albertine n’apprécierait pas davantage une gentillesse qu’elle saurait être désintéressée.	Remembering her flushed temple, I asked myself whether she might not appreciate more keenly a polite attention which she knew to be disinterested.
937	945	0.441	Enfin j’étais embarrassé devant certains de ses regards, de ses sourires.	Besides, I was embarrassed by certain things in her look, in her smile.
938	946	0.410	Ils pouvaient signifier mœurs faciles mais aussi gaîté un peu bête d’une jeune fille sémillante mais ayant un fond d’honnêteté.	They might equally well signify a laxity of morals and the rather silly merriment of a girl who though full of spirits was at heart thoroughly respectable.
939	947	0.530	Une même expression, de figure comme de langage, pouvant comporter diverses acceptions, j’étais hésitant comme un élève devant les difficultés d’une version grecque.	A single expression, on a face as in speech, is susceptible of divers interpretations, and I stood hesitating like a schoolboy faced by the difficulties of a piece of Greek prose.
940	948	0.581	Cette fois-là nous rencontrâmes presque tout de suite la grande Andrée, celle qui avait sauté par-dessus le premier président; Albertine dut me présenter.	On this occasion we met almost immediately the tall one, Andrée, the one who had jumped over the old banker, and Albertine was obliged to introduce me.
941	949	0.608	Son amie avait des yeux extraordinairement clairs, comme est dans un appartement à l’ombre l’entrée, par la porte ouverte, d’une chambre où donnent le soleil et le reflet verdâtre de la mer illuminée.	Her friend had a pair of eyes of extraordinary brightness, like, in a dark house, a glimpse through an open door of a room into which the sun is shining with a greenish reflexion from the glittering sea.
942	950	0.563	Cinq messieurs passèrent que je connaissais très bien de vue depuis que j’étais à Balbec.	A party of five were passing, men whom I had come to know very well by sight during my stay at Balbec.
943	951	0.541	Je m’étais souvent demandé qui ils étaient.	I had often wondered who they could be.
944	952	0.452	«Ce ne sont pas des gens très chics, me dit Albertine en ricanant d’un air de mépris.	"""They're nothing very wonderful,"" said Albertine with a sneering laugh."
945	953-954	0.432	Le petit vieux, qui a des gants jaunes, il en a une touche, hein, il dégotte bien, c’est le dentiste de Balbec, c’est un brave type; le gros c’est le maire, pas le tout petit gros, celui-là vous devez l’avoir vu, c’est le professeur de danses, il est assez moche aussi, il ne peut pas nous souffrir parce que nous faisons trop de bruit au Casino, que nous démolissons ses chaises, que nous voulons danser sans tapis, aussi il ne nous a jamais donné le prix quoique il n’y a que nous qui sachions danser.	"""The little old one with dyed hair and yellow gloves has a fine touch; he knows how to draw all right, he's the Balbec dentist; he's a good sort. The fat one is the Mayor, not the tiny little fat one, you must have seen him before, he's the dancing master; he's rather a beast, you know; he can't stand us, because we make such a row at the Casino; we smash his chairs, and want to have the carpet up when we dance; that's why he never gives us prizes, though we're the only girls there who can dance a bit."
946	955-956	0.394	Le dentiste est un brave homme, je lui aurais fait bonjour pour faire rager le maître de danse, mais je ne pouvais pas parce qu’il y a avec eux M. de Sainte-Croix, le conseiller général, un homme d’une très bonne famille qui s’est mis du côté des républicains, pour de l’argent; aucune personne propre ne le salue plus.	The dentist is a dear, I would have said how d'ye do to him, just to make the dancing master swear, but I couldn't because they've got M. de Sainte-Croix with them; he's on the General Council; he comes of a very good family, but he's joined the Republicans, to make more money. No nice people ever speak to him now.
947	957	0.684	Il connaît mon oncle, à cause du gouvernement, mais le reste de ma famille lui a tourné le dos.	He knows my uncle, because they're both in the Government, but the rest of my family always cut him.
948	958	0.511	Le maigre avec un imperméable, c’est le chef d’orchestre.	The thin one in the waterproof is the bandmaster.
949	959-960	0.426	Comment, vous ne le connaissez pas!	You know him, of course. You don't?
950	961	0.659	Il joue divinement.	Oh, he plays divinely.
951-952	962	0.545	Vous n’avez pas été entendre Cavalleria Rusticana? Ah! je trouve ça idéal!	You haven't been to _Cavalleria Rusticana?_ I thought it too lovely!
953	963	0.519	Il donne un concert ce soir, mais nous ne pouvons pas y aller parce que ça a lieu dans la salle de la Mairie.	He's giving a concert this evening, but we can't go because it's to be in the town hall.
954	964	0.521	Au casino ça ne fait rien, mais dans la salle de la Mairie d’où on a enlevé le Christ, la mère d’Andrée tomberait en apoplexie si nous y allions.	In the Casino it wouldn't matter, but in the town hall, where they've taken down the crucifix, Andrée's mother would have a fit if we went there.
955	965	0.673	Vous me direz que le mari de ma tante est dans le gouvernement.	You're going to say that my aunt's husband is in the Government.
956	966	0.517	Mais qu’est-ce que vous voulez?	But what difference does that make?
957	967	0.652	Ma tante est ma tante.	My aunt is my aunt.
958	968	0.476	Ce n’est pas pour cela que je l’aime!	That's not why I'm fond of her.
959	969	0.375	Elle n’a jamais eu qu’un désir, se débarrasser de moi.	The only thing she has ever wanted has been to get rid of me.
960	970	0.452	La personne qui m’a vraiment servi de mère, et qui a eu double mérite puisqu’elle ne m’est rien, c’est une amie que j’aime du reste comme une mère.	No, the person who has really been a mother to me, and all the more credit to her because she's no relation at all, is a friend of mine whom I love just as much as if she was my mother.
961	971	0.642	Je vous montrerai sa photo.»	"I will let you see her 'photo'."""
962	972	0.661	Nous fûmes abordés un instant par le champion de golf et joueur de baccara, Octave.	We were joined for a moment by the golf champion and baccarat plunger, Octave.
963	973	0.587	Je pensai avoir découvert un lien entre nous, car j’appris dans la conversation qu’il était un peu parent, et de plus assez aimé des Verdurin.	I thought that I had discovered a bond between us, for I learned in the course of conversation that he was some sort of relative, and even more a friend of the Verdurins.
964	974	0.479	Mais il parla avec dédain des fameux mercredis, et ajouta que M. Verdurin ignorait l’usage du smoking ce qui rendait assez gênant de le rencontrer dans certains «music-halls» où on aurait tant aimé ne pas s’entendre crier: «Bonjour galopin» par un monsieur en veston et en cravate noire de notaire de village.	"But he spoke contemptuously of the famous Wednesdays, adding that M. Verdurin had never even heard of a dinner jacket, which made it a horrid bore when one ran into him in a music-hall, where one would very much rather not be greeted with ""Well, you young rascal,"" by an old fellow in a frock coat and black tie, for all the world like a village lawyer."
965	975	0.509	Puis Octave nous quitta, et bientôt après ce fut le tour d’Andrée, arrivée devant son chalet où elle entra sans que de toute la promenade elle m’eût dit un seul mot.	Octave left us, and soon it was Andrée's turn, when we came to her villa, into which she vanished without having uttered a single word to me during the whole of our walk.
966	976	0.410	Je regrettai d’autant plus son départ que tandis que je faisais remarquer à Albertine combien son amie avait été froide avec moi, et rapprochais en moi-même cette difficulté qu’Albertine semblait avoir à me lier avec ses amies de l’hostilité contre laquelle, pour exaucer mon souhait, paraissait s’être le premier jour heurté Elstir, passèrent des jeunes filles que je saluai, les demoiselles d’Ambresac, auxquelles Albertine dit aussi bonjour.	I regretted her departure, all the more in that, while I was complaining to Albertine how chilling her friend had been with me, and was comparing in my mind this difficulty which Albertine seemed to find in making me know her friends with the hostility that Elstir, when he might have granted my desire, seemed to have encountered on that first afternoon, two girls came by to whom I lifted my hat, the young Ambresacs, whom Albertine greeted also.
967	977	0.318	Je pensai que ma situation vis-à-vis d’Albertine allait en être améliorée.	I felt that, in Albertine's eyes, my position would be improved by this meeting.
968	978	0.541	Elles étaient les filles d’une parente de Mme de Villeparisis et qui connaissait aussi Mme de Luxembourg.	They were the daughters of a kinswoman of Mme. de Villeparisis, who was also a friend of Mme. de Luxembourg.
969	979	0.492	M. et Mme d’Ambresac qui avaient une petite villa à Balbec, et excessivement riches, menaient une vie des plus simples, étaient toujours habillés, le mari du même veston, la femme d’une robe sombre.	M. and Mme. d'Ambresac, who had a small villa at Balbec and were immensely rich, led the simplest of lives there, and always went about dressed he in an unvarying frock coat, she in a dark gown.
970	980	0.443	Tous deux faisaient à ma grand’mère d’immenses saluts qui ne menaient à rien.	Both of them used to make sweeping bows to my grandmother, which never led to anything further.
971	981	0.469	Les filles, très jolies, s’habillaient avec plus d’élégance mais une élégance de ville et non de plage.	The daughters, who were very pretty, were dressed more fashionably, but in a fashion suited rather to Paris than to the seaside.
972	982	0.418	Dans leurs robes longues, sous leurs grands chapeaux, elles avaient l’air d’appartenir à une autre humanité qu’Albertine.	With their long skirts and large hats, they had the look of belonging to a different race from Albertine.
973	983	0.266	Celle-ci savait très bien qui elles étaient.	She, I discovered, knew all about them.
974	984	0.490	«Ah! vous connaissez les petites d’Ambresac.	"""Oh, so you know the little d'Ambresacs, do you?"
975	985	0.189	Hé bien, vous connaissez des gens très chics.	Dear me, you have some swagger friends.
976	986	0.432	Du reste, ils sont très simples, ajouta-t-elle comme si c’était contradictoire.	"After all, they're very simple souls,"" she went on as though this might account for it."
977	987	0.394	Elles sont très gentilles mais tellement bien élevées qu’on ne les laisse pas aller au Casino, surtout à cause de nous, parce que nous avons trop mauvais genre.	"""They're very nice, but so well brought up that they aren't allowed near the Casino, for fear of us — we've such a bad tone."
978	988	0.320	Elles vous plaisent?	They attract you, do they?
979	989	0.130	Dame, ça dépend.	Well, it all depends on what you like.
980	990	0.626	C’est tout à fait les petites oies blanches.	They're just little white rabbits, really.
981	991	0.301	Ça a peut-être son charme.	There may be something in that, of course.
982	992	0.386	Si vous aimez les petites oies blanches, vous êtes servi à souhait.	If little white rabbits are what appeals to you, they may supply a long-felt want.
983	993	0.556	Il paraît qu’elles peuvent plaire puisqu’il y en a déjà une de fiancée au marquis de Saint-Loup.	It seems, there must be some attraction, because one of them has got engaged already to the Marquis de Saint-Loup.
984	994	0.488	Et cela fait beaucoup de peine à la cadette qui était amoureuse de ce jeune homme.	Which is a cruel blow to the younger one, who is madly in love with that young man.
985	995	0.409	Moi, rien que leur manière de parler du bout des lèvres m’énerve.	I'm sure, the way they speak to you with their lips shut is quite enough for me.
986	996	0.478	Et puis elles s’habillent d’une manière ridicule.	And then they dress in the most absurd way.
987	997	0.415	Elles vont jouer au golf en robes de soie.	Fancy going to play golf in silk frocks!
988	998	0.510	A leur âge elles sont mises plus prétentieusement que des femmes âgées qui savent s’habiller.	At their age, they dress more showily than grown-up women who really know about clothes.
989-990	999	0.417	Tenez Madame Elstir, voilà une femme élégante.» Je répondis qu’elle m’avait semblé vêtue avec beaucoup de simplicité.	"Look at Mme. Elstir; there's a well dressed woman if you like,"" I answered that she had struck me as being dressed with the utmost simplicity."
991	1000	0.553	Albertine se mit à rire.	Albertine laughed.
992	1001	0.497	«Elle est mise très simplement, en effet, mais elle s’habille à ravir et pour arriver à ce que vous trouvez de la simplicité, elle dépense un argent fou.»	"""She does put on the simplest things, I admit, but she dresses wonderfully, and to get what you call simplicity costs her a fortune."""
993	1002	0.487	Les robes de Mme Elstir passaient inaperçues aux yeux de quelqu’un qui n’avait pas le goût sûr et sobre des choses de la toilette.	Mme. Elstir's gowns passed unnoticed by any one who had not a sober and unerring taste in matters of attire.
994	1003	0.504	Il me faisait défaut.	This was lacking in me.
995	1004	0.694	Elstir le possédait au suprême degré, à ce que me dit Albertine.	Elstir possessed it in a supreme degree, or so Albertine told me.
996	1005	0.574	Je ne m’en étais pas douté ni que les choses élégantes mais simples qui emplissaient son atelier étaient des merveilles désirées par lui, qu’il avait suivies de vente en vente, connaissant toute leur histoire, jusqu’au jour où il avait gagné assez d’argent pour pouvoir les posséder.	I had not suspected this, nor that the beautiful but quite simple objects which littered his studio were treasures long desired by him which he had followed from sale room to sale room, knowing all their history, until he had made enough money to be able to acquire them.
997	1006	0.429	Mais là-dessus, Albertine aussi ignorante que moi, ne pouvait rien m’apprendre.	But as to this Albertine, being as ignorant as myself, could not enlighten me.
998	1007	0.153	Tandis que pour les toilettes, avertie par un instinct de coquette et peut-être par un regret de jeune fille pauvre qui goûte avec plus de désintéressement, de délicatesse chez les riches ce dont elle ne pourra se parer elle-même, elle sut me parler très bien des raffinements d’Elstir, si difficile qu’il trouvait toute femme mal habillée, et que mettant tout un monde dans une proportion, dans une nuance, il faisait faire pour sa femme à des prix fous des ombrelles, des chapeaux, des manteaux qu’il avait appris à Albertine à trouver charmants et qu’une personne sans goût n’eût pas plus remarqués que je n’avais fait.	Whereas when it came to clothes, prompted by a coquettish instinct, and perhaps by the regretful longing of a penniless girl who is able to appreciate with greater disinterestedness, more delicacy of feeling, in other, richer people the things that she will never be able to afford for herself, she expressed herself admirably on the refinement of Elstir's taste, so hard to satisfy that all women appeared to him badly dressed, while, attaching infinite importance to right proportions and shades of colour, he would order to be made for his wife, at fabulous prices, the sunshades, hats and cloaks which he had learned from Albertine to regard as charming, and which a person wanting in taste would no more have noticed than myself.
999-1000	1008	0.299	Du reste, Albertine qui avait fait un peu de peinture sans avoir d’ailleurs, elle l’avouait, aucune «disposition», éprouvait une grande admiration pour Elstir, et grâce à ce qu’il lui avait dit et montré, s’y connaissait en tableaux d’une façon qui contrastait fort avec son enthousiasme pour Cavalleria Rusticana. C’est qu’en réalité bien que cela ne se vît guère encore, elle était très intelligente et dans les choses qu’elle disait, la bêtise n’était pas sienne, mais celle de son milieu et de son âge.	"Apart from this, Albertine, who had done a little painting, though without, she confessed, having any ""gift"" for it, felt a boundless admiration for Elstir, and, thanks to his precept and example, shewed a judgment of pictures which was in marked contrast to her enthusiasm for _Cavalleria Rusticana._ The truth was, though as yet it was hardly apparent, that she was highly intelligent, and that in the things that she said the stupidity was not her own but that of her environment and age."
1001	1009	0.423	Elstir avait eu sur elle une influence heureuse mais partielle.	Elstir's had been a good but only a partial influence.
1002	1010	0.318	Toutes les formes de l’intelligence n’étaient pas arrivées chez Albertine au même degré de développement.	All the branches of her intelligence had not reached the same stage of development.
1003	1011	0.475	Le goût de la peinture avait presque rattrapé celui de la toilette et de toutes les formes de l’élégance, mais n’avait pas été suivi par le goût de la musique qui restait fort en arrière.	The taste for pictures had almost caught up the taste for clothes and all forms of smartness, but had not been followed by the taste for music, which was still a long way behind.
1004	1012	0.552	Albertine avait beau savoir qui étaient les Ambresac, comme qui peut le plus ne peut pas forcément le moins, je ne la trouvai pas, après que j’eusse salué ces jeunes filles, plus disposée à me faire connaître ses amies.	Albertine might know all about the Ambresacs; but as he who can achieve great things is not necessarily capable of small, I did not find her, after I had bowed to those young ladies, any better disposed to make me known to her friends.
1005	1013	0.390	«Vous êtes bien bon d’attacher, de leur donner de l’importance.	"""It's too good of you to attach any importance to them."
1006	1014	0.306	Ne faites pas attention à elles, ce n’est rien du tout.	You shouldn't take any notice of them; they don't count.
1007	1015	0.368	Qu’est-ce que ces petites gosses peuvent compter pour un homme de votre valeur.	What on earth can a lot of kids like them mean to a man like you?
1008	1016	0.391	Andrée au moins est remarquablement intelligente.	Now Andrée, I must say, is remarkably clever.
1009	1017	0.648	C’est une bonne petite fille, quoique parfaitement fantasque, mais les autres sont vraiment très stupides.»	"She is a good girl, that, though she is perfectly fantastic at times, but the others are really dreadfully stupid."""
1010	1018	0.576	Après avoir quitté Albertine, je ressentis tout à coup beaucoup de chagrin que Saint-Loup m’eût caché ses fiançailles, et fît quelque chose d’aussi mal que se marier sans avoir rompu avec sa maîtresse.	When I had left Albertine, I felt suddenly a keen regret that Saint-Loup should have concealed his engagement from me and that he should be doing anything so improper as to choose a wife before breaking with his mistress.
1011	1019	0.313	Peu de jours après pourtant, je fus présenté à Andrée et comme elle parla assez longtemps, j’en profitai pour lui dire que je voudrais bien la voir le lendemain, mais elle me répondit que c’était impossible parce qu’elle avait trouvé sa mère assez mal et ne voulait pas la laisser seule.	And then, shortly afterwards, I met Andrée, and as she went on talking to me for some time I seized the opportunity to tell her that I would very much like to see her again next day, but she replied that this was impossible, because her mother was not at all well, and she would have to stay beside her.
1012	1020	0.218	Deux jours après, étant allé voir Elstir, il me dit la sympathie très grande qu’Andrée avait pour moi; comme je lui répondais: «Mais c’est moi qui ai eu beaucoup de sympathie pour elle dès le premier jour, je lui avais demandé à la revoir le lendemain, mais elle ne pouvait pas.	"The next day but one, when I was at Elstir's, he told me how greatly Andrée had been attracted by me; on my protesting: ""But it was I who was attracted by her from the start; I asked her to meet me again yesterday, but she could not."""
1013	1021-1022	0.299	— Oui, je sais, elle me l’a raconté, me dit Elstir, elle l’a assez regretté, mais elle avait accepté un pique-nique à dix lieues d’ici où elle devait aller en break et elle ne pouvait plus se décommander.»	"""Yes, I know; she told me all about that,"" was his reply, ""she was very sorry, but she had promised to go to a picnic, somewhere miles from here. They were to drive over in a break, and it was too late for her to get out of it."""
1014	1023	0.518	Bien que ce mensonge fût, Andrée me connaissant si peu, fort insignifiant, je n’aurais pas dû continuer à fréquenter une personne qui en était capable.	Albeit this falsehood (Andrée knowing me so slightly) was of no real importance, I ought not to have continued to seek the company of a person who was capable of uttering it.
1015-1016	1024	0.474	Car ce que les gens ont fait, ils le recommencent indéfiniment. Et qu’on aille voir chaque année un ami qui les premières fois n’a pu venir à votre rendez-vous, ou s’est enrhumé, on le retrouvera avec un autre rhume qu’il aura pris, on le manquera à un autre rendez-vous où il ne sera pas venu, pour une même raison permanente à la place de laquelle il croit voir des raisons variées, tirées des circonstances.	For what people have once done they will do again indefinitely, and if you go every year to see a friend who, the first time, was not able to meet you at the appointed place, or was in bed with a chill, you will find him in bed with another chill which he has just caught, you will miss him again at another meeting-place at which he has failed to appear, for a single and unalterable reason in place of which he supposes himself to have various reasons, drawn from the circumstances.
1017	1025	0.386	Un des matins qui suivirent celui où Andrée m’avait dit qu’elle était obligée de rester auprès de sa mère, je faisais quelques pas avec Albertine que j’avais aperçue, élevant au bout d’un cordonnet un attribut bizarre qui la faisait ressembler à l’«Idolâtrie» de Giotto; il s’appelle d’ailleurs un «diabolo» et est tellement tombé en désuétude que devant le portrait d’une jeune fille en tenant un, les commentateurs de l’avenir pourront disserter comme devant telle figure allégorique de l’Arêna, sur ce qu’elle a dans la main.	"One morning, not long after Andrée's telling me that she would be obliged to stay beside her mother, I was taking a short stroll with Albertine, whom I had found on the beach tossing up and catching again on a cord an oddly shaped implement which gave her a look of Giotto's ""Idolatry""; it was called, for that matter, ""Diabolo"", and is so fallen into disuse now that, when they come upon the picture of a girl playing with one, the critics of future generations will solemnly discuss, as it might be over one of the allegorical figures in the Arena, what it is that she is holding."
1018	1026	0.442	Au bout d’un moment, leur amie à l’air pauvre et dur, qui avait ricané le premier jour d’un air si méchant: «Il me fait de la peine ce pauvre vieux» en parlant du vieux monsieur effleuré par les pieds légers d’Andrée, vint dire à Albertine: «Bonjour, je vous dérange?»	"A moment later their friend with the penurious and harsh appearance, the same one who on that first day had sneered so malevolently: ""I do feel sorry for him, poor old man,"" when she saw the old gentlemen's head brushed by the flying feet of Andrée, came up to Albertine with ""Good morning, 'm I disturbing you?"""
1019	1027	0.454	Elle avait ôté son chapeau qui la gênait, et ses cheveux comme une variété végétale ravissante et inconnue reposaient sur son front, dans la minutieuse délicatesse de leur foliation.	She had taken off her hat, for comfort, and her hair, like a strange and fascinating plant, lay over her brow, displaying all the delicate tracery of its foliation.
1020	1028	0.587	Albertine, peut-être irritée de la voir tête nue, ne répondit rien, garda un silence glacial malgré lequel l’autre resta, tenue à distance de moi par Albertine qui s’arrangeait à certains instants pour être seule avec elle, à d’autres pour marcher avec moi, en la laissant derrière.	Albertine, perhaps because she resented seeing the other bare-headed, made no reply, preserved a frigid silence in spite of which the girl stayed with us, kept apart from myself by Albertine, who arranged at one moment to be alone with her, at another to walk with me leaving her to follow.
1021	1029	0.285	Je fus obligé pour qu’elle me présentât de le lui demander devant l’autre.	I was obliged, to secure an introduction, to ask for it in the girl's hearing.
1022	1030	0.611	Alors au moment où Albertine me nomma, sur la figure et dans les yeux bleus de cette jeune fille à qui j’avais trouvé un air si cruel quand elle avait dit: «Ce pauvre vieux, y m’fait d’la peine», je vis passer et briller un sourire cordial, aimant, et elle me tendit la main.	"Then, as Albertine was uttering my name, on the face and in the blue eyes of this girl, whose expression I had thought so cruel when I heard her say: ""Poor old man, I do feel so sorry for him"", I saw gather and gleam a cordial, friendly smile, and she held out her hand."
1023	1031	0.587	Ses cheveux étaient dorés, et ne l’étaient pas seuls; car si ses joues étaient roses et ses yeux bleus, c’était comme le ciel encore empourpré du matin où partout pointe et brille l’or.	Her hair was golden, and not her hair only; for if her cheeks were pink and her eyes blue it was like the still roseate morning sky which sparkles everywhere with dazzling points of gold.
1024	1032	0.470	Prenant feu aussitôt, je me dis que c’était une enfant timide quand elle aimait et que c’était pour moi, par amour pour moi, qu’elle était restée avec nous malgré les rebuffades d’Albertine, et qu’elle avait dû être heureuse de pouvoir m’avouer enfin, par ce regard souriant et bon, qu’elle serait aussi douce avec moi que terrible aux autres.	At once kindled by her flame, I said to myself that this was a child who when in love grew shy, that it was for my sake, from love for me that she had remained with us, despite Albertine's rebuffs, and that she must have rejoiced in the opportunity to confess to me at last, by that smiling, friendly gaze, that she would be as kind to me as she was terrible to other people.
1025	1033	0.398	Sans doute m’avait-elle remarqué sur la plage même quand je ne la connaissais pas encore et pensa-t-elle à moi depuis; peut-être était-ce pour se faire admirer de moi qu’elle s’était moquée du vieux monsieur et parce qu’elle ne parvenait pas à me connaître qu’elle avait eu les jours suivants l’air morose.	Doubtless she had noticed me on the beach, when I still knew nothing of her, and had been thinking of me ever since; perhaps it had been to win my admiration that she mocked at the old gentleman, and because she had not succeeded in getting to know me that on the following days she appeared so morose.
1026	1034	0.486	De l’hôtel, je l’avais souvent aperçue le soir se promenant sur la plage.	From the hotel I had often seen her, in the evenings, walking by herself on the beach.
1027	1035	0.361	C’était probablement avec l’espoir de me rencontrer.	Probably in the hope of meeting me.
1028	1036	0.519	Et maintenant, gênée par la présence d’Albertine autant qu’elle l’eût été par celle de toute la bande, elle ne s’attachait évidemment à nos pas, malgré l’attitude de plus en plus froide de son amie, que dans l’espoir de rester la dernière, de prendre rendez-vous avec moi pour un moment où elle trouverait moyen de s’échapper sans que sa famille et ses amies le sussent et me donner rendez-vous dans un lieu sûr avant la messe ou après le golf.	And now, hindered as much by Albertine's presence as she would have been by that of the whole band, she had evidently attached herself to us, braving the increasing coldness of her friend's attitude, only in the hope of outstaying her, of being left alone with me, when she might make an appointment with me for some time when she would find an excuse to slip away without either her family's or her friends' knowing that she had gone, and would meet me in some safe place before church or after golf.
1029	1037	0.469	Il était d’autant plus difficile de la voir qu’Andrée était mal avec elle et la détestait.	It was all the more difficult to see her because Andrée had quarrelled with her and now detested her.
1030	1038	0.392	—J’ai supporté longtemps sa terrible fausseté, me dit-elle, sa bassesse, les innombrables crasses qu’elle m’a faites.	"""I have put up far too long with her terrible dishonesty,"" she explained to me, ""her baseness; I can't tell you all the vile insults she has heaped on me."
1031	1039	0.621	J’ai tout supporté à cause des autres.	I have stood it all because of the others.
1032	1040	0.285	Mais le dernier trait a tout fait déborder.	"But her latest effort was really too much!"""
1033	1041	0.491	Et elle me raconta un potin qu’avait fait cette jeune fille et qui, en effet, pouvait nuire à Andrée.	And she told me of some foolish thing that this girl had done, which might indeed have injurious consequences to Andrée herself.
1034	1042	0.493	Mais les paroles à moi promises par le regard de Gisèle pour le moment où Albertine nous aurait laissés ensemble ne purent m’être dites, parce qu’Albertine, obstinément placée entre nous deux, ayant continué de répondre de plus en plus brièvement, puis ayant cessé de répondre du tout aux propos de son amie, celle-ci finit par abandonner la place.	But those private words promised me by Gisèle's confiding eyes for the moment when Albertine should have left us by ourselves, were destined never to be spoken, because after Albertine, stubbornly planted between us, had answered with increasing curtness, and finally had ceased to respond at all to her friend's remarks, Gisèle at length abandoned the attempt and turned back.
1035	1043	0.429	Je reprochai à Albertine d’avoir été si désagréable.	I found fault with Albertine for having been so disagreeable.
1036	1044	0.435	«Cela lui apprendra à être plus discrète.	"""It will teach her to be more careful how she behaves."
1037	1045	0.328	Ce n’est pas une mauvaise fille mais elle est barbante.	She's not a bad kid, but she'ld talk the head off a donkey.
1038	1046	0.313	Elle n’a pas besoin de venir fourrer son nez partout.	She's no business, either, to go poking her nose into everything.
1039	1047	0.603	Pourquoi se colle-t-elle à nous sans qu’on lui demande.	Why should she fasten herself on to us without being asked?
1040	1048	0.194	Il était moins cinq que je l’envoie paître.	In another minute I'ld have told her to go to blazes.
1041	1049	0.521	D’ailleurs, je déteste qu’elle ait ses cheveux comme ça, ça donne mauvais genre.»	"Besides I can't stand her going about with her hair like that; it's such bad form."""
1042	1050	0.446	Je regardais les joues d’Albertine pendant qu’elle me parlait et je me demandais quel parfum, quel goût elles pouvaient avoir: ce jour-là elle était non pas fraîche, mais lisse, d’un rose uni, violacé, crémeux, comme certaines roses qui ont un vernis de cire.	I gazed at Albertine's cheeks as she spoke, and asked myself what might be the perfume, the taste of them: this time they were not cool, but glowed with a uniform pink, violet-tinted, creamy, like certain roses whose petals have a waxy gloss.
1043	1051	0.354	J’étais passionné pour elles comme on l’est parfois pour une espèce de fleurs.	I felt a passionate longing for them such as one feels sometimes for a particular flower.
1044	1052	0.413	«Je ne l’avais pas remarqué», lui répondis-je.	"""I hadn't noticed it,"" was all that I said."
1045	1053	0.392	— Vous l’avez pourtant assez regardée, on aurait dit que vous vouliez faire son portrait, me dit-elle sans être radoucie par le fait qu’en ce moment ce fût elle-même que je regardais tant.	"""You stared at her hard enough; anyone would have said you wanted to paint her portrait,"" she scolded, not at all softened by the fact that it was at herself that I was now staring so fixedly."
1046	1054	0.261	Je ne crois pourtant pas qu’elle vous plairait.	"""I don't believe you would care for her, all the same."
1047	1055	0.553	Elle n’est pas flirt du tout.	She's not in the least a flirt.
1048	1056	0.523	Vous devez aimer les jeunes filles flirt, vous.	You like little girls who flirt with you, I know.
1049	1057	0.524	En tous cas, elle n’aura plus l’occasion d’être collante et de se faire semer, parce qu’elle repart tantôt pour Paris.	"Anyhow, she won't have another chance of fastening on to us and being sent about her business; she's going off to-day to Paris."""
1050	1058	0.566	— Vos autres amies s’en vont avec elle? .	"""Are the rest of your friends going too?"""
1051	1059	0.599	— Non, elle seulement, elle et miss, parce qu’elle a à repasser ses examens, elle va potasser, la pauvre gosse.	"""No; only she and 'Miss', because she's got an exam, coming; she's got to stay at home and swot for it, poor kid."
1052	1060	0.313	Ce n’est pas gai, je vous assure.	It's not much fun for her, I don't mind telling you.
1053	1061	0.334	Il peut arriver qu’on tombe sur un bon sujet.	Of course, you may be set a good subject, you never know.
1054	1062	0.218	Le hasard est si grand.	But it's a tremendous risk.
1055-1056	1063	0.338	Ainsi une de nos amies a eu: «Racontez un accident auquel vous avez assisté». Ça, c’est une veine.	One girl I know was asked: _Describe an accident that you have witnessed._ That was a piece of luck.
1057-1058	1064	0.441	Mais je connais une jeune fille qui a eu à traiter (et à l’écrit encore): «D’Alceste ou de Philinte, qui préféreriez-vous avoir comme ami?» Ce que j’aurais séché là-dessus!	But I know another girl who got: _State which you would rather have as a friend, Alceste or Philinte._ I'm sure I should have dried up altogether!
1059	1065	0.385	D’abord en dehors de tout, ce n’est pas une question à poser à des jeunes filles.	Apart from everything else, it's not a question to set to girls.
1060	1066	0.396	Les jeunes filles sont liées avec d’autres jeunes filles et ne sont pas censées avoir pour amis des messieurs.	"Girls go about with other girls; they're not supposed to have gentlemen friends."""
1061	1067	0.511	(Cette phrase, en me montrant que j’avais peu de chance d’être admis dans la petite bande, me fit trembler.)	(This announcement, which shewed that I had but little chance of being admitted to the companionship of the band, froze my blood.)
1062	1068	0.459	Mais en tous cas, même si la question était posée à des jeunes gens, qu’est-ce que vous voulez qu’on puisse trouver à dire là-dessus?	"""But in any case, supposing it was set to boys, what on earth would you expect them to say to a question like that?"
1063	1069	0.553	Plusieurs familles ont écrit au _Gaulois_ pour se plaindre de la difficulté de questions pareilles.	Several parents wrote to the _Gaulois_, to complain of the difficult questions that were being set.
1064	1070	0.405	Le plus fort est que dans un recueil des meilleurs devoirs d’élèves couronnées, le sujet a été traité deux fois d’une façon absolument opposée.	The joke of it is that in a collection of prize-winning essays they gave two which treated the question in absolutely opposite ways.
1065	1071	0.349	Tout dépend de l’examinateur.	You see, it all depends on which examiner you get.
1066	1072	0.623	L’un voulait qu’on dise que Philinte était un homme flatteur et fourbe, l’autre qu’on ne pouvait pas refuser son admiration à Alceste, mais qu’il était par trop acariâtre et que comme ami il fallait lui préférer Philinte.	One would like you to say that Philinte was a flatterer and a scoundrel, the other that you couldn't help admiring Alceste, but that he was too cantankerous, and that as a friend you ought to choose Philinte.
1067	1073	0.423	Comment voulez-vous que les malheureuses élèves s’y reconnaissent quand les professeurs ne sont pas d’accord entre eux.	How can you expect a lot of unfortunate candidates to know what to say when the professors themselves can't make up their minds.
1068	1074-1075	0.525	Et encore ce n’est rien, chaque année ça devient plus difficile.	But that's nothing. They get more difficult every year.
1069	1076	0.476	Gisèle ne pourrait s’en tirer qu’avec un bon coup de piston.»	"Gisèle will want all her wits about her if she's to get through."""
1070	1077-1080	0.482	Je rentrai à l’hôtel, ma grand’mère n’y était pas, je l’attendis longtemps; enfin, quand elle rentra, je la suppliai de me laisser aller faire dans des conditions inespérées une excursion qui durerait peut-être quarante-huit heures, je déjeunai avec elle, commandai une voiture et me fis conduire à la gare.	I returned to the hotel. My grandmother was not there. I waited for her for some time; when at last she appeared, I begged her to allow me, in quite unexpected circumstances, to make an expedition which might keep me away for a couple of days. I had luncheon with her, ordered a carriage and drove to the station.
1071	1081-1082	0.472	Gisèle ne serait pas étonnée de m’y voir; une fois que nous aurions changé à Doncières, dans le train de Paris, il y avait un wagon couloir où tandis que miss sommeillerait je pourrais emmener Gisèle dans des coins obscurs, prendre rendez-vous avec elle pour ma rentrée à Paris que je tâcherais de rapprocher le plus possible.	Gisèle would shew no surprise at seeing me there. After we had changed at Doncières, in the Paris train, there would be a carriage with a corridor, along which, while the governess dozed, I should be able to lead Gisèle into dark corners, and make an appointment to meet her on my return to Paris, which I would then try to put forward to the earliest possible date.
1072	1083	0.447	Selon la volonté qu’elle m’exprimerait, je l’accompagnerais jusqu’à Caen ou jusqu’à Évreux, et reprendrais le train suivant.	I would travel with her as far as Caen or Evreux, whichever she preferred, and would take the next train back to Balbec.
1073	1084	0.570	Tout de même, qu’eût-elle pensé si elle avait su que j’avais hésité longtemps entre elle et ses amies, que tout autant que d’elle j’avais voulu être amoureux d’Albertine, de la jeune fille aux yeux clairs, et de Rosemonde!	And yet, what would she have thought of me had she known that I had hesitated for a long time between her and her friends, that quite as much as with her I had contemplated falling in love with Albertine, with the bright-eyed girl, with Rosemonde.
1074	1085	0.521	J’éprouvais des remords, maintenant qu’un amour réciproque allait m’unir à Gisèle.	I felt a pang of remorse now that a bond of mutual affection was going to unite me with Gisèle.
1075	1086	0.525	J’aurais pu du reste lui assurer très véridiquement qu’Albertine ne me plaisait plus.	I could, moreover, truthfully have assured her that Albertine no longer interested me.
1076	1087	0.534	Je l’avais vue ce matin s’éloigner en me tournant presque le dos, pour parler à Gisèle.	I had seen her that morning as she swerved aside, almost turning her back on me, to speak to Gisèle.
1077	1088	0.477	Sur sa tête inclinée d’un air boudeur, ses cheveux qu’elle avait derrière, différents et plus noirs encore, luisaient comme si elle venait de sortir de l’eau.	On her head, which was bent sullenly over her bosom, the hair that grew at the back, different from and darker even than the rest, shone as though she had just been bathing.
1078	1089-1090	0.306	J’avais pensé à une poule mouillée et ces cheveux m’avaient fait incarner en Albertine une autre âme que jusque-là la figure violette et le regard mystérieux.	"""Like a dying duck in a thunderstorm!"" I thought to myself, this view of her hair having let into Albertine's body a soul entirely different from that implied hitherto by her glowing complexion and mysterious gaze."
1079	1091	0.423	Ces cheveux luisants derrière la tête, c’est tout ce que j’avais pu apercevoir d’elle pendant un moment, et c’est cela seulement que je continuais à voir.	That shining cataract of hair at the back of her head had been for a moment or two all that I was able to see of her, and continued to be all that I saw in retrospect.
1080	1092	0.394	Notre mémoire ressemble à ces magasins, qui, à leurs devantures, exposent d’une certaine personne, une fois une photographie, une fois une autre.	Our memory is like a shop in the window of which is exposed now one, now another photograph of the same person.
1081	1093	0.444	Et d’habitude la plus récente reste quelque temps seule en vue.	And as a rule the most recent exhibit remains for some time the only one to be seen.
1082	1094	0.574	Tandis que le cocher pressait son cheval, j’écoutais les paroles de reconnaissance et de tendresse que Gisèle me disait, toutes nées de son bon sourire, et de sa main tendue: c’est que dans les périodes de ma vie où je n’étais pas amoureux et où je désirais de l’être, je ne portais pas seulement en moi un idéal physique de beauté qu’on a vu, que je reconnaissais de loin dans chaque passante assez éloignée pour que ses traits confus ne s’opposassent pas à cette identification, mais encore le fantôme moral — toujours prêt à être incarné — de la femme qui allait être éprise de moi, me donner la réplique dans la comédie amoureuse que j’avais tout écrite dans ma tête depuis mon enfance et que toute jeune fille aimable me semblait avoir la même envie de jouer, pourvu qu’elle eût aussi un peu le physique de l’emploi.	While the coachman whipped on his horse I sat there listening to the words of gratitude and affection which Gisèle was murmuring in my ear, born, all of them, of her friendly smile and outstretched hand, the fact being that in those periods of my life in which I was not actually, but desired to be in love, I carried in my mind not only an ideal form of beauty once seen, which I recognised at a glance in every passing stranger who kept far enough from me for her confused features to resist any attempt at identification, but also the moral phantom — ever ready to be incarnate — of the woman who was going to fall in love with me, to take up her cues in the amorous comedy which I had had written out in my mind from my earliest boyhood, and in which every nice girl seemed to me to be equally desirous of playing, provided that she had also some of the physical qualifications required.
1083	1095	0.448	De cette pièce, quelle que fût la nouvelle «étoile» que j’appelais à créer ou à reprendre le rôle, le scénario, les péripéties, le texte même, gardaient une forme _ne varietur_.	In this play, whoever the new star might be whom I invited to create or to revive the leading part, the plot, the incidents, the lines themselves preserved an unalterable form.
1084	1096	0.548	Quelques jours plus tard, malgré le peu d’empressement qu’Albertine avait mis à nous présenter, je connaissais toute la petite bande du premier jour, restée au complet à Balbec (sauf Gisèle, qu’à cause d’un arrêt prolongé devant la barrière de la gare, et un changement dans l’horaire, je n’avais pu rejoindre au train, parti cinq minutes avant mon arrivée, et à laquelle d’ailleurs je ne pensais plus) et en plus deux ou trois de leurs amies qu’à ma demande elles me firent connaître.	Within the next few days, in spite of the reluctance that Albertine had shewn from introducing me to them, I knew all the little band of that first afternoon (except Gisèle, whom, owing to a prolonged delay at the level crossing by the station and a change in the time-table, I had not succeeded in meeting on the train, which had been gone some minutes before I arrived, and to whom as it happened I never gave another thought), and two or three other girls as well to whom at my request they introduced me.
1085	1097	0.347	Et ainsi l’espoir du plaisir que je trouverais avec une jeune fille nouvelle venant d’une autre jeune fille par qui je l’avais connue, la plus récente était alors comme une de ces variétés de roses qu’on obtient grâce à une rose d’une autre espèce.	And thus, my expectation of the pleasure which I should find in a new girl springing from another girl through whom I had come to know her, the latest was like one of those new varieties of rose which gardeners get by using first a rose of another kind.
1086	1098	0.401	Et remontant de corolle en corolle dans cette chaîne de fleurs, le plaisir d’en connaître une différente me faisait retourner vers celle à qui je la devais, avec une reconnaissance mêlée d’autant de désir que mon espoir nouveau.	And as I passed from blossom to blossom along this flowery chain, the pleasure of knowing one that was different would send me back to her to whom I was indebted for it, with a gratitude in which desire was mingled fully as much as in my new expectation.
1087	1099	0.500	Bientôt je passai toutes mes journées avec ces jeunes filles.	Presently I was spending all my time among these girls.
1088	1100	0.581	Hélas! dans la fleur la plus fraîche on peut distinguer les points imperceptibles qui pour l’esprit averti dessinent déjà ce qui sera, par la dessiccation ou la fructification des chairs aujourd’hui en fleur, la forme immuable et déjà prédestinée de la graine.	Alas! in the freshest flower it is possible to discern those just perceptible signs which to the instructed mind indicate already what will be, by the desiccation or fructification of the flesh that is to-day in bloom, the ultimate form, immutable and already predestinate, of the autumnal seed.
1089	1101	0.401	On suit avec délices un nez pareil à une vaguelette qui enfle délicieusement une eau matinale et qui semble immobile, dessinable, parce que la mer est tellement calme qu’on ne perçoit pas la marée.	The eye rapturously follows a nose like a wavelet that deliciously curls the water's face at day-break and seems not to move, to be capturable by the pencil, because the sea is so calm then that one does not notice its tidal flow.
1090	1102	0.444	Les visages humains ne semblent pas changer au moment qu’on les regarde parce que la révolution qu’ils accomplissent est trop lente pour que nous la percevions.	Human faces seem not to change while we are looking at them, because the revolution which they perform is too slow for us to perceive it.
1091	1103	0.410	Mais il suffisait de voir à côté de ces jeunes filles leur mère ou leur tante, pour mesurer les distances que sous l’attraction interne d’un type généralement affreux, ces traits auraient traversées dans moins de trente ans, jusqu’à l’heure du déclin des regards, jusqu’à celle où le visage passé tout entier au-dessous de l’horizon, ne reçoit plus de lumière.	But we have only to see, by the side of any of those girls, her mother or her aunt, to realise the distance over which, obeying the gravitation of a type that is, generally speaking, deplorable, her features will have travelled in less than thirty years, and must continue to travel until the sunset hour, until her face, having vanished altogether below the horizon, catches the light no more.
1092	1104	0.333	Je savais que aussi profond, aussi inéluctable que le patriotisme juif, ou l’atavisme chrétien chez ceux qui se croient le plus libérés de leur race, habitait sous la rose inflorescence d’Albertine, de Rosemonde, d’Andrée, inconnus à elles-mêmes, tenu en réserve pour les circonstances, un gros nez, une bouche proéminente, un embonpoint qui étonnerait mais était en réalité dans la coulisse, prêt à entrer en scène, tout comme tel dreyfusisme, tel cléricalisme soudain, imprévu, fatal, tel héroïsme nationaliste et féodal, soudainement issus à l’appel des circonstances d’une nature antérieure à l’individu lui-même, par laquelle il pense, vit, évolue, se fortifie ou meurt, sans qu’il puisse la distinguer des mobiles particuliers qu’il prend pour elle.	"I knew that, as deep, as ineluctable as is their Jewish patriotism or Christian atavism in those who imagine themselves to be the most emancipated of their race, there dwelt beneath the rosy inflorescence of Albertine, Rosemonde, Andrée, unknown to themselves, held in reserve until the circumstances should arise, a coarse nose, a protruding jaw, a bust that would create a sensation when it appeared, but was actually in the wings, ready to ""come on"", just as it might be a burst of Dreyfusism, or clericalism, sudden, unforeseen, fatal, some patriotic, some feudal form of heroism emerging suddenly when the circumstances demand it from a nature anterior to that of the man himself, by means of which he thinks, lives, evolves, gains strength himself or dies, without ever being able to distinguish that nature from the successive phases which in turn he takes for it."
1093	1105	0.469	Même mentalement, nous dépendons des lois naturelles beaucoup plus que nous ne croyons et notre esprit possède d’avance comme certain cryptogame, comme telle graminée, les particularités que nous croyons choisir.	Even mentally, we depend a great deal more than we think upon natural laws, and our mind possesses already, like some cryptogamous plant, every little peculiarity that we imagine ourselves to be selecting.
1094	1106	0.409	Mais nous ne saisissons que les idées secondes sans percevoir la cause première (race juive, famille française, etc.) qui les produisait nécessairement et que nous manifestons au moment voulu.	For we can see only the derived ideas, without detecting the primary cause (Jewish blood, French birth or whatever it may be) that inevitably produced them, and which at a given moment we expose.
1095	1107	0.410	Et peut-être, alors que les unes nous paraissent le résultat d’une délibération, les autres d’une imprudence dans notre hygiène, tenons-nous de notre famille, comme les papillonacées la forme de leur graine, aussi bien les idées dont nous vivons que la maladie dont nous mourrons.	And perhaps, while the former appear to us to be the result of deliberate thought, the latter that of an imprudent disregard for our own health, we take from our family, as the papilionaceae take the form of their seed, as well the ideas by which we live as the malady from which we shall die.
1096	1108	0.559	Comme sur un plant où les fleurs mûrissent à des époques différentes, je les avais vues, en de vieilles dames, sur cette plage de Balbec, ces dures graines, ces mous tubercules, que mes amies seraient un jour.	As on a plant whose flowers open at different seasons, I had seen, expressed in the form of old ladies, on this Balbec shore, those shrivelled seed-pods, those flabby tubers which my friends would one day be.
1097	1109-1110	0.406	Mais qu’importait? en ce moment c’était la saison des fleurs.	But what matter? For the moment it was their flowering-time.
1098	1111	0.496	Aussi quand Mme de Villeparisis m’invitait à une promenade, je cherchais une excuse pour n’être pas libre.	And so when Mme. de Villeparisis asked me to drive with her I sought an excuse to be prevented.
1099	1112	0.400	Je ne fis de visites à Elstir que celles où mes nouvelles amies m’accompagnèrent.	I never went to see Elstir unless accompanied by my new friends.
1100	1113	0.501	Je ne pus même pas trouver un après-midi pour aller à Doncières voir Saint-Loup, comme je le lui avais promis.	I could not even spare an afternoon to go to Doncières, to pay the visit I had promised Saint-Loup.
1101	1114	0.438	Les réunions mondaines, les conversations sérieuses, voire une amicale causerie, si elles avaient pris la place de mes sorties avec ces jeunes filles, m’eussent fait le même effet qui si à l’heure du déjeuner on nous emmenait non pas manger, mais regarder un album.	Social engagements, serious discussions, even a friendly conversation, had they usurped the place allotted to my walks with these girls, would have had the same effect on me as if, when the luncheon bell rang, I had been taken not to a table spread with food but to turn the pages of an album.
1102	1115	0.436	Les hommes, les jeunes gens, les femmes vieilles ou mûres, avec qui nous croyons nous plaire, ne sont portés pour nous que sur une plane et inconsistante superficie, parce que nous ne prenons conscience d’eux que par la perception visuelle réduite à elle-même; mais c’est comme déléguée des autres sens qu’elle se dirige vers les jeunes filles; ils vont chercher l’une derrière l’autre les diverses qualités odorantes, tactiles, savoureuses, qu’ils goûtent ainsi même sans le secours des mains et des lèvres; et, capables, grâce aux arts de transposition, au génie de synthèse où excelle le désir, de restituer sous la couleur des joues ou de la poitrine, l’attouchement, la dégustation, les contacts interdits, ils donnent à ces filles la même consistance mielleuse qu’ils font quand ils butinent dans une roseraie, ou dans une vigne dont ils mangent des yeux les grappes.	The men, the youths, the women, old or mature, whose society we suppose that we shall enjoy, are borne by us only on an unsubstantial plane surface, because we are conscious of them only by visual perception restricted to its own limits; whereas it is as delegates from our other senses that our eyes dart towards young girls; the senses follow, one after another, in search of the various charms, fragrant, tactile, savoury, which they thus enjoy even without the aid of fingers and lips; and able, thanks to the art of transposition, the genius for synthesis in which desire excels, to reconstruct beneath the hue of cheeks or bosom the feel, the taste, the contact that is forbidden them, they give to these girls the same honeyed consistency as they create when they stand rifling the sweets of a rose-garden, or before a vine whose clusters their eyes alone devour.
1103	1116	0.603	S’il pleuvait, bien que le mauvais temps n’effrayât pas Albertine qu’on voyait souvent, dans son caoutchouc, filer en bicyclette sous les averses, nous passions la journée dans le casino où il m’eût paru ces jours-là impossible de ne pas aller.	If it rained, although the weather had no power to daunt Albertine, who was often to be seen in her waterproof spinning on her bicycle through the driving showers, we would spend the day in the Casino, where on such days it would have seemed to me impossible not to go.
1104	1117	0.496	J’avais le plus grand mépris pour les demoiselles d’Ambresac qui n’y étaient jamais entrées.	I had the greatest contempt for the young Ambresacs, who had never set foot in it.
1105	1118	0.471	Et j’aidais volontiers mes amies à jouer de mauvais tours au professeur de danse.	And I willingly joined my friends in playing tricks on the dancing master.
1106	1119	0.428	Nous subissions généralement quelques admonestations du tenancier ou des employés usurpant un pouvoir directorial parce que mes amies, même Andrée qu’à cause de cela j’avais cru le premier jour une créature si dionysiaque et qui était au contraire frêle, intellectuelle, et cette année-là fort souffrante, mais qui obéissait malgré cela moins à l’état de sa santé qu’au génie de cet âge qui emporte tout et confond dans la gaîté les malades et les vigoureux, ne pouvaient pas aller au vestibule, à la salle des fêtes, sans prendre leur élan, sauter par-dessus toutes les chaises, revenir sur une glissade en gardant leur équilibre par un gracieux mouvement de bras, en chantant, mêlant tous les arts, dans cette première jeunesse, à la façon de ces poètes des anciens âges pour qui les genres ne sont pas encore séparés, et qui mêlent dans un poème épique les préceptes agricoles aux enseignements théologiques.	"As a rule we had to listen to admonition from the manager, or from some of his staff, usurping dictatorial powers, because my friends, even Andrée herself, whom on that account I had regarded when I first saw her as so dionysiac a creature, whereas in reality she was delicate, intellectual, and this year far from well, in spite of which her actions were controlled less by the state of her health than by the spirit of that age which overcomes every other consideration and confounds in a general gaiety the weak with the strong, could not enter the outer hall of the rooms without starting to run, jumping over all the chairs, sliding back along the floor, their balance maintained by a graceful poise of their outstretched arms, singing the while, mingling all the arts, in that first bloom of youth, in the manner of those poets of ancient days for whom the different ""kinds"" were not yet separate, so that in an epic poem they would introduce rules of agriculture with theological doctrine."
1107	1120	0.423	Cette Andrée qui m’avait paru la plus froide le premier jour était infiniment plus délicate, plus affectueuse, plus fine qu’Albertine à qui elle montrait une tendresse caressante et douce de grande sœur.	This Andrée who had struck me when I first saw them as the coldest of them all, was infinitely more refined, more loving, more sensitive than Albertine, to whom she displayed the caressing, gentle affection of an elder sister.
1108	1121	0.386	Elle venait au casino s’asseoir à côté de moi et savait — au contraire d’Albertine — refuser un tour de valse ou même si j’étais fatigué renoncer à aller au casino pour venir à l’hôtel.	At the Casino she would come across the floor to sit down by me, and knew instinctively, unlike Albertine, to refuse my invitation to dance, or even, if I was tired, to give up the Casino and come to me instead at the hotel.
1109	1122	0.366	Elle exprimait son amitié pour moi, pour Albertine, avec des nuances qui prouvaient la plus délicieuse intelligence des choses du cœur, laquelle était peut-être due en partie à son état maladif.	She expressed her friendship for me, for Albertine, in terms which were evidence of the most exquisite understanding of the things of the heart, which may have been partly due to the state of her health.
1110	1123	0.380	Elle avait toujours un sourire gai pour excuser l’enfantillage d’Albertine qui exprimait avec une violence naïve la tentation irrésistible qu’offraient pour elle des parties de plaisir auxquelles elle ne savait pas, comme Andrée, préférer résolument de causer avec moi…	She had always a merry smile of excuse for the childish behaviour of Albertine, who expressed with a crude violence the irresistible temptation held out to her by the parties and picnics to which she had not the sense, like Andrée, resolutely to prefer staying and talking with me.
1111	1124-1125	0.462	Quand l’heure d’aller à un goûter donné au golf approchait, si nous étions tous ensemble à ce moment-là, elle se préparait, puis venant à Andrée: «Hé bien, Andrée, qu’est-ce que tu attends pour venir? tu sais que nous allons goûter au golf.	"When the time came for her to go off to a luncheon party at the golf-club, if we were all three together she would get ready to leave us, then, coming up to Andrée: ""Well, Andrée, what are you waiting for now? You know we are lunching at the golf-club."""
1112	1126	0.487	— Non, je reste à causer avec lui, répondait Andrée en me désignant.	"""No; I'm going to stay and talk to him,"" replied Andrée, pointing to me."
1113	1127	0.433	— Mais tu sais que Madame Durieux t’a invitée, s’écriait Albertine, comme si l’intention d’Andrée de rester avec moi ne pouvait s’expliquer que par l’ignorance où elle devait être qu’elle avait été invitée.	"""But you know, Mme. Durieux invited you,"" cried Albertine, as if Andrée's intention to remain with me could be explained only by ignorance on her part where else and by whom she had been bidden."
1114	1128	0.511	— Voyons, ma petite, ne sois pas tellement idiote», répondait Andrée.	"""Look here, my good girl, don't be such an idiot,"" Andrée chid her."
1115	1129	0.568	Albertine n’insistait pas, de peur qu’on lui proposât de rester aussi.	Albertine did not insist, fearing a suggestion that she too should stay with me.
1116	1130	0.428	Elle secouait la tête: «Fais à ton idée, répondait-elle, comme on dit à un malade qui par plaisir se tue à petit feu, moi je me trotte, car je crois que ma montre retarde», et elle prenait ses jambes à son cou.	"She tossed her head: ""Just as you like,"" was her answer, uttered in the tone one uses to an invalid whose self-indulgence is killing him by inches, ""I must fly; I'm sure your watch is slow,"" and off she went."
1117	1131	0.486	«Elle est charmante, mais inouïe», disait Andrée en enveloppant son amie d’un sourire qui la caressait et la jugeait à la fois.	"""She is a dear girl, but quite impossible,"" said Andrée, bathing her friend in a smile at once caressing and critical."
1118	1132	0.539	Si, en ce goût du divertissement, Albertine avait quelque chose de la Gilberte des premiers temps, c’est qu’une certaine ressemblance existe, tout en évoluant, entre les femmes que nous aimons successivement, ressemblance qui tient à la fixité de notre tempérament parce que c’est lui qui les choisit, éliminant toutes celles qui ne nous seraient pas à la fois opposées et complémentaires, c’est-à-dire propres à satisfaire nos sens et à faire souffrir notre cœur.	If in this craze for amusement Albertine might be said to echo something of the old original Gilberte, that is because a certain similarity exists, although the type evolves, between all the women we love, a similarity that is due to the fixity of our own temperament, which it is that chooses them, eliminating all those who would not be at once our opposite and our complement, fitted that is to say to gratify our senses and to wring our heart.
1119	1133	0.523	Elles sont, ces femmes, un produit de notre tempérament, une image, une projection renversée, un «négatif» de notre sensibilité.	They are, these women, a product of our temperament, an image inversely projected, a negative of our sensibility.
1120	1134	0.481	De sorte qu’un romancier, pourrait au cours de la vie de son héros, peindre presque exactement semblables ses successives amours, et donner par là l’impression non de s’imiter lui-même mais de créer, puisqu’il y a moins de force dans une innovation artificielle que dans une répétition destinée à suggérer une vérité neuve.	So that a novelist might, in relating the life of his hero, describe his successive love-affairs in almost exactly similar terms, and thereby give the impression not that he was repeating himself but that he was creating, since an artificial novelty is never so effective as a repetition that manages to suggest a fresh truth.
1121	1135	0.314	Encore devrait-il noter, dans le caractère de l’amoureux, un indice de variation qui s’accuse au fur et à mesure qu’on arrive dans de nouvelles régions, sous d’autres latitudes de la vie.	He ought, moreover, to indicate in the character of the lover a variability which becomes apparent as the story moves into fresh regions, into different latitudes of life.
1122	1136	0.412	Et peut-être exprimerait-il encore une vérité de plus si, peignant pour ses autres personnages des caractères, il s’abstenait d’en donner aucun à la femme aimée.	And perhaps he would be stating yet another truth if while investing all the other persons of his story with distinct characters he refrained from giving any to the beloved.
1123	1137	0.294	Nous connaissons le caractère des indifférents, comment pourrions-nous saisir celui d’un être qui se confond avec notre vie, que bientôt nous ne séparons plus de nous-même, sur les mobiles duquel nous ne cessons de faire d’anxieuses hypothèses, perpétuellement remaniées.	We understand the characters of people who do not interest us; how can we ever grasp that of a person who is an intimate part of our existence, whom after a little we no longer distinguish in any way from ourself, whose motives provide us with an inexhaustible supply of anxious hypotheses which we perpetually reconstruct.
1124	1138	0.373	S’élançant d’au delà de l’intelligence, notre curiosité de la femme que nous aimons dépasse dans sa course le caractère de cette femme, nous pourrions nous y arrêter que sans doute nous ne le voudrions pas.	Springing from somewhere beyond our understanding, our curiosity as to the woman whom we love overleaps the bounds of that woman's character, which we might if we chose but probably will not choose to stop and examine.
1125	1139	0.398	L’objet de notre inquiète investigation est plus essentiel que ces particularités de caractère, pareilles à ces petits losanges d’épiderme dont les combinaisons variées font l’originalité fleurie de la chair.	The object of our uneasy investigation is something more essential than those details of character comparable to the tiny particles of epidermis whose varied combinations form the florid originality of human flesh.
1126	1140	0.362	Notre radiation intuitive les traverse et les images qu’elle nous rapporte ne sont point celles d’un visage particulier mais représentent la morne et douloureuse universalité d’un squelette.	Our intuitive radiography pierces them, and the images which it photographs for us, so far from being those of any single face, present rather the joyless universality of a skeleton.
1127	1141	0.583	Comme Andrée était extrêmement riche, Albertine pauvre et orpheline, Andrée avec une grande générosité la faisait profiter de son luxe.	Andrée, being herself extremely rich while the other was penniless and an orphan, with real generosity lavished on Albertine the full benefit of her wealth.
1128	1142	0.571	Quant à ses sentiments pour Gisèle ils n’étaient pas tout à fait ceux que j’avais crus.	As for her feelings towards Gisèle, they were not quite what I had been led to suppose.
1129	1143	0.536	On eut en effet bientôt des nouvelles de l’étudiante et quand Albertine montra la lettre qu’elle en avait reçue, lettre destinée par Gisèle à donner des nouvelles de son voyage et de son arrivée à la petite bande, en s’excusant sur sa paresse de ne pas écrire encore aux autres, je fus surpris d’entendre Andrée, que je croyais brouillée à mort avec elle, dire: «Je lui écrirai demain, parce que si j’attends sa lettre d’abord, je peux attendre longtemps, elle est si négligente.»	"News soon reached us of the young student, and when Albertine handed round the letter she had received, a letter intended by Gisèle to give an account of her journey and to report her safe arrival to the little band, pleading laziness as an excuse for not having written yet to the rest, I was surprised to hear Andrée (for I imagined an irreparable breach between them) say: ""I shall write to her to-morrow, because if I wait for her to write I may have to wait for years, she's such a slacker."""
1130	1144	0.451	Et se tournant vers moi elle ajouta: «Vous ne la trouveriez pas très remarquable évidemment, mais c’est une si brave fille et puis j’ai vraiment une grande affection pour elle.»	"And, turning to myself, she added: ""You saw nothing much in her, evidently; but she's a jolly nice girl, and besides I'm really very fond of her."""
1131	1145	0.549	Je conclus que les brouilles d’Andrée ne duraient pas longtemps.	From which I concluded that Andrée's quarrels were apt not to last very long.
1132	1146	0.493	Sauf ces jours de pluie, comme nous devions aller en bicyclette sur la falaise ou dans la campagne, une heure d’avance je cherchais à me faire beau et gémissais si Françoise n’avait pas bien préparé mes affaires.	Except on these rainy days, as we had always arranged to go on our bicycles along the cliffs, or on an excursion inland, an hour or so before it was time to start I would go upstairs to make myself smart and would complain if Françoise had not laid out all the things that I wanted.
1133	1147	0.456	Or, même à Paris, elle redressait fièrement et rageusement sa taille que l’âge commençait à courber, pour peu qu’on la trouvât en faute, elle humble, elle modeste et charmante quand son amour-propre était flatté.	Now even in Paris she would proudly, angrily straighten a back which the years had begun to bend, at the first word of reproach, she so humble, she so modest and charming when her self-esteem was flattered.
1134	1148	0.406	Comme il était le grand ressort de sa vie, la satisfaction et la bonne humeur de Françoise étaient en proportion directe de la difficulté des choses qu’on lui demandait.	As this was the mainspring of her life, her satisfaction, her good humour were in direct ratio to the difficulty of the tasks imposed on her.
1135	1149	0.438	Celles qu’elle avait à faire à Balbec étaient si aisées qu’elle montrait presque toujours un mécontentement qui était soudain centuplé et auquel s’alliait une ironique expression d’orgueil quand je me plaignais, au moment d’aller retrouver mes amies, que mon chapeau ne fût pas brossé, ou mes cravates en ordre.	Those which she had to perform at Balbec were so easy that she shewed almost all the time a discontent which was suddenly multiplied an hundredfold, with the addition of an ironic air of offended dignity when I complained, on my way down to join my friends, that my hat had not been brushed or my ties sorted.
1136	1150	0.386	Elle qui pouvait se donner tant de peine sans trouver pour cela qu’elle eût rien fait, à la simple observation qu’un veston n’était pas à sa place, non seulement elle vantait avec quel soin elle l’avait «renfermé plutôt que non pas le laisser à la poussière», mais prononçant un éloge en règle de ses travaux, déplorait que ce ne fussent guère des vacances qu’elle prenait à Balbec, qu’on ne trouverait pas une seconde personne comme elle pour mener une telle vie.	"She who was capable of taking such endless pains, without in consequence assuming that she had done anything at all, on my simply remarking that a coat was not in its proper place, not only did she boast of the care with which she had ""put it past sooner than let it go gathering the dust,"" but, paying a formal tribute to her own labours, lamented that it was little enough of a holiday that she was getting at Balbec, and that we would not find another person in the whole world who would consent to put up with such treatment."
1137	1151	0.500	«Je ne comprends pas comment qu’on peut laisser ses affaires comme ça et allez-y voir si une autre saurait se retrouver dans ce pêle et mêle.	"""I can't think how anyone can leave things lying about the way you do; you just try and get anyone else to find what you want in such a mix-up."
1138	1152	0.407	Le diable lui-même y perdrait son latin.»	"The devil himself would give it up as a bad job."""
1139	1153	0.552	Ou bien elle se contentait de prendre un visage de reine, me lançant des regards enflammés, et gardait un silence rompu aussitôt qu’elle avait fermé la porte et s’était engagée dans le couloir; il retentissait alors de propos que je devinais injurieux, mais qui restaient aussi indistincts que ceux des personnages qui débitent leurs premières paroles derrière le portant avant d’être entrés en scène.	Or else she would adopt a regal mien, scorching me with her fiery glance, and preserve a silence that was broken as soon as she had fastened the door behind her and was outside in the passage, which would then reverberate with utterances which I guessed to be insulting, though they remained as indistinct as those of characters in a play whose opening lines are spoken in the wings, before they appear on the stage.
1140	1154	0.386	D’ailleurs, quand je me préparais ainsi à sortir avec mes amies, même si rien ne manquait et si Françoise était de bonne humeur elle se montrait tout de même insupportable.	And even if nothing was missing and Françoise was in a good temper, still she made herself quite intolerable when I was getting ready to go out with my friends.
1141	1155	0.352	Car se servant de plaisanteries que dans mon besoin de parler de ces jeunes filles je lui avais faites sur elles, elle prenait un air de me révéler ce que j’aurais mieux su qu’elle si cela avait été exact, mais ce qui ne l’était pas car Françoise avait mal compris.	For, drawing upon a store of stale witticisms at their expense which, in my need to be talking about the girls, I had made in her hearing, she put on an air of being about to reveal to me things of which I should have known more than she had there been any truth in her statements, which there never was, Françoise having misunderstood what she had heard.
1142	1156	0.462	Elle avait comme tout le monde son caractère propre; une personne ne ressemble jamais à une voie droite, mais nous étonne de ses détours singuliers et inévitables dont les autres ne s’aperçoivent pas et par où il nous est pénible d’avoir à passer.	She had, like most people, her own ways; a person is never like a straight highway, but surprises us with the strange, unavoidable windings of his course through life, by which, though some people may not notice them, we find it a perpetual annoyance to be stopped and hindered.
1143	1157	0.452	Chaque fois que j’arrivais au point: «Chapeau pas en place», «nom d’Andrée ou d’Albertine», j’étais obligé par Françoise de m’égarer dans les chemins détournés et absurdes qui me retardaient beaucoup.	"Whenever I arrived at the stage of ""Where is my hat?"" or uttered the name of Andrée or Albertine, I was forced by Françoise to stray into endless and absurd side-tracks which greatly delayed my progress."
1144	1158	0.375	Il en était de même quand je faisais préparer des sandwichs au chester et à la salade et acheter des tartes que je mangerais à l’heure du goûter, sur la falaise, avec ces jeunes filles et qu’elles auraient bien pu payer à tour de rôle si elles n’avaient été aussi intéressées, déclarait Françoise au secours de qui venait alors tout un atavisme de rapacité et de vulgarité provinciales et pour laquelle on eût dit que l’âme divisée de la défunte Eulalie s’était incarnée plus gracieusement qu’en Saint-Eloi, dans les corps charmants de mes amies de la petite bande.	"So too when I asked her to cut me the sandwiches of cheese or salad, or sent her out for the cakes which I was to eat while we rested on the cliffs, sharing them with the girls, and which the girls ""might very well have taken turns to provide, if they had not been so close,"" declared Françoise, to whose aid there came at such moments a whole heritage of atavistic peasant rapacity and coarseness, and for whom one would have said that the soul of her late enemy Eulalie had been broken into fragments and reincarnate, more attractively than it had ever been in Saint-Eloi's, in the charming bodies of my friends of the little band."
1145	1159	0.488	J’entendais ces accusations avec la rage de me sentir buter à un des endroits à partir desquels le chemin rustique et familier qu’était le caractère de Françoise devenait impraticable, pas pour longtemps heureusement.	I listened to these accusations with a dull fury at finding myself brought to a standstill at one of those places beyond which the well-trodden country path that was Françoise's character became impassable, though fortunately never for very long.
1146	1160	0.576	Puis le veston retrouvé et les sandwichs prêts, j’allais chercher Albertine, Andrée, Rosemonde, d’autres parfois, et, à pied ou en bicyclette, nous partions.	Then, my hat or coat found and the sandwiches ready, I sallied out to find Albertine, Andrée, Rosemonde, and any others there might be, and on foot or on our bicycles we would start.
1147	1161	0.455	Autrefois j’eusse préféré que cette promenade eût lieu par le mauvais temps.	In the old days I should have preferred our excursion to be made in bad weather.
1148	1162	0.457	Alors je cherchais à retrouver dans Balbec «le pays des Cimmériens», et de belles journées étaient une chose qui n’aurait pas dû exister là, une intrusion du vulgaire été des baigneurs dans cette antique région voilée par les brumes.	"For then I still looked to find in Balbec the ""Cimmerians' land"", and fine days were a thing that had no right to exist there, an intrusion of the vulgar summer of seaside holiday makers into that ancient region swathed in eternal mist."
1149	1163	0.435	Mais maintenant, tout ce que j’avais dédaigné, écarté de ma vue, non seulement les effets de soleil, mais même les régates, les courses de chevaux, je l’eusse recherché avec passion pour la même raison qu’autrefois je n’aurais voulu que des mers tempétueuses, et qui était qu’elles se rattachaient, les unes comme autrefois les autres, à une idée esthétique.	But now, everything that I had hitherto despised, shut out of my field of vision, not only effects of sunlight upon sea and shore, but even the regattas, the race-meetings, I would have sought out with ardour, for the reason for which formerly I had wanted only stormy seas, which was that these were now associated in my mind, as the others had been, with an aesthetic idea.
1150	1164	0.438	C’est qu’avec mes amies nous étions quelquefois allés voir Elstir, et les jours où les jeunes filles étaient là, ce qu’il avait montré de préférence, c’était quelques croquis d’après de jolies yachtswomen ou bien une esquisse prise sur un hippodrome voisin de Balbec.	Because I had gone several times with my new friends to visit Elstir, and, on the days when the girls were there, what he had selected to shew us were drawings of pretty women in yachting dress, or else a sketch made on a race-course near Balbec.
1151	1165	0.606	J’avais d’abord timidement avoué à Elstir que je n’avais pas voulu aller aux réunions qui y avaient été données.	I had at first shyly admitted to Elstir that I had not felt inclined to go to the meetings that were being held there.
1152	1166	0.513	«Vous avez eu tort, me dit-il, c’est si joli et si curieux aussi.	"""You were wrong,"" he told me, ""it is such a pretty sight, and so well worth seeing."
1153	1167	0.441	D’abord cet être particulier, le jockey, sur lequel tant de regards sont fixés, et qui devant le paddock est là morne, grisâtre dans sa casaque éclatante, ne faisant qu’un avec le cheval caracolant qu’il ressaisit, comme ce serait intéressant de dégager ses mouvements professionnels, de montrer la tache brillante qu’il fait et que fait aussi la robe des chevaux, sur le champ de courses.	For one thing, that peculiar animal, the jockey, on whom so many eager eyes are fastened, who in the paddock there looks so grim, a colourless face between his brilliant jacket and cap, one body and soul with the prancing horse he rides, how interesting to analyse his professional movements, the bright splash of colour he makes, with the horse's coat blending in it, as they stream down the course.
1154	1168	0.387	Quelle transformation de toutes choses dans cette immensité lumineuse d’un champ de courses où on est surpris par tant d’ombres, de reflets, qu’on ne voit que là.	What a transformation of every visible object in that luminous vastness of a race-course where one is constantly surprised by fresh lights and shades which one sees only there.
1155	1169	0.392	Ce que les femmes peuvent y être jolies!	How charming the women can look there, too!
1156	1170	0.305	La première réunion surtout était ravissante, et il y avait des femmes d’une extrême élégance, dans une lumière humide, hollandaise, où l’on sentait monter dans le soleil même, le froid pénétrant de l’eau.	The first day's racing was quite delightful, and there were women there exquisitely dressed, in the misty light of a Dutch landscape, in which one could feel rising to cloud the sun itself the penetrating coldness of the water.
1157	1171	0.419	Jamais je n’ai vu de femmes arrivant en voiture, ou leurs jumelles aux yeux, dans une pareille lumière qui tient sans doute à l’humidité marine.	Never have I seen women arriving in carriages, or standing with glasses to their eyes in so extraordinary a light, which was due, I suppose, to the moisture from the sea.
1158	1172-1173	0.420	Ah! que j’aurais aimé la rendre; je suis revenu de ces courses, fou, avec un tel désir de travailler!»	"I should simply have loved to paint it. I came home from the races quite mad, and so keen to get to work!"""
1159	1174	0.490	Puis il s’extasia plus encore sur les réunions du yachting que sur les courses de chevaux et je compris que des régates, que des meetings sportifs où des femmes bien habillées baignent dans la glauque lumière d’un hippodrome marin, pouvaient être pour un artiste moderne motifs aussi intéressants que les fêtes qu’ils aimaient tant à décrire pour un Véronèse ou un Carpaccio.	After which he became more enthusiastic still over the yacht-races, and I realised that regattas, social fixtures where well dressed women might be seen bathed in the greenish light of a marine race-course, might be for a modern artist as interesting a subject as were the revels which they so loved to depict for a Veronese or Carpaccio.
1160	1175	0.385	«Votre comparaison est d’autant plus exacte, me dit Elstir, qu’à cause de la ville où ils peignaient, ces fêtes étaient pour une part nautiques.	"When I suggested this to Elstir, ""Your comparison is all the more true,"" he replied, ""since, from the position of the city in which they painted, those revels were to a great extent aquatic."
1161	1176	0.430	Seulement, la beauté des embarcations de ce temps-là résidait le plus souvent dans leur lourdeur, dans leur complication.	Except that the beauty of the shipping in those days lay as a rule in its solidity, in the complication of its structure.
1162-1163	1177	0.509	Il y avait des joutes sur l’eau, comme ici, données généralement en l’honneur de quelque ambassade pareille à celle que Carpaccio a représentée dans la Légende de Sainte Ursule. Les navires étaient massifs, construits comme des architectures, et semblaient presque amphibies comme de moindres Venises au milieu de l’autre, quand amarrés à l’aide de ponts volants, recouverts de satin cramoisi et de tapis persans ils portaient des femmes en brocart cerise ou en damas vert, tout près des balcons inscrustés de marbres multicolores où d’autres femmes se penchaient pour regarder, dans leurs robes aux manches noires à crevés blancs serrés de perles ou ornés de guipures.	They had water-tournaments, as we have here, held generally in honour of some Embassy, such as Carpaccio shews us in his _Legend of Saint Ursula._ The vessels were massive, built up like architecture, and seemed almost amphibious, like lesser Venices set in the heart of the greater, when, moored to the banks by hanging stages decked with crimson satin and Persian carpets, they bore their freight of ladies in cherry-red brocade and green damask close under the balconies incrusted with many-coloured marbles from which other ladies leaned to gaze at them, in gowns with black sleeves slashed with white, stitched with pearls or bordered with lace.
1164	1178	0.532	On ne savait plus où finissait la terre, où commençait l’eau, qu’est-ce qui était encore le palais ou déjà le navire, la caravelle, la galéasse, le Bucentaure.»	"You cannot tell where the land ends and the water begins, what is still the palace or already the vessel, the caravel, the galeas, the Bucintoro."""
1165	1179	0.570	Albertine écoutait avec une attention passionnée ces détails de toilette, ces images de luxe que nous décrivait Elstir.	Albertine had listened with the keenest interest to these details of costume, these visions of elegance that Elstir was describing to us.
1166	1180	0.445	«Oh! je voudrais bien voir les guipures dont vous me parlez, c’est si joli le point de Venise, s’écriait-elle; d’ailleurs j’aimerais tant aller à Venise!»	"""Oh, I should so like to see that lace you speak of; it's so pretty, the Venice-point,"" she cried, ""Besides, I should love to see Venice."""
1167	1181	0.437	—Vous pourrez peut-être bientôt, lui dit Elstir, contempler les étoffes merveilleuses qu’on portait là-bas.	"""You may, perhaps, before very long, be able,"" Elstir informed her, ""to gaze upon the marvellous stuffs which they used to wear."
1168	1182	0.501	On ne les voyait plus que dans les tableaux des peintres vénitiens, ou alors très rarement dans les trésors des églises, parfois même il y en avait une qui passait dans une vente.	Hitherto one has seen them only in the works of the Venetian painters, or very rarely among the treasures of old churches, except now and then when a specimen has come into the sale room.
1169	1183	0.404	Mais on dit qu’un artiste de Venise, Fortuny, a retrouvé le secret de leur fabrication et qu’avant quelques années les femmes pourront se promener, et surtout rester chez elles, dans des brocarts aussi magnifiques que ceux que Venise ornait, pour ses patriciennes, avec des dessins d’Orient.	But I hear that a Venetian artist, called Fortuny, has recovered the secret of the craft, and that before many years have passed women will be able to walk abroad, and better still to sit at home in brocades as sumptuous as those that Venice adorned, for her patrician daughters, with patterns brought from the Orient.
1170	1184	0.400	Mais je ne sais pas si j’aimerai beaucoup cela, si ce ne sera pas un peu trop costume anachronique, pour des femmes d’aujourd’hui, même paradant aux régates, car pour en revenir à nos bateaux modernes de plaisance, c’est tout le contraire que du temps de Venise, «Reine de l’Adriatique».	But I don't know that I should much care for that, that it wouldn't be too much of an anachronism for the women of to-day, even when they parade at regattas, for, to return to our modern pleasure-craft, the times have completely changed since 'Venice, Queen of the Adriatic'.
1171	1185	0.512	Le plus grand charme d’un yacht, de l’ameublement d’un yacht, des toilettes de yachting, est leur simplicité de choses de la mer, et j’aime tant la mer.	The great charm of a yacht, of the furnishings of a yacht, of yachting dress, is their simplicity, as just things for the sea, and I do so love the sea.
1172	1186	0.597	Je vous avoue que je préfère les modes d’aujourd’hui aux modes du temps de Véronèse et même de Carpaccio.	I must confess to you that I prefer the fashions of to-day to those of Veronese's and even of Carpaccio's time.
1173	1187	0.488	Ce qu’il y a de joli dans nos yachts — et dans les yachts moyens surtout, je n’aime pas les énormes, trop navires, c’est comme pour les chapeaux, il y a une mesure à garder — c’est la chose unie, simple, claire, grise, qui par les temps voilés, bleuâtres, prend un flou crémeux.	What there is so attractive about our yachts — and the smaller yachts especially, I don't like the huge ones, they're too much like ships; yachts are like women's hats, you must keep within certain limits — is the unbroken surface, simple, gleaming, grey, which under a cloudy, leaden sky takes on a creamy softness.
1174	1188	0.496	Il faut que la pièce où l’on se tient ait l’air d’un petit café.	The cabin in which we live ought to make us think of a little café.
1175	1189	0.599	Les toilettes des femmes sur un yacht c’est la même chose; ce qui est gracieux, ce sont ces toilettes légères, blanches et unies, en toile, en linon, en pékin, en coutil, qui au soleil et sur le bleu de la mer font un blanc aussi éclatant qu’une voile blanche.	And women's clothes on board a yacht are the same sort of thing; what really are charming are those light garments, uniformly white, of cloth or linen or nankeen or drill, which in the sunlight and against the blue of the sea shew up with as dazzling a whiteness as a spread sail.
1176	1190	0.372	Il y a très peu de femmes du reste qui s’habillent bien, quelques-unes pourtant sont merveilleuses.	You very seldom see a woman, for that matter, who knows how to dress, and yet some of them are quite wonderful.
1177	1191	0.535	Aux courses, Mlle Léa avait un petit chapeau blanc et une petite ombrelle blanche, c’était ravissant.	At the races, Mlle. Léa had a little white hat and a little white sunshade, simply enchanting.
1178	1192	0.538	Je ne sais pas ce que je donnerais pour avoir cette petite ombrelle.»	"I don't know what I wouldn't give for that little sunshade."""
1179	1193	0.554	J’aurais tant voulu savoir en quoi cette petite ombrelle différait des autres, et pour d’autres raisons, de coquetterie féminine, Albertine l’aurait voulu plus encore.	I should have liked very much to know in what respect this little sunshade differed from any other, and for other reasons, reasons of feminine vanity, Albertine was still more curious.
1180	1194	0.417	Mais comme Françoise qui disait pour les soufflés: «C’est un tour de main», la différence était dans la coupe.	"But, just as Françoise used to explain the excellence of her soufflés by ""It's the way you do them,"" so here the difference lay in the cut."
1181-1182	1195	0.400	«C’était, disait Elstir, tout petit, tout rond, comme un parasol chinois.» Je citai les ombrelles de certaines femmes, mais ce n’était pas cela du tout.	"""It was,"" Elstir explained, ""quite tiny, quite round, like a Chinese umbrella,"" I mentioned the sunshades carried by various ladies, but it was not like any of them."
1183	1196	0.297	Elstir trouvait toutes ces ombrelles affreuses.	Elstir found them all quite hideous.
1184	1197	0.463	Homme d’un goût difficile et exquis, il faisait consister dans un rien, qui était tout, la différence entre ce que portait les trois quarts des femmes et qui lui faisait horreur et une jolie chose qui le ravissait, et, au contraire de ce qui m’arrivait à moi pour qui tout luxe était stérilisant, exaltait son désir de peintre «pour tâcher de faire des choses aussi jolies».	"A man of exquisite taste, singularly hard to please, he would isolate some minute detail which was the whole difference between what was worn by three-quarters of the women he saw, and horrified him, and a thing which enchanted him by its prettiness; and — in contrast to its effect on myself, whose mind any display of luxury at once sterilised — stimulated his desire to paint ""so as to make something as attractive."""
1185	1198	0.376	«Tenez, voilà une petite qui a déjà compris comment étaient le chapeau et l’ombrelle, me dit Elstir en me montrant Albertine, dont les yeux brillaient de convoitise.	"""Here you see a young lady who has guessed what the hat and sunshade were like,"" he said to me, pointing to Albertine whose eyes shone with envy."
1186	1199	0.478	— Comme j’aimerais être riche pour avoir un yacht, dit-elle au peintre.	"""How I should love to be rich, to have a yacht!"" she said to the painter."
1187	1200	0.106	Je vous demanderais des conseils pour l’aménager.	"""I should come to you to tell me how to run it."
1188	1201	0.527	Quels beaux voyages je ferais.	What lovely trips I'ld take.
1189	1202	0.489	Et comme ce serait joli d’aller aux régates de Cowes.	And what fun it would be to go to Cowes for the races.
1190	1203	0.524	Et une automobile!	And a motor-car!
1191	1204	0.407	Est-ce que vous trouvez que c’est joli les modes des femmes pour les automobiles?	"Tell me, do you think the ladies' fashions for motoring pretty?"""
1192	1205	0.571	— Non, répondait Elstir, mais cela sera.	"""No;"" replied Elstir, ""but that will come in time."
1193	1206	0.569	D’ailleurs, il y a peu de couturière, un ou deux, Callot, quoique donnant un peu trop dans la dentelle, Doucet, Cheruit, quelquefois Paquin.	You see, there are very few firms at present, one or two only, Callot — although they go in rather too freely for lace — Doucet, Cheruit, Paquin sometimes.
1194	1207	0.491	Le reste sont des horreurs.	"The others are all horrible."""
1195	1208-1209	0.418	— Mais alors, il y a une différence immense entre une toilette de Callot et celle d’un couturier quelconque?, demandai-je à Albertine.	"""Then, is there a vast difference between a Callot dress and one from any ordinary shop?"" I asked Albertine."
1196	1210	0.248	— Mais énorme, mon petit bonhomme, me répondit-elle.	"""Why, an enormous difference, my little man!"
1197	1211	0.320	Oh! pardon.	I beg your pardon!
1198	1212	0.572	Seulement, hélas! ce qui coûte trois cents francs ailleurs coûte deux mille francs chez eux.	Only, alas! what you get for three hundred francs in an ordinary shop will cost two thousand there.
1199	1213	0.416	Mais cela ne se ressemble pas, cela a l’air pareil pour les gens qui n’y connaissent rien.	"But there can be no comparison; they look the same only to people who know nothing at all about it."""
1200	1214	0.486	— Parfaitement, répondit Elstir, sans aller pourtant jusqu’à dire que la différence soit aussi profonde qu’entre une statue de la cathédrale de Reims et de l’église Saint-Augustin…	"""Quite so,"" put in Elstir; ""though I should not go so far as to say that it is as profound as the difference between a statue from Rheims Cathedral and one from Saint-Augustin."
1201	1215-1216	0.502	Tenez, à propos de cathédrales, dit-il en s’adressant spécialement à moi, parce que cela se référait à une causerie à laquelle ces jeunes filles n’avaient pas pris part et qui d’ailleurs ne les eût nullement intéressées, je vous parlais l’autre jour de l’église de Balbec comme d’une grande falaise, une grande levée des pierres du pays, mais inversement, me dit-il en me montrant une aquarelle, regardez ces falaises (c’est une esquisse prise tout près d’ici, aux Creuniers), regardez comme ces rochers puissamment et délicatement découpés font penser à une cathédrale.»	"By the way, talking of cathedrals,"" he went on, addressing himself exclusively to me, because what he was saying had reference to an earlier conversation in which the girls had not taken part, and which for that matter would not have interested them at all, ""I spoke to you the other day of Balbec church as a great cliff, a huge breakwater built of the stone of the country; now look at this;"" he handed me a water-colour. ""Look at these cliffs (it's a sketch I did close to here, at the Creuniers); don't these rocks remind you of a cathedral?"""
1202	1217	0.319	En effet, on eût dit d’immenses arceaux roses.	And indeed one would have taken them for soaring red arches.
1203	1218	0.565	Mais peints par un jour torride, ils semblaient réduits en poussière, volatilisés par la chaleur, laquelle avait à demi bu la mer, presque passée, dans toute l’étendue de la toile, à l’état gazeux.	But, painted on a roasting hot day, they seemed to have crumbled into dust, made volatile by the heat which had drunk up half the sea, distilled over the whole surface of the picture almost into a gaseous state.
1204	1219	0.472	Dans ce jour où la lumière avait comme détruit la réalité, celle-ci était concentrée dans des créatures sombres et transparentes qui par contraste donnaient une impression de vie plus saisissante, plus proche: les ombres.	On this day on which the sunlight had, so to speak, destroyed reality, reality concentrated itself in certain dusky and transparent creatures which, by contrast, gave a more striking, a closer impression of life: the shadows.
1205	1220	0.545	Altérées de fraîcheur, la plupart, désertant le large enflammé, s’étaient réfugiées au pied des rochers, à l’abri du soleil; d’autres nageant lentement sur les eaux comme des dauphins s’attachaient aux flancs de barques en promenade dont elles élargissaient la coque, sur l’eau pâle, de leur corps verni et bleu.	Ravening after coolness, most of them, deserting the scorched open spaces, had fled for shelter to the foot of the rocks, out of reach of the sun; others, swimming gently upon the tide, like dolphins, kept close under the sides of the moving vessels, whose hulls they extended upon the pale surface of the water with their glossy blue forms.
1206	1221	0.585	C’était peut-être la soif de fraîcheur communiquée par elles qui donnait le plus la sensation de la chaleur de ce jour et qui me fit m’écrier combien je regrettais de ne pas connaître les Creuniers.	It was perhaps the thirst for coolness which they conveyed that did most to give me the sensation of the heat of this day and made me exclaim how much I regretted not knowing the Creuniers.
1207	1222	0.506	Albertine et Andrée assurèrent que j’avais dû y aller cent fois.	Albertine and Andrée were positive that I must have been there hundreds of times.
1208	1223	0.466	En ce cas, c’était sans le savoir, ni me douter qu’un jour leur vue pourrait m’inspirer une telle soif de beauté, non pas précisément naturelle comme celle que j’avais cherchée jusqu’ici dans les falaises de Balbec, mais plutôt architecturale.	If so I had been there without knowing it, never suspecting that one day the sight of these rocks was to inspire me with such a thirst for beauty, not perhaps exactly natural beauty such as I had been seeking hitherto among the cliffs of Balbec, but rather architectural.
1209	1224	0.386	Surtout moi qui, parti pour voir le royaume des tempêtes, ne trouvais jamais dans mes promenades avec Mme de Villeparisis où souvent nous ne l’apercevions que de loin, peint dans l’écartement des arbres, l’océan assez réel, assez liquide, assez vivant, donnant assez l’impression de lancer ses masses d’eau, et qui n’aurais aimé le voir immobile que sous un linceul hivernal de brume, je n’eusse guère pu croire que je rêverais maintenant d’une mer qui n’était plus qu’une vapeur blanchâtre ayant perdu la consistance et la couleur.	Above all, I who, having come here to visit the kingdom of the storm, had never found, on any of my drives with Mme. de Villeparisis, when often we saw it only from afar, painted in a gap between the trees, the ocean sufficiently real, sufficiently liquid, giving a sufficient impression that it was hurling its massed forces against the shore, and would have liked to see it lie motionless only under a wintry shroud of fog, I could never have believed that I should now be dreaming of a sea which was nothing more than a whitish vapour that had lost both consistency and colour.
1210	1225	0.247	Mais cette mer, Elstir, comme ceux qui rêvaient dans ces barques engourdies par la chaleur, en avait, jusqu’à une telle profondeur, goûté l’enchantement qu’il avait su rapporter, fixer sur sa toile, l’imperceptible reflux de l’eau, la pulsation d’une minute heureuse; et on était soudain devenu si amoureux, en voyant ce portrait magique, qu’on ne pensait plus qu’à courir le monde pour retrouver la journée enfuie, dans sa grâce instantanée et dormante.	But of such a sea Elstir, like the people who sat musing on board those vessels drowsy with the heat, had so intensely felt the enchantment that he had succeeded in transcribing, in fixing for all time upon the painted sheet the imperceptible reflux of the tide, the throb of one happy moment; and one suddenly became so enamoured, at the sight of this magic portrait, that one could think of nothing else than to range the world over, seeking to recapture the vanished day in its instantaneous, slumbering beauty.
1211	1226	0.244	De sorte que si avant ces visites chez Elstir, avant d’avoir vu une marine de lui où une jeune femme, en robe de barège ou de linon, dans un yacht arborant le drapeau américain, mit le «double» spirituel d’une robe de linon blanc et d’un drapeau dans mon imagination, qui aussitôt couva un désir insatiable de voir sur le champ des robes de linon blanc et des drapeaux près de la mer, comme si cela ne m’était jamais arrivé, jusque-là, je m’étais toujours efforcé devant la mer, d’expulser du champ de ma vision, aussi bien que les baigneurs du premier plan, les yachts aux voiles trop blanches comme un costume de plage, tout ce qui m’empêchait de me persuader que je contemplais le flot immémorial qui déroulait déjà sa même vie mystérieuse avant l’apparition de l’espèce humaine, et jusqu’aux jours radieux qui me semblaient revêtir de l’aspect banal de l’universel été cette côte de brumes et de tempêtes, y marquer un simple temps d’arrêt, l’équivalent de ce qu’on appelle en musique une mesure pour rien; maintenant c’était le mauvais temps qui me paraissait devenir quelque accident funeste, ne pouvant plus trouver de place dans le monde de la beauté; je désirais vivement aller retrouver dans la réalité ce qui m’exaltait si fort et j’espérais que le temps serait assez favorable pour voir du haut de la falaise les mêmes ombres bleues que dans le tableau d’Elstir.	So that if before these visits to Elstir, before I had set eyes on one of his sea-pictures in which a young woman in a dress of white serge or linen, on the deck of a yacht flying the American flag, had duplicated a white linen dress and coloured flag in my imagination which at once bred in me an insatiable desire to visit the spot and see there with my own eyes white linen dresses and flags against the sea, as though no such experience had ever yet befallen me, always until then I had taken care when I stood by the sea to expel from my field of vision, as well as the bathers in the foreground, the yachts with their too dazzling sails that were like seaside costumes, everything that prevented me from persuading myself that I was contemplating the immemorial flood of ocean which had been moving with the same mysterious life before the appearance of the human race; and had grudged even the days of radiant sunshine which seemed to me to invest with the trivial aspect of the world's universal summer this coast of fog and tempest, to mark simply an interruption, equivalent to what in music is known as a rest; now on the other hand it was the bad days that appeared to me to be some disastrous accident, a thing that could no longer find any place for itself in the world of beauty; I felt a keen desire to go out and recapture in reality what had so powerfully aroused my imagination, and I hoped that the weather would be propitious enough for me to see from the summit of the cliff the same blue shadows as were in Elstir's picture.
1212	1227	0.421	Le long de la route, je ne me faisais plus d’ailleurs un écran de mes mains comme dans ces jours où concevant la nature comme animée d’une vie antérieure à l’apparition de l’homme, et en opposition avec tous ces fastidieux perfectionnements de l’industrie qui m’avaient fait jusqu’ici bâiller d’ennui dans les expositions universelles ou chez les modistes, j’essayais de ne voir de la mer que la section où il n’y avait pas de bateau à vapeur, de façon à me la représenter comme immémoriale, encore contemporaine des âges où elle avait été séparée de la terre, à tout le moins contemporaine des premiers siècles de la Grèce, ce qui me permettait de me redire en toute vérité les vers du «Père Leconte» chers à Bloch:	"Nor, as I went along, did I still make a frame about my eyes with my hands as in the days when, conceiving nature to be animated by a life anterior to the first appearance of man, and inconsistent with all those wearisome perfections of industrial achievement which had hitherto made me yawn with boredom at Universal Exhibitions or in the milliners' windows, I endeavoured to include only that section of the sea over which there was no steamer passing, so that I might picture it to myself as immemorial, still contemporary with the ages in which it had been set apart from the land, or at least with the first dawn of life in Greece, which enabled me to repeat in their literal meaning the lines of ""Father Leconte"" of which Bloch was so fond:"
1213-1215	1228	0.390	«Ils sont partis, les rois des nefs éperonnées Emmenant sur la mer tempétueuse, hélas! Les hommes chevelus de l’héroïque Hellas.»	'Gone are the Kings, gone are their towering prows, Vanished upon the raging deep, alas, The long-haired warrior heroes of Hellas.'
1216	1229	0.548	Je ne pouvais plus mépriser les modistes puisque Elstir m’avait dit que le geste délicat par lequel elles donnent un dernier chiffonnement, une suprême caresse aux nœuds ou aux plumes d’un chapeau terminé, l’intéresserait autant à rendre que celui des jockeys (ce qui avait ravi Albertine).	I could no longer despise the milliners, now that Elstir had told me that the delicate touches by which they give a last refinement, a supreme caress to the ribbons or feathers of a hat after it is finished would be as interesting to him to paint as the muscular action of the jockeys themselves (a statement which had delighted Albertine).
1217	1230	0.548	Mais il fallait attendre mon retour, pour les modistes, à Paris, pour les courses et les régates, à Balbec où on n’en donnerait plus avant l’année prochaine.	But I must wait until I had returned — for milliners, to Paris — for regattas and races to Balbec, where there would be no more now until next year.
1218	1231	0.653	Même un yacht emmenant des femmes en linon blanc était introuvable.	Even a yacht with women in white linen garments was not to be found.
1219	1232	0.598	Souvent nous rencontrions les sœurs de Bloch que j’étais obligé de saluer depuis que j’avais dîné chez leur père.	Often we encountered Bloch's sisters, to whom I was obliged to bow since I had dined with their father.
1220	1233	0.492	Mes amies ne les connaissaient pas.	My new friends did not know them.
1221	1234	0.548	«On ne me permet pas de jouer avec des israélites», disait Albertine.	"""I am not allowed to play with Israelites,"" Albertine explained."
1222	1235	0.516	La façon dont elle prononçait «issraélite» au lieu d’«izraélite» aurait suffi à indiquer, même si on n’avait pas entendu le commencement de la phrase, que ce n’était pas de sentiments de sympathie envers le peuple élu qu’étaient animées ces jeunes bourgeoises, de familles dévotes, et qui devaient croire aisément que les juifs égorgeaient les enfants chrétiens.	"Her way of pronouncing the word — ""Issraelites"" instead of ""Izraelites"" — would in itself have sufficed to show, even if one had not heard the rest of the sentence, that it was no feeling of friendliness towards the chosen race that inspired these young Frenchwomen, brought up in God-fearing homes, and quite ready to believe that the Jews were in the habit of massacring Christian children."
1223	1236	0.573	«Du reste, elles ont un sale genre, vos amies», me disait Andrée avec un sourire qui signifiait qu’elle savait bien que ce n’était pas mes amies.	"""Besides, they're shocking bad form, your friends,"" said Andrée with a smile which implied that she knew very well that they were no friends of mine."
1224	1237	0.582	«Comme tout ce qui touche à la tribu», répondait Albertine sur le ton sentencieux d’une personne d’expérience.	"""Like everything to do with the tribe,"" went on Albertine, in the sententious tone of one who spoke from personal experience."
1225	1238	0.552	A vrai dire les sœurs de Bloch, à la fois trop habillées et à demi-nues, l’air languissant, hardi, fastueux et souillon ne produisaient pas une impression excellente.	To tell the truth, Bloch's sisters, at once overdressed and half naked, with their languishing, bold, blatant, sluttish air did not create the best impression.
1226	1239	0.541	Et une de leurs cousines qui n’avait que quinze ans scandalisait le casino par l’admiration qu’elle affichait pour Mlle Léa, dont M. Bloch père prisait très fort le talent d’actrice, mais que son goût ne passait pas pour porter surtout du côté des messieurs.	And one of their cousins, who was only fifteen, scandalised the Casino by her unconcealed admiration for Mlle. Léa, whose talent as an actress M. Bloch senior rated very high, but whose tastes were understood to lead her not exactly in the direction of the gentlemen.
1227	1240	0.459	Il y avait des jours où nous goûtions dans l’une des fermes-restaurants du voisinage.	Some days we took our refreshment at one of the outlying farms which catered for visitors.
1228	1241	0.625	Ce sont les fermes dites des Ecorres, Marie-Thérèse, de la Croix d’Heuland, de Bagatelle, de Californie, de Marie-Antoinette.	These were the farms known as Les Ecorres, Marie-Thérèse, La Croix d'Heuland, Bagatelle, Californie and Marie Antoinette.
1229	1242	0.686	C’est cette dernière qu’avait adoptée la petite bande.	It was the last that had been adopted by the little band.
1230	1243	0.641	Mais quelquefois au lieu d’aller dans une ferme, nous montions jusqu’au haut de la falaise, et une fois arrivés et assis sur l’herbe, nous défaisions notre paquet de sandwichs et de gâteaux.	But at other times, instead of going to a farm, we would climb to the highest point of the cliff, and, when we had reached it and were seated on the grass, would undo our parcel of sandwiches and cakes.
1231	1244	0.418	Mes amies préféraient les sandwichs et s’étonnaient de me voir manger seulement un gâteau au chocolat gothiquement historié de sucre ou une tarte à l’abricot.	My friends preferred the sandwiches, and were surprised to see me eat only a single chocolate cake, sugared with gothic tracery, or an apricot tart.
1232	1245	0.311	C’est qu’avec les sandwichs au chester et à la salade, nourriture ignorante et nouvelle, je n’avais rien à dire.	This was because, with the sandwiches of cheese or of green-stuff, a form of food that was novel to me and knew nothing of the past, I had nothing in common.
1233	1246	0.396	Mais les gâteaux étaient instruits, les tartes étaient bavardes.	But the cakes understood, the tarts were gossips.
1234	1247	0.541	Il y avait dans les premiers des fadeurs de crème et dans les secondes des fraîcheurs de fruits qui en savaient long sur Combray, sur Gilberte, non seulement la Gilberte de Combray mais celle de Paris aux goûters de qui je les avais retrouvés.	There were in the former an insipid taste of cream, in the latter a fresh taste of fruit which knew all about Combray, and about Gilberte, not only the Gilberte of Combray but her too of Paris, at whose tea-parties I had found them again.
1235	1248	0.534	Ils me rappelaient ces assiettes à petits fours, des Mille et une Nuits, qui distrayaient tant de leurs «sujets» ma tante Léonie quand Françoise lui apportait un jour «Aladin ou la Lampe Merveilleuse», un autre «Ali-Baba», le «Dormeur éveillé» ou «Sinbad le Marin embarquant à Bassora avec toutes ses richesses».	They reminded me of those cake-plates of the Arabian Nights pattern, the subjects on which were such a distraction to my aunt Léonie when Françoise brought her up, one day, Aladdin or the Wonderful Lamp, another day Ali-Baba, or the Sleeper Awakes or Sinbad the Sailor embarking at Bassorah with all his treasure.
1236	1249	0.471	J’aurais bien voulu les revoir, mais ma grand’mère ne savait pas ce qu’elles étaient devenues et croyait d’ailleurs que c’était de vulgaires assiettes achetées dans le pays.	I should dearly have liked to see them again, but my grandmother did not know what had become of them, and thought moreover that they were just common plates that had been bought in the village.
1237	1250	0.526	N’importe, dans le gris et champenois Combray elles et leurs vignettes s’encastraient multicolores, comme dans la noire église les vitraux aux mouvantes pierreries, comme dans le crépuscule de ma chambre les projections de la lanterne magique, comme devant la vue de la gare et du chemin de fer départemental les boutons d’or des Indes et les lilas de Perse, comme la collection de vieux Chine de ma grand-tante dans sa sombre demeure de vieille dame de province.	No matter, in that grey, midland Combray scene they and their pictures were set like many-coloured jewels, as in the dark church were the windows with their shifting radiance, as in the dusk of my bedroom were the projections cast by the magic lantern, as in the foreground of the view of the railway station and the little local line the buttercups from the Indies and the Persian lilacs, as were my great-aunt's shelves of old porcelain in the sombre dwelling of an elderly lady in a country town.
1238	1251	0.543	Étendu sur la falaise je ne voyais devant moi que des prés, et, au-dessus d’eux, non pas les sept ciels de la physique chrétienne, mais la superposition de deux seulement, un plus foncé — de la mer — et en haut un plus pâle.	Stretched out on the cliff I would see before me nothing but grassy meadows and beyond them not the seven heavens of the Christian cosmogony but two stages only, one of a deeper blue, the sea, and over it another more pale.
1239	1252	0.485	Nous goûtions, et si j’avais emporté aussi quelque petit souvenir qui pût plaire à l’une ou à l’autre de mes amies, la joie remplissait avec une violence si soudaine leur visage translucide en un instant devenu rouge, que leur bouche n’avait pas la force de la retenir et pour la laisser passer, éclatait de rire.	We ate our food, and if I had brought with me also some little keepsake which might appeal to one or other of my friends, joy sprang with such sudden violence into her translucent face, flushed in an instant, that her lips had not the strength to hold it in, and to allow it to escape parted in a shout of laughter.
1240	1253	0.516	Elles étaient assemblées autour de moi; et entre les visages peu éloignés les uns des autres, l’air qui les séparait traçait des sentiers d’azur comme frayés par un jardinier qui a voulu mettre un peu de jour pour pouvoir circuler lui-même au milieu d’un bosquet de roses.	They had gathered close round me, and between their faces which were almost touching one another the air that separated them traced azure pathways such as might have been cut by a gardener wishing to clear the ground a little so as to be able himself to move freely through a thicket of roses.
1241	1254	0.444	Nos provisions épuisées, nous jouions à des jeux qui jusque-là m’eussent paru ennuyeux, quelquefois aussi enfantins que «La Tour Prends Garde» ou «A qui rira le premier», mais auxquels je n’aurais plus renoncé pour un empire; l’aurore de jeunesse dont s’empourprait encore le visage de ces jeunes filles et hors de laquelle je me trouvais déjà, à mon âge, illuminait tout devant elles, et, comme la fluide peinture de certains primitifs, faisait se détacher les détails les plus insignifiants de leur vie, sur un fond d’or.	When we had finished eating we would play games which until then I should have thought boring, sometimes such childish games as King of the Castle, or Who Laughs First; not for a kingdom would I have renounced them now; the rosy dawn of adolescence, with which the faces of these girls were still aglow, and from which I, young as I was, had already emerged, shed its light on everything round about them and, like the fluid painting of some of the Primitives, brought out the most insignificant details of their daily lives in relief against a golden background.
1242	1255	0.393	Pour la plupart, les visages mêmes de ces jeunes filles étaient confondus dans cette rougeur confuse de l’aurore d’où les véritables traits n’avaient pas encore jailli.	Even the faces of the girls were, for the most part, clouded with this misty effulgence of a dawn from which their actual features had not yet emerged.
1243	1256	0.423	On ne voyait qu’une couleur charmante sous laquelle ce que devait être dans quelques années le profil n’était pas discernable.	One saw only a charming sheet of colour beneath which what in a few years' time would be a profile was not discernible.
1244	1257	0.429	Celui d’aujourd’hui n’avait rien de définitif et pouvait n’être qu’une ressemblance momentanée avec quelque membre défunt de la famille auquel la nature avait fait cette politesse commémorative.	The profile of to-day had nothing definite about it, and could be only a momentary resemblance to some deceased member of the family to whom nature had paid this commemorative courtesy.
1245	1258	0.583	Il vient si vite le moment où l’on n’a plus rien à attendre, où le corps est figé dans une immobilité qui ne promet plus de surprises, où l’on perd toute espérance en voyant, comme aux arbres en plein été des feuilles déjà mortes, autour de visages encore jeunes des cheveux qui tombent ou blanchissent, il est si court, ce matin radieux, qu’on en vient à n’aimer que les très jeunes filles, celles chez qui la chair comme une pâte précieuse travaille encore.	It comes so soon, the moment when there is nothing left to wait for, when the body is fixed in an immobility which holds no fresh surprise in store, when one loses all hope on seeing — as on a tree in the height of summer leaves already brown — round a face still young hair that is growing thin or turning grey; it is so short, that radiant morning time that one comes to like only the very youngest girls, those in whom the flesh, like a precious leaven, is still at work.
1246	1259	0.499	Elles ne sont qu’un flot de matière ductile pétrie à tout moment par l’impression passagère qui les domine.	They are no more yet than a stream of ductile matter, moulded ever afresh by the fleeting impression of the moment.
1247	1260	0.525	On dirait que chacune est tour à tour une petite statuette de la gaîté, du sérieux juvénile, de la câlinerie, de l’étonnement, modelée par une expression franche, complète, mais fugitive.	You would say that each of them was in turn a little statuette of childish gaiety, of a child grown earnest, coaxing, surprised, taking its pattern from an expression frank and complete, but fugitive.
1248	1261	0.580	Cette plasticité donne beaucoup de variété et de charme aux gentils égards que nous montre une jeune fille.	This plasticity gives a wealth of variety and charm to the pretty attentions which a little girl pays to us.
1249	1262	0.454	Certes ils sont indispensables aussi chez la femme, et celle à qui nous ne plaisons pas ou qui ne nous laisse pas voir que nous lui plaisons, prend à nos yeux quelque chose d’ennuyeusement uniforme.	Of course, such attentions are indispensable in the woman also, and she whom we do not attract, or who fails to let us see that we have attracted her, tends to assume in our eyes a somewhat tedious uniformity.
1250	1263	0.435	Mais ces gentillesses elles-mêmes, à partir d’un certain âge, n’amènent plus de molles fluctuations sur un visage que les luttes de l’existence ont durci, rendu à jamais militant ou extatique.	But even these pretty attentions, after a certain age, cease to send gentle ripples over a face which the struggle for existence has hardened, has rendered unalterably militant or ecstatic.
1251	1264	0.401	L’un — par la force continue de l’obéissance qui soumet l’épouse à son époux — semble, plutôt que d’une femme le visage d’un soldat; l’autre, sculpté par les sacrifices qu’a consentis chaque jour la mère pour ses enfants, est d’un apôtre.	One — owing to the prolonged strain of the obedience that subjects wife to husband — will seem not so much a woman's face as a soldier's; another, carved by the sacrifices which a mother has consented to make, day after day, for her children, will be the face of an apostle.
1252	1265	0.320	Un autre encore est, après des années de traverses et d’orages, le visage d’un vieux loup de mer, chez une femme dont les vêtements seuls révèlent le sexe.	A third is, after a stormy passage through the years, the face of an ancient mariner, upon a body of which its garments alone indicate the sex.
1253	1266	0.434	Et certes les attentions qu’une femme a pour nous peuvent encore, quand nous l’aimons, semer de charmes nouveaux les heures que nous passons auprès d’elle.	Certainly the attentions that a woman pays us can still, so long as we are in love with her, scatter fresh charms over the hours that we spend in her company.
1254	1267	0.434	Mais elle n’est pas successivement pour nous une femme différente.	But she is not then for us a series of different women.
1255	1268	0.545	Sa gaîté reste extérieure à une figure inchangée.	Her gaiety remains external to an unchanging face.
1256	1269	0.547	Mais l’adolescence est antérieure à la solidification complète et de là vient qu’on éprouve auprès des jeunes filles ce rafraîchissement que donne le spectacle des formes sans cesse en train de changer, de jouer en une instable opposition qui fait penser à cette perpétuelle recréation des éléments primordiaux de la nature qu’on contemple devant la mer.	Whereas adolescence is anterior to this complete solidification; and from this it follows that we feel, in the company of young girls, the refreshing sense that is afforded us by the spectacle of forms undergoing an incessant process of change, a play of unstable forces which makes us think of that perpetual re-creation of the primordial elements of nature which we contemplate when we stand by the sea.
1257	1270	0.550	Ce n’était pas seulement une matinée mondaine, une promenade avec Mme de Villeparisis que j’eusse sacrifiées au «furet» ou aux «devinettes» de mes amies.	"It was not merely a social engagement, a drive with Mme. de Villeparisis, that I would have sacrificed to the ""Ferret"" or ""Guessing Games"" of my friends."
1258	1271	0.504	A plusieurs reprises Robert de Saint-Loup me fit dire que puisque je n’allais pas le voir à Doncières, il avait demandé une permission de vingt-quatre heures et la passerait à Balbec.	More than once, Robert de Saint-Loup had sent word that, since I was not coming to see him at Doncières, he had applied for twenty-four hours' leave, which he would spend at Balbec.
1259	1272	0.387	Chaque fois je lui écrivis de n’en rien faire, en invoquant l’excuse d’être obligé de m’absenter justement ce jour-là pour aller remplir dans le voisinage un devoir de famille avec ma grand-mère.	Each time I wrote back that he was on no account to come, offering the excuse that I should be obliged to be away myself that very day, when I had some duty call to pay with my grandmother on family friends in the neighbourhood.
1260	1273	0.403	Sans doute me jugea-t-il mal en apprenant par sa tante en quoi consistait le devoir de famille et quelles personnes tenaient en l’espèce le rôle de grand-mère.	"No doubt I fell in his estimation when he learned from his aunt in what the ""duty call"" consisted, and who the persons were who combined to play the part of my grandmother."
1261	1274	0.492	Et pourtant je n’avais peut-être pas tort de sacrifier les plaisirs non seulement de la mondanité, mais de l’amitié à celui de passer tout le jour dans ce jardin.	And yet I had not been wrong, perhaps, after all, in sacrificing not only the vain pleasures of the world but the real pleasure of friendship to that of spending the whole day in this green garden.
1262	1275-1276	0.560	Les êtres qui en ont la possibilité — il est vrai que ce sont les artistes et j’étais convaincu depuis longtemps que je ne le serais jamais — ont aussi le devoir de vivre pour eux-mêmes; or l’amitié leur est une dispense de ce devoir, une abdication de soi.	People who enjoy the capacity — it is true that such people are artists, and I had long been convinced that I should never be that — are also under an obligation to live for themselves. And friendship is a dispensation from this duty, an abdication of self.
1263	1277	0.468	La conversation même qui est le mode d’expression de l’amitié est une divagation superficielle, qui ne nous donne rien à acquérir.	Even conversation, which is the mode of expression of friendship, is a superficial digression which gives us no new acquisition.
1264	1278	0.556	Nous pouvons causer pendant toute une vie sans rien faire que répéter indéfiniment le vide d’une minute, tandis que la marche de la pensée dans le travail solitaire de la création artistique, se fait dans le sens de la profondeur, la seule direction qui ne nous soit pas fermée, où nous puissions progresser, avec plus de peine il est vrai, pour un résultat de vérité.	We may talk for a lifetime without doing more than indefinitely repeat the vacuity of a minute, whereas the march of thought in the solitary travail of artistic creation proceeds downwards, into the depths, in the only direction that is not closed to us, along which we are free to advance — though with more effort, it is true — towards a goal of truth.
1265	1279	0.453	Et l’amitié n’est pas seulement dénuée de vertu comme la conversation, elle est de plus funeste.	And friendship is not merely devoid of virtue, like conversation, it is fatal to us as well.
1266	1280	0.349	Car l’impression d’ennui que ne peuvent pas ne pas éprouver auprès de leur ami, c’est-à-dire à rester à la surface de soi-même, au lieu de poursuivre leur voyage de découvertes dans les profondeurs, ceux d’entre nous dont la loi de développement est purement interne, cette impression d’ennui, l’amitié nous persuade de la rectifier quand nous nous retrouvons seuls, de nous rappeler avec émotion les paroles que notre ami nous a dites, de les considérer comme un précieux apport, alors que nous ne sommes pas comme des bâtiments à qui on peut ajouter des pierres du dehors, mais comme des arbres qui tirent de leur propre sève le nœud suivant de leur tige, l’étage supérieur de leur frondaison.	For the sense of boredom which it is impossible not to feel in a friend's company (when, that is to say, we must remain exposed on the surface of our consciousness, instead of pursuing our voyage of discovery into the depths) for those of us in whom the law of development is purely internal — that first impression of boredom our friendship impels us to correct when we are alone again, to recall with emotion the words uttered by our friend, to look upon them as a valuable addition to our substance, albeit we are not like buildings to which stones can be added from without, but like trees which draw from their own sap the knot that duly appears on their trunks, the spreading roof of their foliage.
1267	1281	0.282	Je me mentais à moi-même, j’interrompais la croissance dans le sens selon lequel je pouvais en effet véritablement grandir et être heureux, quand je me félicitais d’être aimé, admiré, par un être aussi bon, aussi intelligent, aussi recherché que Saint-Loup, quand j’adaptais mon intelligence non à mes propres obscures impressions que c’eût été mon devoir de démêler, mais aux paroles de mon ami à qui en me les redisant — en me les faisant redire par cet autre que soi-même qui vit en nous et sur qui on est toujours si content de se décharger du fardeau de penser — je m’efforçais de trouver une beauté, bien différente de celle que je poursuivais silencieusement quand j’étais vraiment seul, mais qui donnerait plus de mérite à Robert, à moi-même, à ma vie.	I was lying to myself, I was interrupting the process of growth in that direction in which I could indeed really be enlarged and made happy, when I congratulated myself on being liked, admired, by so good, so clever, so rare a creature as Saint-Loup, when I focussed my mind, not upon my own obscure impressions which duty bade me unravel, but on the words uttered by my friend, in which, when I repeated them to myself — when I had them repeated to me by that other self who dwells in us and on to whom we are always so ready to transfer the burden of taking thought, — I strove to make myself find a beauty very different from that which I used to pursue in silence when I was really alone, but one that would enhance the merit of Robert, of myself, of my life.
1268	1282	0.371	Dans celle qu’un tel ami me faisait, je m’apparaissais comme douillettement préservé de la solitude, noblement désireux de me sacrifier moi-même pour lui, en somme incapable de me réaliser.	In the life which a friend like this provided for me, I seemed to myself to be comfortably preserved from solitude, nobly desirous of sacrificing myself for him, in fact quite incapable of realising myself.
1269	1283	0.401	Près de ces jeunes filles au contraire si le plaisir que je goûtais était égoïste, du moins n’était-il pas basé sur le mensonge qui cherche à nous faire croire que nous ne sommes pas irrémédiablement seuls et qui quand nous causons avec un autre nous empêche de nous avouer que ce n’est plus nous qui parlons, que nous nous modelons alors à la ressemblance des étrangers et non d’un moi qui diffère d’eux.	Among the girls, on the other hand, if the pleasure which I enjoyed was selfish, at least it was not based on the lie which seeks to make us believe that we are not irremediably alone, and which, when we talk to another person, prevents us from admitting that it is no longer we who speak, that we are fashioning ourself in the likeness of strangers and not of our own ego, which is quite different from them.
1270	1284	0.398	Les paroles qui s’échangeaient entre les jeunes filles de la petite bande et moi étaient peu intéressantes, rares d’ailleurs, coupées de ma part de longs silences.	The words that passed between the girls of the little band and myself were not of any interest; they were, moreover, but few, broken by long spells of silence on my part.
1271	1285	0.432	Cela ne m’empêchait pas de prendre à les écouter quand elles me parlaient autant de plaisir qu’à les regarder, à découvrir dans la voix de chacune d’elles un tableau vivement coloré.	All of which did not prevent me from finding, in listening to them when they spoke to me, as much pleasure as in gazing at them, in discovering in the voice of each one of them a brightly coloured picture.
1272	1286	0.420	C’est avec délices que j’écoutais leur pépiement.	It was with ecstasy that I caught their pipings.
1273	1287	0.608	Aimer aide à discerner, à différencier.	Love helps us to discern things, to discriminate.
1274	1288	0.405	Dans un bois l’amateur d’oiseaux distingue aussitôt ces gazouillis particuliers à chaque oiseau, que le vulgaire confond.	Standing in a wood, the lover of birds at once distinguishes the notes of the different species, which to ordinary people sound the same.
1275	1289	0.379	L’amateur de jeunes filles sait que les voix humaines sont encore bien plus variées.	The lover of girls knows that human voices vary even more.
1276	1290	0.571	Chacune possède plus de notes que le plus riche instrument.	Each one possesses more notes than the richest instrument of music.
1277	1291	0.449	Et les combinaisons selon lesquelles elle les groupe sont aussi inépuisables que l’infinie variété des personnalités.	And the combinations in which the voice groups those notes are as inexhaustible as the infinite variety of personalities.
1278	1292	0.527	Quand je causais avec une de mes amies, je m’apercevais que le tableau original, unique de son individualité, m’était ingénieusement dessiné, tyranniquement imposé aussi bien par les inflexions de sa voix que par celles de son visage et que c’était deux spectacles qui traduisaient, chacun dans son plan, la même réalité singulière.	When I talked with any one of my friends I was conscious that the original, the unique portrait of her individuality had been skilfully traced, tyrannically imposed on my mind as much by the inflexions of her voice as by those of her face, and that these were two separate spectacles which rendered, each in its own plane, the same single reality.
1279	1293	0.456	Sans doute les lignes de la voix, comme celles du visage, n’étaient pas encore définitivement fixées; la première muerait encore, comme le second changerait.	No doubt the lines of the voice, like those of the face, were not yet definitely fixed; the voice had still to break, as the face to change.
1280	1294	0.463	Comme les enfants possèdent une glande dont la liqueur les aide à digérer le lait et qui n’existe plus chez les grandes personnes, il y avait dans le gazouillis de ces jeunes filles des notes que les femmes n’ont plus.	Just as children have a gland the secretion in which enables them to digest milk, a gland which is not found in grown men and women, so there were in the twitterings of these girls notes which women's voices no longer contain.
1281	1295	0.447	Et de cet instrument plus varié, elles jouaient avec leurs lèvres, avec cette application, cette ardeur des petits anges musiciens de Bellini, lesquelles sont aussi un apanage exclusif de la jeunesse.	And on this instrument with its greater compass they played with their lips, shewing all the application, the ardour of Bellini's little angel musicians, qualities which also are an exclusive appanage of youth.
1282	1296	0.382	Plus tard ces jeunes filles perdraient cet accent de conviction enthousiaste qui donnait du charme aux choses les plus simples, soit qu’Albertine sur un ton d’autorité débitât des calembours que les plus jeunes écoutaient avec admiration jusqu’à ce que le fou rire se saisît d’elles avec la violence irrésistible d’un éternuement, soit qu’Andrée mît à parler de leurs travaux scolaires, plus enfantins encore que leurs jeux, une gravité essentiellement puérile; et leurs paroles détonnaient, pareilles à ces strophes des temps antiques où la poésie encore peu différenciée de la musique se déclamait sur des notes différentes.	Later on these girls would lose that note of enthusiastic conviction which gave a charm to their simplest utterances, whether it were Albertine who, in a tone of authority, repeated puns to which the younger ones listened with admiration, until that wild impulse to laugh caught them all with the irresistible violence of a sneeze, or Andrée who began to speak of their work in the schoolroom, work even more childish seemingly than the games they played, with a gravity essentially puerile; and their words changed in tone, like the lyrics of ancient times when poetry, still hardly differentiated from music, was declaimed upon the different notes of a scale.
1283	1297	0.480	Malgré tout la voix de ces jeunes filles accusait déjà nettement le parti pris que chacune de ces petites personnes avait sur la vie, parti pris si individuel que c’est user d’un mot bien trop général que de dire pour l’une: «elle prend tout en plaisantant»; pour l’autre: «elle va d’affirmation en affirmation»; pour la troisième: «elle s’arrête à une hésitation expectante».	"In spite of which, the girls' voices already gave a quite clear indication of the attitude that each of these little people had adopted towards life, an attitude so personal that it would be speaking in far too general terms to say of one: ""She treats everything as a joke,"" of another: ""She jumps from assertion to assertion,"" of a third: ""She lives in a state of expectant hesitation."""
1284	1298	0.524	Les traits de notre visage ne sont guère que des gestes devenus, par l’habitude, définitifs.	The features of our face are hardly more than gestures which force of habit has made permanent.
1285	1299	0.553	La nature, comme la catastrophe de Pompeï, comme une métamorphose de nymphe, nous a immobilisés dans le mouvement accoutumé.	Nature, like the destruction of Pompeii, like the metamorphosis of a nymph into a tree, has arrested us in an accustomed movement.
1286	1300	0.603	De même nos intonations contiennent notre philosophie de la vie, ce que la personne se dit à tout moment sur les choses.	Similarly, our intonations embody our philosophy of life, what a person says to himself about things at any given moment.
1287	1301	0.546	Sans doute ces traits n’étaient pas qu’à ces jeunes filles.	No doubt these peculiarities were to be found not only in the girls.
1288	1302	0.600	Ils étaient à leurs parents.	They were those of their parents.
1289	1303	0.439	L’individu baigne dans quelque chose de plus général que lui.	The individual is a part of something that is more generally diffused than himself.
1290	1304	0.471	A ce compte, les parents ne fournissent pas que ce geste habituel que sont les traits du visage et de la voix, mais aussi certaines manières de parler, certaines phrases consacrées, qui presque aussi inconscientes qu’une intonation, presque aussi profondes, indiquent, comme elle, un point de vue sur la vie.	By this reckoning, our parents furnish us not only with those habitual gestures which are the outlines of our face and voice, but also with certain mannerisms in speech, certain favourite expressions, which, almost as unconscious as an intonation, almost as profound, indicate likewise a definite point of view towards life.
1291	1305	0.437	Il est vrai que pour les jeunes filles, il y a certaines de ces expressions que leurs parents ne leur donnent pas avant un certain âge, généralement pas avant qu’elles soient des femmes.	It is quite true, since we are speaking of girls, that there are certain of these expressions which their parents do not hand on to them until they have reached a certain age, as a rule not before they are women.
1292	1306	0.636	On les garde en réserve.	These are kept in reserve.
1293	1307	0.704	Ainsi par exemple si on parlait des tableaux d’un ami d’Elsir, Andrée qui avait encore les cheveux dans le dos ne pouvait encore faire personnellement usage de l’expression dont usaient sa mère et sa sœur mariée: «Il paraît que _l’homme_ est charmant.»	"Thus, for instance, if you were to speak of the pictures of one of Elstir's friends, Andrée, whose hair was still ""down"", could not yet make use, personally, of the expression which her mother and elder sister employed: ""It appears, the man is quite charming!"""
1294	1308	0.516	Mais cela viendrait avec la permission d’aller au Palais-Royal.	But that would come in due course, when she was allowed to go to the Palais-Royal.
1295	1309	0.575	Et déjà depuis sa première communion, Albertine disait comme une amie de sa tante, je «trouverais cela assez terrible.»	"And already, since her first communion, Albertine had begun to say, like a friend of her aunt: ""I'm sure I should find that simply terrible!"""
1296	1310	0.502	On lui avait aussi donné en présent l’habitude de faire répéter ce qu’on disait pour avoir l’air de s’intéresser et de chercher à se former une opinion personnelle.	She had also had given to her, as a little present, the habit of repeating whatever you had just been saying to her, so as to appear to be interested, and to be trying to form an opinion of her own.
1297	1311	0.428	Si on disait que la peinture d’un peintre était bien, ou sa maison jolie: «Ah! c’est bien, sa peinture?	"If you said that an artist's work was good, or his house nice, ""Oh, his work is good, is it?"""
1298	1312	0.399	Ah! c’est joli, sa maison?»	"""Oh, his house is nice, is it?"""
1299	1313	0.518	Enfin plus générale encore que n’est le legs familial, était la savoureuse matière imposée par la province originelle d’où elles tiraient leur voix et à même laquelle mordaient leurs intonations.	Last of all, and even more general than the family heritage, was the rich layer imposed by the native province from which they derived their voices and of which indeed their intonations smacked.
1300	1314	0.576	Quand Andrée pinçait sèchement une note grave, elle ne pouvait faire que la corde périgourdine de son instrument vocal ne rendît un son chantant fort en harmonie d’ailleurs avec la pureté méridionale de ses traits; et aux perpétuelles gamineries de Rosemonde, la matière de son visage et de sa voix du Nord répondaient, quoi qu’elle en eût, avec l’accent de sa province.	When Andrée sharply struck a solemn note she could not prevent the Perigordian string of her vocal instrument from giving back a resonant sound quite in harmony, moreover, with the Meridional purity of her features; while to the incessant pranks of Rosemonde the substance of her North-Country face and voice responded, whatever her mood at the time, in the accent of their province.
1301	1315	0.673	Entre cette province et le tempérament de la jeune fille qui dictait les inflexions je percevais un beau dialogue.	Between that province and the temperament of the little girl who dictated these inflexions, I caught a charming dialogue.
1302	1316	0.464	Dialogue, non pas discorde.	A dialogue, not in any sense a discord.
1303	1317	0.460	Aucune ne saurait diviser la jeune fille et son pays natal.	It would not have been possible to separate the girl herself and her native place.
1304	1318	0.382	Elle, c’est lui encore.	She was herself; she was still it also.
1305	1319	0.657	Du reste cette réaction des matériaux locaux sur le génie qui les utilise et à qui elle donne plus de verdeur ne rend pas l’œuvre moins individuelle et que ce soit celle d’un architecte, d’un ébéniste, ou d’un musicien, elle ne reflète pas moins minutieusement les traits les plus subtils de la personnalité de l’artiste, parce qu’il a été forcé de travailler dans la pierre meulière de Senlis ou le grès rouge de Strasbourg, qu’il a respecté les nœuds particuliers au frêne, qu’il a tenu compte dans son écriture des ressources et des limites, de la sonorité, des possibilités, de la flûte ou de l’alto.	Moreover this reaction of locally procured materials on the genius who utilises them and to whose work their reaction imparts an added freshness, does not make the work any less individual, and whether it be that of an architect, a cabinet-maker or a composer, it reflects no less minutely the most subtle shades of the artist's personality, because he has been compelled to work in the millstone of Senlis or the red sandstone of Strasbourg, has respected the knots peculiar to the ash-tree, has borne in mind, when writing his score, the resources, the limitations, the volume of sound, the possibilities of flute or alto voice.
1306	1320	0.402	Je m’en rendais compte et pourtant nous causions si peu.	All this I realised, and yet we talked so little.
1307	1321	0.412	Tandis qu’avec Mme de Villeparisis ou Saint-Loup, j’eusse démontré par mes paroles beaucoup plus de plaisir que je n’en eusse ressenti, car je les quittais avec fatigue, au contraire couché entre ces jeunes filles, la plénitude de ce que j’éprouvais l’emportait infiniment sur la pauvreté, la rareté de nos propos et débordait de mon immobilité et de mon silence, en flots de bonheur dont le clapotis venait mourir au pied de ces jeunes roses.	Whereas with Mme. de Villeparisis or Saint-Loup I should have displayed by my words a great deal more pleasure than I should actually have felt, for I used always to be worn out when I parted from them; when, on the other hand, I was lying on the grass among all these girls, the plentitude of what I was feeling infinitely outweighed the paucity, the infrequency of our speech, and brimmed over from my immobility and silence in floods of happiness, the waves of which rippled up to die at the feet of these young roses.
1308	1322	0.486	Pour un convalescent qui se repose tout le jour dans un jardin fleuri ou dans un verger, une odeur de fleurs et de fruits n’imprègne pas plus profondément les mille riens dont se compose son farniente que pour moi cette couleur, cet arôme que mes regards allaient chercher sur ces jeunes filles et dont la douceur finissait par s’incorporer à moi.	For a convalescent who rests all day long in a flower-garden or orchard, a scent of flowers or fruit does not more completely pervade the thousand trifles that compose his idle hours than did for me that colour, that fragrance in search of which my eyes kept straying towards the girls, and the sweetness of which finally became incorporated in me.
1309	1323	0.568	Ainsi les raisins se sucrent-ils au soleil.	So it is that grapes grow sugary in sunshine.
1310	1324	0.564	Et par leur lente continuité, ces jeux si simples avaient aussi amené en moi, comme chez ceux qui ne font autre chose que rester, étendus au bord de la mer, à respirer le sel, à se hâler, une détente, un sourire béat, un éblouissement vague qui avait gagné jusqu’à mes yeux.	And by their slow continuity these simple little games had gradually wrought in me also, as in those who do nothing else all day but lie outstretched by the sea, breathing the salt air and growing sunburned, a relaxation, a blissful smile, a vague sense of dizziness that had spread from brain to eyes.
1311	1325	0.460	Parfois une gentille attention de telle ou telle éveillait en moi d’amples vibrations qui éloignaient pour un temps le désir des autres.	Now and then a pretty attention from one or another of them would stir in me vibrations which dissipated for a time my desire for the rest.
1312	1326	0.536	Ainsi un jour Albertine avait dit: «Qu’est-ce qui a un crayon?»	"Thus one day Albertine had suddenly asked: ""Who has a pencil?"""
1313-1315	1327	0.231	Andrée l’avait fourni. Rosemonde le papier. Albertine leur avait dit: «Mes petites bonnes femmes, je vous défends de regarder ce que j’écris.»	"Andrée had provided one, Rosemonde the paper; Albertine had warned them: ""Now, young ladies, you are not to look at what I write."""
1316	1328	0.344	Après s’être appliquée à bien tracer chaque lettre, le papier appuyé à ses genoux, elle me l’avait passé en me disant: «Faites attention qu’on ne voie pas.»	"After carefully tracing each letter, supporting the paper on her knee, she had passed it to me with: ""Take care no one sees."""
1317	1329	0.374	Alors je l’avais déplié et j’avais lu ces mots qu’elle m’avait écrits: «Je vous aime bien.»	"Whereupon I had unfolded it and read her message, which was: ""I love you."""
1318	1330	0.558	«Mais au lieu d’écrire des bêtises, cria-t-elle en se tournant d’un air impétueux et grave vers Andrée et Rosemonde, il faut que je vous montre la lettre que Gisèle m’a écrite ce matin.	"""But we mustn't sit here scribbling nonsense,"" she cried, turning impetuously, with a sudden gravity of demeanour, to Andrée and Rosemonde, ""I ought to shew you the letter I got from Gisèle this morning."
1319	1331	0.390	Je suis folle, je l’ai dans ma poche et dire que cela peut nous être si utile!»	"What an idiot I am; I've had it all this time in my pocket — and you can't think how important it may be to us."""
1320	1332	0.496	Gisèle avait cru devoir adresser à son amie afin qu’elle la communiquât aux autres, la composition qu’elle avait faite pour son certificat d’études.	Gisèle had been moved to copy out for her friend, so that it might be passed on to the others, the essay which she had written in her certificate examination.
1321	1333	0.496	Les craintes d’Albertine sur la difficulté des sujets proposés avaient encore été dépassées par les deux entre lesquels Gisèle avait eu à opter.	Albertine's fears as to the difficulty of the subjects set had been more than justified by the two from which Gisèle had had to choose.
1322	1334	0.613	L’un était: «Sophocle écrit des Enfers à Racine pour le consoler de l’insuccès d’_Athalie_»; l’autre: «Vous supposerez qu’après la première représentation d’_Esther_, Mme de Sévigné écrit à Mme de La Fayette pour lui dire combien elle a regretté son absence.»	"The first was: ""Sophocles, from the Shades, writes to Racine to console him for the failure of _Athalie_""; the other: ""Suppose that, after the first performance of _Esther_, Mme. de Sévigné is writing to Mme. de La Fayette to tell her how much she regretted her absence."""
1323	1335	0.510	Or, Gisèle par un excès de zèle qui avait dû toucher les examinateurs, avait choisi le premier, le plus difficile de ces deux sujets, et l’avait traité si remarquablement qu’elle avait eu quatorze et avait été félicitée par le jury.	Now Gisèle, in an excess of zeal which ought to have touched the examiners' hearts, had chosen the former, which was also the more difficult of the two subjects, and had handled it with such remarkable skill that she had been given fourteen marks, and had been congratulated by the board.
1324	1336	0.442	Elle aurait obtenu la mention «très bien» si elle n’avait «séché» dans son examen d’espagnol.	"She would have received her ""mention"" if she had not ""dried up"" in the Spanish paper."
1325	1337	0.477	La composition dont Gisèle avait envoyé la copie à Albertine nous fut immédiatement lue par celle-ci, car, devant elle-même passer le même examen, elle désirait beaucoup avoir l’avis d’Andrée, beaucoup plus forte qu’elles toutes et qui pouvait lui donner de bons tuyaux.	"The essay, a copy of which Gisèle had now sent her, was immediately read aloud to us by Albertine, for, having presently to pass the same examination, she was anxious to have an opinion from Andrée, who was by far the cleverest of them all and might be able to give her some good ""tips""."
1326	1338	0.302	«Elle en a eu une veine, dit Albertine.	"""She did have a bit of luck!"" was Albertine's comment."
1327	1339	0.446	C’est justement un sujet que lui avait fait piocher ici sa maîtresse de français.»	"""It's the very subject her French mistress made her swot up while she was here."""
1328	1340	0.468	La lettre de Sophocle à Racine rédigée par Gisèle, commençait ainsi: «Mon cher ami, excusez-moi de vous écrire sans avoir l’honneur d’être personnellement connu de vous, mais votre nouvelle tragédie d’_Athalie_ ne montre-t-elle pas que vous avez parfaitement étudié mes modestes ouvrages?	"The letter from Sophocles to Racine, as drafted by Gisèle, ran as follows: ""My dear friend, You must pardon me the liberty of addressing you when I have not the honour of your personal acquaintance, but your latest tragedy, _Athalie_ shews, does it not, that you have made the most thorough study of my own modest works."
1329	1341	0.506	Vous n’avez pas mis de vers que dans la bouche des protagonistes, ou personnages principaux du drame, mais vous en avez écrit, et de charmants, permettez-moi de vous le dire sans cajolerie, pour les chœurs qui ne faisaient pas trop mal à ce qu’on dit dans la tragédie grecque, mais qui sont en France une véritable nouveauté.	You have not only put poetry in the mouths of the protagonists, or principal persons of the drama, but you have written other, and, let me tell you without flattery, charming verses for the choruses, a feature which was not too bad, according to all one hears, in Greek Tragedy, but is a complete novelty in France.
1330	1342	0.511	De plus, votre talent, si délié, si fignolé, si charmeur, si fin, si délicat a atteint à une énergie dont je vous félicite.	Nay more, your talent always so fluent, so finished, so winning, so fine, so delicate, has here acquired an energy on which I congratulate you.
1331	1343	0.607	Athalie, Joad, voilà des personnages que votre rival, Corneille, n’eût pas su mieux charpenter.	Athalie, Joad — these are figures which your rival Corneille could have wrought no better.
1332	1344	0.639	Les caractères sont virils, l’intrigue est simple et forte.	The characters are virile, the plot simple and strong.
1333	1345	0.541	Voilà une tragédie dont l’amour n’est pas le ressort et je vous en fais mes compliments les plus sincères.	You have given us a tragedy in which love is not the keynote, and on this I must offer you my sincerest compliments.
1334	1346	0.526	Les préceptes les plus fameux ne sont pas toujours les plus vrais.	The most familiar proverbs are not always the truest.
1335	1347-1348	0.396	Je vous citerai comme exemple: «De cette passion la sensible peinture est pour aller au cœur la route la plus sûre.»	"I will give you an example: ""This passion treat, which makes the poet's art Fly, as on wings, straight to the listener's heart."""
1336	1349	0.584	Vous avez montré que le sentiment religieux dont débordent vos chœurs n’est pas moins capable d’attendrir.	You have shewn us that the religious sentiment in which your choruses are steeped is no less capable of moving us.
1337	1350	0.439	Le grand public a pu être dérouté, mais les vrais connaisseurs vous rendent justice.	The general public may have been puzzled at first, but those who are best qualified to judge must give you your due.
1338	1351	0.642	J’ai tenu à vous envoyer toutes mes congratulations auxquelles je joins, mon cher confrère, l’expression de mes sentiments les plus distingués.»	"I have felt myself impelled to offer you all my congratulations, to which I would add, my dear brother poet, an expression of my very highest esteem."""
1339	1352	0.504	Les yeux d’Albertine n’avaient cessé d’étinceler pendant qu’elle faisait cette lecture.	Albertine's eyes, while she was reading this to us, had not ceased to sparkle.
1340	1353	0.311	«C’est à croire qu’elle a copié cela, s’écria-t-elle quand elle eut fini.	"""Really, you'ld think she must have cribbed it somewhere!"" she exclaimed, as she reached the end."
1341	1354	0.409	Jamais je n’aurais cru Gisèle capable de pondre un devoir pareil.	"""I should never have believed that Gisèle could hatch out anything like as good!"
1342	1355	0.364	Et ces vers qu’elle cite.	And the poetry she brings in!
1343	1356	0.404	Où a-t-elle pu aller chiper ça?»	"Where on earth can she have got that from?"""
1344	1357	0.412	L’admiration d’Albertine, changeant il est vrai d’objet, mais encore accrue, ne cessa pas, ainsi que l’application la plus soutenue, de lui faire «sortir les yeux de la tête» tout le temps qu’Andrée, consultée comme la plus grande et comme plus calée, d’abord, parla du devoir de Gisèle avec une certaine ironie, puis, avec un air de légèreté qui dissimulait mal un sérieux véritable, refit à sa façon la même lettre.	"Albertine's admiration, with a change, it is true, of object, but with no loss—an increase, rather—of intensity, combined with the closest attention to what was being said, continued to make her eyes ""start from her head"" all the time that Andrée (consulted as being the biggest of the band and more knowledgeable than the others) first of all spoke of Gisèle's essay with a certain irony, then with a levity of tone which failed to conceal her underlying seriousness proceeded to reconstruct the letter in her own way."
1345	1358	0.494	«Ce n’est pas mal, dit-elle à Albertine, mais si j’étais toi et qu’on me donne le même sujet, ce qui peut arriver, car on le donne très souvent, je ne ferais pas comme cela.	"""It is not badly done,"" she told Albertine, ""but if I were you and had the same subject set me, which is quite likely, as they do very often set that, I shouldn't do it in that way."
1346	1359	0.567	Voilà comment je m’y prendrais.	This is how I would tackle it.
1347	1360	0.388	D’abord si j’avais été Gisèle je ne me serais pas laissée emballer et j’aurais commencé par écrire sur une feuille à part mon plan.	Well, first of all, if I had been Gisèle, I should not have let myself get tied up, I should have begun by making a rough sketch of what I was going to write on a separate piece of paper.
1348	1361	0.457	En première ligne, la position de la question et l’exposition du sujet, puis les idées générales à faire entrer dans le développement.	On the top line I should state the question and give an account of the subject, then the general ideas to be worked into the development.
1349	1362	0.503	Enfin l’appréciation, le style, la conclusion.	After that, appreciation, style, conclusion.
1350	1363	0.427	Comme cela, en s’inspirant d’un sommaire, on sait où on va.	In that way, with a summary to refer to, you know where you are.
1351	1364	0.380	Dès l’exposition du sujet ou si tu aimes mieux, Titine, puisque c’est une lettre, dès l’entrée en matière, Gisèle a gaffé.	But at the very start, where she begins her account of the subject, or, if you like, Titine, since it's a letter we're speaking of, where she comes to the matter, Gisèle has gone off the rails altogether.
1352-1353	1365	0.415	Écrivant à un homme du XVIIe siècle Sophocle ne devait pas écrire «mon cher ami. — Elle aurait dû, en effet, lui faire dire mon cher Racine, s’écria fougueusement Albertine.	"Writing to a person of the seventeenth century, Sophocles ought never to have said, 'My dear friend,'"" ""Why, of course, she ought to have said, 'My dear Racine,'"" came impetuously from Albertine."
1354	1366	0.391	Ç’aurait été bien mieux.	"""That would have been much better."""
1355	1367	0.514	— Non, répondit Andrée sur un ton un peu persifleur, elle aurait dû mettre: «Monsieur».	"""No,"" replied Andrée, with a trace of mockery in her tone, ""She ought to have put 'Sir.'"
1356	1368	0.549	De même pour finir elle aurait dû trouver quelque chose comme: «Souffrez, Monsieur (tout au plus, cher Monsieur) que je vous dise ici les sentiments d’estime avec lesquels j’ai l’honneur d’être votre serviteur.»	In the same way, to end up, she ought to have thought of something like, 'Suffer me, Sir,' (at the very most, 'Dear Sir') to inform you of the sense of high esteem with which I have the honour to be your servant.'
1357	1369	0.594	D’autre part, Gisèle dit que les chœurs sont dans _Athalie_ une nouveauté.	Then again, Gisèle says that the choruses in _Athalie_ are a novelty.
1358	1370	0.548	Elle oublie _Esther_, et deux tragédies peu connues, mais qui ont été précisément analysées cette année par le Professeur, de sorte que rien qu’en les citant, comme c’est son dada, on est sûre d’être reçue.	She is forgetting _Esther_, and two tragedies that are not much read now but happen to have been analysed this year by the Professor himself, so that you need only mention them, since he's got them on the brain, and you're bound to pass.
1359-1360	1371	0.433	Ce sont: _Les Juives_, de Robert Garnier, et l’_Aman_, de Montchrestien.» Andrée cita ces deux titres sans parvenir à cacher un sentiment de bienveillante supériorité qui s’exprima dans un sourire, assez gracieux, d’ailleurs.	"I mean _Les Juives_, by Robert Garnier, and Montchrestien's _L'Aman._"" Andrée quoted these titles without managing quite to conceal a secret sense of benevolent superiority, which found expression in a smile, quite a delightful smile, for that matter."
1361	1372-1373	0.344	Albertine n’y tint plus: «Andrée, tu es renversante, s’écria-t-elle.	"Albertine could contain herself no longer. ""Andrée, you really are a perfect marvel,"" she cried."
1362	1374	0.435	Tu vas m’écrire ces deux titres-là.	"""You must write down those names for me."
1363	1375	0.512	Crois-tu? quelle chance si je passais là-dessus, même à l’oral, je les citerais aussitôt et je ferais un effet bœuf.»	"Just fancy, what luck it would be if I got on to that, even in the oral, I should bring them in at once and make a colossal impression."""
1364	1376	0.432	Mais dans la suite chaque fois qu’Albertine demanda à Andrée de lui redire les noms des deux pièces pour qu’elle les inscrivit, l’amie si savante prétendit les avoir oubliés et ne les lui rappela jamais.	But in the days that followed, every time that Albertine begged Andrée just to tell her again the names of those two plays so that she might write them down, her blue-stocking friend seemed most unfortunately to have forgotten them, and left her none the wiser.
1365	1377	0.347	«Ensuite, reprit Andrée sur un ton d’imperceptible dédain à l’égard de camarades plus puériles, mais heureuse pourtant de se faire admirer et attachant à la manière dont elle aurait fait sa composition plus d’importance qu’elle ne voulait le laisser voir, Sophocle aux Enfers doit être bien informé.	"""And another thing,"" Andrée went on with the faintest note in her voice of scorn for companions so much younger than herself, though she relished their admiration and attached to the manner in which she herself would have composed the essay a greater importance than she wanted us to think, ""Sophocles in the Shades must be kept well-informed of all that goes on."
1366	1378	0.637	Il doit donc savoir que ce n’est pas devant le grand public, mais devant le Roi-Soleil et quelques courtisans privilégiés que fut représentée _Athalie_.	He must know, therefore, that it was not before the general public but before the King's Majesty and a few privileged courtiers that _Athalie_ was first played.
1367	1379	0.479	Ce que Gisèle dit à ce propos de l’estime des connaisseurs n’est pas mal du tout, mais pourrait être complété.	What Gisèle says in this connexion of the esteem of qualified judges is not at all bad, but she might have gone a little farther.
1368	1380	0.635	Sophocle devenu immortel peut très bien avoir le don de la prophétie et annoncer que selon Voltaire _Athalie_ ne sera pas seulement «le chef-d’oeuvre de Racine, mais celui de l’esprit humain».	"Sophocles, now that he is immortal, might quite well have the gift of prophecy and announce that, according to Voltaire, _Athalie_ is to be the supreme achievement not of Racine merely but of the human mind."""
1369	1381	0.582	Albertine buvait toutes ces paroles.	Albertine was drinking in every word.
1370	1382	0.243	Ses prunelles étaient en feu.	Her eyes blazed.
1371	1383	0.563	Et c’est avec l’indignation la plus profonde qu’elle repoussa la proposition de Rosemonde de se mettre à jouer.	And it was with the utmost indignation that she rejected Rosemonde's suggestion that they should begin to play.
1372	1384	0.411	«Enfin, dit Andrée du même ton détaché, désinvolte, un peu railleur et assez ardemment convaincu, si Gisèle avait posément noté d’abord les idées générales qu’elle avait à développer, elle aurait peut-être pensé à ce que j’aurais fait, moi, montrer la différence qu’il y a dans l’inspiration religieuse des chœurs de Sophocle et de ceux de Racine.	"""And so,"" Andrée concluded, in the same easy, detached tone, blending a faint sneer with a certain warmth of conviction, ""if Gisèle had noted down properly, first of all, the general ideas that she was going to develop, it might perhaps have occurred to her to do what I myself should have done, point out what a difference there is between the religious inspiration of Sophocles's choruses and Racine's."
1373	1385	0.392	J’aurais fait faire par Sophocle la remarque que si les chœurs de Racine sont empreints de sentiments religieux comme ceux de la tragédie grecque, pourtant il ne s’agit pas des mêmes dieux.	I should have made Sophocles remark that if Racine's choruses are instinct with religious feeling like those of the Greek Tragedians, the gods are not the same.
1374	1386	0.583	Celui de Joad n’a rien à voir avec celui de Sophocle.	The God of Joad has nothing in common with the god of Sophocles.
1375	1387	0.587	Et cela amène tout naturellement, après la fin du développement, la conclusion: «Qu’importe que les croyances soient différentes.»	And that brings us quite naturally, when we have finished developing the subject, to our conclusion: What does it matter if their beliefs are different?
1376	1388	0.668	Sophocle se ferait un scrupule d’insister là-dessus.	Sophocles would hesitate to insist upon such a point.
1377	1389	0.632	Il craindrait de blesser les convictions de Racine et glissant à ce propos quelques mots sur ses maîtres de Port-Royal, il préfère féliciter son émule de l’élévation de son génie poétique.»	"He would be afraid of wounding Racine's convictions, and so, slipping in a few appropriate words on his masters at Port-Royal, he prefers to congratulate his disciple on the loftiness of his poetic genius."""
1378	1390	0.583	L’admiration et l’attention avaient donné si chaud à Albertine qu’elle suait à grosses gouttes.	Admiration and attention had so heated Albertine that great drops were rolling down her cheeks.
1379	1391	0.573	Andrée gardait le flegme souriant d’un dandy femelle.	Andrée preserved the unruffled calm of a female dandy.
1380	1392	0.684	«Il ne serait pas mauvais non plus de citer quelques jugements des critiques célèbres», dit-elle, avant qu’on se remît à jouer.	"""It would not be a bad thing either to quote some of the opinions of famous critics,"" she added, before they began their game."
1381	1393	0.618	«Oui, répondit Albertine, on m’a dit cela.	"""Yes,"" put in Albertine, ""so I've been told."
1382	1394	0.377	Les plus recommandables en général, n’est-ce pas, sont les jugements de Sainte-Beuve et de Merlet?	"The best ones to quote, on the whole, are Sainte-Beuve and Merlet, aren't they?"""
1383	1395	0.200	— Tu ne te trompes pas absolument, répliqua Andrée qui se refusa d’ailleurs à lui écrire les deux autres noms malgré les supplications d’Albertine, Merlet et Sainte-Beuve ne font pas mal.	"""Well, you're not absolutely wrong,"" Andrée told her, ""Merlet and Sainte-Beuve are by no means bad."
1384	1396	0.601	Mais il faut surtout citer Deltour et Gascq-Desfossés».	"But you certainly ought to mention Deltour and Gascq-Desfossés."""
1385	1397-1400	0.369	Pendant ce temps je songeais à la petite feuille de bloc-notes que m’avait passée Albertine: «Je vous aime bien», et une heure plus tard, tout en descendant les chemins qui ramenaient, un peu trop à pic à mon gré, vers Balbec, je me disais que c’était avec elle que j’aurais mon roman.	"She refused, however, despite Albertine's entreaties, to write down these two unfamiliar names. Meanwhile I had been thinking of the little page torn from a scribbling block which Albertine had handed me. ""I love you,"" she had written. And an hour later, as I scrambled down the paths which led back, a little too vertically for my liking, to Balbec, I said to myself that it was with her that I would have my romance."
1386	1401	0.399	L’état caractérisé par l’ensemble des signes auxquels nous reconnaissons d’habitude que nous sommes amoureux, tels les ordres que je donnais à l’hôtel de ne m’éveiller pour aucune visite, sauf si c’était celle d’une ou l’autre de ces jeunes filles, ces battements de cœur en les attendant (quelle que fût celle qui dût venir), et ces jours-là ma rage si je n’avais pu trouver un coiffeur pour me raser et devais paraître enlaidi devant Albertine, Rosemonde ou Andrée, sans doute cet état, renaissant alternativement pour l’une ou l’autre, était aussi différent de ce que nous appelons amour que diffère de la vie humaine celle des zoophytes où l’existence, l’individualité si l’on peut dire, est répartie entre différents organismes.	The state of being indicated by the presence of all the signs by which we are accustomed to recognise that we are in love, such as the orders which I left in the hotel not to awaken me whoever might ask to see me, unless it were one or other of the girls, the beating of my heart while I waited for her (whichever of them it might be that I was expecting) and on those mornings my fury if I had not succeeded in finding a barber to shave me, and must appear with the disfigurement of a hairy chin before Albertine, Rosemonde or Andrée, no doubt this state, recurring indifferently at the thought of one or another, was as different from what we call love as is from human life the life of the zoophytes, where an existence, an individuality, if we may so term it, is divided up among several organisms.
1387	1402	0.470	Mais l’histoire naturelle nous apprend qu’une telle organisation animale est observable et que notre propre vie, pour peu qu’elle soit déjà un peu avancée, n’est pas moins affirmative sur la réalité d’états insoupçonnés de nous autrefois et par lesquels nous devons passer, quitte à les abandonner ensuite.	But natural history teaches us that such an organization of animal life is indeed to be observed, and that our own life, provided only that we have outgrown the first phase, is no less positive as to the reality of states hitherto unsuspected by us, through which we have to pass, and can then abandon them altogether.
1388	1403	0.514	Tel pour moi cet état amoureux divisé simultanément entre plusieurs jeunes filles.	Such was for me this state of love divided among several girls at once.
1389	1404	0.325	Divisé ou plutôt indivisé, car le plus souvent ce qui m’était délicieux, différent du reste du monde, ce qui commençait à me devenir cher au point que l’espoir de le retrouver le lendemain était la meilleure joie de ma vie, c’était plutôt tout le groupe de ces jeunes filles, pris dans l’ensemble de ces après-midi sur la falaise, pendant ces heures éventées, sur cette bande d’herbe où étaient posées ces figures, si excitantes pour mon imagination, d’Albertine, de Rosemonde, d’Andrée; et cela, sans que j’eusse pu dire laquelle me rendait ces lieux si précieux, laquelle j’avais le plus envie d’aimer.	Divided — say rather undivided, for more often than not what was so delicious to me, different from the rest of the world, what was beginning to become so precious to me that the hope of finding it again on the morrow was the greatest happiness in my life, was rather the whole of the group of girls, taken as they were all together on those afternoons on the cliffs, during those lifeless hours, upon that strip of grass on which were laid those forms, so exciting to my imagination, of Albertine, Rosemonde, Andrée; and that without my being able to say which of them it was that made those scenes so precious to me, which of them I was most anxious to love.
1390	1405	0.378	Au commencement d’un amour comme à sa fin, nous ne sommes pas exclusivement attachés à l’objet de cet amour, mais plutôt le désir d’aimer dont il va procéder (et plus tard le souvenir qu’il laisse) erre voluptueusement dans une zone de charmes interchangeables — charmes parfois simplement de nature, de gourmandise, d’habitation — assez harmoniques entre eux pour qu’il ne se sente, auprès d’aucun, dépaysé.	At the start of a new love as at its ending, we are not exclusively attached to the object of that love, but rather the desire to be loving from which it will presently emerge (and, later on, the memory which it leaves behind) wanders voluptuously through a zone of interchangeable charms — simply natural charms, it may be, gratification of appetite, enjoyment of one's surroundings — which are so far harmonised among themselves that it does not in the presence of any one of them feel itself out of place.
1391	1406	0.487	D’ailleurs comme, devant elles, je n’étais pas encore blasé par l’habitude, j’avais la faculté de les voir, autant dire d’éprouver un étonnement profond chaque fois que je me retrouvais en leur présence.	Besides, as my perception of them was not yet dulled by familiarity, I had still the faculty of seeing them, that is to say of feeling a profound astonishment every time that I found myself in their presence.
1392	1407	0.439	Sans doute pour une part cet étonnement tient à ce que l’être nous présente alors une nouvelle face de lui-même; mais tant est grande la multiplicité de chacun, de la richesse des lignes de son visage et de son corps, lignes desquelles si peu se retrouvent aussitôt que nous ne sommes plus auprès de la personne, dans la simplicité arbitraire de notre souvenir.	No doubt this astonishment is to some extent due to the fact that the other person on such occasions presents himself in a fresh aspect; but so great is the multiformity of each of us, so abundant the wealth of lines of face and body, lines so few of which leave any trace, once we have parted from the other person, on the arbitrary simplicity of our memory.
1393	1408	0.285	Comme la mémoire a choisi telle particularité qui nous a frappé, l’a isolée, l’a exagérée, faisant d’une femme qui nous a paru grande une étude où la longueur de sa taille est démesurée, ou d’une femme qui nous a semblé rose et blonde une pure «Harmonie en rose et or», au moment où de nouveau cette femme est près de nous, toutes les autres qualités oubliées qui font équilibre à celle-là nous assaillent, dans leur complexité confuse, diminuant la hauteur, noyant le rose, et substituant à ce que nous sommes venus exclusivement chercher d’autres particularités que nous nous rappelons avoir remarquées la première fois et dont nous ne comprenons pas que nous ayons pu si peu nous attendre à les revoir.	As our mind has selected some peculiarity that had struck us, has isolated it, exaggerated it, making of a woman who has appeared to us tall, a sketch in which her figure is absurdly elongated, or of a woman who has seemed to be pink-cheeked and golden-haired a pure 'Harmony in pink and gold', so, the moment that woman is once again standing before us, all the other forgotten qualities which restore the balance of that one remembered feature at once assail us, in their confused complexity, diminishing her height, paling her cheeks, and substituting for what we have come to her solely to seek other peculiarities which we remember now that we did notice the first time, and fail to understand how we can so far have forgotten to look out for again.
1394	1409	0.371	Nous nous souvenons, nous allons au devant d’un paon et nous trouvons une pivoine.	We thought we remembered; it was a peahen, surely; we go to see it and find a peony.
1395	1410	0.530	Et cet étonnement inévitable n’est pas le seul; car à côté de celui-là il y en a un autre né de la différence, non plus entre les stylisations du souvenir et la réalité, mais entre l’être que nous avons vu la dernière fois, et celui qui nous apparaît aujourd’hui sous un autre angle, nous montrant un nouvel aspect.	And this inevitable astonishment is not the only one; for, side by side with it comes another, born of the difference, not now between the stereotyped forms of memory and reality, but between the person whom we saw last time and him who appears to us to-day from another angle and shews us another aspect.
1396	1411	0.415	Le visage humain est vraiment comme celui du Dieu d’une théogonie orientale, toute une grappe de visages juxtaposés dans des plans différents et qu’on ne voit pas à la fois.	The human face is indeed, like the face of the God of some Oriental theogony, a whole cluster of faces, crowded together but on different surfaces so that one does not see them all at once.
1397	1412	0.372	Mais pour une grande part, notre étonnement vient surtout de ce que l’être nous présente aussi une même face.	But to a great extent our astonishment springs from the other person's presenting to us also a face that is the same as before.
1398	1413	0.474	Il nous faudrait un si grand effort pour recréer tout ce qui nous a été fourni par ce qui n’est pas nous — fût-ce le goût d’un fruit — qu’à peine l’impression reçue, nous descendons insensiblement la pente du souvenir et sans nous en rendre compte en très peu de temps nous sommes très loin de ce que nous avons senti.	It would require so immense an effort to reconstruct everything that has been imparted to us by things other than ourself — were it only the taste of a fruit — that no sooner is the impression received than we begin imperceptibly to descend the slope of memory and, without noticing anything, in a very short time, we have come a long way from what we actually felt.
1399	1414	0.397	De sorte que chaque entrevue est une espèce de redressement qui nous ramène à ce que nous avions bien vu.	So that every fresh encounter is a sort of rectification, which brings us back to what we really did see.
1400	1415	0.414	Nous ne nous en souvenions plus déjà tant ce qu’on appelle se rappeler un être c’est en réalité l’oublier.	We have no longer any recollection of this, to such an extent does what we call remembering a person consist really in forgetting him.
1401	1416	0.408	Mais aussi longtemps que nous savons encore voir, au moment où le trait oublié nous apparaît, nous le reconnaissons, nous sommes obligés de rectifier la ligne déviée et ainsi la perpétuelle et féconde surprise qui rendait si salutaires et assouplissants pour moi ces rendez-vous quotidiens avec les belles jeunes filles du bord de la mer, était faite, tout autant que de découvertes, de réminiscence.	But so long as we can still see at the moment when the forgotten aspect appears, we recognise it, we are obliged to correct the straying line; thus the perpetual and fruitful surprise which made so salutary and invigorating for me these daily outings with the charming damsels of the sea shore, consisted fully as much in recognition as in discovery.
1402	1417	0.342	En ajoutant à cela l’agitation éveillée par ce qu’elles étaient pour moi, qui n’était jamais tout à fait ce que j’avais cru et qui faisait que l’espérance de la prochaine réunion n’était plus semblable à la précédente espérance mais au souvenir encore vibrant du dernier entretien, on comprendra que chaque promenade donnait un violent coup de barre à mes pensées, et non pas du tout dans le sens que dans la solitude de ma chambre j’avais pu tracer à tête reposée.	When there is added to this the agitation aroused by what these girls were to me, which was never quite what I had supposed, and meant that my expectancy of our next meeting resembled not so much my expectancy the time before as the still throbbing memory of our latest conversation, it will be realised that each of our excursions made a violent interruption in the course of my thoughts and moved them clean out of the direction which, in the solitude of my own room, I had been able to trace for them at my leisure.
1403	1418	0.343	Cette direction-là était oubliée, abolie, quand je rentrais vibrant comme une ruche des propos qui m’avaient troublé, et qui retentissaient longtemps en moi.	That plotted course was forgotten, had ceased to exist, when I returned home buzzing like a hive of bees with remarks which had disquieted me when I heard them and were still echoing in my brain.
1404	1419	0.618	Chaque être est détruit quand nous cessons de le voir; puis son apparition suivante est une création nouvelle, différente de celle qui l’a immédiatement précédée, sinon de toutes.	The other person is destroyed when we cease to see him; after which his next appearance means a fresh creation of him, different from that which immediately preceded it, if not from them all.
1405	1420	0.587	Car le minimum de variété qui puisse régner dans ces créations est de deux.	For the minimum variation that is to be found in these creations is duality.
1406	1421	0.443	Nous souvenant d’un coup d’œil énergique, d’un air hardi, c’est inévitablement la fois suivante par un profil quasi-languide, par une sorte de douceur rêveuse, choses négligées par nous dans le précédent souvenir, que nous serons à la prochaine rencontre, étonnés, c’est-à-dire presque uniquement frappés.	If we have in mind a strong and searching glance, a bold manner, it is inevitably, next time, by a half-languid profile, a sort of dreamy gentleness, overlooked by us in our previous impression, that we shall be, on meeting him again, astonished, that is to say almost solely struck.
1407	1422	0.367	Dans la confrontation de notre souvenir à la réalité nouvelle, c’est cela qui marquera notre déception ou notre surprise, nous apparaîtra comme la retouche de la réalité en nous avertissant que nous nous étions mal rappelés.	In confronting our memory with the new reality it is this that will mark the extent of our disappointment or surprise, will appear to us like the revised version of an earlier reality warning us that we had not remembered it correctly.
1408	1423	0.377	A son tour l’aspect, la dernière fois négligé, du visage, et à cause de cela même le plus saisissant cette fois-ci, le plus réel, le plus rectificatif, deviendra matière à rêverie, à souvenirs.	In its turn, the facial aspect neglected the time before, and for that very reason the most striking this time, the most real, the most documentary, will become a matter for dreams and memories.
1409	1424	0.458	C’est un profil langoureux et rond, une expression douce, rêveuse que nous désirerons revoir.	It is a languorous and rounded profile, a gentle, dreamy expression which we shall now desire to see again.
1410	1425	0.383	Et alors de nouveau la fois suivante, ce qu’il y a de volontaire dans les yeux perçants, dans le nez pointu, dans les lèvres serrées, viendra corriger l’écart entre notre désir et l’objet auquel il a cru correspondre.	And then, next time, such resolution, such strength of character as there may be in the piercing eyes, the pointed nose, the tight lips, will come to correct the discrepancy between our desire and the object to which it has supposed itself to correspond.
1411	1426	0.464	Bien entendu, cette fidélité aux impressions premières, et purement physiques, retrouvées à chaque fois auprès de mes amies, ne concernait pas que les traits de leur visage puisqu’on a vu que j’étais aussi sensible à leur voix, plus troublante peut-être (car elle n’offre pas seulement les mêmes surfaces singulières et sensuelles que lui, elle fait partie de l’abîme inaccessible qui donne le vertige des baisers sans espoir), leur voix pareille au son unique d’un petit instrument, où chacune se mettait tout entière et qui n’était qu’à elle.	It is understood, of course, that this loyalty to the first and purely physical impressions which I formed afresh at each encounter with my friends did not involve only their facial appearance, since the reader has seen that I was sensible also of their voices, more disquieting still, perhaps (for not only does a voice offer the same strange and sensuous surfaces as a face, it issues from that unknown, inaccessible region the mere thought of which sets the mind swimming with unattainable kisses), their voices each like the unique sound of a little instrument into which the player put all her artistry and which was found only in her possession.
1412	1427	0.435	Tracée par une inflexion, telle ligne profonde d’une de ces voix m’étonnait quand je la reconnaissais après l’avoir oubliée.	Traced by a casual inflexion, a sudden deep chord in one of their voices would astonish me when I recognised after having forgotten it.
1413	1428	0.433	Si bien que les rectifications qu’à chaque rencontre nouvelle j’étais obligé de faire, pour le retour à la parfaite justesse, étaient aussi bien d’un accordeur ou d’un maître de chant que d’un dessinateur.	So much so that the corrections which after every fresh meeting I was obliged to make so as to ensure absolute accuracy were as much those of a tuner or singing-master as a draughtsman's.
1414	1429	0.637	Quant à l’harmonieuse cohésion où se neutralisaient depuis quelque temps, par la résistance que chacune apportait à l’expansion des autres, les diverses ondes sentimentales propagées en moi par ces jeunes filles, elle fut rompue en faveur d’Albertine, une après-midi que nous jouions au furet.	"As for the harmonious cohesion in which had been neutralised for some time, by the resistance that each brought to bear against the expansion of the others, the several waves of sentiment set in motion in me by these girls, it was broken in Albertine's favour one afternoon when we were playing the game of ""ferret""."
1415	1430	0.552	C’était dans un petit bois sur la falaise.	It was in a little wood on the cliff.
1416	1431	0.385	Placé entre deux jeunes filles étrangères à la petite bande et que celle-ci avait emmenées parce que nous devions être ce jour-là fort nombreux, je regardais avec envie le voisin d’Albertine, un jeune homme, en me disant que si j’avais eu sa place j’aurais pu toucher les mains de mon amie pendant ces minutes inespérées qui ne reviendraient peut-être pas, et eussent pu me conduire très loin.	Stationed between two girls, strangers to the little band, whom the band had brought in its train because we wanted that day to have a bigger party than usual, I gazed enviously at Albertine's neighbour, a young man, saying to myself that if I had been in his place I could have been touching my friend's hands all those miraculous moments which might perhaps never recur, and that this would have been but the first stage in a great advance.
1417	1432	0.432	Déjà à lui seul et même sans les conséquences qu’il eût entraînées sans doute, le contact des mains d’Albertine m’eût été délicieux.	Already, by itself, and even without the consequences which it would probably have involved, the contact of Albertine's hands would have been delicious to me.
1418	1433	0.420	Non que je n’eusse jamais vu de plus belles mains que les siennes.	Not that I had never seen prettier hands than hers.
1419	1434	0.505	Même dans le groupe de ses amies, celles d’Andrée, maigres et bien plus fines, avaient comme une vie particulière, docile au commandement de la jeune fille, mais indépendante, et elles s’allongeaient souvent devant elle comme de nobles lévriers, avec des paresses, de longs rêves, de brusques étirements d’une phalange, à cause desquels Elstir avait fait plusieurs études de ces mains.	Even in the group of her friends, those of Andrée, slender hands and much finelier modelled, had as it were a private life of their own, obedient to the commands of their mistress, but independent, and used often to strain out before her like a leash of thoroughbred greyhounds, with lazy pauses, long dreams, sudden stretchings of a joint, seeing which Elstir had made a number of studies of these hands.
1420	1435	0.433	Et dans l’une où on voyait Andrée les chauffer devant le feu, elles avaient sous l’éclairage la diaphanéité dorée de deux feuilles d’automne.	And in one of them, in which you saw Andrée warming her hands at the fire, they had, with the light behind them, the gilded transparency of two autumn leaves.
1421	1436	0.392	Mais, plus grasses, les mains d’Albertine cédaient un instant, puis résistaient à la pression de la main qui les serrait, donnant une sensation toute particulière.	But, plumper than these, the hands of Albertine would yield for a moment, then resist the pressure of the hand that clasped them, giving a sensation that was quite peculiar to themselves.
1422	1437	0.404	La pression de la main d’Albertine avait une douceur sensuelle qui était comme en harmonie avec la coloration rose, légèrement mauve de sa peau.	The act of pressing Albertine's hand had a sensual sweetness which was in keeping somehow with the rosy, almost mauve colouring of her skin.
1423	1438	0.453	Cette pression semblait vous faire pénétrer dans la jeune fille, dans la profondeur de ses sens, comme la sonorité de son rire, indécent à la façon d’un roucoulement ou de certains cris.	That pressure seemed to allow you to penetrate into the girl's being, to plumb the depths of her senses, like the ringing sound of her laughter, indecent as may be the cooing of doves or certain animal cries.
1424	1439	0.508	Elle était de ces femmes à qui c’est un si grand plaisir de serrer la main qu’on est reconnaissant à la civilisation d’avoir fait du shake-hand un acte permis entre jeunes gens et jeunes filles qui s’abordent.	She was the sort of woman with whom shaking hands affords so much pleasure that one feels grateful to civilisation for having made of the handclasp a lawful act between young men and girls when they meet.
1425	1440	0.399	Si les habitudes arbitraires de la politesse avaient remplacé la poignée de mains par un autre geste, j’eusse tous les jours regardé les mains intangibles d’Albertine avec une curiosité de connaître leur contact aussi ardente qu’était celle de savoir la saveur de ses joues.	If the arbitrary code of good manners had replaced the clasp of hands by some other gesture, I should have gazed, day after day, at the unattainable hands of Albertine with a curiosity to know the feel of them as ardent as was my curiosity to learn the savour of her cheeks.
1426	1441	0.417	Mais dans le plaisir de tenir longtemps ses mains entre les miennes, si j’avais été son voisin au furet, je n’envisageais pas que ce plaisir même; que d’aveux, de déclarations tus jusqu’ici par timidité, j’aurais pu confier à certaines pressions de mains; de son côté comme il lui eût été facile en répondant par d’autres pressions de me montrer qu’elle acceptait; quelle complicité, quel commencement de volupté!	"But in the pleasure of holding her hand unrestrictedly in mine, had I been next to her at ""ferret"" I did not envisage that pleasure alone; what avowals, declarations silenced hitherto by my bashfulness, I could have conveyed by certain pressures of hand on hand; on her side, how easy it would have been for her, in responding by other pressures, to shew me that she accepted; what complicity, what a vista of happiness stood open!"
1427	1442	0.449	Mon amour pouvait faire plus de progrès en quelques minutes passées ainsi à côté d’elle qu’il n’avait fait depuis que je la connaissais.	My love would be able to make more advance in a few minutes spent thus by her side than it had yet made in all the time that I had known her.
1428	1443	0.451	Sentant qu’elles dureraient peu, étaient bientôt à leur fin, car on ne continuerait sans doute pas longtemps ce petit jeu, et qu’une fois qu’il serait fini, ce serait trop tard, je ne tenais pas en place.	Feeling that they would last but a short time, were rapidly nearing their end, since presumably we were not going on much longer with this game, and that once it was over I should be too late, I could not keep in my place for another moment.
1429	1444	0.351	Je me laissai exprès prendre la bague et une fois au milieu, quand elle passa je fis semblant de ne pas m’en apercevoir et la suivais des yeux attendant le moment où elle arriverait dans les mains du voisin d’Albertine, laquelle riant de toutes ses forces, et dans l’animation et la joie du jeu, était toute rose.	I let myself deliberately be caught with the ring, and, having gone into the middle, when the ring passed I pretended not to see it but followed its course with my eyes, waiting for the moment when it should come into the hands of the young man next to Albertine, who herself, pealing with helpless laughter, and in the excitement and pleasure of the game, was blushing like a rose.
1430	1445	0.444	«Nous sommes justement dans le bois joli», me dit Andrée en me désignant les arbres qui nous entouraient avec un sourire du regard qui n’était que pour moi et semblait passer par-dessus les joueurs, comme si nous deux étions seuls assez intelligents pour nous dédoubler et faire à propos du jeu une remarque d’un caractère poétique.	"""Why, we really are in the Fairy Wood!"" said Andrée to me, pointing to the trees that grew all round, with a smile in her eyes which was meant only for me and seemed to pass over the heads of the other players, as though we two alone were clever enough to double our parts, and make, in connexion with the game we were playing, a remark of a poetic nature."
1431	1446	0.565	Elle poussa même la délicatesse d’esprit jusqu’à chanter sans en avoir envie: «Il a passé par ici le furet du Bois, Mesdames, il a passé par ici le furet du Bois joli», comme les personnes qui ne peuvent aller à Trianon sans y donner une fête Louis XVI ou qui trouvent piquant de faire chanter un air dans le cadre pour lequel il fut écrit.	"She even carried the delicacy of her fancy so far as to sing half-unconsciously: ""The Ferret of the Wood has passed this way, Sweet Ladies; he has passed by this way, the Ferret of Fairy Wood!"" like those people who cannot visit Trianon without getting up a party in Louis XVI costume, or think it effective to have a song sung to its original setting."
1432	1447	0.453	J’eusse sans doute été au contraire attristé de ne pas trouver du charme à cette réalisation, si j’avais eu le loisir d’y penser.	I should no doubt have been sorry that I could see no charm in this piece of mimicry, had I had time to think of it.
1433	1448	0.563	Mais mon esprit était bien ailleurs.	But my thoughts were all elsewhere.
1434	1449	0.453	Joueurs et joueuses commençaient à s’étonner de ma stupidité et que je ne prisse pas la bague.	The players began to shew surprise at my stupidity in never getting the ring.
1435	1450	0.526	Je regardais Albertine si belle, si indifférente, si gaie, qui, sans le prévoir, allait devenir ma voisine quand enfin j’arrêterais la bague dans les mains qu’il faudrait, grâce à un manège qu’elle ne soupçonnait pas et dont sans cela elle se fût irritée.	I was looking at Albertine, so pretty, so indifferent, so gay, who, though she little knew it, was to be my neighbour when at last I should catch the ring in the right hands, thanks to a stratagem which she did not suspect, and would certainly have resented if she had.
1436	1451	0.367	Dans la fièvre du jeu, les longs cheveux d’Albertine s’étaient à demi défaits et, en mèches bouclées, tombaient sur ses joues dont ils faisaient encore mieux ressortir par leur brune sécheresse, la rose carnation.	In the heat of the game her long hair had become loosened, and fell in curling locks over her cheeks on which it served to intensify, by its dry brownness, the carnation pink.
1437	1452	0.623	«Vous avez les tresses de Laura Dianti, d’Éléonore de Guyenne, et de sa descendante si aimée de Chateaubriand.	"""You have the tresses of Laura Dianti, of Eleanor of Guyenne, and of her descendant so beloved of Chateaubriand."
1438	1453	0.574	Vous devriez porter toujours les cheveux un peu tombants», lui dis-je à l’oreille pour me rapprocher d’elle.	"You ought always to wear your hair half down like that,"" I murmured in her ear as an excuse for drawing close to her."
1439	1454	0.300	Tout d’un coup la bague passa au voisin d’Albertine.	Suddenly the ring passed to her neighbour.
1440	1455	0.333	Aussitôt je m’élançai, lui ouvris brutalement les mains, saisis la bague, il fut obligé d’aller à ma place au milieu du cercle et je pris la sienne à côté d’Albertine.	I sprang upon him at once, forced open his hands and seized it; he was obliged now to take my place inside the circle, while I took his beside Albertine.
1441	1456	0.328	Peu de minutes auparavant, j’enviais ce jeune homme quand je voyais que ses mains en glissant sur la ficelle rencontrer à tout moment celles d’Albertine.	A few minutes earlier I had been envying this young man, when I saw that his hands as they slipped over the cord were constantly brushing against hers.
1442	1457	0.502	Maintenant que mon tour était venu, trop timide pour rechercher, trop ému pour goûter ce contact, je ne sentais plus rien que le battement rapide et douloureux de mon cœur.	Now that my turn was come, too shy to seek, too much moved to enjoy this contact, I no longer felt anything save the rapid and painful beating of my heart.
1443	1458	0.405	A un moment, Albertine pencha vers moi d’un air d’intelligence sa figure pleine et rose, faisant semblant d’avoir la bague, afin de tromper le furet et de l’empêcher de regarder du côté où celle-ci était en train de passer.	At one moment Albertine leaned towards me, with an air of connivance, her round and rosy face, making a show of having the ring, so as to deceive the ferret, and keep him from looking in the direction in which she was just going to pass it.
1444	1459	0.267	Je compris tout de suite que c’était à cette ruse que s’appliquaient les sous-entendus du regard d’Albertine, mais je fus troublé en voyant ainsi passer dans ses yeux l’image purement simulée pour les besoins du jeu, d’un secret, d’une entente qui n’existaient pas entre elle et moi, mais qui dès lors me semblèrent possibles et m’eussent été divinement doux.	I realised at once that this was the sole object of Albertine's mysterious, confidential gaze, but I was a little shocked to see thus kindle in her eyes the image — purely fictitious, invented to serve the needs of the game — of a secret, an understanding between her and myself which did not exist, but which from that moment seemed to me to be possible and would have been divinely sweet.
1445	1460	0.328	Comme cette pensée m’exaltait, je sentis une légère pression de la main d’Albertine contre la mienne, et son doigt caressant qui se glissait sous mon doigt, et je vis qu’elle m’adressait en même temps un clin d’œil qu’elle cherchait à rendre imperceptible.	While I was still being swept aloft by this thought, I felt a slight pressure of Albertine's hand against mine, and her caressing finger slip under my finger along the cord, and I saw her, at the same moment, give me a wink which she tried to make pass unperceived by the others.
1446	1461-1463	0.248	D’un seul coup, une foule d’espoirs jusque-là invisibles à moi-même cristallisèrent: «Elle profite du jeu pour me faire sentir qu’elle m’aime bien», pensai-je au comble d’une joie d’où je retombai aussitôt quand j’entendis Albertine me dire avec rage: «Mais prenez-là donc, voilà une heure que je vous la passe.»	"At once, a mass of hopes, invisible hitherto by myself, crystallised within me. ""She is taking advantage of the game to let me feel that she really does love me,"" I thought to myself, in an acme of joy, from which no sooner had I reached it than I fell, on hearing Albertine mutter furiously: ""Why can't you take it? I've been shoving it at you for the last hour."""
1447	1464	0.521	Étourdi de chagrin, je lâchai la ficelle, le furet aperçut la bague, se jeta sur elle, je dus me remettre au milieu, désespéré, regardant la ronde effrénée qui continuait autour de moi, interpellé par les moqueries de toutes les joueuses, obligé, pour y répondre, de rire quand j’en avais si peu envie, tandis qu’Albertine ne cessait de dire: «On ne joue pas quand on ne veut pas faire attention et pour faire perdre les autres.	"Stunned with grief, I let go the cord, the ferret saw the ring and swooped down on it, and I had to go back into the middle, where I stood helpless, in despair, looking at the unbridled rout which continued to circle round me, stung by the jeering shouts of all the players, obliged, in reply, to laugh when I had so little mind for laughter, while Albertine kept on repeating: ""People can't play if they don't pay attention, and spoil the game for the others."
1448	1465	0.457	On ne l’invitera plus les jours où on jouera, Andrée, ou bien moi je ne viendrai pas.»	"He shan't be asked again when we're going to play, Andrée; if he is, I don't come."""
1449	1466	0.552	Andrée, supérieure au jeu et qui chantait son «Bois joli» que, par esprit d’imitation, reprenait sans conviction Rosemonde, voulut faire diversion aux reproches d’Albertine en me disant: «Nous sommes à deux pas de ces Creuniers que vous vouliez tant voir.	"Andrée, with a mind above the game, still chanting her ""Fairy Wood"" which, in a spirit of imitation, Rosemonde had taken up too, but without conviction, sought to make a diversion from Albertine's reproaches by saying to me: ""We're quite close to those old Creuniers you wanted so much to see."
1450	1467	0.404	Tenez, je vais vous mener jusque-là par un joli petit chemin pendant que ces folles font les enfants de huit ans.»	"Look, I'll take you there by a dear little path, and we'll leave these silly idiots to go on playing like babies in the nursery."""
1451	1468	0.460	Comme Andrée était extrêmement gentille avec moi, en route je lui dis d’Albertine tout ce qui me semblait propre à me faire aimer de celle-ci.	As Andrée was extremely nice to me, as we went along I said to her everything about Albertine that seemed calculated to make me attractive to the latter.
1452	1469	0.301	Elle me répondit qu’elle aussi l’aimait beaucoup, la trouvait charmante, pourtant mes compliments à l’adresse de son amie n’avaient pas l’air de lui faire plaisir.	Andrée replied that she too was very fond of Albertine, thought her charming; in spite of which the compliments that I was paying to her friend did not seem altogether to please her.
1453	1470-1471	0.443	Tout d’un coup dans le petit chemin creux, je m’arrêtai touché au cœur par un doux souvenir d’enfance: je venais de reconnaître aux feuilles découpées et brillantes qui s’avançaient sur le seuil, un buisson d’aubépines défleuries, hélas, depuis la fin du printemps.	Suddenly, in the little sunken path, I stopped short, touched to the heart by an exquisite memory of my childhood. I had just recognised, by the fretted and glossy leaves which it thrust out towards me, a hawthorn-bush, flowerless, alas, now that spring was over.
1454	1472	0.568	Autour de moi flottait une atmosphère d’anciens mois de Marie, d’après-midi du dimanche, de croyances, d’erreurs oubliées.	Around me floated the atmosphere of far off Months of Mary, of Sunday afternoons, of beliefs, or errors long ago forgotten.
1455	1473	0.389	J’aurais voulu la saisir.	I wanted to stay it in its passage.
1456	1474	0.586	Je m’arrêtai une seconde et Andrée, avec une divination charmante, me laissa causer un instant avec les feuilles de l’arbuste.	I stood still for a moment, and Andrée, with a charming divination of what was in my mind, left me to converse with the leaves of the bush.
1457	1475	0.525	Je leur demandai des nouvelles des fleurs, ces fleurs de l’aubépine pareilles à des gaies jeunes filles étourdies, coquettes et pieuses.	I asked them for news of the flowers, those hawthorn flowers that were like merry little girls headstrong, provocative, pious.
1458	1476	0.543	«Ces demoiselles sont parties depuis déjà longtemps», me disaient les feuilles.	"""The young ladies have been gone from here for a long time now,"" the leaves told me."
1459	1477	0.549	Et peut-être pensaient-elles que pour le grand ami d’elles que je prétendais être, je ne semblais guère renseigné sur leurs habitudes.	And perhaps they thought that, for the great friend of those young ladies that I pretended to be, I seemed to have singularly little knowledge of their habits.
1460	1478	0.533	Un grand ami, mais qui ne les avais pas revues depuis tant d’années malgré ses promesses.	A great friend, but one who had never been to see them again for all these years, despite his promises.
1461	1479	0.513	Et pourtant, comme Gilberte avait été mon premier amour pour une jeune fille, elles avaient été mon premier amour pour une fleur.	And yet, as Gilberte had been my first love among girls, so these had been my first love among flowers.
1462	1480	0.564	«Oui, je sais, elles s’en vont vers la mi-juin, répondis-je, mais cela me fait plaisir de voir l’endroit qu’elles habitaient ici.	"""Yes, I know all that, they leave about the middle of June,"" I answered, ""but I am so delighted to see the place where they stayed when they were here."
1463	1481	0.488	Elles sont venues me voir à Combray dans ma chambre, amenées par ma mère quand j’étais malade.	They came to see me, too, at Combray, in my room; my mother brought them when I was ill in bed.
1464	1482	0.470	Et nous nous retrouvions le samedi soir au mois de Marie.	And we used to meet on Saturday evenings, too, at the Month of Mary devotions.
1465	1483	0.511	Elles peuvent y aller ici?	"Can they get to them from here?"""
1466	1484	0.481	— Oh! naturellement!	"""Oh, of course!"
1467	1485	0.402	Du reste on tient beaucoup à avoir ces demoiselles à l’église de Saint-Denis du Désert, qui est la paroisse la plus voisine.	"Why, they make a special point of having our young ladies at Saint-Denis du Désert, the church near here."""
1468	1486	0.513	— Alors maintenant pour les voir?	"""Then, if I want to see them now?"""
1469	1487	0.338	— Oh! pas avant le mois de mai de l’année prochaine.	"""Oh, not before May, next year."""
1470	1488	0.516	— Mais je peux être sûr qu’elles seront là?	"""But I can be sure that they will be here?"""
1471	1489	0.437	— Régulièrement tous les ans.	"""They come regularly every year."""
1472	1490	0.556	— Seulement je ne sais pas si je retrouverai bien la place.	"""Only I don't know whether it will be easy to find the place."""
1473	1491-1492	0.475	— Que si! ces demoiselles sont si gaies, elles ne s’interrompent de rire que pour chanter des cantiques, de sorte qu’il n’y a pas d’erreur possible et que du bout du sentier vous reconnaîtrez leur parfum.»	"""Oh, dear, yes! They are so gay, the young ladies, they stop laughing only to sing hymns together, so that you can't possibly miss them, you can tell by the scent from the other end of the path."""
1474	1493	0.605	Je rejoignis Andrée, recommençai à lui faire des éloges d’Albertine.	I caught up Andrée, and began again to sing Albertine's praises.
1475	1494	0.357	Il me semblait impossible qu’elle ne les lui répétât pas étant donnée l’insistance que j’y mis.	It was inconceivable to me that she would not repeat what I said to her friend, seeing the emphasis that I put into it.
1476	1495	0.493	Et pourtant je n’ai jamais appris qu’Albertine les eût sus.	And yet I never heard that Albertine had been told.
1477	1496	0.466	Andrée avait pourtant bien plus qu’elle l’intelligence des choses du cœur, le raffinement dans la gentillesse; trouver le regard, le mot, l’action, qui pouvaient le plus ingénieusement faire plaisir, taire une réflexion qui risquait de peiner, faire le sacrifice (et en ayant l’air que ce ne fût pas un sacrifice), d’une heure de jeu, voire d’une matinée, d’une garden-party, pour rester auprès d’un ami ou d’une amie triste et lui montrer ainsi qu’elle préférait sa simple société à des plaisirs frivoles, telles étaient ses délicatesses coutumières.	"Andrée had, nevertheless, a far greater understanding of the things of the heart, a refinement of nice behaviour; finding the look, the word, the action that could most ingeniously give pleasure, keeping to herself a remark that might possibly cause pain, making a sacrifice (and making it as though it were no sacrifice at all) of an afternoon's play, or it might be an ""at home"" or a garden-party in order to stay beside a friend who was feeling sad, and thus shew him or her that she preferred the simple company of a friend to frivolous pleasures; these were her habitual delicacies."
1478	1497	0.379	Mais quand on la connaissait un peu plus on aurait dit qu’il en était d’elle comme de ces héroïques poltrons qui ne veulent pas avoir peur, et de qui la bravoure est particulièrement méritoire; on aurait dit qu’au fond de sa nature, il n’y avait rien de cette bonté qu’elle manifestait à tout moment par distinction morale, par sensibilité, par noble volonté de se montrer bonne amie.	But when one knew her a little better one would have said that it was with her as with those heroic cravens who wish not to be afraid, and whose bravery is especially meritorious, one would have said that in her true character there was none of that generosity which she displayed at every moment out of moral distinction, or sensibility, or a noble desire to shew herself a true friend.
1479	1498	0.368	A écouter les charmantes choses qu’elle me disait d’une affection possible entre Albertine et moi, il semblait qu’elle eût dû travailler de toutes ses forces à la réaliser.	When I listened to all the charming things she was saying to me about a possible affection between Albertine and myself it seemed as though she were bound to do everything in her power to bring it to pass.
1480	1499	0.274	Or, par hasard peut-être, du moindre des riens dont elle avait la disposition et qui eussent pu m’unir à Albertine, elle ne fit jamais usage, et je ne jurerais pas que mon effort pour être aimé d’Albertine, n’ait, sinon provoqué de la part de son amie des manèges secrets destinés à le contrarier, mais éveillé en elle une colère bien cachée d’ailleurs, et contre laquelle par délicatesse elle luttait peut-être elle-même.	Whereas, by mere chance perhaps, not even of the least of the various minor opportunities which were at her disposal and might have proved effective in uniting me to Albertine did she ever make any use, and I would not swear that my effort to make myself loved by Albertine did not — if not provoke in her friend secret stratagems destined to bring it to nought — at any rate arouse in her an anger which however she took good care to hide and against which even, in her delicacy of feeling, she may herself have fought.
1481	1500	0.348	De mille raffinements de bonté qu’avait Andrée, Albertine eût été incapable, et cependant je n’étais pas certain de la bonté profonde de la première comme je le fus plus tard de celle de la seconde.	Of the countless refinements of goodness which Andrée shewed Albertine would have been incapable, and yet I was not certain of the underlying goodness of the former as I was to be, later on, of the latter's.
1482	1501	0.424	Se montrant toujours tendrement indulgente à l’exubérante frivolité d’Albertine, Andrée avait avec elle des paroles, des sourires qui étaient d’une amie, bien plus elle agissait en amie.	Shewing herself always tenderly indulgent to the exuberant frivolity of Albertine, Andrée would greet her with speeches, with smiles which were those of a friend, better still, she always acted towards her as a friend.
1483	1502	0.370	Je l’ai vue, jour par jour, pour faire profiter de son luxe, pour rendre heureuse cette amie pauvre, prendre, sans y avoir aucun intérêt, plus de peine qu’un courtisan qui veut capter la faveur du souverain.	I have seen her, day after day, in order to give the benefit of her own wealth, to bring some happiness to this penniless friend take, without any possibility of advantage to herself, more pains than a courtier would take who sought to win his sovereign's favour.
1484	1503	0.334	Elle était charmante de douceur, de mots tristes et délicieux, quand on plaignait devant elle la pauvreté d’Albertine et se donnait mille fois plus de peine pour elle qu’elle n’eût fait pour une amie riche.	She was charmingly gentle always, charming in her choice of sweet, pathetic expressions, when you said to her what a pity it was that Albertine was so poor, and took infinitely more trouble on her behalf than she would have taken for a wealthy friend.
1485	1504	0.404	Mais si quelqu’un avançait qu’Albertine n’était peut-être pas aussi pauvre qu’on disait, un nuage à peine discernable voilait le front et les yeux d’Andrée; elle semblait de mauvaise humeur.	But if anyone were to hint that Albertine was perhaps not quite so poor as people made out, a just discernible cloud would veil the light of Andrée's eyes and brow; she seemed out of temper.
1486	1505	0.444	Et si on allait jusqu’à dire qu’après tout elle serait peut-être moins difficile à marier qu’on pensait, elle vous contredisait avec force et répétait presque rageusement: «Hélas si, elle sera immariable!	"And if you went on to say that after all Albertine might perhaps be less difficult to marry off than people supposed, she would vehemently contradict you, repeating almost angrily: ""Oh dear, no; she will never get married!"
1487	1506	0.439	Je le sais bien, cela me fait assez de peine!»	"I am quite certain of it; it is a dreadful worry to me!"""
1488	1507	0.457	Même, en ce qui me concernait, elle était la seule de ces jeunes filles qui jamais ne m’eût répété quelque chose de peu agréable qu’on avait pu dire de moi; bien plus, si c’était moi-même qui le racontais, elle faisait semblant de ne pas le croire ou en donnait une explication qui rendît le propos inoffensif; c’est l’ensemble de ces qualités qui s’appelle le tact.	In so far as I myself was concerned, Andrée was the only one of the girls who would never have repeated to me anything not very pleasant that might have been said about me by a third person; more than that, if it were I who told her what had been said she would make a pretence of not believing it, or would furnish some explanation which made the remark inoffensive; it is the aggregate of these qualities that goes by the name of tact.
1489	1508	0.357	Il est l’apanage des gens qui, si nous allons sur le terrain, nous félicitent et ajoutent qu’il n’y avait pas lieu de le faire, pour augmenter encore à nos yeux le courage dont nous avons fait preuve, sans y avoir été contraint.	Tact is the attribute of those people who, if we have called a man out in a duel, congratulate us and add that there was no necessity, really; so as to enhance still further in our own eyes the courage of which we have given proof without having been forced to do so.
1490	1509	0.479	Ils sont l’opposé des gens qui dans la même circonstance disent: «Cela a dû bien vous ennuyer de vous battre, mais d’un autre côté vous ne pouviez pas avaler un tel affront, vous ne pouviez faire autrement.»	"They are the opposite of the people who, in similar circumstances, say: ""It must have been a horrid nuisance for you, fighting a duel, but on the other hand you couldn't possibly swallow an insult like that, there was nothing else to be done."""
1491	1510	0.286	Mais comme en tout il y a du pour et du contre, si le plaisir ou du moins l’indifférence de nos amis à nous répéter quelque chose d’offensant qu’on a dit sur nous, prouve qu’ils ne se mettent guère dans notre peau au moment où ils nous parlent, et y enfoncent l’épingle et le couteau comme dans de la baudruche, l’art de nous cacher toujours ce qui peut nous être désagréable dans ce qu’ils ont entendu dire de nos actions, ou de l’opinion qu’elles leur ont à eux-mêmes inspirée, peut prouver chez l’autre catégorie d’amis, chez les amis pleins de tact, une forte dose de dissimulation.	But as there is always something to be said on both sides, if the pleasure, or at least the indifference shewn by our friends in repeating something offensive that they have heard said about us, proves that they do not exactly put themselves in our skin at the moment of speaking, but thrust in the pin-point, turn the knife-blade as though it were gold-beater's skin and not human, the art of always keeping hidden from us what might be disagreeable to us in what they have heard said about our actions, or in the opinion which those actions have led the speakers themselves to form of us, proves that there is in the other kind of friends, in the friends who are so full of tact, a strong vein of dissimulation.
1492	1511	0.498	Elle est sans inconvénient si, en effet, ils ne peuvent penser du mal et si celui qu’on dit les fait seulement souffrir comme il nous ferait souffrir nous-mêmes.	It does no harm if indeed they are incapable of thinking evil, and if what is said by other people only makes them suffer as it would make us.
1493	1512	0.641	Je pensais que tel était le cas pour Andrée sans en être cependant absolument sûr.	I supposed this to be the case with Andrée, without, however, being absolutely sure.
1494	1513	0.496	Nous étions sortis du petit bois et avions suivi un lacis de chemins assez peu fréquentés où Andrée se retrouvait fort bien.	We had left the little wood and had followed a network of overgrown paths through which Andrée managed to find her way with great skill.
1495	1514	0.514	«Tenez, me dit-elle tout à coup, voici vos fameux Creuniers, et encore vous avez de la chance, juste par le temps, dans la lumière où Elstir les a peints.»	"Suddenly, ""Look now,"" she said to me, ""there are your famous Creuniers, and, I say, you are in luck, it's just the time of day, and the light is the same as when Elstir painted them."""
1496	1515	0.605	Mais j’étais encore trop triste d’être tombé pendant le jeu du furet d’un tel faîte d’espérances.	"But I was still too wretched at having fallen, during the game of ""ferret"", from such a pinnacle of hopes."
1497	1516	0.595	Aussi ne fût-ce pas avec le plaisir que j’aurais sans doute éprouvé que je pus distinguer tout d’un coup à mes pieds, tapies entre les roches où elles se protégeaient contre la chaleur, les Déesses marines qu’Elstir avait guettées et surprises, sous un sombre glacis aussi beau qu’eût été celui d’un Léonard, les merveilleuses Ombres abritées et furtives, agiles et silencieuses, prêtes au premier remous de lumière à se glisser sous la pierre, à se cacher dans un trou et promptes, la menace du rayon passée, à revenir auprès de la roche ou de l’algue, sous le soleil émietteur des falaises, et de l’Océan décoloré dont elles semblent veiller l’assoupissement, gardiennes immobiles et légères, laissant paraître à fleur d’eau leur corps gluant et le regard attentif de leurs yeux foncés.	And so it was not with the pleasure which otherwise I should doubtless have felt that I caught sight, almost below my feet, crouching among the rocks, where they had gone for protection from the heat, of marine goddesses for whom Elstir had lain in wait and surprised them there, beneath a dark glaze as lovely as Leonardo would have painted, the marvellous Shadows, sheltered and furtive, nimble and voiceless, ready at the first glimmer of light to slip behind the stone, to hide in a cranny, and prompt, once the menacing ray had passed, to return to rock or seaweed beneath the sun that crumbled the cliffs and the odourless ocean, over whose slumbers they seemed to be watching, motionless lightfoot guardians letting appear on the waters surface their viscous bodies and the attentive gaze of their deep blue eyes.
1498	1517	0.511	Nous allâmes retrouver les autres jeunes filles pour rentrer.	We went back to the wood to pick up the other girls and go home together.
1499	1518-1519	0.562	Je savais maintenant que j’aimais Albertine; mais hélas! je ne me souciais pas de le lui apprendre.	I knew now that I was in love with Albertine; but, alas! I had no thought of letting her know it.
1500	1520	0.502	C’est que, depuis le temps des jeux aux Champs-Élysées, ma conception de l’amour était devenue différente, si les êtres auxquels s’attachaient successivement mon amour demeuraient presque identiques.	This was because, since the days of our games in the Champs-Elysées, my conception of love had become different, even if the persons to whom my love was successively assigned remained practically the same.
1501	1521	0.465	D’une part l’aveu, la déclaration de ma tendresse à celle que j’aimais ne me semblait plus une des scènes capitales et nécessaires de l’amour; ni celui-ci, une réalité extérieure mais seulement un plaisir subjectif.	For one thing, the avowal, the declaration of my passion to her whom I loved no longer seemed to me one of the vital and necessary incidents of love, nor love itself an external reality, but simply a subjective pleasure.
1502	1522	0.386	Et ce plaisir, je sentais qu’Albertine ferait d’autant plus ce qu’il fallait pour l’entretenir qu’elle ignorerait que je l’éprouvais.	And as for this pleasure, I felt that Albertine would do everything necessary to furnish it, all the more since she would not know that I was enjoying it.
1503	1523	0.267	Pendant tout ce retour, l’image d’Albertine noyée dans la lumière qui émanait des autres jeunes filles ne fut pas seule à exister pour moi.	As we walked home the image of Albertine, bathed in the light that streamed from the other girls, was not the only one that existed for me.
1504	1524	0.419	Mais comme la lune qui n’est qu’un petit nuage blanc d’une forme plus caractérisée et plus fixe pendant le jour, prend toute sa puissance dès que celui-ci s’est éteint, ainsi quand je fus rentré à l’hôtel ce fut la seule image d’Albertine qui s’éleva de mon cœur et se mit à briller.	But as the moon, which is no more than a tiny white cloud of a more definite and fixed shape than other clouds during the day, assumes her full power as soon as daylight dies, so when I was once more in the hotel it was Albertine's sole image that rose from my heart and began to shine.
1505	1525	0.451	Ma chambre me semblait tout d’un coup nouvelle.	My room seemed to me to have become suddenly a new place.
1506	1526	0.494	Certes, il y avait bien longtemps qu’elle n’était plus la chambre ennemie du premier soir.	Of course, for a long time past, it had not been the hostile room of my first night in it.
1507	1527	0.578	Nous modifions inlassablement notre demeure autour de nous; et, au fur et à mesure que l’habitude nous dispense de sentir, nous supprimons les éléments nocifs de couleur, de dimension et d’odeur qui objectivaient notre malaise.	All our lives, we go on patiently modifying the surroundings in which we dwell; and gradually, as habit dispenses us from feeling them, we suppress the noxious elements of colour, shape and smell which were at the root of our discomfort.
1508	1528	0.542	Ce n’était plus davantage la chambre, assez puissante encore sur ma sensibilité, non certes pour me faire souffrir, mais pour me donner de la joie, la cuve des beaux jours, semblable à une piscine à mi-hauteur de laquelle ils faisaient miroiter un azur mouillé de lumière, que recouvrait un moment, impalpable et blanche comme une émanation de la chaleur, une voile reflétée et fuyante; ni la chambre purement esthétique des soirs picturaux; c’était la chambre où j’étais depuis tant de jours que je ne la voyais plus.	Nor was it any longer the room, still potent enough over my sensibility, not certainly to make me suffer, but to give me joy, the fount of summer days, like a marble basin in which, half-way up its polished sides, they mirrored an azure surface steeped in light over which glided for an instant, impalpable and white as a wave of heat, a shadowy and fleeting cloud; not the room, wholly aesthetic, of the pictorial evening hours; it was the room in which I had been now for so many days that I no longer saw it.
1509	1529	0.537	Or voici que je venais de recommencer à ouvrir les yeux sur elle, mais cette fois-ci de ce point de vue égoïste qui est celui de l’amour.	And now I was just beginning again to open my eyes to it, but this time from the selfish angle which is that of love.
1510	1530	0.381	Je songeais que la belle glace oblique, les élégantes bibliothèques vitrées donneraient à Albertine si elle venait me voir une bonne idée de moi.	I liked to feel that the fine big mirror across one corner, the handsome bookcases with their fronts of glass would give Albertine, if she came to see me, a good impression of myself.
1511	1531	0.383	A la place d’un lieu de transition où je passais un instant avant de m’évader vers la plage ou vers Rivebelle, ma chambre me redevenait réelle et chère, se renouvelait, car j’en regardais et en appréciais chaque meuble avec les yeux d’Albertine.	Instead of a place of transit in which I would stay for a few minutes before escaping to the beach or to Rivebelle, my room became real and dear to me, fashioned itself anew, for I looked at and appreciated each article of its furniture with the eyes of Albertine.
1512	1532	0.220	Quelques jours après la partie de furet, comme nous étant laissés entraîner trop loin dans une promenade nous avions été fort heureux de trouver à Maineville deux petits «tonneaux» à deux places qui nous permettraient de revenir pour l’heure du dîner, la vivacité déjà grande de mon amour pour Albertine eut pour effet que ce fut successivement à Rosemonde et à Andrée que je proposai de monter avec moi, et pas une fois à Albertine, ensuite que tout en invitant de préférence Andrée ou Rosemonde, j’amenai tout le monde, par des considérations secondaires d’heure, de chemin et de manteaux, à décider comme contre mon gré que le plus pratique était que je prisse avec moi Albertine à la compagnie de laquelle je feignis de me résigner tant bien que mal.	"A few days after the game of ""ferret"", when having allowed ourselves to wander rather too far afield, we had been fortunate in finding at Maineville a couple of little ""tubs"" with two seats in each which would enable us to be back in time for dinner, the keenness, already intense, of my love for Albertine, had the following effect, first of all, that it was Rosemonde and Andrée in turn that I invited to be my companion, and never once Albertine, after which, in spite of my manifest preference for Andrée or Rosemonde, I led everybody, by secondary considerations of time and distance, cloaks and so forth, to decide, as though against my wishes, that the most practical policy was that I should take Albertine, to whose company I pretended to resign myself for good or ill."
1513	1533	0.407	Malheureusement l’amour tendant à l’assimilation complète d’un être, comme aucun n’est comestible par la seule conversation, Albertine eut beau être aussi gentille que possible pendant ce retour, quand je l’eus déposée chez elle, elle me laissa heureux, mais plus affamé d’elle encore que je n’étais au départ et ne comptant les moments que nous venions de passer ensemble que comme un prélude, sans grande importance par lui-même, à ceux qui suivraient.	Unfortunately, since love tends to the complete assimilation of another person, while other people are not comestible by way of conversation alone, Albertine might be (and indeed was) as friendly as possible to me on our way home; when I had deposited her at her own door she left me happy but more famished for her even than I had been at the start, and reckoning the moments that we had spent together as only a prelude, of little importance in itself, to those that were still to come.
1514	1534	0.364	Il avait pourtant ce premier charme qu’on ne retrouve pas.	And yet this prelude had that initial charm which is not to be found again.
1515	1535	0.583	Je n’avais encore rien demandé à Albertine.	I had not yet asked anything of Albertine.
1516	1536	0.523	Elle pouvait imaginer ce que je désirais, mais n’en étant pas sûre, supposer que je ne tendais qu’à des relations sans but précis auxquelles mon amie devait trouver ce vague délicieux, riche de surprises attendues, qui est le romanesque.	She could imagine what I wanted, but, not being certain of it, would suppose that I was tending only towards relations without any definite purpose, in which my friend would find that delicious vagueness, rich in surprising fulfilments of expectations, which is true romance.
1517	1537	0.597	Dans la semaine qui suivit je ne cherchai guère à voir Albertine.	In the week that followed I scarcely attempted to see Albertine.
1518	1538	0.459	Je faisais semblant de préférer Andrée.	I made a show of preferring Andrée.
1519	1539	0.464	L’amour commence, on voudrait rester pour celle qu’on aime l’inconnu qu’elle peut aimer, mais on a besoin d’elle, on a besoin de toucher moins son corps que son attention, son cœur.	Love is born; one would like to remain, for her whom one loves, the unknown whom she may love in turn, but one has need of her, one requires contact not so much with her body as with her attention, her heart.
1520	1540	0.383	On glisse dans une lettre une méchanceté qui forcera l’indifférente à vous demander une gentillesse, et l’amour, suivant une technique infaillible, resserre pour nous d’un mouvement alterné l’engrenage dans lequel on ne peut plus ni ne pas aimer, ni être aimé.	One slips into a letter some spiteful expression which will force the indifferent reader to ask for some little kindness in compensation, and love, following an unvarying procedure, sets going with an alternating movement the machinery in which one can no longer either refrain from loving or be loved.
1521	1541	0.423	Je donnais à Andrée les heures où les autres allaient à quelque matinée que je savais qu’Andrée me sacrifierait, par plaisir, et qu’elle m’eût sacrifiées même avec ennui, par élégance morale, pour ne pas donner aux autres ni à elle-même l’idée qu’elle attachait du prix à un plaisir relativement mondain.	I gave to Andrée the hours spent by the others at a party which I knew that she would sacrifice for my sake, with pleasure, and would have sacrificed even with reluctance, from a moral nicety, so as not to let either the others or herself think that she attached any importance to a relatively frivolous amusement.
1522	1542	0.388	Je m’arrangeais ainsi à l’avoir chaque soir toute à moi, pensant non pas rendre Albertine jalouse, mais accroître à ses yeux mon prestige ou du moins ne pas le perdre en apprenant à Albertine que c’était elle et non Andrée que j’aimais.	I arranged in this way to have her entirely to myself every evening, meaning not to make Albertine jealous, but to improve my position in her eyes, or at any rate not to imperil it by letting Albertine know that it was herself and not Andrée that I loved.
1523	1543	0.314	Je ne le disais pas non plus à Andrée de peur qu’elle le lui répétât.	Nor did I confide this to Andrée either, lest she should repeat it to her friend.
1524	1544	0.374	Quand je parlais d’Albertine avec Andrée, j’affectais une froideur dont Andrée fut peut-être moins dupe que moi dans sa crédulité apparente.	When I spoke of Albertine to Andrée I affected a coldness by which she was perhaps less deceived than I by her apparent credulity.
1525	1545	0.380	Elle faisait semblant de croire à mon indifférence pour Albertine, de désirer l’union la plus complète possible entre Albertine et moi.	She made a show of believing in my indifference to Albertine, of desiring the closest possible union between Albertine and myself.
1526	1546	0.484	Il est probable qu’au contraire elle ne croyait pas à la première ni ne souhaitait la seconde.	It is probable that, on the contrary, she neither believed in the one nor wished for the other.
1527	1547	0.526	Pendant que je lui disais me soucier assez peu de son amie, je ne pensais qu’à une chose, tâcher d’entrer en relations avec Mme Bontemps qui était pour quelques jours près de Balbec et chez qui Albertine devait bientôt aller passer trois jours.	While I was saying to her that I did not care very greatly for her friend, I was thinking of one thing only, how to become acquainted with Mme. Bontemps, who was staying for a few days near Balbec, and to whom Albertine was going presently on a short visit.
1528	1548	0.353	Naturellement, je ne laissais pas voir ce désir à Andrée et quand je lui parlais de la famille d’Albertine, c’était de l’air le plus inattentif.	Naturally I did not let Andrée become aware of this desire, and when I spoke to her of Albertine's people, it was in the most careless manner possible.
1529	1549	0.474	Les réponses explicites d’Andrée ne paraissaient pas mettre en doute ma sincérité.	Andrée's direct answers did not appear to throw any doubt on my sincerity.
1530	1550	0.344	Pourquoi donc lui échappa-t-il un de ces jours-là de me dire: «J’ai _justement_ vu la tante à Albertine»?	"Why then did she blurt out suddenly, about that time: ""Oh, guess who' I've just seen — Albertine's aunt!"""
1531	1551	0.267	Certes elle ne m’avait pas dit: «J’ai bien démêlé sous vos paroles jetées comme par hasard, que vous ne pensiez qu’à vous lier avec la tante d’Albertine.»	"It is true that she had not said in so many words: ""I could see through your casual remarks all right that the one thing you were really thinking of was how you could make friends with Albertine's aunt."""
1532	1552	0.440	Mais c’est bien à la présence, dans l’esprit d’Andrée, d’une telle idée qu’elle trouvait plus poli de me cacher, que semblait se rattacher le mot «justement».	"But it was clearly to the presence in Andrée's mind of some such idea which she felt it more becoming to keep from me that the word ""just"" seemed to point."
1533	1553	0.492	Il était de la famille de certains regards, de certains gestes, qui bien que n’ayant pas une forme logique, rationnelle, directement élaborée pour l’intelligence de celui qui écoute, lui parviennent cependant avec leur signification véritable, de même que la parole humaine, changée en électricité dans le téléphone, se refait parole pour être entendue.	It was of a kind with certain glances, certain gestures which, for all that they have not a form that is logical, rational, deliberately calculated to match the listener's intelligence, reach him nevertheless in their true significance, just as human speech, converted into electricity in the telephone, is turned into speech again when it strikes the ear.
1534	1554	0.571	Afin d’effacer de l’esprit d’Andrée l’idée que je m’intéressais à Mme Bontemps, je ne parlai plus d’elle avec distraction seulement, mais avec bienveillance; je dis avoir rencontré autrefois cette espèce de folle et que j’espérais bien que cela ne m’arriverait plus.	In order to remove from Andrée's mind the idea that I was interested in Mme. Bontemps, I spoke of her from that time onwards not only carelessly but with downright malice, saying that I had once met that idiot of a woman, and trusted I should never have that experience again.
1535	1555	0.347	Or je cherchais au contraire de toute façon à la rencontrer.	Whereas I was seeking by every means in my power to meet her.
1536	1556	0.335	Je tâchai d’obtenir d’Elstir, mais sans dire à personne que je l’en avais sollicité, qu’il lui parlât de moi et me réunît avec elle.	I tried to induce Elstir (but without mentioning to anyone else that I had asked him) to speak to her about me and to bring us together.
1537	1557	0.429	Il me promit de me la faire connaître, s’étonnant toutefois que je le souhaitasse car il la jugeait une femme méprisable, intrigante et aussi inintéressante qu’intéressée.	He promised to introduce me to her, though he seemed greatly surprised at my wishing it, for he regarded her as a contemptible woman, a born intriguer, as little interesting as she was disinterested.
1538	1558	0.499	Pensant que si je voyais Mme Bontemps Andrée le saurait tôt ou tard, je crus qu’il valait mieux l’avertir.	Reflecting that if I did see Mme. Bontemps, Andrée would be sure to hear of it sooner or later, I thought it best to warn her in advance.
1539	1559	0.537	«Les choses qu’on cherche le plus à fuir sont celles qu’on arrive à ne pouvoir éviter, lui-dis-je.	"""The things one tries hardest to avoid are what one finds one cannot escape,"" I told her."
1540	1560	0.494	Rien au monde ne peut m’ennuyer autant que de retrouver Mme Bontemps, et pourtant je n’y échapperai pas, Elstir doit m’inviter avec elle.	"""Nothing in the world could bore me so much as meeting Mme. Bontemps again, and yet I can't get out of it, Elstir has arranged to invite us together."""
1541	1561	0.503	— Je n’en ai jamais douté un seul instant», s’écria Andrée d’un ton amer, pendant que son regard grandi et altéré par le mécontentement se rattachait à je ne sais quoi d’invisible.	"""I have never doubted it for a single instant,"" exclaimed Andrée in a bitter tone, while her eyes, enlarged and altered by her annoyance, focussed themselves upon some invisible object."
1542	1562	0.371	Ces paroles d’Andrée ne constituaient pas l’exposé le plus ordonné d’une pensée qui peut se résumer ainsi: «Je sais bien que vous aimez Albertine et que vous faites des pieds et des mains pour vous rapprocher de sa famille.»	"These words of Andrée's were not the most reasoned statement of a thought which might be expressed thus: ""I know that you are in love with Albertine, and that you are working day and night to get in touch with her people."""
1543	1563	0.307	Mais elles étaient les débris informes et reconstituables de cette pensée que j’avais fait exploser, en la heurtant, malgré Andrée.	But they were the shapeless fragments, easily pieced together again by me, of some such thought which I had exploded by striking it, through the shield of Andrée's self-control.
1544	1564	0.487	De même que le «justement», ces paroles n’avaient de signification qu’au second degré, c’est-à-dire qu’elles étaient celles qui (et non pas les affirmations directes) nous inspirent de l’estime ou de la méfiance à l’égard de quelqu’un, nous brouillent avec lui.	"Like her ""just"", these words had no meaning save in the second degree, that is to say they were words of the sort which (rather than direct affirmatives) inspires in us respect or distrust for another person, and leads to a rupture."
1545	1565	0.512	Puisque Andrée ne m’avait pas cru quand je lui disais que la famille d’Albertine m’était indifférente, c’est qu’elle pensait que j’aimais Albertine.	If Andrée had not believed me when I told her that Albertine's relatives left me indifferent, that was because she thought that I was in love with Albertine.
1546	1566	0.470	Et probablement n’en était-elle pas heureuse.	And probably she was none too happy in the thought.
1547	1567	0.589	Elle était généralement en tiers dans mes rendez-vous avec son amie.	She was generally present as a third party at my meetings with her friend.
1548	1568	0.465	Cependant il y avait des jours où je devais voir Albertine seule, jours que j’attendais dans la fièvre, qui passaient sans rien m’apporter de décisif, sans avoir été ce jour capital dont je confiais immédiatement le rôle au jour suivant, qui ne le tiendrait pas davantage; ainsi s’écroulaient l’un après l’autre, comme des vagues, ces sommets aussitôt remplacés par d’autres.	And yet there were days when I was to see Albertine by herself, days to which I looked forward with feverish impatience, which passed without bringing me any decisive result, without having, any of them, been that cardinal day whose part I immediately entrusted to the day that was to follow, which would prove no more apt to play it; thus there crumbled and collapsed, one after another, like waves of the sea, those peaks at once replaced by others.
1549	1569	0.468	Environ un mois après le jour où nous avions joué au furet, on me dit qu’Albertine devait partir le lendemain matin pour aller passer quarante-huit heures chez Mme Bontemps, et qu’obligée de prendre le train de bonne heure, viendrait coucher la veille au Grand-Hôtel, d’où avec l’omnibus elle pourrait, sans déranger les amies chez qui elle habitait, prendre le premier train.	"About a month after the day on which we had played ""ferret"" together, I learned that Albertine was going away next morning to spend a couple of days with Mme. Bontemps, and, since she would have to start early, was coming to sleep that night at the Grand Hotel, from which, by taking the omnibus, she would be able, without disturbing the friends with whom she was staying, to catch the first train in the morning."
1550	1570	0.475	J’en parlai à Andrée.	I mentioned this to Andrée.
1551	1571	0.395	«Je ne le crois pas du tout, me répondit Andrée d’un air mécontent.	"""I don't believe a word of it,"" she replied, with a look of annoyance."
1552	1572	0.493	D’ailleurs cela ne vous avancerait à rien, car je suis bien certaine qu’Albertine ne voudra pas vous voir, si elle vient seule à l’hôtel.	"""Anyhow it won't help you at all, for I'm quite sure Albertine won't want to see you if she goes to the hotel by herself."
1553	1573	0.524	Ce ne serait pas protocolaire, ajouta-t-elle en usant d’un adjectif qu’elle aimait beaucoup, depuis peu, dans le sens de «ce qui se fait».	"It wouldn't be 'regulation',"" she added, employing an epithet which had recently come into favour with her, in the sense of ""what is done""."
1554	1574	0.452	Je vous dis cela parce que je connais les idées d’Albertine.	"""I tell you this because I understand Albertine."
1555	1575	0.465	Moi, qu’est-ce que vous voulez que cela me fasse que vous la voyiez ou non.	What difference do you suppose it makes to me whether you see her or not?
1556	1576	0.159	Cela m’est bien égal.»	"Not the slightest, I can assure you!"""
1557	1577	0.630	Nous fûmes rejoints par Octave qui ne fit pas de difficulté pour dire à Andrée le nombre de points qu’il avait faits la veille au golf, puis par Albertine qui se promenait en manœuvrant son diabolo comme une religieuse son chapelet.	We were joined by Octave who had no hesitation in telling Andrée the number of strokes he had gone round in, the day before, at golf, then by Albertine, counting her diabolo as she walked along, like a nun telling her beads.
1558	1578	0.467	Grâce à ce jeu elle pouvait rester des heures seule sans s’ennuyer.	Thanks to this pastime she could be left alone for hours on end without growing bored.
1559	1579	0.702	Aussitôt qu’elle nous eut rejoints m’apparut la pointe mutine de son nez, que j’avais omise en pensant à elle ces derniers jours; sous ses cheveux noirs, la verticalité de son front s’opposa, et ce n’était pas la première fois, à l’image indécise que j’en avais gardée, tandis que par sa blancheur il mordait fortement dans mes regards; sortant de la poussière du souvenir, Albertine se reconstruisait devant moi.	As soon as she joined us I became conscious of the obstinate tip of her nose, which I had omitted from my mental pictures of her during the last few days; beneath her dark hair the vertical front of her brow controverted — and not for the first time — the indefinite image that I had preserved of her, while its whiteness made a vivid splash in my field of vision; emerging from the dust of memory, Albertine was built up afresh before my eyes.
1560	1580	0.606	Le golf donne l’habitude des plaisirs solitaires.	Golf gives one a taste for solitary pleasures.
1561	1581	0.307	Celui que procure le diabolo l’est assurément.	The pleasure to be derived from diabolo is undoubtedly one of these.
1562	1582	0.531	Pourtant après nous avoir rejoints, Albertine continua à y jouer, tout en causant avec nous, comme une dame à qui des amies sont venues faire une visite ne s’arrête pas pour cela de travailler à son crochet.	And yet, after she had joined us, Albertine continued to toss up and catch her missile, just as a lady on whom friends have come to call does not on their account stop working at her crochet.
1563	1583-1584	0.359	«Il paraît que Mme de Villeparisis, dit-elle à Octave, a fait une réclamation auprès de votre père (et j’entendis derrière ce mot une de ces notes qui étaient propres à Albertine; chaque fois que je constatais que je les avais oubliées, je me rappelais en même temps avoir entr’aperçu déjà derrière elles la mine décidée et française d’Albertine.	"""I hear that Mme. de Villeparisis,"" she remarked to Octave, ""has been complaining to your father."" I could hear, underlying the word, one of those notes that were peculiar to Albertine; always, just as I had made certain that I had forgotten them, I would be reminded of a glimpse caught through them before of Albertine's determined and typically Gallic mien."
1564	1585	0.447	J’aurais pu être aveugle et connaître aussi bien certaines de ses qualités alertes et un peu provinciales dans ces notes-là que dans la pointe de son nez.	I might have been blind, and yet have detected certain of her qualities, alert and slightly provincial, from those notes, just as plainly as from the tip of her nose.
1565	1586	0.527	Les unes et l’autre se valaient et auraient pu se suppléer et sa voix était comme celle que réalisera dit-on le photo-téléphone de l’avenir: dans le son se découpait nettement l’image visuelle).	These were equivalent and might have, been substituted for one another, and her voice was like, what we are promised in the photo-telephone of the future; the visual image was clearly outlined in the sound.
1566	1587	0.591	«Elle n’a du reste pas écrit seulement à votre père, mais en même temps au maire de Balbec pour qu’on ne joue plus au diabolo sur la digue, on lui a envoyé une balle dans la figure.	"""She's not written only to your father, either, she wrote to the Mayor of Balbec at the same time, to say that we must stop playing diabolo on the 'front' as somebody hit her in the face with one."""
1567	1588	0.413	— Oui, j’ai entendu parler de cette réclamation.	"""Yes, I was hearing about that."
1568	1589	0.469	C’est ridicule.	It's too silly.
1569	1590	0.440	Il n’y a pas déjà tant de distractions ici.»	"There's little enough to do here as it is."""
1570	1591	0.570	Andrée ne se mêla pas à la conversation, elle ne connaissait pas, non plus d’ailleurs qu’Albertine ni Octave, Mme de Villeparisis.	Andrée did not join in the conversation; she was not acquainted, any more than was Albertine or Octave, with Mme. de Villeparisis.
1571	1592-1593	0.318	«Je ne sais pas pourquoi cette dame a fait toute une histoire, dit pourtant Andrée, la vieille Mme de Cambremer a reçu une balle aussi et elle ne s’est pas plainte.	"She did, however, remark: ""I can't think why this lady should make such a song about it. Old Mme. de Cambremer got hit in the face, and she never complained."""
1572	1594-1595	0.507	— Je vais vous expliquer la différence, répondit gravement Octave en frottant une allumette, c’est qu’à mon avis, Mme de Cambremer est une femme du monde et Mme de Villeparisis est une arriviste.	"""I will explain the difference,"" replied Octave gravely, striking a match as he spoke. ""It's my belief that Mme. de Cambremer is a woman of the world, and Mme. de Villeparisis is just an upstart."
1573	1596	0.551	Est-ce que vous irez au golf cet après-midi?» et il nous quitta, ainsi qu’Andrée.	"Are you playing golf this afternoon?"" and he left us, followed by Andrée."
1574	1597	0.632	Je restai seul avec Albertine.	I was alone now with Albertine.
1575	1598	0.486	«Voyez-vous, me dit-elle, j’arrange maintenant mes cheveux comme vous les aimez, regardez ma mèche.	"""Do you see,"" she began, ""I'm wearing my hair now the way you like — look at my ringlet."
1576	1599	0.511	Tout le monde se moque de cela et personne ne sait pour qui je le fais.	They all laugh at me and nobody knows who' I'm doing it for.
1577	1600	0.509	Ma tante va se moquer de moi aussi.	My aunt will laugh at me too.
1578	1601	0.461	Je ne lui dirai pas non plus la raison.»	"But I shan't tell her why, either."""
1579	1602	0.465	Je voyais de côté les joues d’Albertine qui souvent paraissaient pâles, mais ainsi, étaient arrosées d’un sang clair qui les illuminait, leur donnait ce brillant qu’ont certaines matinées d’hiver où les pierres partiellement ensoleillées semblent être du granit rose et dégagent de la joie.	I had a sidelong view of Albertine's cheeks, which often appeared pale, but, seen thus, were flushed with a coursing stream of blood which lighted them up, gave them that dazzling dearness which certain winter mornings have when the stones sparkling in the sun seem blocks of pink granite and radiate joy.
1580	1603	0.391	Celle que me donnait en ce moment la vue des joues d’Albertine était aussi vive, mais conduisait à un autre désir qui n’était pas celui de la promenade mais du baiser.	The joy that I was drawing at this moment from the sight of Albertine's cheeks was equally keen, but led to another desire on my part, which was not to walk with her but to take her in my arms.
1581	1604-1605	0.471	Je lui demandai si les projets qu’on lui prêtait étaient vrais: «Oui, me dit-elle, je passe cette nuit-là à votre hôtel et même comme je suis un peu enrhumée, je me coucherai avant le dîner.	"I asked her if the report of her plans which I had heard were correct. ""Yes,"" she told me, ""I shall be sleeping at your hotel to-night, and in fact as I've got rather a chill, I shall be going to bed before dinner."
1582	1606	0.517	Vous pourrez venir assister à mon dîner à côté de mon lit et après nous jouerons à ce que vous voudrez.	You can come and sit by my bed and watch me eat, if you like, and afterwards we'll play at anything you choose.
1583	1607-1608	0.517	J’aurais été contente que vous veniez à la gare demain matin, mais j’ai peur que cela ne paraisse drôle, je ne dis pas à Andrée, qui est intelligente, mais aux autres qui y seront; ça ferait des histoires si on le répétait à ma tante; mais nous pourrions passer cette soirée ensemble.	I should have liked you to come to the station to-morrow morning, but I'm afraid it might look rather odd, I don't say to Andrée, who is a sensible person, but to the others who will be there; if my aunt got to know, I should never hear the last of it. But we can spend the evening together, at any rate.
1584	1609	0.502	Cela, ma tante n’en saura rien.	My aunt will know nothing about that.
1585	1610	0.628	Je vais dire au revoir à Andrée.	I must go and say good-bye to Andrée.
1586	1611	0.323	Alors à tout à l’heure.	So long, then.
1587	1612	0.607	Venez tôt pour que nous ayons de bonnes heures à nous», ajouta-t-elle en souriant.	"Come early, so that we can have a nice long time together,"" she added, smiling."
1588	1613	0.447	A ces mots, je remontai plus loin qu’aux temps où j’aimais Gilberte à ceux où l’amour me semblait une entité non pas seulement extérieure mais réalisable.	At these words I was swept back past the days in which I loved Gilberte to those in which love seemed to me not only an external entity but one that could be realised as a whole.
1589	1614	0.446	Tandis que la Gilberte que je voyais aux Champs-Élysées était une autre que celle que je retrouvais en moi dès que j’étais seul, tout d’un coup dans l’Albertine réelle, celle que je voyais tous les jours, que je croyais pleine de préjugés bourgeois et si franche avec sa tante, venait de s’incarner l’Albertine imaginaire, celle par qui, quand je ne la connaissais pas encore, je m’étais cru furtivement regardé sur la digue, celle qui avait eu l’air de rentrer à contre-cœur pendant qu’elle me voyait m’éloigner.	"Whereas the Gilberte whom I used to see in the Champs-Elysées was a different Gilberte from the one whom I found waiting inside myself when I was alone again, suddenly in the real Albertine, her whom I saw every day, whom I supposed to be stuffed with middle class prejudices and entirely open with her aunt, there was incarnate the imaginary Albertine, she whom, when I still did not know her, I had suspected of casting furtive glances at myself on the ""front"", she who had worn an air of being reluctant to go indoors when she saw me making off in the other direction."
1590	1615-1616	0.391	J’allai dîner avec ma grand-mère, je sentais en moi un secret qu’elle ne connaissait pas.	I went in to dinner with my grandmother. I felt within me a secret which she could never guess.
1591	1617	0.486	De même, pour Albertine, demain ses amies seraient avec elle, sans savoir ce qu’il y avait de nouveau entre nous, et quand elle embrasserait sa nièce sur le front, Mme Bontemps ignorerait que j’étais entre elles deux, dans cet arrangement de cheveux qui avait pour but, caché à tous, de me plaire, à moi, à moi qui avais jusque-là tant envié Mme Bontemps parce qu’apparentée aux mêmes personnes que sa nièce, elle avait les mêmes deuils à porter, les mêmes visites de famille à faire; or, je me trouvais être pour Albertine plus que n’était sa tante elle-même.	Similarly with Albertine; to-morrow her friends would be with her, not knowing what novel experience she and I had in common; and when she kissed her niece on the brow Mme. Bontemps would never imagine that I stood between them, in that arrangement of Albertine's hair which had for its object, concealed from all the world, to give me pleasure, me who had until then so greatly envied Mme. Bontemps because, being related to the same people as her niece, she had the same occasions to don mourning, the same family visits to pay; and now I found myself meaning more to Albertine than did the aunt herself.
1592	1618	0.370	Auprès de sa tante, c’est à moi qu’elle penserait.	When she was with her aunt, it was of me that she would be thinking.
1593	1619	0.374	Qu’allait-il se passer tout à l’heure, je ne le savais pas trop.	What was going to happen that evening, I scarcely knew.
1594	1620	0.613	En tous cas le Grand-Hôtel, la soirée, ne me semblaient plus vides; ils contenaient mon bonheur.	In any event, the Grand Hotel, the evening would no longer seem empty to me; they contained my happiness.
1595	1621	0.486	Je sonnai le lift pour monter à la chambre qu’Albertine avait prise, du côté de la vallée.	I rang for the lift-boy to take me up to the room which Albertine had engaged, a room that looked over the valley.
1596	1622	0.410	Les moindres mouvements comme m’asseoir sur la banquette de l’ascenseur, m’étaient doux, parce qu’ils étaient en relation immédiate avec mon cœur; je ne voyais dans les cordes à l’aide desquelles l’appareil s’élevait, dans les quelques marches qui me restaient à monter, que les rouages, que les degrés matérialisés de ma joie.	The slightest movements, such as that of sitting down on the bench in the lift, were satisfying, because they were in direct relation to my heart; I saw in the ropes that drew the cage upwards, in the few steps that I had still to climb, only a materialisation of the machinery, the stages of my joy.
1597	1623	0.347	Je n’avais plus que deux ou trois pas à faire dans le couloir avant d’arriver à cette chambre où était renfermée la substance précieuse de ce corps rose — cette chambre qui, même s’il devait s’y dérouler des actes délicieux, garderait cette permanence, cet air d’être, pour un passant non informé, semblable à toutes les autres, qui font des choses les témoins obstinément muets, les scrupuleux confidents, les inviolables dépositaires du plaisir.	I had only two or three steps to take now along the corridor before coming to that room in which was enshrined the precious substance of that rosy form — that room which, even if there were to be done in it delicious things, would keep that air of permanence, of being, to a chance visitor who knew nothing of its history, just like any other room, which makes of inanimate things the obstinately mute witnesses, the scrupulous confidants, the inviolable depositaries of our pleasure.
1598	1624	0.453	Ces quelques pas du palier à la chambre d’Albertine, ces quelques pas que personne ne pouvait plus arrêter, je les fis avec délices, avec prudence, comme plongé dans un élément nouveau, comme si en avançant j’avais lentement déplacé du bonheur, et en même temps avec un sentiment inconnu de toute puissance, et d’entrer enfin dans un héritage qui m’eût de tout temps appartenu.	Those few steps from the landing to Albertine's door, those few steps which no one now could prevent my taking, I took with delight, with prudence, as though plunged into a new and strange element, as if in going forward I had been gently displacing the liquid stream of happiness, and at the same time with a strange feeling of absolute power, and of entering at length into an inheritance which had belonged to me from all time.
1599	1625	0.514	Puis tout d’un coup je pensai que j’avais tort d’avoir des doutes, elle m’avait dit de venir quand elle serait couchée.	Then suddenly I reflected that it was wrong to be in any doubt; she had told me to come when she was in bed.
1600	1626	0.595	C’était clair, je trépignais de joie, je renversai à demi Françoise qui était sur mon chemin, je courais, les yeux étincelants, vers la chambre de mon amie.	It was as clear as daylight; I pranced for joy, I nearly knocked over Françoise who was standing in my way, I ran, with glowing eyes, towards my friend's room.
1601	1627	0.460	Je trouvai Albertine dans son lit.	I found Albertine in bed.
1602	1628	0.553	Dégageant son cou, sa chemise blanche changeait les proportions de son visage, qui, congestionné par le lit, ou le rhume, ou le dîner, semblait plus rose; je pensai aux couleurs que j’avais eues quelques heures auparavant à côté de moi, sur la digue, et desquelles j’allais enfin savoir le goût; sa joue était traversée du haut en bas par une de ses longues tresses noires et bouclées que pour me plaire elle avait défaites entièrement.	"Leaving her throat bare, her white nightgown altered the proportions of her face, which, flushed by being in bed or by her cold or by dinner, seemed pinker than before; I thought of the colours which I had had, a few hours earlier, displayed beside me, on the ""front"", the savour of which I was now at last to taste; her cheek was crossed obliquely by one of those long, dark, curling tresses, which, to please me, she had undone altogether."
1603	1629	0.543	Elle me regardait en souriant.	She looked at me and smiled.
1604	1630	0.500	A côté d’elle, dans la fenêtre, la vallée était éclairée par le clair de lune.	Beyond her, through the window, the valley lay bright beneath the moon.
1605	1631	0.508	La vue du cou nu d’Albertine, de ces joues trop roses, m’avait jeté dans une telle ivresse, c’est-à-dire avait mis pour moi la réalité du monde non plus dans la nature, mais dans le torrent des sensations que j’avais peine à contenir, que cette vue avait rompu l’équilibre entre la vie immense, indestructible qui roulait dans mon être et la vie de l’univers, si chétive en comparaison.	The sight of Albertine's bare throat, of those strangely vivid cheeks, had so intoxicated me (that is to say had placed the reality of the world for me no longer in nature, but in the torrent of my sensations which it was all I could do to keep within bounds), as to have destroyed the balance between the life, immense and indestructible, which circulated in my being, and the life of the universe, so puny in comparison.
1606	1632	0.514	La mer, que j’apercevais à côté de la vallée dans la fenêtre, les seins bombés des premières falaises de Maineville, le ciel où la lune n’était pas encore montée au zénith, tout cela semblait plus léger à porter que des plumes pour les globes de mes prunelles qu’entre mes paupières je sentais dilatés, résistants, prêts à soulever bien d’autres fardeaux, toutes les montagnes du monde, sur leur surface délicate.	The sea, which was visible through the window as well as the valley, the swelling breasts of the first of the Maineville cliffs, the sky in which the moon had not yet climbed to the zenith, all of these seemed less than a featherweight on my eyeballs, which between their lids I could feel dilated, resisting, ready to bear very different burdens, all the mountains of the world upon their fragile surface.
1607	1633	0.520	Leur orbe ne se trouvait plus suffisamment rempli par la sphère même de l’horizon.	Their orbit no longer found even the sphere of the horizon adequate to fill it.
1608	1634	0.516	Et tout ce que la nature eût pu m’apporter de vie m’eût semblé bien mince, les souffles de la mer m’eussent paru bien courts pour l’immense aspiration qui soulevait ma poitrine.	And everything that nature could have brought me of life would have seemed wretchedly meagre, the sigh of the waves far too short a sound to express the enormous aspiration that was surging in my breast.
1609	1635-1636	0.349	La mort eût dû me frapper en ce moment que cela m’eût paru indifférent ou plutôt impossible, car la vie n’était pas hors de moi, elle était en moi; j’aurais souri de pitié si un philosophe eût émis l’idée qu’un jour même éloigné, j’aurais à mourir, que les forces éternelles de la nature me survivraient, les forces de cette nature sous les pieds divins de qui je n’étais qu’un grain de poussière; qu’après moi il y aurait encore ces falaises arrondies et bombées, cette mer, ce clair de lune, ce ciel!	I bent over Albertine to kiss her. Death might have struck me down in that moment; it would have seemed to me a trivial, or rather an impossible thing, for life was not outside, it was in me; I should have smiled pityingly had a philosopher then expressed the idea that some day, even some distant day, I should have to die, that the external forces of nature would survive me, the forces of that nature beneath whose god-like feet I was no more than a grain of dust; that, after me, there would still remain those rounded, swelling cliffs, that sea, that moonlight and that sky!
1610	1637	0.407	Comment cela eût-il été possible, comment le monde eût-il pu durer plus que moi, puisque je n’étais pas perdu en lui, puisque c’était lui qui était enclos en moi, en moi qu’il était bien loin de remplir, en moi, où, en sentant la place d’y entasser tant d’autres trésors, je jetais dédaigneusement dans un coin ciel, mer et falaises.	How was that possible; how could the world last longer than myself, since it was it that was enclosed in me, in me whom it went a long way short of filling, in me, where, feeling that there was room to store so many other treasures, I flung contemptuously into a corner sky, sea and cliffs.
1611	1638	0.571	«Finissez ou je sonne», s’écria Albertine voyant que je me jetais sur elle pour l’embrasser.	"""Stop that, or I'll ring the bell!"" cried Albertine, seeing that I was flinging myself upon her to kiss her."
1612	1639	0.591	Mais je me disais que ce n’était pas pour ne rien faire qu’une jeune fille fait venir un jeune homme en cachette, en s’arrangeant pour que sa tante ne le sache pas, que d’ailleurs l’audace réussit à ceux qui savent profiter des occasions; dans l’état d’exaltation où j’étais, le visage rond d’Albertine, éclairé d’un feu intérieur comme par une veilleuse, prenait pour moi un tel relief qu’imitant la rotation d’une sphère ardente, il me semblait tourner telles ces figures de Michel Ange qu’emporte un immobile et vertigineux tourbillon.	But I reminded myself that it was not for no purpose that a girl made a young man come to her room in secret, arranging that her aunt should not know — that boldness, moreover, rewards those who know how to seize their opportunities; in the state of exaltation in which I was, the round face of Albertine, lighted by an inner flame, like the glass bowl of a lamp, started into such prominence that, copying the rotation of a burning sphere, it seemed to me to be turning, like those faces of Michael Angelo which are being swept past in the arrested headlong flight of a whirlwind.
1613	1640	0.400	J’allais savoir l’odeur, le goût, qu’avait ce fruit rose inconnu.	I was going to learn the fragrance, the flavour which this strange pink fruit concealed.
1614	1641	0.522	J’entendis un son précipité, prolongé et criard.	I heard a sound, precipitous, prolonged, shrill.
1615	1642	0.552	Albertine avait sonné de toutes ses forces.	Albertine had pulled the bell with all her might.
1616	1643	0.408	J’avais cru que l’amour que j’avais pour Albertine n’était pas fondé sur l’espoir de la possession physique.	I had supposed that the love which I felt for Albertine was not based on the hope of carnal possession.
1617	1644	0.440	Pourtant quand il m’eut paru résulter de l’expérience de ce soir-là que cette possession était impossible et qu’après n’avoir pas douté le premier jour, sur la plage, qu’Albertine ne fût dévergondée, puis être passé par des suppositions intermédiaires, il me sembla acquis d’une manière définitive qu’elle était absolument vertueuse; quand à son retour de chez sa tante, huit jours plus tard, elle me dit avec froideur: «Je vous pardonne, je regrette même de vous avoir fait de la peine mais ne recommencez jamais», au contraire de ce qui s’était produit quand Bloch m’avait dit qu’on pouvait avoir toutes les femmes, et comme si au lieu d’une jeune fille réelle, j’avais connu une poupée de cire, il arriva, que peu à peu se détacha d’elle mon désir de pénétrer dans sa vie, de la suivre dans les pays où elle avait passé son enfance, d’être initié par elle à une vie de sport; ma curiosité intellectuelle de ce qu’elle pensait sur tel ou tel sujet ne survécut pas à la croyance que je pourrais l’embrasser.	"And yet, when the lesson to be drawn from my experience that evening was, apparently, that such possession was impossible; when, after having had not the least doubt, that first day, on the beach, of Albertine's being unchaste, and having then passed through various intermediate assumptions, I seemed to have quite definitely reached the conclusion that she was absolutely virtuous; when, on her return from her aunt's, a week later, she greeted me coldly with: ""I forgive you; in fact I'm sorry to have upset you, but you must never do it again,"" — then, in contrast to what I had felt on learning from Bloch that one could always have all the women one liked, and as if, in place of a real girl, I had known a wax doll, it came to pass that gradually there detached itself from her my desire to penetrate into her life, to follow her through the places in which she had spent her childhood, to be initiated by her into the athletic life; my intellectual curiosity to know what were her thoughts on this subject or that did not survive my belief that I might take her in my arms if I chose."
1618	1645	0.479	Mes rêves l’abandonnèrent dès qu’ils cessèrent d’être alimentés par l’espoir d’une possession dont je les avais crus indépendants.	My dreams abandoned her, once they had ceased to be nourished by the hope of a possession of which I had supposed them to be independent.
1619	1646	0.337	Dès lors ils se retrouvèrent libres, de se reporter — selon le charme que je lui avais trouvé un certain jour, surtout selon la possibilité et les chances que j’entrevoyais d’être aimé par elle — sur telle ou telle des amies d’Albertine et d’abord sur Andrée.	Thenceforward they found themselves once more at liberty to transmit themselves, according to the attraction that I had found in her on any particular day, above all according to the chances that I seemed to detect of my being, possibly, one day, loved by her — to one or another of Albertine's friends, and to Andrée first of all.
1620	1647	0.366	Pourtant si Albertine n’avait pas existé, peut-être n’aurais-je pas eu le plaisir que je commençai à prendre de plus en plus, les jours qui suivirent, à la gentillesse que me témoignait Andrée.	And yet, if Albertine had not existed, perhaps I should not have had the pleasure which I began to feel more and more strongly during the days that followed in the kindness that was shewn me by Andrée.
1621	1648	0.332	Albertine ne raconta à personne l’échec que j’avais essuyé auprès d’elle.	Albertine told no one of the check which I had received at her hands.
1622	1649	0.480	Elle était une de ces jolies filles qui, dès leur extrême jeunesse, pour leur beauté, mais surtout pour un agrément, un charme qui restent assez mystérieux, et qui ont leur source peut-être dans des réserves de vitalité où de moins favorisés par la nature viennent se désaltérer, toujours, dans leur famille, au milieu de leurs amies, dans le monde, ont plu davantage que de plus belles, de plus riches, elle était de ces êtres à qui, avant l’âge de l’amour et bien plus encore quand il est venu, on demande plus qu’eux ne demandent, et même qu’ils ne peuvent donner.	She was one of those pretty girls who, from their earliest youth, by their beauty, but especially by an attraction, a charm which remains somewhat mysterious and has its source perhaps in reserves of vitality to which others less favoured by nature come to quench their thirst, have always — in their home circle, among their friends, in society — proved more attractive than other more beautiful and richer girls; she was one of those people from whom, before the age of love and ever so much more after it is reached, one asks more than they ask in return, more even than they are able to give.
1623	1650	0.353	Dès son enfance Albertine avait toujours eu en admiration devant elle quatre ou cinq petites camarades, parmi lesquelles se trouvait Andrée qui lui était si supérieure et le savait (et peut-être cette attraction qu’Albertine exerçait bien involontairement avait-elle été à l’origine, avait-elle servi à la fondation de la petite bande).	From her childhood Albertine had always had round her in an adoring circle four or five little girl friends, among them Andrée who was so far her superior and knew it (and perhaps this attraction which Albertine exerted quite involuntarily had been the origin, had laid the foundations of the little band).
1624	1651	0.256	Cette attraction s’exerçait même assez loin dans des milieux relativement plus brillants, où s’il y avait une pavane à danser on demandait Albertine plutôt qu’une jeune fille mieux née.	This attraction was still potent even at a great social distance, in circles quite brilliant in comparison, where if there was a pavane to be danced, they would send for Albertine rather than have it danced by another girl of better family.
1625	1652	0.505	La conséquence était que, n’ayant pas un sou de dot, vivant, assez mal d’ailleurs, à la charge de M. Bontemps qu’on disait véreux et qui souhaitait se débarrasser d’elle, elle était pourtant invitée non seulement à dîner, mais à demeure, chez des personnes qui aux yeux de Saint-Loup n’eussent eu aucune élégance, mais qui pour la mère de Rosemonde ou pour la mère d’Andrée, femmes très riches mais qui ne connaissaient pas ces personnes, représentaient quelque chose d’énorme.	"The consequence was that, not having a penny to her name, living a hard enough life, moreover, on the hands of M. Bontemps, who was said to be ""on the rocks"", and was anyhow anxious to be rid of her, she was nevertheless invited, not only to dine but to stay, by people who, in Saint-Loup's sight, might not have had any distinction, but to Rosemonde's mother or Andrée's, women who though very rich themselves did not know these other and richer people, represented something quite incalculable."
1626	1653	0.501	Ainsi Albertine passait tous les ans quelques semaines dans la famille d’un régent de la Banque de France, président du Conseil d’administration d’une grande Compagnie de Chemins de fer.	Thus Albertine spent a few weeks every year with the family of one of the Governors of the Bank of France, who was also Chairman of the Board of Directors of a great Railway Company.
1627	1654	0.409	La femme de ce financier recevait des personnages importants et n’avait jamais dit son «jour» à la mère d’Andrée, laquelle trouvait cette dame impolie, mais n’en était pas moins prodigieusement intéressée par tout ce qui se passait chez elle.	"The wife of this financier entertained people of importance, and had never mentioned her ""day"" to Andrée's mother, who thought her wanting in politeness, but was nevertheless prodigiously interested in everything that went on in her house."
1628	1655	0.352	Aussi exhortait-elle tous les ans Andrée à inviter Albertine, dans leur villa, parce que, disait-elle, c’était une bonne oeuvre d’offrir un séjour à la mer à une fille qui n’avait pas elle-même les moyens de voyager et dont la tante ne s’occupait guère; la mère d’Andrée n’était probablement pas mue par l’espoir que le régent de la Banque et sa femme apprenant qu’Albertine était choyée par elle et sa fille, concevraient d’elles deux une bonne opinion; à plus forte raison n’espérait-elle pas qu’Albertine, pourtant si bonne et adroite, saurait la faire inviter, ou tout au moins faire inviter Andrée aux garden-parties du financier.	Accordingly she encouraged Andrée every year to invite Albertine down to their villa, because, as she said, it was a real charity to offer a holiday by the sea to a girl who had not herself the means to travel and whose aunt did so little for her; Andrée's mother was probably not prompted by the thought that the banker and his wife, learning that Albertine was made much of by her and her daughter, would form a high opinion of them both; still less did she hope that Albertine, good and clever as she was, would manage to get her invited, or at least to get Andrée invited to the financier's garden-parties.
1629	1656	0.266	Mais chaque soir à dîner, tout en prenant un air dédaigneux et indifférent, elle était enchantée d’entendre Albertine lui raconter ce qui s’était passé au château pendant qu’elle y était, les gens qui y avaient été reçus et qu’elle connaissait presque tous de vue ou de nom.	But every evening at the dinner-table, while she assumed an air of indifference slightly tinged with contempt, she was fascinated by Albertine's accounts of everything that had happened at the big house while she was staying there, and the names of the other guests, almost all of them people whom she knew by sight or by name.
1630	1657	0.432	Même la pensée qu’elle ne les connaissait que de cette façon, c’est-à-dire ne les connaissait pas (elle appelait cela connaître les gens «de tout temps»), donnait à la mère d’Andrée une pointe de mélancolie tandis qu’elle posait à Albertine des questions sur eux d’un air hautain et distrait, du bout des lèvres, et eût pu la laisser incertaine et inquiète sur l’importance de sa propre situation si elle ne s’était rassurée elle-même et replacée dans la «réalité de la vie» en disant au maître d’hôtel: «Vous direz au chef que ses petits pois ne sont pas assez fondants.»	"True, the thought that she knew them only in this indirect fashion, that is to say did not know them at all (she called this kind of acquaintance knowing people ""all my life""), gave Andrée's mother a touch of melancholy while she plied Albertine with questions about them in a lofty and distant tone, speaking with closed lips, and might have left her doubtful and uneasy as to the importance of her own social position had she not been able to reassure herself, to return safely to the ""realities of life"", by saying to the butler: ""Please tell the chef that he has not made the peas soft enough."""
1631	1658	0.506	Elle retrouvait alors sa sérénité.	She then recovered her serenity.
1632	1659	0.630	Et elle était bien décidée à ce qu’Andrée n’épousât qu’un homme d’excellente famille naturellement, mais assez riche pour qu’elle pût elle aussi avoir un chef et deux cochers.	And she was quite determined that Andrée was to marry nobody but a man — of the best family, of course — but rich enough for her too to be able to keep a chef and a couple of coachmen.
1633	1660	0.456	C’était cela le positif, la vérité effective d’une situation.	"This was the proof positive, the practical indication of ""position""."
1634	1661	0.395	Mais qu’Albertine eût dîné au château du régent de la Banque avec telle ou telle dame, que cette dame l’eût même invitée pour l’hiver suivant, cela n’en donnait pas moins à la jeune fille, pour la mère d’Andrée une sorte de considération particulière qui s’alliait très bien à la pitié et même au mépris excités par son infortune, mépris augmenté par le fait que M. Bontemps eût trahi son drapeau et se fût — même vaguement panamiste, disait-on — rallié au gouvernement.	But the fact that Albertine had dined at the banker's house in the country with this or that great lady, and that the said great lady had invited the girl to stay with her next winter, did not invalidate a sort of special consideration which Albertine shewed towards Andrée's mother, which went very well with the pity, and even repulsion, excited by the tale of her misfortunes, a repulsion increased by the fact that M. Bontemps had proved a traitor to the cause (he was even, people said, vaguely Panamist) and had rallied to the Government.
1635	1662-1663	0.568	Ce qui n’empêchait pas, d’ailleurs, la mère d’Andrée, par amour de la vérité, de foudroyer de son dédain les gens qui avaient l’air de croire qu’Albertine était d’une basse extraction.	"Not that this deterred Andrée's mother, in her passion for abstract truth, from withering with her scorn the people who appeared to believe that Albertine was of humble origin. ""What's that you say?"
1636	1664-1665	0.343	«Comment, c’est tout ce qu’il y a de mieux, ce sont des Simonet, avec un seul _n_.»	"Why, they're one of the best families in the country. Simonet with a single 'n', you know!"""
1637	1666	0.460	Certes, à cause du milieu où tout cela évoluait, où l’argent joue un tel rôle, et où l’élégance vous fait inviter mais non épouser, aucun mariage «potable» ne semblait pouvoir être pour Albertine la conséquence utile de la considération si distinguée dont elle jouissait et qu’on n’eût pas trouvée compensatrice de sa pauvreté.	"Certainly, in view of the class of society in which all this went on, in which money plays so important a part, and mere charm makes people ask you out but not marry you, a ""comfortable"" marriage did not appear to be for Albertine a practical outcome of the so distinguished patronage which she enjoyed but which would not have been held to compensate for her poverty."
1638	1667	0.262	Mais même à eux seuls, et n’apportant pas l’espoir d’une conséquence matrimoniale, ces «succès» excitaient l’envie de certaines mères méchantes, furieuses de voir Albertine être reçue comme «l’enfant de la maison» par la femme du régent de la Banque, même par la mère d’Andrée, qu’elles connaissaient à peine.	"But even by themselves, and with no prospect of any matrimonial consequence, Albertine's ""successes"" in society excited the envy of certain spiteful mothers, furious at seeing her received like one of the family by the banker's wife, even by Andrée's mother, neither of whom they themselves really knew."
1639	1668	0.307	Aussi disaient-elles à des amis communs d’elles et de ces deux dames, que celles-ci seraient indignées si elles savaient la vérité, c’est-à-dire qu’Albertine racontait chez l’une (et «vice versa») tout ce que l’intimité où on l’admettait imprudemment lui permettait de découvrir chez l’autre, mille petits secrets qu’il eût été infiniment désagréables à l’intéressée de voir dévoilés.	They therefore went about telling common friends of those ladies and their own that both ladies would be very angry if they knew the facts, which were that Albertine repeated to each of them everything that the intimacy to which she was rashly admitted enabled her to spy out in the household of the other, a thousand little secrets which it must be infinitely unpleasant to the interested party to have made public.
1640	1669	0.514	Ces femmes envieuses disaient cela pour que cela fût répété et pour brouiller Albertine avec ses protectrices.	These envious women said this so that it might be repeated and might get Albertine into trouble with her patrons.
1641	1670	0.513	Mais ces commissions comme il arrive souvent n’avaient aucun succès.	But, as often happens, their machinations met with no success.
1642	1671	0.348	On sentait trop la méchanceté qui les dictait et cela ne faisait que faire mépriser un peu plus celles qui en avaient pris l’initiative.	The spite that prompted them was too apparent, and their only result was to make the women who had planned them appear rather more contemptible than before.
1643	1672	0.600	La mère d’Andrée était trop fixée sur le compte d’Albertine pour changer d’opinion à son égard.	Andrée's mother was too firm in her opinion of Albertine to change her mind about her now.
1644	1673	0.390	Elle la considérait comme une «malheureuse» mais d’une nature excellente et qui ne savait qu’inventer pour faire plaisir.	"She looked upon her as a ""poor wretch"", but the best-natured girl living, and one who would do anything in the world to give pleasure."
1645	1674	0.481	Si cette sorte de vogue qu’avait obtenue Albertine ne paraissait devoir comporter aucun résultat pratique, elle avait imprimé à l’amie d’Andrée le caractère distinctif des êtres qui toujours recherchés, n’ont jamais besoin de s’offrir (caractère qui se retrouve aussi pour des raisons analogues, à une autre extrémité de la société, chez des femmes d’une grande élégance), et qui est de ne pas faire montre des succès qu’ils ont, de les cacher plutôt.	If this sort of select popularity to which Albertine had attained did not seem likely to lead to any practical result, it had stamped Andrée's friend with the distinctive marks of people who, being always sought after, have never any need to offer themselves, marks (to be found also, and for analogous reasons, at the other end of the social scale among the leaders of fashion) which consist in their not making any display of the successes they have scored, but rather keeping them to themselves.
1646	1675	0.331	Elle ne disait jamais à quelqu’un: «Il a envie de me voir», parlait de tous avec une grande bienveillance; et comme si ce fût elle qui eût couru après, recherché les autres.	"She would never say to anyone: ""So-and-so is anxious to meet me,"" would speak of everyone with the greatest good nature, and as if it had been she who ran after, who sought to know other people, and not they."
1647	1676	0.518	Si on parlait d’un jeune homme qui quelques minutes auparavant venait de lui faire en tête-à-tête les plus sanglants reproches parce qu’elle lui avait refusé un rendez-vous, bien loin de s’en vanter publiquement, ou de lui en vouloir à lui, elle faisait son éloge: «C’est un si gentil garçon.»	"If you spoke of a young man who, a few minutes earlier, had been, in private conversation with her, heaping the bitterest reproaches upon her because she had refused him an assignation, so far from proclaiming this in public, or betraying any resentment she would stand up for him: ""He is such a nice boy!"""
1648	1677	0.335	Elle était même tellement ennuyée de plaire, parce que cela l’obligeait à faire de la peine, tandis que, par nature, elle aimait à faire plaisir.	Indeed it quite annoyed her when she attracted people, because that compelled her to disappoint them, whereas her natural instinct was always to give pleasure.
1649	1678	0.323	Elle aimait même à faire plaisir au point d’en être arrivée à pratiquer un mensonge spécial à certaines personnes utilitaires, à certains hommes arrivés.	"So much did she enjoy giving pleasure that she had come to employ a particular kind of falsehood, found among utilitarians and men who have ""arrived""."
1650	1679	0.461	Existant d’ailleurs à l’état embryonnaire chez un nombre énorme de personnes, ce genre d’insincérité consiste à ne pas savoir se contenter pour un seul acte, de faire, grâce à lui, plaisir à une seule personne.	Existing besides in an embryonic state in a vast number of people, this form of insincerity consists in not being able to confine the pleasure arising out of a single act of politeness to a single person.
1651	1680	0.504	Par exemple, si la tante d’Albertine désirait que sa nièce l’accompagnât à une matinée peu amusante, Albertine en s’y rendant aurait pu trouver suffisant d’en tirer le profit moral d’avoir fait plaisir à sa tante.	For instance, if Albertine's aunt wished her niece to accompany her to a party which was not very lively, Albertine might have found it sufficient to extract from the incident the moral profit of having given pleasure to her aunt.
1652	1681	0.429	Mais accueillie gentiment par les maîtres de maison, elle aimait mieux leur dire qu’elle désirait depuis si longtemps les voir qu’elle avait choisi cette occasion et sollicité la permission de sa tante.	But being courteously welcomed by her host and hostess, she thought it better to say to them that she had been wanting to see them for so long that she had finally seized this opportunity and begged her aunt to take her to their party.
1653	1682	0.557	Cela ne suffisait pas encore: à cette matinée se trouvait une des amies d’Albertine qui avait un gros chagrin.	Even this was not enough: at the same party there happened to be one of Albertine's friends who was in great distress.
1654	1683-1684	0.253	Albertine lui disait: «Je n’ai pas voulu te laisser seule, j’ai pensé que ça te ferait du bien de m’avoir près de toi.	"""I did not like the idea of your being here by yourself. I thought it might do you good to have me with you."
1655	1685-1686	0.482	Si tu veux que nous laissions la matinée, que nous allions ailleurs, je ferai ce que tu voudras, je désire avant tout te voir moins triste» (ce qui était vrai aussi du reste).	"If you would rather come away from here, go somewhere else, I am ready to do anything you like; all I want is to see you look not so sad."" — Which, as it happened, was true also."
1656	1687	0.580	Parfois il arrivait pourtant que le but fictif détruisait le but réel.	Sometimes it happened however that the fictitious object destroyed the real.
1657	1688	0.489	Ainsi Albertine ayant un service à demander pour une de ses amies allait pour cela voir une certaine dame.	Thus, Albertine, having a favour to ask on behalf of one of her friends, went on purpose to see a certain lady who could help her.
1658	1689	0.469	Mais arrivée chez cette dame bonne et sympathique, la jeune fille obéissant à son insu au principe de l’utilisation multiple d’une seule action, trouvait plus affectueux d’avoir l’air d’être venue seulement à cause du plaisir qu’elle avait senti, qu’elle éprouverait à revoir cette dame.	But on arriving at the house of this lady — a kind and sympathetic soul — the girl, unconsciously following the principle of utilising a single action in a number of ways, felt it to be more ingratiating to appear to have come there solely on account of the pleasure she knew she would derive from seeing the lady again.
1659	1690	0.343	Celle-ci était infiniment touchée qu’Albertine eût accompli un long trajet par pure amitié.	The lady was deeply touched that Albertine should have taken a long journey purely out of friendship for herself.
1660	1691	0.350	En voyant la dame presque émue, Albertine l’aimait encore davantage.	Seeing her almost overcome by emotion, Albertine began to like the lady still better.
1661	1692	0.398	Seulement il arrivait ceci: elle éprouvait si vivement le plaisir d’amitié pour lequel elle avait prétendu mensongèrement être venue, qu’elle craignait de faire douter la dame de sentiments en réalité sincères, si elle lui demandait le service pour l’amie.	Only, there was this awkward consequence: she now felt so keenly the pleasure of friendship which she pretended to have been her motive in coming, that she was afraid of making the lady suspect the genuineness of sentiments which were actually quite sincere if she now asked her to do the favour, whatever it may have been, for her friend.
1662	1693	0.456	La dame croirait qu’Albertine était venue pour cela, ce qui était vrai, mais elle conclurait qu’Albertine n’avait pas de plaisir désintéressé à la voir, ce qui était faux.	The lady would think that Albertine had come for that purpose, which was true, but would conclude also that Albertine had no disinterested pleasure in seeing her, which was not.
1663	1694	0.319	De sorte qu’Albertine repartait sans avoir demandé le service, comme les hommes qui ont été si bons avec une femme dans l’espoir d’obtenir ses faveurs, qu’ils ne font pas leur déclaration pour garder à cette bonté un caractère de noblesse.	With the result that she came away without having asked the favour, like a man sometimes who has been so good to a woman, in the hope of winning her, that he refrains from declaring his passion in order to preserve for his goodness an air of nobility.
1664	1695	0.504	Dans d’autres cas on ne peut pas dire que le véritable but fût sacrifié au but accessoire et imaginé après coup, mais le premier était tellement opposé au second, que si la personne qu’Albertine attendrissait en lui déclarant l’un avait appris l’autre, son plaisir se serait aussitôt changé en la peine la plus profonde.	In other instances it would be wrong to say that the true object was sacrificed to the subordinate and subsequently conceived idea, but the two were so far incompatible that if the person to whom Albertine endeared herself by stating the second had known of the existence of the first, his pleasure would at once have been turned into the deepest annoyance.
1665	1696	0.257	La suite du récit fera, beaucoup plus loin, mieux comprendre ce genre de contradiction.	At a much later point in this story, we shall have occasion to see this kind of incompatibility expressed in clearer terms.
1666	1697	0.599	Disons par un exemple emprunté à un ordre de faits tout différents qu’elles sont très fréquentes dans les situations les plus diverses que présente la vie.	Let us say for the present, borrowing an example of a completely different order, that they occur very frequently in the most divergent situations that life has to offer.
1667	1698	0.486	Un mari a installé sa maîtresse dans la ville où il est en garnison.	A husband has established his mistress in the town where he is quartered with his regiment.
1668	1699	0.382	Sa femme restée à Paris, et à demi au courant de la vérité se désole, écrit à son mari des lettres de jalousie.	His wife, left by herself in Paris, and with an inkling of the truth, grows more and more miserable, and writes her husband, letters embittered by jealousy.
1669	1700	0.443	Or, la maîtresse est obligée de venir passer un jour à Paris.	Very well; the mistress is obliged to go up to Paris for the day.
1670	1701	0.384	Le mari ne peut résister à ses prières de l’accompagner et obtient une permission de vingt-quatre heures.	The husband cannot resist her entreaties that he will go with her, and applies for short leave, which is granted.
1671	1702	0.465	Mais comme il est bon et souffre de faire de la peine à sa femme, il arrive chez celle-ci, lui dit en versant quelques larmes sincères, qu’affolé par ses lettres il a trouvé le moyen de s’échapper pour venir la consoler et l’embrasser.	But as he is a good-natured fellow, and hates to make his wife unhappy, he goes to her and tells her, shedding a few quite genuine tears, that, driven to desperation by her letters, he has found the means of getting away from his duties to come to her, to console her in his arms.
1672	1703	0.444	Il a trouvé ainsi le moyen de donner par un seul voyage une preuve d’amour à la fois à sa maîtresse et à sa femme.	He has thus contrived by a single journey to furnish wife and mistress alike with proofs of his affection.
1673	1704	0.625	Mais si cette dernière apprenait pour quelle raison il est venu à Paris, sa joie se changerait sans doute en douleur, à moins que voir l’ingrat ne la rendit malgré tout plus heureuse qu’il ne la fait souffrir par ses mensonges.	But if the wife were to learn the reason for which he has come to Paris, her joy would doubtless be turned into grief, unless her pleasure in seeing the faithless wretch outweighed, in spite of everything, the pain that his infidelities had caused her.
1674	1705	0.416	Parmi les hommes qui m’ont paru pratiquer avec le plus de suite le système des fins multiples se trouve M. de Norpois.	Among the men who have struck me as practising with most perseverance this system of what might be called killing any number of birds with one stone, must be included M. de Norpois.
1675	1706	0.450	Il acceptait quelquefois de s’entremettre entre deux amis brouillés, et cela faisait qu’on l’appelait le plus obligeant des hommes.	He would now and then agree to act as intermediary between two of his friends who had quarrelled, which led to his being called the most obliging of men.
1676	1707	0.372	Mais il ne lui suffisait pas d’avoir l’air de rendre service à celui qui était venu le solliciter, il présentait à l’autre la démarche qu’il faisait auprès de lui comme entreprise non à la requête du premier, mais dans l’intérêt du second, ce qu’il persuadait facilement à un interlocuteur suggestionné d’avance par l’idée qu’il avait devant lui «le plus serviable des hommes».	"But it was not sufficient for him to appear to be doing a service to the friend who had come to him to demand it; he would represent to the other the steps which he was taking to effect a reconciliation as undertaken not at the request of the first friend but in the interest of the second, an attitude of the sincerity of which he had never any difficulty in convincing a listener already influenced by the idea that he saw before him the ""most serviceable of men""."
1677	1708	0.318	De cette façon, jouant sur les deux tableaux, faisant ce qu’on appelle en termes de coulisse de la contre-partie, il ne laissait jamais courir aucun risque à son influence, et les services qu’il rendait ne constituaient pas une aliénation, mais une fructification d’une partie de son crédit.	"In this fashion, playing in two scenes turn about, what in stage parlance is called ""doubling"" two parts, he never allowed his influence to be in the slightest degree imperilled, and the services which he rendered constituted not an expenditure of capital but a dividend upon some part of his credit."
1678	1709	0.425	D’autre part, chaque service, semblant doublement rendu, augmentait d’autant plus sa réputation d’ami serviable, et encore d’ami serviable avec efficacité, qui ne donne pas des coups d’épée dans l’eau, dont toutes les démarches portent, ce que démontrait la reconnaissance des deux intéressés.	At the same time every service, seemingly rendered twice over, correspondingly enhanced his reputation as an obliging friend, and, better still, a friend whose interventions were efficacious, one who did not draw bows at a venture, whose efforts were always justified by success, as was shewn by the gratitude of both parties.
1679	1710	0.439	Cette duplicité dans l’obligeance était, et avec des démentis comme en toute créature humaine, une partie importante du caractère de M. de Norpois.	This duplicity in rendering services was — allowing for disappointments such as are the lot of every human being — an important element of M. de Norpois's character.
1680	1711	0.379	Et souvent au ministère, il se servit de mon père, lequel était assez naïf, en lui faisant croire qu’il le servait.	And often at the Ministry he would make use of my father, who was a simple soul, while making him believe that it was he, M. de Norpois, who was being useful to my father.
1681	1712	0.548	Plaisant plus qu’elle ne voulait et n’ayant pas besoin de claironner ses succès, Albertine garda le silence sur la scène qu’elle avait eue avec moi auprès de son lit, et qu’une laide aurait voulu faire connaître à l’univers.	Attracting people more easily than she wished, and having no need to proclaim her conquests abroad, Albertine kept silence with regard to the scene with myself by her bedside, which a plain girl would have wished the whole world to know.
1682	1713	0.350	D’ailleurs son attitude dans cette scène, je ne parvenais pas à me l’expliquer.	And yet of her attitude during that scene I could not arrive at any satisfactory explanation.
1683	1714	0.378	Pour ce qui concerne l’hypothèse d’une vertu absolue (hypothèse à laquelle j’avais d’abord attribué la violence avec laquelle Albertine avait refusé de se laisser embrasser et prendre par moi, et qui n’était du reste nullement indispensable à ma conception de la bonté, de l’honnêteté foncière de mon amie) je ne laissai pas de la remanier à plusieurs reprises.	Taking first of all the supposition that she was absolutely chaste (a supposition with which I had originally accounted for the violence with which Albertine had refused to let herself be taken in my arms and kissed, though it was by no means essential to my conception of the goodness, the fundamentally honourable character of my friend), I could not accept it without a copious revision of its terms.
1684	1715	0.408	Cette hypothèse était tellement le contraire de celle que j’avais bâtie le premier jour où j’avais vu Albertine.	It ran so entirely counter to the hypothesis which I had constructed that day when I saw Albertine for the first time.
1685	1716	0.581	Puis tant d’actes différents, tous de gentillesse pour moi (une gentillesse caressante, parfois inquiète, alarmée, jalouse de ma prédilection pour Andrée) baignaient de tous côtés le geste de rudesse par lequel, pour m’échapper, elle avait tiré sur la sonnette.	Then ever so many different acts, all acts of kindness towards myself (a kindness that was caressing, at times uneasy, alarmed, jealous of my predilection for Andrée) came up on all sides to challenge the brutal gesture with which, to escape from me, she had pulled the bell.
1686	1717	0.413	Pourquoi donc m’avait-elle demandé de venir passer la soirée près de son lit?	Why then had she invited me to come and spend the evening by her bedside?
1687	1718	0.462	Pourquoi parlait-elle tout le temps le langage de la tendresse?	Why had she spoken all the time in the language of affection?
1688	1719	0.438	Sur quoi repose le désir de voir un ami, de craindre qu’il vous préfère votre amie, de chercher à lui faire plaisir, de lui dire romanesquement que les autres ne sauront pas qu’il a passé la soirée auprès de vous, si vous lui refusez un plaisir aussi simple et si ce n’est pas un plaisir pour vous?	What object is there in your desire to see a friend, in your fear that he is fonder of another of your friends than of you; why seek to give him pleasure, why tell him, so romantically, that the others will never know that he has spent the evening in your room, if you refuse him so simple a pleasure and if to you it is no pleasure at all?
1689	1720	0.403	Je ne pouvais croire tout de même que la vertu d’Albertine allât jusque-là et j’en arrivais à me demander s’il n’y avait pas eu à sa violence une raison de coquetterie, par exemple une odeur désagréable qu’elle aurait cru avoir sur elle et par laquelle elle eût craint de me déplaire, ou de pusillanimité, si par exemple elle croyait dans son ignorance des réalités de l’amour que mon état de faiblesse nerveuse pouvait avoir quelque chose de contagieux par le baiser.	I could not believe, all the same, that Albertine's chastity was carried to such a pitch as that, and I had begun to ask myself whether her violence might not have been due to some reason of coquetry, a disagreeable odour, for instance, which she suspected of lingering about her person, and by which she was afraid that I might be disgusted, or else of cowardice, if for instance she imagined, in her ignorance of the facts of love, that my state of nervous exhaustion was due to something contagious, communicable to her in a kiss.
1690	1721	0.487	Elle fut certainement désolée de n’avoir pu me faire plaisir et me donna un petit crayon d’or, par cette vertueuse perversité des gens qui, attendris par votre gentillesse et ne souscrivant pas à vous accorder ce qu’elle réclame, veulent cependant faire en votre faveur autre chose: le critique dont l’article flatterait le romancier l’invite à la place à dîner, la duchesse n’emmène pas le snob avec elle au théâtre, mais lui envoie sa loge pour un soir où elle ne l’occupera pas.	She was genuinely distressed by her failure to afford me pleasure, and gave me a little gold pencil-case, with that virtuous perversity which people shew who, moved by your supplications and yet not consenting to grant you what those supplications demand, are anxious all the same to bestow on you some mark of their affection; the critic, an article from whose pen would so gratify the novelist, asks him instead to dinner; the duchess does not take the snob with her to the theatre but lends him her box on an evening when she will not be using it herself.
1691	1722	0.539	Tant ceux qui font le moins et pourraient ne rien faire sont poussés par le scrupule à faire quelque chose.	So far are those who do least for us, and might easily do nothing, driven by conscience to do something.
1692	1723	0.587	Je dis à Albertine qu’en me donnant ce crayon, elle me faisait un grand plaisir, moins grand pourtant que celui que j’aurais eu si le soir où elle était venue coucher à l’hôtel elle m’avait permis de l’embrasser.	I told Albertine that in giving me this pencil-case she was affording me great pleasure, and yet not so great as I should have felt if, on the night she had spent at the hotel, she had permitted me to embrace her.
1693	1724-1725	0.328	«Cela m’aurait rendu si heureux, qu’est-ce que cela pouvait vous faire, je suis étonné que vous me l’ayez refusé.	"""It would have made me so happy; what possible harm could it have done you? I was simply astounded at your refusing to let me do it."""
1694	1726	0.289	— Ce qui m’étonne, me répondit-elle, c’est que vous trouviez cela étonnant.	"""What astounds me,"" she retorted, ""is that you should have thought it astounding."
1695	1727	0.183	Je me demande quelles jeunes filles vous avez pu connaître pour que ma conduite vous ait surpris.	"Funny sort of girls you must know if my behaviour surprises you."""
1696	1728	0.467	— Je suis désolé de vous avoir fâchée, mais, même maintenant je ne peux pas vous dire que je trouve que j’ai eu tort.	"""I am extremely sorry if I annoyed you, but even now I cannot say that I think I was in the wrong."
1697	1729	0.414	Mon avis est que ce sont des choses qui n’ont aucune importance, et je ne comprends pas qu’une jeune fille qui peut si facilement faire plaisir, n’y consente pas.	What I feel is that all that sort of thing is of no importance, really, and I can't understand a girl who could so easily give pleasure not consenting to do so.
1698	1730	0.260	Entendons-nous, ajoutai-je pour donner une demi-satisfaction à ses idées morales en me rappelant comment elle et ses amies avaient flétri l’amie de l’actrice Léa, je ne veux pas dire qu’une jeune fille puisse tout faire et qu’il n’y ait rien d’immoral.	"Let us be quite clear about it,"" I went on, throwing a sop of sorts to her moral scruples, as I recalled how she and her friends had scarified the girl who went about with the actress Léa, ""I don't mean to say for a moment that a girl can behave exactly as she likes, or that there's no such thing as immorality."
1699	1731	0.352	Ainsi, tenez, ces relations dont vous parliez l’autre jour à propos d’une petite qui habite Balbec et qui existeraient entre elle et une actrice, je trouve cela ignoble, tellement ignoble que je pense que ce sont des ennemis de la jeune fille qui auront inventé cela et que ce n’est pas vrai.	Take, let me see now, yes, what you were saying the other day about a girl who is staying at Balbec and her relations with an actress; I call that degrading, so degrading that I feel must all have been made up by the girl's enemies, and that there can't be any truth in the story.
1700	1732	0.663	Cela me semble improbable, impossible.	It strikes me as improbable, impossible.
1701	1733	0.563	Mais se laisser embrasser et même plus par un ami, puisque vous dites que je suis votre ami…	"But to let a friend kiss you, and go farther than that even — since you say that I am your friend . . ."""
1702	1734	0.467	— Vous l’êtes, mais j’en ai eu d’autres avant vous, j’ai connu des jeunes gens qui, je vous assure, avaient pour moi tout autant d’amitié.	"""So you are, but I have had friends before now, I have known lots of young men who were every bit as friendly, I can assure you."
1703	1735	0.483	Hé bien, il n’y en a pas un qui aurait osé une chose pareille.	There wasn't one of them would ever have dared to do a thing like that.
1704	1736	0.340	Ils savaient la paire de calottes qu’ils auraient reçue.	They knew they'ld get their ears boxed if they tried it on.
1705	1737	0.540	D’ailleurs ils n’y songeaient même pas, on se serrait la main bien franchement, bien amicalement, en bons camarades, jamais on n’aurait parlé de s’embrasser, et on n’en était pas moins amis pour cela.	Besides, they never dreamed of trying, we would shake hands in an open, friendly sort of way, like good pals, but there was never a word said about kissing, and yet we weren't any the less friends for that.
1706	1738	0.406	Allez, si vous tenez à mon amitié, vous pouvez être content, car il faut que je vous aime joliment pour vous pardonner.	Why, if it's my friendship you are after, you've nothing to complain of; I must be jolly fond of you to forgive you.
1707	1739	0.445	Mais je suis sûre que vous vous fichez bien de moi.	But I'm sure you don't care two straws about me, really.
1708	1740	0.416	Avouez que c’est Andrée qui vous plaît.	Own up now, it's Andrée you're in love with.
1709	1741	0.607	Au fond, vous avez raison, elle est beaucoup plus gentille que moi, et elle, elle est ravissante!	After all, you're quite right; she is ever so much prettier than I am, and perfectly charming!
1710	1742-1743	0.556	Ah! les hommes!»	"Oh! You men!"""
1711	1744	0.577	Malgré ma déception récente, ces paroles si franches, en me donnant une grande estime pour Albertine, me causaient une impression très douce.	Despite my recent disappointment, these words so frankly uttered, by giving me a great respect for Albertine, made a very pleasant impression on me.
1712	1745	0.396	Et peut-être cette impression eut-elle plus tard pour moi de grandes et fâcheuses conséquences, car ce fut par elle que commença à se former ce sentiment presque familial, ce noyau moral qui devait toujours subsister au milieu de mon amour pour Albertine.	And perhaps this impression was to have serious and vexatious consequences for me later on, for it was round it that there began to form that feeling almost of brotherly intimacy, that moral core which was always to remain at the heart of my love for Albertine.
1713	1746	0.462	Un tel sentiment peut être la cause des plus grandes peines.	A feeling of this sort may be the cause of the keenest pain.
1714	1747	0.641	Car pour souffrir vraiment par une femme, il faut avoir cru complètement en elle.	For in order really to suffer at the hands of a woman one must have believed in her completely.
1715	1748	0.587	Pour le moment, cet embryon d’estime morale, d’amitié, restait au milieu de mon âme comme une pierre d’attente.	For the moment, that embryo of moral esteem, of friendship, was left embedded in me like a stepping-stone in a stream.
1716	1749	0.537	Il n’eût rien pu, à lui seul, contre mon bonheur s’il fût demeuré ainsi sans s’accroître, dans une inertie qu’il devait garder l’année suivante et à plus forte raison pendant ces dernières semaines de mon premier séjour à Balbec.	It could have availed nothing, by itself, against my happiness if it had remained there without growing, in an inertia which it was to retain the following year, and still more during the final weeks of this first visit to Balbec.
1717	1750	0.425	Il était en moi comme un de ces hôtes qu’il serait malgré tout plus prudent qu’on expulsât, mais qu’on laisse à leur place sans les inquiéter, tant les rendent provisoirement inoffensifs leur faiblesse et leur isolement au milieu d’une âme étrangère.	It dwelt in me like one of those foreign bodies which it would be wiser when all is said to expel, but which we leave where they are without disturbing them, so harmless for the present does their weakness, their isolation amid a strange environment render them.
1718	1751	0.399	Mes rêves se retrouvaient libres maintenant de se reporter sur telle ou telle des amies d’Albertine et d’abord sur Andrée dont les gentillesses m’eussent peut-être moins touché si je n’avais été certain qu’elles seraient connues d’Albertine.	My dreams were now once more at liberty to concentrate on one or another of Albertine's friends, and returned first of all to Andrée, whose kindnesses might perhaps have appealed to me less strongly had I not been certain that they would come to Albertine's ears.
1719	1752	0.294	Certes la préférence que depuis longtemps j’avais feinte pour Andrée m’avait fourni — en habitudes de causeries, de déclarations de tendresses — comme la matière d’un amour tout prêt pour elle auquel il n’avait jusqu’ici manqué qu’un sentiment sincère qui s’y ajoutât et que maintenant mon cœur redevenu libre aurait pu fournir.	Undoubtedly the preference that I had long been pretending to feel for Andrée had furnished me — in the habit of conversation with her, of declaring my affection — with, so to speak, the material, prepared and ready, for a love of her which had hitherto lacked only the complement of a genuine sentiment, and this my heart being once more free was now in a position to supply.
1720	1753	0.320	Mais pour que j’aimasse vraiment Andrée, elle était trop intellectuelle, trop nerveuse, trop maladive, trop semblable à moi.	But for me really to love Andrée, she was too intellectual, too neurotic, too sickly, too much like myself.
1721	1754	0.444	Si Albertine me semblait maintenant vide, Andrée était remplie de quelque chose que je connaissais trop.	If Albertine now seemed to me to be void of substance, Andrée was filled with something which I knew only too well.
1722	1755	0.526	J’avais cru le premier jour voir sur la plage une maîtresse de coureur, enivrée de l’amour des sports, et Andrée me disait que si elle s’était mise à en faire, c’était sur l’ordre de son médecin pour soigner sa neurasthénie et ses troubles de nutrition, mais que ses meilleures heures étaient celles où elle traduisait un roman de George Eliot.	I had thought, that first day, that what I saw on the beach there was the mistress of some racing cyclist, passionately athletic; and now Andrée told me that if she had taken up athletic pastimes, it was under orders from her doctor, to cure her neurasthenia, her digestive troubles, but that her happiest hours were those which she spent in translating one of George Eliot's novels.
1723	1756	0.456	Ma déception, suite d’une erreur initiale sur ce qu’était Andrée, n’eut, en fait, aucune importance pour moi.	The misunderstanding, due to an initial mistake as to what Andrée was, had not, as a matter of fact, the slightest importance.
1724	1757	0.368	Mais l’erreur était du genre de celles qui, si elles permettent à l’amour de naître et ne sont reconnues pour des erreurs que lorsqu’il n’est plus modifiable, deviennent une cause de souffrances.	But my mistake was one of the kind which, if they allow love to be born, and are not recognised as mistakes until it has ceased to be under control, become a cause of suffering.
1725	1758	0.471	Ces erreurs — qui peuvent être différentes de celle que je commis pour Andrée et même inverses — tiennent souvent, dans le cas d’Andrée en particulier, à ce qu’on prend suffisamment l’aspect, les façons de ce qu’on n’est pas mais qu’on voudrait être, pour faire illusion au premier abord.	Such mistakes — which may be quite different from mine with regard to Andrée, and even its exact opposite, — are frequently due (and this was especially the case here) to our paying too much attention to the aspect, the manners of what a person is not but would like to be, in forming our first impression of that person.
1726	1759	0.483	A l’apparence extérieure, l’affectation, l’imitation, le désir d’être admiré, soit des bons, soit des méchants, ajoutent les faux semblants des paroles, des gestes.	To the outward appearance affectation, imitation, the longing to be admired, whether by the good or by the wicked, add misleading similarities of speech and gesture.
1727	1760	0.374	Il y a des cynismes, des cruautés qui ne résistent pas plus à l’épreuve que certaines bontés, certaines générosités.	There are cynicisms and cruelties which, when put to the test, prove no more genuine than certain apparent virtues and generosities.
1728	1761	0.488	De même qu’on découvre souvent un avare vaniteux dans un homme connu pour ses charités, sa forfanterie de vice nous fait supposer une Messaline dans une honnête fille pleine de préjugés.	Just as we often discover a vain miser beneath the cloak of a man famed for his bountiful charity, so her flaunting of vice leads us to suppose a Messalina a respectable girl with middle class prejudices.
1729	1762	0.460	J’avais cru trouver en Andrée une créature saine et primitive, alors qu’elle n’était qu’un être cherchant la santé, comme étaient peut-être beaucoup de ceux en qui elle avait cru la trouver et qui n’en avaient pas plus la réalité qu’un gros arthritique à figure rouge et en veste de flanelle blanche n’est forcément un Hercule.	I had thought to find in Andrée a healthy, primitive creature, whereas she was merely a person in search of health, as were doubtless many of those in whom she herself had thought to find it, and who were in reality no more healthy than a burly arthritic with a red face and in white flannels is necessarily a Hercules.
1730	1763	0.418	Or, il est telles circonstances où il n’est pas indifférent pour le bonheur que la personne qu’on a aimée pour ce qu’elle paraissait avoir de sain, ne fût en réalité qu’une de ces malades qui ne reçoivent leur santé que d’autres, comme les planètes empruntent leur lumière, comme certains corps ne font que laisser passer l’électricité.	Now there are circumstances in which it is not immaterial to our happiness that the person whom we have loved because of what appeared to be so healthy about her is in reality only one of those invalids who receive such health as they possess from others, as the planets borrow their light, as certain bodies are only conductors of electricity.
1731	1764	0.507	N’importe, Andrée, comme Rosemonde et Gisèle, même plus qu’elles, était tout de même une amie d’Albertine, partageant sa vie, imitant ses façons au point que le premier jour je ne les avais pas distinguées d’abord l’une de l’autre.	No matter, Andrée, like Rosemonde and Gisèle, indeed more than they, was, when all was said, a friend of Albertine, sharing her life, imitating her conduct, so closely that, the first day, I had not at once distinguished them one from another.
1732	1765	0.329	Entre ces jeunes filles, tiges de roses dont le principal charme était de se détacher sur la mer, régnait la même indivision qu’au temps où je ne les connaissais pas et où l’apparition de n’importe laquelle me causait tant d’émotion en m’annonçant que la petite bande n’était pas loin.	Over these girls, flowering sprays of roses whose principal charm was that they outlined themselves against the sea, the same undivided partnership prevailed as at the time when I did not know them, when the appearance of no matter which of them had caused me such violent emotion by its announcement that the little band was not far off.
1733	1766	0.366	Maintenant encore la vue de l’une me donnait un plaisir où entrait dans une proportion que je n’aurais pas su dire, de voir les autres la suivre plus tard, et, même si elles ne venaient pas ce jour-là, de parler d’elles et de savoir qu’il leur serait dit que j’étais allé sur la plage.	And even now the sight of one of them filled me with a pleasure into which there entered, to an extent which I should not have found it easy to define, the thought of seeing the others follow her in due course, and even if they did not come that day, speaking about them, and knowing that they would be told that I had been on the beach.
1734	1767	0.374	Ce n’était plus simplement l’attrait des premiers jours, c’était une véritable velléité d’aimer qui hésitait entre toutes, tant chacune était naturellement le résultat de l’autre.	It was no longer simply the attraction of those firsts days, it was a regular love-longing which hesitated among them all, so far was each the natural substitute for the others.
1735	1768	0.320	Ma plus grande tristesse n’aurait pas été d’être abandonné par celle de ces jeunes filles que je préférais, mais j’aurais aussitôt préféré, parce que j’aurais fixé sur elle la somme de tristesse et de rêve qui flottait indistinctement entre toutes, celle qui m’eût abandonné.	My bitterest grief would not have been to be thrown over by whichever of the girls I liked best, but I should at once have liked best, because I should have fastened on to her the whole of the melancholy dream which had been floating vaguely among them all, her who had thrown me over.
1736	1769	0.314	Encore dans ce cas est-ce toutes ses amies, aux yeux desquelles j’eusse bientôt perdu tout prestige, que j’eusse, en celle-là, inconsciemment regrettées, leur ayant avoué cette sorte d’amour collectif qu’ont l’homme politique ou l’acteur pour le public dont ils ne se consolent pas d’être délaissés après en avoir eu toutes les faveurs.	It would, moreover, in that event, be the loss of all her friends, in whose eyes I should speedily have forfeited whatever advantage I might possess, that I should, in losing her, have unconsciously regretted, having vowed to them that sort of collective love which the politician and the actor feel for the public for whose desertion of them after they have enjoyed all its favours they can never be consoled.
1737	1770	0.394	Même celles que je n’avais pu obtenir d’Albertine je les espérais tout d’un coup de telle qui m’avait quitté le soir en me disant un mot, en me jetant un regard ambigus, grâce auxquels c’était vers celle-là que, pour une journée, se tournait mon désir.	Even those favours which I had failed to win from Albertine I would hope suddenly to receive from one or other who had parted from me in the evening with a word or glance of ambiguous meaning, thanks to which it was to her that, for the next day or so, my desire would turn.
1738	1771	0.350	Il errait entre elles d’autant plus voluptueusement que sur ces visages mobiles, une fixation relative des traits était suffisamment commencée, pour qu’on en pût distinguer, dût-elle changer encore, la malléable et flottante effigie.	It strayed among them all the more voluptuously in that upon those volatile faces a comparative fixation of features had now begun, and had been carried far enough for the eye to distinguish — even if it were to change yet further — each malleable and floating effigy.
1739	1772	0.423	Aux différences qu’il y avait entre eux, étaient bien loin de correspondre sans doute des différences égales dans la longueur et la largeur des traits, lesquels eussent, de l’une à l’autre de ces jeunes filles, et si dissemblables qu’elles parussent, peut-être été presque superposables.	To the differences that existed among them there was doubtless very little that corresponded in the no less marked differences in the length and breadth of those features, any of which might, perhaps, dissimilar as the girls appeared, almost have been lifted bodily from one face and imposed at random upon any other.
1740	1773	0.531	Mais notre connaissance des visages n’est pas mathématique.	But our knowledge of faces is not mathematical.
1741	1774	0.512	D’abord, elle ne commence pas par mesurer les parties, elle a pour point de départ une expression, un ensemble.	In the first place, it does not begin with the measurement of the parts, it takes as its starting-point an expression, a combination of the whole.
1742	1775	0.515	Chez Andrée par exemple, la finesse des yeux doux semblait rejoindre le nez étroit, aussi mince qu’une simple courbe qui aurait été tracée pour que pût se poursuivre sur une seule ligne l’intention de délicatesse divisée antérieurement dans le double sourire des regards jumeaux.	In Andrée, for instance, the fineness of her gentle eyes seemed to go with the thinness of her nose, as slender as a mere curve which one could imagine as having been traced in order to produce along a single line the idea of delicacy divided higher up between the dual smile of her twin gaze.
1743	1776	0.438	Une ligne aussi fine était creusée dans ses cheveux, souple et profonde comme celle dont le vent sillonne le sable.	A line equally fine was engraved in her hair, pliant and deep as the line with which the wind furrows the sand.
1744	1777	0.407	Et là elle devait être héréditaire, les cheveux tout blancs de la mère d’Andrée étaient fouettés de la même manière, formant ici un renflement, là une dépression comme la neige qui se soulève ou s’abîme selon les inégalités du terrain.	And in her it must have been hereditary; for the snow white hair of Andrée's mother was driven in the same way, forming here a swelling, there a depression like a snowdrift that rises or sinks according to the irregularities of the soil.
1745	1778	0.510	Certes, comparé à la fine délinéation de celui d’Andrée, le nez de Rosemonde semblait offrir de larges surfaces comme une haute tour assise sur une base puissante.	Certainly, when compared with the fine delineation of Andrée's, Rosemonde's nose seemed to present broad surfaces, like a high tower raised upon massive foundations.
1746	1779	0.427	Que l’expression suffise à faire croire à d’énormes différences entre ce que sépare un infiniment petit — qu’un infiniment petit puisse à lui seul créer une expression absolument particulière, une individualité — ce n’était pas que l’infiniment petit de la ligne, et l’originalité de l’expression, qui faisaient apparaître ces visages comme irréductibles les uns aux autres.	Albeit expression suffices to make us believe in enormous differences between things that are separated by infinitely little — albeit that infinitely little may by itself create an expression that is absolutely unique, an individuality — it was not only the infinitely little of its lines and the originality of its expression that made each of these faces appear irreducible to terms of any other.
1747	1780	0.333	Entre ceux de mes amies la coloration mettait une séparation plus profonde encore, non pas tant par la beauté variée des tons qu’elle leur fournissait, si opposés que je prenais devant Rosemonde — inondée d’un rose soufré sur lequel réagissaient encore la lumière verdâtre des yeux — et devant Andrée — dont les joues blanches recevaient tant d’austère distinction de ses cheveux noirs — le même genre de plaisir que si j’avais regardé tour à tour un géranium au bord de la mer ensoleillée et un camélia dans la nuit; mais surtout parce que les différences infiniment petites des lignes se trouvaient démesurément grandies, les rapports des surfaces entièrement changés par cet élément nouveau de la couleur, lequel tout aussi bien que le dispensateur des teintes est un grand régénérateur ou tout au moins modificateur des dimensions.	Between my friends' faces their colouring established a separation wider still, not so much by the varied beauty of the tones with which it provided them, so contrasted that I felt when I looked at Rosemonde — flooded with a sulphurous rose colour, with the further contrast of the greenish light in her eyes — and then at Andrée — whose white cheeks received such an austere distinction from her black hair — the same kind of pleasure as if I had been looking alternately at a geranium growing by a sunlit sea and a camellia in the night; but principally because the infinitely little differences of their lines were enlarged out of all proportion, the relations between one and another surface entirely changed by this new element of colour which, in addition to being a dispenser of tints, is great at restoring, or rather at altering dimensions.
1748	1781	0.518	De sorte que des visages peut-être construits de façon peu dissemblable, selon qu’ils étaient éclairés par les feux d’une rousse chevelure, d’un teint rose, par la lumière blanche d’une mate pâleur, s’étiraient ou s’élargissaient, devenaient une autre chose comme ces accessoires des ballets russes, consistant parfois, s’ils sont vus en plein jour, en une simple rondelle de papier, et que le génie d’un Bakst, selon l’éclairage incarnadin ou lunaire où il plonge le décor, fait s’y incruster durement comme une turquoise à la façade d’un palais ou s’y épanouir avec mollesse, rose de bengale au milieu d’un jardin.	So that faces which were perhaps constructed on not dissimilar lines, according as they were lighted by the flaming torch of an auburn poll or high complexion, or by the white glimmer of a dull pallor, grew sharper or broader, became something else, like those properties used in the Russian ballet, consisting sometimes, when they are seen in the light of day, of a mere disc of paper, out of which the genius of a Bakst, according to the blood-red or moonlit effect in which he plunges his stage, makes a hard incrustation, like a turquoise on a palace wall, or a swooning softness, as of a Bengal rose in an eastern garden.
1749	1782	0.636	Ainsi en prenant connaissance des visages, nous les mesurons bien, mais en peintres, non en arpenteurs.	And so when acquiring a knowledge of faces we take careful measurements, but as painters, not as surveyors.
1750	1783	0.626	Il en était d’Albertine comme de ses amies.	So it was with Albertine as with her friends.
1751	1784	0.458	Certains jours, mince, le teint gris, l’air maussade, une transparence violette descendant obliquement au fond de ses yeux comme il arrive quelquefois pour la mer, elle semblait éprouver une tristesse d’exilée.	On certain days, slim, with grey cheeks, a sullen air, a violet transparency falling obliquely from her such as we notice sometimes on the sea, she seemed to be feeling the sorrows of exile.
1752	1785	0.373	D’autres jours, sa figure plus lisse engluait les désirs à sa surface vernie et les empêchait d’aller au delà; à moins que je ne la visse tout à coup de côté, car ses joues mates comme une blanche cire à la surface étaient roses par transparence, ce qui donnait tellement envie de les embrasser, d’atteindre ce teint différent qui se dérobait.	On other days her face, more sleek, caught and glued my desires to its varnished surface and prevented them from going any farther; unless I caught a sudden glimpse of her from the side, for her dull cheeks, like white wax on the surface, were visibly pink beneath, which made me anxious to kiss them, to reach that different tint which thus avoided my touch.
1753	1786	0.179	D’autres fois le bonheur baignait ces joues d’une clarté si mobile que la peau devenue fluide et vague laissait passer comme des regards sous-jacents qui la faisaient paraître d’une autre couleur, mais non d’une autre matière que les yeux; quelquefois, sans y penser, quand on regardait sa figure ponctuée de petits points bruns et où flottaient seulement deux taches plus bleues, c’était comme on eût fait d’un œuf de chardonneret, souvent comme d’une agate opaline travaillée et polie à deux places seulement, où, au milieu de la pierre brune, luisaient comme les ailes transparentes d’un papillon d’azur, les yeux où la chair devient miroir et nous donne l’illusion de nous laisser plus qu’en les autres parties du corps, approcher de l’âme.	At other times happiness bathed her cheeks with a clarity so mobile that the skin, grown fluid and vague, gave passage to a sort of stealthy and subcutaneous gaze, which made it appear to be of another colour but not of another substance than her eyes; sometimes, instinctively, when one looked at her face punctuated with tiny brown marks among which floated what were simply two larger, bluer stains, it was like looking at the egg of a goldfinch — or often like an opalescent agate cut and polished in two places only, where, from the heart of the brown stone, shone like the transparent wings of a sky-blue butterfly her eyes, those features in which the flesh becomes a mirror and gives us the illusion that it allows us, more than through the other parts of the body, to approach the soul.
1754	1787	0.330	Mais le plus souvent aussi elle était plus colorée, et alors plus animée; quelquefois seul était rose dans sa figure blanche, le bout de son nez, fin comme celui d’une petite chatte sournoise avec qui l’on aurait eu envie de jouer; quelquefois ses joues étaient si lisses que le regard glissait comme sur celui d’une miniature sur leur émail rose que faisait encore paraître plus délicat, plus intérieur, le couvercle entr’ouvert et superposé de ses cheveux noirs; il arrivait que le teint de ses joues atteignît le rose violacé du cyclamen, et parfois même, quand elle était congestionnée ou fiévreuse, et donnant alors l’idée d’une complexion maladive qui rabaissait mon désir à quelque chose de plus sensuel et faisait exprimer à son regard quelque chose de plus pervers et de plus malsain, la sombre pourpre de certaines roses, d’un rouge presque noir; et chacune de ces Albertine était différente comme est différente chacune des apparitions de la danseuse dont sont transmutées les couleurs, la forme, le caractère, selon les jeux innombrablement variés d’un projecteur lumineux.	But most often of all she shewed more colour, and was then more animated; sometimes the only pink thing in her white face was the tip of her nose, as finely pointed as that of a mischievous kitten with which one would have liked to stop and play; sometimes her cheeks were so glossy that one's glance slipped, as over the surface of a miniature, over their pink enamel, which was made to appear still more delicate, more private, by the enclosing though half-opened case of her black hair; or it might happen that the tint of her cheeks had deepened to the violet shade of the red cyclamen, and, at times, even, when she was flushed or feverish, with a suggestion of unhealthiness which lowered my desire to something more sensual and made her glance expressive of something more perverse and unwholesome, to the deep purple of certain roses, a red that was almost black; and each of these Albertines was different, as in every fresh appearance of the dancer whose colours, form, character, are transmuted according to the innumerably varied play of a projected limelight.
1755	1788	0.319	C’est peut-être parce qu’étaient si divers les êtres que je contemplais en elle à cette époque que plus tard je pris l’habitude de devenir moi-même un personnage autre selon celle des Albertine à laquelle je pensais: un jaloux, un indifférent, un voluptueux, un mélancolique, un furieux, recréés, non seulement au hasard du souvenir qui renaissait, mais selon la force de la croyance interposée pour un même souvenir, par la façon différente dont je l’appréciais.	It was perhaps because they were so different, the persons whom I used to contemplate in her at this period, that later on I became myself a different person, corresponding to the particular Albertine to whom my thoughts had turned; a jealous, an indifferent, a voluptuous, a melancholy, a frenzied person, created anew not merely by the accident of what memory had risen to the surface, but in proportion also to the strength of the belief that was lent to the support of one and the same memory by the varying manner in which I appreciated it.
1756	1789	0.343	Car c’est toujours à cela qu’il fallait revenir, à ces croyances qui la plupart du temps remplissent notre âme à notre insu, mais qui ont pourtant plus d’importance pour notre bonheur que tel être que nous voyons, car c’est à travers elles que nous le voyons, ce sont elles qui assignent sa grandeur passagère à l’être regardé.	For this is the point to which we must always return, to these beliefs with which most of the time we are quite unconsciously filled, but which for all that are of more importance to our happiness than is the average person whom we see, for it is through them that we see him, it is they that impart his momentary greatness to the person seen.
1757	1790	0.380	Pour être exact, je devrais donner un nom différent à chacun des moi qui dans la suite pensa à Albertine; je devrais plus encore donner un nom différent à chacune de ces Albertine qui apparaissaient par moi, jamais la même, comme — appelées simplement par moi pour plus de commodité la mer — ces mers qui se succédaient et devant lesquelles, autre nymphe, elle se détachait.	"To be quite accurate I ought to give a different name to each of the 'me's' who were to think about Albertine in time to come; I ought still more to give a different name to each of the Albertines who appeared before me, never the same, like — called by me simply and for the sake of convenience ""the sea"" — those seas that succeeded one another on the beach, in front of which, a nymph likewise, she stood apart."
1758	1791	0.258	Mais surtout de la même manière mais bien plus utilement qu’on dit, dans un récit, le temps qu’il faisait tel jour, je devrais donner toujours son nom à la croyance qui tel jour où je voyais Albertine régnait sur mon âme, en faisant l’atmosphère, l’aspect des êtres, comme celui des mers, dépendant de ces nuées à peine visibles qui changent la couleur de chaque chose, par leur concentration, leur mobilité, leur dissémination, leur fuite — comme celle qu’Elstir avait déchirée un soir en ne me présentant pas aux jeunes filles avec qui il s’était arrêté et dont les images m’étaient soudain apparues plus belles, quand elles s’éloignaient — nuée qui s’était reformée quelques jours plus tard quand je les avais connues, voilant leur éclat, s’interposant souvent entre elles et mes yeux, opaque et douce, pareille à la Leucothea de Virgile.	But above all, in the same way as, in telling a story (though to far greater purpose here), one mentions what the weather was like on such and such a day, I ought always to give its name to the belief that, on any given day on which I saw Albertine, was reigning in my soul, creating its atmosphere, the appearance of people like that of seas being dependent on those clouds, themselves barely visible, which change the colour of everything by their concentration, their mobility, their dissemination, their flight — like that cloud which Elstir had rent one evening by not introducing me to these girls, with whom he had stopped to talk, whereupon their forms, as they moved away, had suddenly increased in beauty — a cloud that had formed again a few days later when I did get to know the girls, veiling their brightness, interposing itself frequently between my eyes and them, opaque and soft, like Virgil's Leucothea.
1759	1792	0.376	Sans doute leurs visages à toutes avait bien changé pour moi de sens depuis que la façon dont il fallait les lire m’avait été dans une certaine mesure indiquée par leurs propos, propos auxquels je pouvais attribuer une valeur d’autant plus grande que par mes questions je les provoquais à mon gré, les faisais varier comme un expérimentateur qui demande à des contre-épreuves la vérification de ce qu’il a supposé.	No doubt, all their faces had assumed quite new meanings for me since the manner in which they were to be read had been to some extent indicated to me by their talk, talk to which I could ascribe a value all the greater in that, by questioning them, I could prompt it whenever I chose, could vary it like an experimenter who seeks by corroborative proofs to establish the truth of his theory.
1760	1793-1794	0.436	Et c’est en somme une façon comme une autre de résoudre le problème de l’existence, qu’approcher suffisamment les choses et les personnes qui nous ont paru de loin belles et mystérieuses, pour nous rendre compte qu’elles sont sans mystère et sans beauté; c’est une des hygiènes entre lesquelles on peut opter, une hygiène qui n’est peut-être pas très recommandable, mais elle nous donne un certain calme pour passer la vie, et aussi comme elle permet de ne rien regretter, en nous persuadant que nous avons atteint le meilleur, et que le meilleur n’était pas grand-chose — pour nous résigner à la mort.	And it is, after all, as good a way as any of solving the problem of existence to approach near enough to the things that have appeared to us from a distance to be beautiful and mysterious, to be able to satisfy ourselves that they have neither mystery nor beauty. It is one of the systems of hygiene among which we are at liberty to choose our own, a system which is perhaps not to be recommended too strongly, but it gives us a certain tranquillity with which to spend what remains of life, and also — since it enables us to regret nothing, by assuring us that we have attained to the best, and that the best was nothing out of the common — with which to resign ourselves to death.
1761	1795	0.371	J’avais remplacé au fond du cerveau de ces jeunes filles le mépris de la chasteté, le souvenir de quotidiennes passades, par d’honnêtes principes capables peut-être de fléchir mais ayant jusqu’ici préservé de tout écart celles qui les avaient reçus de leur milieu bourgeois.	"I had now substituted, in the brains of these girls, for their supposed contempt for chastity, their memories of daily ""incidents"", honest principles, liable, it might be, to relaxation, but principles which had hitherto kept unscathed the children who had acquired them in their own respectable homes."
1762	1796	0.527	Or quand on s’est trompé dès le début, même pour les petites choses, quand une erreur de supposition ou de souvenirs, vous fait chercher l’auteur d’un potin malveillant ou l’endroit où on a égaré un objet dans une fausse direction, il peut arriver qu’on ne découvre son erreur que pour lui substituer non pas la vérité, mais une autre erreur.	And yet, when one has been mistaken from the start, even in trifling details, when an error of assumption or recollection makes one seek for the author of a malicious slander, or for the place where one has lost something, in the wrong direction, it frequently happens that one discovers one's error only to substitute for it not the truth but a fresh error.
1763	1797	0.513	Je tirais en ce qui concernait leur manière de vivre et la conduite à tenir avec elles, toutes les conséquences du mot innocence que j’avais lu, en causant familièrement avec elles, sur leur visage.	"I drew, so far as their manner of life and the proper way to behave with them went, all the possible conclusions from the word ""Innocence"" which I had read, in talking familiarly with them, upon their faces."
1764	1798	0.471	Mais peut-être l’avais-je lu étourdiment dans le lapsus d’un déchiffrage trop rapide, et n’y était-il pas plus écrit que le nom de Jules Ferry sur le programme de la matinée où j’avais entendu pour la première fois la Berma, ce qui ne m’avait pas empêché de soutenir à M. de Norpois, que Jules Ferry, sans doute possible, écrivait des levers de rideau.	But perhaps I had been reading carelessly, with the inaccuracy born of a too rapid deciphering, and it was no more written there than was the name of Jules Ferry on the programme of the performance at which I had heard Berma for the first time, an omission which had not prevented me from maintaining to M. de Norpois that Jules Ferry, beyond any possibility of doubt, was a person who wrote curtain-raisers.
1765	1799	0.423	Pour n’importe laquelle de mes amies de la petite bande, comment le dernier visage que je lui avais vu n’eût-il pas été le seul que je me rappelasse, puisque, de nos souvenirs relatifs à une personne, l’intelligence élimine tout ce qui ne concourt pas à l’utilité immédiate de nos relations quotidiennes (même et surtout si ces relations sont imprégnées d’amour, lequel toujours insatisfait, vit dans le moment qui va venir).	No matter which it might be of my friends of the little band, was not inevitably the face that I had last seen the only face that I could recall, since, of our memories with respect to a person, the mind eliminates everything that does not agree with our immediate purpose of our daily relations (especially if those relations are quickened with an element of love which, ever unsatisfied, lives always in the moment that is about to come)?
1766	1800	0.333	Elle laisse filer la chaîne des jours passés, n’en garde fortement que le dernier bout souvent d’un tout autre métal que les chaînons disparus dans la nuit et dans le voyage que nous faisons à travers la vie, ne tient pour réel que le pays où nous sommes présentement.	That purpose allows the chain of spent days to slip away, holding on only to the very end of it, often of a quite different metal from the links that, have vanished in the night, and in the journey which we make through life, counts as real only in the place in which we at any given moment are.
1767	1801	0.547	Toutes mes premières impressions, déjà si lointaines, ne pouvaient pas trouver contre leur déformation journalière un recours dans ma mémoire; pendant les longues heures que je passais à causer, à goûter, à jouer avec ces jeunes filles, je ne me souvenais même pas qu’elles étaient les mêmes vierges impitoyables et sensuelles que j’avais vues comme dans une fresque, défiler devant la mer.	But all those earliest impressions, already so remote, could not find, against the blunting process that assailed them day after day, any remedy in my memory; during the long hours which I spent in talking, eating, playing with these girls, I did not remember even that they were the same ruthless, sensual virgins whom I had seen, as in a fresco, file past between me and the sea.
1768	1802	0.462	Les géographes, les archéologues nous conduisent bien dans l’île de Calypso, exhument bien le palais de Minos.	Geographers, archaeologists may conduct us over Calypso's island, may excavate the Palace of Minos.
1769	1803	0.469	Seulement Calypso n’est plus qu’une femme; Minos qu’un roi sans rien de divin.	Only Calypso becomes then nothing more than a woman, Minos than a king with no semblance of divinity.
1770	1804	0.601	Même les qualités et les défauts que l’histoire nous enseigne alors avoir été l’apanage de ces personnes fort réelles, diffèrent souvent beaucoup de ceux que nous avions prêtés aux êtres fabuleux qui portaient le même nom.	Even the good and bad qualities which history teaches us to have been the attributes of those quite real personages, often differ widely from those which we had ascribed to the fabulous beings who bore the same names as they.
1771	1805	0.538	Ainsi s’était dissipée toute la gracieuse mythologie océanique que j’avais composée les premiers jours.	Thus had there faded and vanished all the lovely mythology of Ocean which I had composed in those first days.
1772	1806	0.461	Mais il n’est pas tout à fait indifférent qu’il nous arrive au moins quelquefois de passer notre temps dans la familiarité de ce que nous avons cru inaccessible et que nous avons désiré.	But it is not altogether immaterial that we do succeed, at any rate now and then, in spending our time in familiar intercourse with what we have thought to be unattainable and have longed to possess.
1773	1807	0.381	Dans le commerce des personnes que nous avons d’abord trouvées désagréables, persiste toujours, même au milieu du plaisir factice qu’on peut finir par goûter auprès d’elles, le goût frelaté des défauts qu’elles ont réussi à dissimuler.	In our later dealings with people whom at first we found disagreeable there persists always, even among the artificial pleasure which we have come at length to enjoy in their society, the lingering taint of the defects which they have succeeded in hiding.
1774	1808	0.477	Mais dans des relations comme celles que j’avais avec Albertine et ses amies, le plaisir vrai qui est à leur origine, laisse ce parfum qu’aucun artifice ne parvient à donner aux fruits forcés, aux raisins qui n’ont pas mûri au soleil.	But, in relations such as I was now having with Albertine and her friends, the genuine pleasure which was there at the start leaves that fragrance which no amount of skill can impart to hot-house fruits, to grapes that have not ripened in the sun.
1775	1809	0.338	Les créatures surnaturelles qu’elles avaient été un instant pour moi mettaient encore, même à mon insu, quelque merveilleux dans les rapports les plus banals que j’avais avec elles, ou plutôt préservaient ces rapports d’avoir jamais rien de banal.	The supernatural creatures which for a little time they had been to me still introduced, even without any intention on my part, a miraculous element into the most common-place dealings that I might have with them, or rather prevented such dealings from ever becoming common-place at all.
1776	1810	0.451	Mon désir avait cherché avec tant d’avidité la signification des yeux qui maintenant me connaissaient et me souriaient, mais qui, le premier jour, avaient croisé mes regards comme des rayons d’un autre univers, il avait distribué si largement et si minutieusement la couleur et le parfum sur les surfaces carnées de ces jeunes filles qui, étendues sur la falaise me tendaient simplement des sandwichs ou jouaient aux devinettes, que souvent dans l’après-midi, pendant que j’étais allongé comme ces peintres qui cherchant la grandeur de l’antique dans la vie moderne, donnent à une femme qui se coupe un ongle de pied la noblesse du «Tireur d’épine» ou qui comme Rubens, font des déesses avec des femmes de leur connaissance pour composer une scène mythologique, ces beaux corps bruns et blonds, de types si opposés, répandus autour de moi dans l’herbe, je les regardais sans les vider peut-être de tout le médiocre contenu dont l’existence journalière les avait remplis, et pourtant sans me rappeler expressément leur céleste origine, comme si pareil à Hercule ou à Télémaque, j’avais été en train de jouer au milieu des nymphes.	My desire had sought so ardently to learn the significance of the eyes which now knew and smiled to see me, but whose glances on the first day had crossed mine like rays from another universe; it had distributed so generously, so carefully, so minutely, colour and fragrance over the carnation surfaces of these girls who now, outstretched on the cliff-top, were simply offering me sandwiches or guessing riddles, that often, in the afternoon, while I lay there among them, like those painters who seek to match the grandeurs of antiquity in modern life, give to a woman cutting her toe-nail the nobility of the _Spinario_, or, like Rubens, make goddesses out of women whom they know, to people some mythological scene; at those lovely forms, dark and fair, so dissimilar in type, scattered around me in the grass, I would gaze without emptying them, perhaps, of all the mediocre contents with which my every day experience had filled them, and at the same time without expressly recalling their heavenly origin, as if, like young Hercules or young Telemachus, I had been set to play amid a band of nymphs.
1777	1811	0.490	Puis les concerts finirent, le mauvais temps arriva, mes amies quittèrent Balbec, non pas toutes ensemble, comme les hirondelles, mais dans la même semaine.	Then the concerts ended, the bad weather began, my friends left Balbec; not all at once, like the swallows, but all in the same week.
1778	1812	0.454	Albertine s’en alla la première, brusquement, sans qu’aucune de ses amies eût pu comprendre, ni alors, ni plus tard, pourquoi elle était rentrée tout à coup à Paris, où ni travaux, ni distractions ne la rappelaient.	Albertine was the first to go, abruptly, without any of her friends understanding, then or afterwards, why she had returned suddenly to Paris whither neither her work nor any amusement summoned her.
1779	1813	0.435	«Elle n’a dit ni quoi ni qu’est-ce et puis elle est partie», grommelait Françoise qui aurait d’ailleurs voulu que nous en fissions autant.	"""She said neither why nor wherefore, and with that she left!"" muttered Françoise, who, for that matter, would have liked us to leave as well."
1780	1814	0.459	Elle nous trouvait indiscrets vis-à-vis des employés, pourtant déjà bien réduits en nombre, mais retenus par les rares clients qui restaient, vis-à-vis du directeur qui «mangeait de l’argent».	"We were, she thought, inconsiderate towards the staff, now greatly reduced in number, but retained on account of the few visitors who were still staying on, and towards the manager who was ""just eating up money."""
1781	1815	0.413	Il est vrai que depuis longtemps l’hôtel qui n’allait pas tarder à fermer avait vu partir presque tout le monde; jamais il n’avait été aussi agréable.	It was true that the hotel, which would very soon be closed for the winter, had long since seen most of its patrons depart, but never had it been so attractive.
1782	1816-1817	0.443	Ce n’était pas l’avis du directeur; tout le long des salons où l’on gelait et à la porte desquels ne veillait plus aucun groom, il arpentait les corridors, vêtu d’une redingote neuve, si soigné par le coiffeur que sa figure fade avait l’air de consister en un mélange où pour une partie de chair il y en aurait eu trois de cosmétique, changeant sans cesse de cravates (ces élégances coûtent moins cher que d’assurer le chauffage et de garder le personnel, et tel qui ne peut plus envoyer dix mille francs à une oeuvre de bienfaisance, fait encore sans peine le généreux en donnant cent sous de pourboire au télégraphiste qui lui apporte une dépêche).	This view was not shared by the manager; from end to end of the rooms in which we sat shivering, and at the doors of which no page now stood on guard, he paced the corridors, wearing a new frock coat, so well tended by the hairdresser that his insipid face appeared to be made of some composition in which, for one part of flesh, there were three of cosmetics, incessantly changing his neckties. (These refinements cost less than having the place heated and keeping on the staff, just as a man who is no longer able to subscribe ten thousand francs to a charity can still parade his generosity without inconvenience to himself by tipping the boy who brings him a telegram with five.)
1783	1818	0.539	Il avait l’air d’inspecter le néant, de vouloir donner, grâce à sa bonne tenue personnelle, un air provisoire à la misère que l’on sentait dans cet hôtel où la saison n’avait pas été bonne, et paraissait comme le fantôme d’un souverain qui revient hanter les ruines de ce qui fut jadis son palais.	He appeared to be inspecting the empty air, to be seeking to give, by the smartness of his personal appearance, a provisional splendour to the desolation that could now be felt in this hotel where the season had not been good, and walked like the ghost of a monarch who returns to haunt the ruins of what was once his palace.
1784	1819	0.534	Il fut surtout mécontent quand le chemin de fer d’intérêt local, qui n’avait plus assez de voyageurs, cessa de fonctionner pour jusqu’au printemps suivant.	He was particularly annoyed when the little local railway company, finding the supply of passengers inadequate, discontinued its trains until the following spring.
1785	1820	0.654	«Ce qui manque ici, disait le directeur, ce sont le moyens de commotion.»	"""What is lacking here,"" said the manager, ""is the means of commotion."""
1786	1821	0.451	Malgré le déficit qu’il enregistrait, il faisait pour les années suivantes des projets grandioses.	In spite of the deficit which his books shewed, he was making plans for the future on a lavish scale.
1787	1822-1823	0.521	Et comme il était tout de même capable de retenir exactement de belles expressions quand elles s’appliquaient à l’industrie hôtelière et avaient pour effet de la magnifier: «Je n’étais pas suffisamment secondé quoique à la salle à manger j’avais une bonne équipe, disait-il; mais les chasseurs laissaient un peu à désirer; vous verrez l’année prochaine quelle phalange je saurai réunir.»	"And as he was, after all, capable of retaining an exact memory of fine language when it was directly applicable to the hotel-keeping industry and had the effect of enhancing its importance: ""I was not adequately supported, although in the dining-room I had an efficient squad,"" he explained; ""but the pages left something to be desired. You will see, next year, what a phalanx I shall collect."""
1788	1824	0.618	En attendant, l’interruption des services du B.C.B. l’obligeait à envoyer chercher les lettres et quelquefois conduire les voyageurs dans une carriole.	In the meantime the suspension of the services of the B. C. B. obliged him to send for letters and occasionally to dispatch visitors in a light cart.
1789	1825	0.407	Je demandais souvent à monter à côté du cocher et cela me fit faire des promenades par tous les temps, comme dans l’hiver que j’avais passé à Combray.	I would often ask leave to sit by the driver, and in this way I managed to be out in all weathers, as in the winter that I had spent at Combray.
1790	1826	0.423	Parfois pourtant la pluie trop cinglante nous retenait, ma grand’mère et moi, le casino étant fermé, dans des pièces presque complètement vides comme à fond de cale d’un bateau quand le vent souffle, et où chaque jour, comme au cours d’une traversée, une nouvelle personne d’entre celles près de qui nous avions passé trois mois sans les connaître, le premier président de Rennes, la bâtonnier de Caen, une dame américaine et ses filles, venaient à nous, entamaient la conversation, inventaient quelque manière de trouver les heures moins longues, révélaient un talent, nous enseignaient un jeu, nous invitaient à prendre le thé, ou à faire de la musique, à nous réunir à une certaine heure, à combiner ensemble de ces distractions qui possèdent le vrai secret de nous faire donner du plaisir, lequel est de n’y pas prétendre, mais seulement de nous aider à passer le temps de notre ennui, enfin nouaient avec nous sur la fin de notre séjour des amitiés que le lendemain leurs départs successifs venaient interrompre.	Sometimes, however, the driving rain kept my grandmother and me, the Casino being closed, in rooms almost completely deserted, as in the lowest hold of a ship when a storm is raging; and there, day by day, as in the course of a sea-voyage, a new person from among those in whose company we had spent three months without getting to know them, the chief magistrate from Caen, the leader of the Cherbourg bar, an American lady and her daughters, came up to us, started conversation, discovered some way of making the time pass less slowly, revealed some social accomplishment, taught us a new game, invited us to drink tea or to listen to music, to meet them at a certain hour, to plan together some of those diversions which contain the true secret of pleasure-giving, which is to aim not at giving pleasure but simply at helping us to pass the time of our boredom, in a word, formed with us, at the end of our stay at Balbec, ties of friendship which, in a day or two, their successive departures from the place would sever.
1791	1827	0.569	Je fis même la connaissance du jeune homme riche, d’un de ses deux amis nobles et de l’actrice qui était revenue pour quelques jours; mais la petite société ne se composait plus que de trois personnes, l’autre ami était rentré à Paris.	I even made the acquaintance of the rich young man, of one of his pair of aristocratic friends and of the actress, who had reappeared for a few days; but their little society was composed now of three persons only, the other friend having returned to Paris.
1792	1828	0.620	Ils me demandèrent de venir dîner avec eux dans leur restaurant.	They asked me to come out to dinner with them at their restaurant.
1793	1829	0.490	Je crois qu’ils furent assez contents que je n’acceptasse pas.	I think, they were just as well pleased that I did not accept.
1794-1795	1830	0.451	Mais ils avaient fait l’invitation le plus aimablement possible, et bien qu’elle vînt en réalité du jeune homme riche puisque les autres personnes n’étaient que ses hôtes, comme l’ami qui l’accompagnait, le marquis Maurice de Vaudémont, était de très grande maison, instinctivement l’actrice en me demandant si je ne voudrais pas venir, me dit pour me flatter: —Cela fera tant de plaisir à Maurice.	"But they had given the invitation in the most friendly way imaginable, and albeit it came actually from the rich young man, since the others were only his guests, as the friend who was staying with him, the Marquis Maurice de Vaudémont, came of a very good family indeed, instinctively the actress, in asking me whether I would not come, said, to flatter my vanity: ""Maurice will be so pleased."""
1796-1797	1831	0.544	Et quand dans le hall je les rencontrai tous trois, ce fut M. de Vaudémont, le jeune homme riche s’effaçant, qui me dit: —Vous ne nous ferez pas le plaisir de dîner avec nous?	"And when in the hall of the hotel I met them all three together, it was M. de Vaudémont (the rich young man effacing himself) who said to me: ""Won't you give us the pleasure of dining with us?"""
1798	1832	0.617	En somme j’avais bien peu profité de Balbec, ce qui ne me donnait que davantage le désir d’y revenir.	On the whole I had derived very little benefit from Balbec, but this only strengthened my desire to return there.
1799	1833	0.475	Il me semblait que j’y étais resté trop peu de temps.	It seemed to me that I had not stayed there long enough.
1800	1834	0.470	Ce n’était pas l’avis de mes amis qui m’écrivaient pour me demander si je comptais y vivre définitivement.	This was not what my friends at home were thinking, who wrote to ask whether I meant to stay there for the rest of my life.
1801	1835	0.544	Et de voir que c’était le nom de Balbec qu’ils étaient obligés de mettre sur l’enveloppe, comme ma fenêtre donnait, au lieu que ce fût sur une campagne ou sur une rue, sur les champs de la mer, que j’entendais pendant la nuit sa rumeur, à laquelle j’avais, avant de m’endormir, confié, comme une barque, mon sommeil, j’avais l’illusion que cette promiscuité avec les flots devait matériellement, à mon insu, faire pénétrer en moi la notion de leur charme à la façon de ces leçons qu’on apprend en dormant.	"And when I saw that it was the name ""Balbec"" which they were obliged to put on the envelope — just as my window looked out not over a landscape or a street but on to the plains of the sea, as I heard through the night its murmur to which I had before going to sleep entrusted my ship of dreams, I had the illusion that this life of promiscuity with the waves must effectively, without my knowledge, pervade me with the notion of their charm, like those lessons which one learns by heart while one is asleep."
1802	1836	0.428	Le directeur m’offrait pour l’année prochaine de meilleures chambres, mais j’étais attaché maintenant à la mienne où j’entrais sans plus jamais sentir l’odeur du vétiver, et dont ma pensée, qui s’y élevait jadis si difficilement, avait fini par prendre si exactement les dimensions que je fus obligé de lui faire subir un traitement inverse quand je dus coucher à Paris dans mon ancienne chambre, laquelle était basse de plafond.	The manager offered to reserve better rooms for me next year, but I had now become attached to mine, into which I went without ever noticing the scent of flowering grasses, while my mind, which had once found such difficulty in rising to fill its space had come now to take its measurements so exactly that I was obliged to submit it to a reverse process when I had to sleep in Paris, in my own room, the ceiling of which was low.
1803	1837	0.450	Il avait fallu quitter Balbec en effet, le froid et l’humidité étant devenus trop pénétrants pour rester plus longtemps dans cet hôtel dépourvu de cheminées et de calorifère.	It was high time, indeed, to leave Balbec, for the cold and damp had become too penetrating for us to stay any longer in a hotel which had neither fireplaces in the rooms nor a central furnace.
1804	1838	0.438	J’oubliai d’ailleurs presque immédiatement ces dernières semaines.	Moreover, I forgot almost immediately these last weeks of our stay.
1805	1839	0.607	Ce que je revis presque invariablement quand je pensai à Balbec, ce furent les moments où chaque matin, pendant la belle saison, comme je devais l’après-midi sortir avec Albertine et ses amies, ma grand’mère sur l’ordre du médecin me força à rester couché dans l’obscurité.	What my mind's eye did almost invariably see when I thought of Balbec were the hours which, every morning during the fine weather, as I was going out in the afternoon with Albertine and her friends, my grandmother, following the doctor's orders, insisted on my spending lying down, with the room darkened.
1806	1840	0.540	Le directeur donnait des ordres pour qu’on ne fît pas de bruit à mon étage et veillait lui-même à ce qu’ils fussent obéis.	The manager gave instructions that no noise was to be made on my landing, and came up himself to see that they were obeyed.
1807	1841	0.526	A cause de la trop grande lumière, je gardais fermés le plus longtemps possible les grands rideaux violets qui m’avaient témoigné tant d’hostilité le premier soir.	Because the light outside was so strong, I kept drawn for as long as possible the big violet curtains which had adopted so hostile an attitude towards me the first evening.
1808	1842	0.482	Mais comme malgré les épingles avec lesquelles, pour que le jour ne passât pas, Françoise les attachait chaque soir, et qu’elle seule savait défaire, malgré les couvertures, le dessus de table en cretonne rouge, les étoffes prises ici ou là qu’elle y ajustait, elle n’arrivait pas à les faire joindre exactement, l’obscurité n’était pas complète et ils laissaient se répandre sur le tapis comme un écarlate effeuillement d’anémones parmi lesquelles je ne pouvais m’empêcher de venir un instant poser mes pieds nus.	But as, in spite of the pins with which, so that the light should not enter, Françoise fastened them every night, pins which she alone knew how to unfasten; as in spite of the rugs, the red cretonne table-cover, the various fabrics collected here and there which she fitted in to her defensive scheme, she never succeeded in making them meet exactly, the darkness was not complete, and they allowed to spill over the carpet as it were a scarlet shower of anemone-petals, among which I could not resist the temptation to plunge my bare feet for a moment.
1809	1843	0.460	Et sur le mur qui faisait face à la fenêtre, et qui se trouvait partiellement éclairé, un cylindre d’or que rien ne soutenait était verticalement posé et se déplaçait lentement comme la colonne lumineuse qui précédait les Hébreux dans le désert.	And on the wall which faced the window and so was partially lighted, a cylinder of gold with no visible support was placed vertically and moved slowly along like the pillar of fire which went before the Hebrews in the desert.
1810	1844	0.486	Je me recouchais; obligé de goûter, sans bouger, par l’imagination seulement, et tous à la fois, les plaisirs du jeu, du bain, de la marche, que la matinée conseillait, la joie faisait battre bruyamment mon cœur comme une machine en pleine action, mais immobile et qui ne peut décharger sa vitesse sur place en tournant sur elle-même.	I went back to bed; obliged to taste without moving, in imagination only, and all at once, the pleasures of games, bathing, walks which the morning prompted, joy made my heart beat thunderingly like a machine set going at full speed but fixed to the ground, which can spend its energy only by turning upon its own axis.
1811	1845	0.345	Je savais que mes amies étaient sur la digue mais je ne les voyais pas, tandis qu’elles passaient devant les chaînons inégaux de la mer, tout au fond de laquelle et perchée au milieu de ses cimes bleuâtres comme une bourgade italienne, se distinguait parfois dans une éclaircie la petite ville de Rivebelle, minutieusement détaillée par le soleil.	"I knew that my friends were on the ""front"", but I did not see them as they passed before the links of the sea's uneven chain, far at the back of which, and nestling amid its bluish peaks like an Italian citadel, one could occasionally, in a clear moment, make out the little town of Rivebelle, drawn in minutest detail by the sun."
1812	1846	0.473	Je ne voyais pas mes amies, mais (tandis qu’arrivaient jusqu’à mon belvédère l’appel des marchands de journaux, «des journalistes», comme les nommait Françoise, les appels des baigneurs et des enfants qui jouaient, ponctuant à la façon des cris des oiseaux de mer le bruit du flot qui doucement se brisait), je devinais leur présence, j’entendais leur rire enveloppé comme celui des néréides dans le doux déferlement qui montait jusqu’à mes oreilles.	"I did not see my friends, but (while there mounted to my belvedere the shout of the newsboy, the ""journalists"" as Françoise used to call them, the shouts of the bathers and of children at play, punctuating like the cries of sea-birds the sound of the gently breaking waves) I guessed their presence, I heard their laughter enveloped like the laughter of the Nereids in the smooth tide of sound that rose to my ears."
1813	1847	0.636	«Nous avons regardé, me disait le soir Albertine, pour voir si vous descendriez.	"""We looked up,"" said Albertine in the evening, ""to see if you were coming down."
1814	1848	0.543	Mais vos volets sont restés fermés, même à l’heure du concert.»	"But your shutters were still closed when the concert began."""
1815	1849	0.494	A dix heures, en effet, il éclatait sous mes fenêtres.	At ten o'clock, sure enough, it broke out beneath my windows.
1816	1850	0.594	Entre les intervalles des instruments, si la mer était pleine, reprenait, coulé et continu, le glissement de l’eau d’une vague qui semblait envelopper les traits du violon dans ses volutes de cristal et faire jaillir son écume au-dessus des échos intermittents d’une musique sous-marine.	In the intervals in the blare of the instruments, if the tide were high, would begin again, slurred and continuous, the gliding surge of a wave which seemed to enfold the notes of the violin in its crystal spirals and to be spraying its foam over echoes of a submarine music.
1817	1851	0.531	Je m’impatientais qu’on ne fût pas encore venu me donner mes affaires pour que je puisse m’habiller.	I grew impatient because no one had yet come with my things, so that I might rise and dress.
1818	1852	0.518	Midi sonnait, enfin arrivait Françoise.	Twelve o'clock struck, Françoise arrived at last.
1819	1853	0.513	Et pendant des mois de suite, dans ce Balbec que j’avais tant désiré parce que je ne l’imaginais que battu par la tempête et perdu dans les brumes, le beau temps avait été si éclatant et si fixe que, quand elle venait ouvrir la fenêtre, j’avais pu, toujours sans être trompé, m’attendre à trouver le même pan de soleil plié à l’angle du mur extérieur, et d’une couleur immuable qui était moins émouvante comme un signe de l’été qu’elle n’était morne comme celle d’un émail inerte et factice.	And for months on end, in this Balbec to which I had so looked forward because I imagined it only as battered by the storm and buried in fogs, the weather had been so dazzling and so unchanging that when she came to open the window I could always, without once being wrong, expect to see the same patch of sunlight folded in the corner of the outer wall, of an unalterable colour which was less moving as a sign of summer than depressing as the colour of a lifeless and composed enamel.
1820	1854	0.552	Et tandis que Françoise ôtait les épingles des impostes, détachait les étoffes, tirait les rideaux, le jour d’été qu’elle découvrait semblait aussi mort, aussi immémorial qu’une somptueuse et millénaire momie que votre vieille servante n’eût fait que précautionneusement désemmailloter de tous ses linges, avant de la faire apparaître, embaumée dans sa robe d’or.	And after Françoise had removed her pins from the mouldings of the window-frame, taken down her various cloths, and drawn back the curtains, the summer day which she disclosed seemed as dead, as immemorially ancient as would have been a sumptuously attired dynastic mummy from which our old servant had done no more than precautionally unwind the linen wrappings before displaying it to my gaze, embalmed in its vesture of gold.
